TimeUTC,timestampInMs,requestPath,requestMethod,requestQueryString,responseStatusCode,requestId,requestUserAgent,level,environment,branch,vercelCache,type,function,host,deploymentDomain,deploymentId,durationMs,region,maxMemoryUsed,memorySize,message,projectId,traceId,sessionId,invocationId,instanceId,concurrency
2025-12-25 00:15:32,1766621732161,cryptosignal-7l4999wfk-hadayalab-projects-projects.vercel.app/api/cron,GET,,200,w7jvl-1766621732075-7e9b84320c51,vercel-cron/1.0,info,production,main,MISS,serverless,/api/cron,cryptosignal-7l4999wfk-hadayalab-projects-projects.vercel.app,cryptosignal-7l4999wfk-hadayalab-projects-projects.vercel.app,dpl_6z4uk7ksfaX6T1fsDhcwizy3kCGP,,,,,🚀 Cron Job Started: Whale Monitor,prj_MtGkw3thPHNkLHmFW6ZZjBU93wxT,,,,,
2025-12-25 00:15:32,1766621732161,cryptosignal-7l4999wfk-hadayalab-projects-projects.vercel.app/api/cron,GET,,200,w7jvl-1766621732075-7e9b84320c51,vercel-cron/1.0,info,production,main,MISS,serverless,/api/cron,cryptosignal-7l4999wfk-hadayalab-projects-projects.vercel.app,cryptosignal-7l4999wfk-hadayalab-projects-projects.vercel.app,dpl_6z4uk7ksfaX6T1fsDhcwizy3kCGP,,,,,"Slot check => utcHour=0, utcMinute=15, isRegularSlot=false, force=false",prj_MtGkw3thPHNkLHmFW6ZZjBU93wxT,,,,,
2025-12-25 00:15:32,1766621732161,cryptosignal-7l4999wfk-hadayalab-projects-projects.vercel.app/api/cron,GET,,200,w7jvl-1766621732075-7e9b84320c51,vercel-cron/1.0,info,production,main,MISS,serverless,/api/cron,cryptosignal-7l4999wfk-hadayalab-projects-projects.vercel.app,cryptosignal-7l4999wfk-hadayalab-projects-projects.vercel.app,dpl_6z4uk7ksfaX6T1fsDhcwizy3kCGP,,,,,🌐 Fetching: https://api.cryptoquant.com/v1/btc/exchange-flows/netflow?exchange=all_exchange&window=day&limit=1,prj_MtGkw3thPHNkLHmFW6ZZjBU93wxT,,,,,
2025-12-25 00:15:32,1766621732161,cryptosignal-7l4999wfk-hadayalab-projects-projects.vercel.app/api/cron,GET,,200,w7jvl-1766621732075-7e9b84320c51,vercel-cron/1.0,info,production,main,MISS,serverless,/api/cron,cryptosignal-7l4999wfk-hadayalab-projects-projects.vercel.app,cryptosignal-7l4999wfk-hadayalab-projects-projects.vercel.app,dpl_6z4uk7ksfaX6T1fsDhcwizy3kCGP,,,,,🌐 Fetching: https://api.cryptoquant.com/v1/btc/flow-indicator/mpi?window=day&limit=1,prj_MtGkw3thPHNkLHmFW6ZZjBU93wxT,,,,,
2025-12-25 00:15:32,1766621732344,cryptosignal-7l4999wfk-hadayalab-projects-projects.vercel.app/api/cron,GET,,200,w7jvl-1766621732075-7e9b84320c51,vercel-cron/1.0,info,production,main,MISS,serverless,/api/cron,cryptosignal-7l4999wfk-hadayalab-projects-projects.vercel.app,cryptosignal-7l4999wfk-hadayalab-projects-projects.vercel.app,dpl_6z4uk7ksfaX6T1fsDhcwizy3kCGP,,,,,"📊 Exchange Netflow (BTC): -11379.222587299999 raw: {""date"":""2025-12-23"",""netflow_total"":-11379.222587299999}",prj_MtGkw3thPHNkLHmFW6ZZjBU93wxT,,,,,
2025-12-25 00:15:32,1766621732369,cryptosignal-7l4999wfk-hadayalab-projects-projects.vercel.app/api/cron,GET,,200,w7jvl-1766621732075-7e9b84320c51,vercel-cron/1.0,info,production,main,MISS,serverless,/api/cron,cryptosignal-7l4999wfk-hadayalab-projects-projects.vercel.app,cryptosignal-7l4999wfk-hadayalab-projects-projects.vercel.app,dpl_6z4uk7ksfaX6T1fsDhcwizy3kCGP,,,,,"📊 Miner Position Index (BTC): -0.5211564700986901 raw: {""date"":""2025-12-23"",""mpi"":-0.5211564700986901}",prj_MtGkw3thPHNkLHmFW6ZZjBU93wxT,,,,,
2025-12-25 00:15:32,1766621732075,cryptosignal-7l4999wfk-hadayalab-projects-projects.vercel.app/api/cron,GET,,200,w7jvl-1766621732075-7e9b84320c51,vercel-cron/1.0,,production,main,MISS,serverless,/api/cron,cryptosignal-7l4999wfk-hadayalab-projects-projects.vercel.app,cryptosignal-7l4999wfk-hadayalab-projects-projects.vercel.app,dpl_6z4uk7ksfaX6T1fsDhcwizy3kCGP,302,iad1,280,2048,,prj_MtGkw3thPHNkLHmFW6ZZjBU93wxT,,,01KD9DRQ8Z71XEYTZ20FMGRSJ9,EKy5AyTDlPyZ,1
2025-12-25 00:00:32,1766620832476,cryptosignal-7l4999wfk-hadayalab-projects-projects.vercel.app/api/cron,GET,,200,x2nh6-1766620832441-53689da9a6c9,vercel-cron/1.0,info,production,main,MISS,serverless,/api/cron,cryptosignal-7l4999wfk-hadayalab-projects-projects.vercel.app,cryptosignal-7l4999wfk-hadayalab-projects-projects.vercel.app,dpl_6z4uk7ksfaX6T1fsDhcwizy3kCGP,,,,,🚀 Cron Job Started: Whale Monitor,prj_MtGkw3thPHNkLHmFW6ZZjBU93wxT,,,,,
2025-12-25 00:00:32,1766620832476,cryptosignal-7l4999wfk-hadayalab-projects-projects.vercel.app/api/cron,GET,,200,x2nh6-1766620832441-53689da9a6c9,vercel-cron/1.0,info,production,main,MISS,serverless,/api/cron,cryptosignal-7l4999wfk-hadayalab-projects-projects.vercel.app,cryptosignal-7l4999wfk-hadayalab-projects-projects.vercel.app,dpl_6z4uk7ksfaX6T1fsDhcwizy3kCGP,,,,,"Slot check => utcHour=0, utcMinute=0, isRegularSlot=true, force=false",prj_MtGkw3thPHNkLHmFW6ZZjBU93wxT,,,,,
2025-12-25 00:00:32,1766620832476,cryptosignal-7l4999wfk-hadayalab-projects-projects.vercel.app/api/cron,GET,,200,x2nh6-1766620832441-53689da9a6c9,vercel-cron/1.0,info,production,main,MISS,serverless,/api/cron,cryptosignal-7l4999wfk-hadayalab-projects-projects.vercel.app,cryptosignal-7l4999wfk-hadayalab-projects-projects.vercel.app,dpl_6z4uk7ksfaX6T1fsDhcwizy3kCGP,,,,,🌐 Fetching: https://api.cryptoquant.com/v1/btc/exchange-flows/netflow?exchange=all_exchange&window=day&limit=1,prj_MtGkw3thPHNkLHmFW6ZZjBU93wxT,,,,,
2025-12-25 00:00:32,1766620832476,cryptosignal-7l4999wfk-hadayalab-projects-projects.vercel.app/api/cron,GET,,200,x2nh6-1766620832441-53689da9a6c9,vercel-cron/1.0,info,production,main,MISS,serverless,/api/cron,cryptosignal-7l4999wfk-hadayalab-projects-projects.vercel.app,cryptosignal-7l4999wfk-hadayalab-projects-projects.vercel.app,dpl_6z4uk7ksfaX6T1fsDhcwizy3kCGP,,,,,🌐 Fetching: https://api.cryptoquant.com/v1/btc/flow-indicator/mpi?window=day&limit=1,prj_MtGkw3thPHNkLHmFW6ZZjBU93wxT,,,,,
2025-12-25 00:00:32,1766620832651,cryptosignal-7l4999wfk-hadayalab-projects-projects.vercel.app/api/cron,GET,,200,x2nh6-1766620832441-53689da9a6c9,vercel-cron/1.0,info,production,main,MISS,serverless,/api/cron,cryptosignal-7l4999wfk-hadayalab-projects-projects.vercel.app,cryptosignal-7l4999wfk-hadayalab-projects-projects.vercel.app,dpl_6z4uk7ksfaX6T1fsDhcwizy3kCGP,,,,,"📊 Miner Position Index (BTC): -0.5211564700986901 raw: {""date"":""2025-12-23"",""mpi"":-0.5211564700986901}",prj_MtGkw3thPHNkLHmFW6ZZjBU93wxT,,,,,
2025-12-25 00:00:32,1766620832679,cryptosignal-7l4999wfk-hadayalab-projects-projects.vercel.app/api/cron,GET,,200,x2nh6-1766620832441-53689da9a6c9,vercel-cron/1.0,info,production,main,MISS,serverless,/api/cron,cryptosignal-7l4999wfk-hadayalab-projects-projects.vercel.app,cryptosignal-7l4999wfk-hadayalab-projects-projects.vercel.app,dpl_6z4uk7ksfaX6T1fsDhcwizy3kCGP,,,,,"📊 Exchange Netflow (BTC): -11379.222587299999 raw: {""date"":""2025-12-23"",""netflow_total"":-11379.222587299999}",prj_MtGkw3thPHNkLHmFW6ZZjBU93wxT,,,,,
2025-12-25 00:01:11,1766620871600,cryptosignal-7l4999wfk-hadayalab-projects-projects.vercel.app/api/cron,GET,,200,x2nh6-1766620832441-53689da9a6c9,vercel-cron/1.0,info,production,main,MISS,serverless,/api/cron,cryptosignal-7l4999wfk-hadayalab-projects-projects.vercel.app,cryptosignal-7l4999wfk-hadayalab-projects-projects.vercel.app,dpl_6z4uk7ksfaX6T1fsDhcwizy3kCGP,,,,,Sending REGULAR message...,prj_MtGkw3thPHNkLHmFW6ZZjBU93wxT,,,,,
2025-12-25 00:01:11,1766620871600,cryptosignal-7l4999wfk-hadayalab-projects-projects.vercel.app/api/cron,GET,,200,x2nh6-1766620832441-53689da9a6c9,vercel-cron/1.0,info,production,main,MISS,serverless,/api/cron,cryptosignal-7l4999wfk-hadayalab-projects-projects.vercel.app,cryptosignal-7l4999wfk-hadayalab-projects-projects.vercel.app,dpl_6z4uk7ksfaX6T1fsDhcwizy3kCGP,,,,,🌐 Fetching: https://api.cryptoquant.com/v1/btc/exchange-flows/netflow?exchange=all_exchange&window=day&limit=1,prj_MtGkw3thPHNkLHmFW6ZZjBU93wxT,,,,,
2025-12-25 00:01:11,1766620871601,cryptosignal-7l4999wfk-hadayalab-projects-projects.vercel.app/api/cron,GET,,200,x2nh6-1766620832441-53689da9a6c9,vercel-cron/1.0,info,production,main,MISS,serverless,/api/cron,cryptosignal-7l4999wfk-hadayalab-projects-projects.vercel.app,cryptosignal-7l4999wfk-hadayalab-projects-projects.vercel.app,dpl_6z4uk7ksfaX6T1fsDhcwizy3kCGP,,,,,🌐 Fetching: https://api.cryptoquant.com/v1/btc/flow-indicator/mpi?window=day&limit=1,prj_MtGkw3thPHNkLHmFW6ZZjBU93wxT,,,,,
2025-12-25 00:01:11,1766620871794,cryptosignal-7l4999wfk-hadayalab-projects-projects.vercel.app/api/cron,GET,,200,x2nh6-1766620832441-53689da9a6c9,vercel-cron/1.0,info,production,main,MISS,serverless,/api/cron,cryptosignal-7l4999wfk-hadayalab-projects-projects.vercel.app,cryptosignal-7l4999wfk-hadayalab-projects-projects.vercel.app,dpl_6z4uk7ksfaX6T1fsDhcwizy3kCGP,,,,,"📊 Exchange Netflow (BTC): -11379.222587299999 raw: {""date"":""2025-12-23"",""netflow_total"":-11379.222587299999}",prj_MtGkw3thPHNkLHmFW6ZZjBU93wxT,,,,,
2025-12-25 00:01:11,1766620871825,cryptosignal-7l4999wfk-hadayalab-projects-projects.vercel.app/api/cron,GET,,200,x2nh6-1766620832441-53689da9a6c9,vercel-cron/1.0,info,production,main,MISS,serverless,/api/cron,cryptosignal-7l4999wfk-hadayalab-projects-projects.vercel.app,cryptosignal-7l4999wfk-hadayalab-projects-projects.vercel.app,dpl_6z4uk7ksfaX6T1fsDhcwizy3kCGP,,,,,"📊 Miner Position Index (BTC): -0.5211564700986901 raw: {""date"":""2025-12-23"",""mpi"":-0.5211564700986901}",prj_MtGkw3thPHNkLHmFW6ZZjBU93wxT,,,,,
2025-12-25 00:01:11,1766620871825,cryptosignal-7l4999wfk-hadayalab-projects-projects.vercel.app/api/cron,GET,,200,x2nh6-1766620832441-53689da9a6c9,vercel-cron/1.0,info,production,main,MISS,serverless,/api/cron,cryptosignal-7l4999wfk-hadayalab-projects-projects.vercel.app,cryptosignal-7l4999wfk-hadayalab-projects-projects.vercel.app,dpl_6z4uk7ksfaX6T1fsDhcwizy3kCGP,,,,,🌐 Fetching: https://api.cryptoquant.com/v1/btc/exchange-flows/inflow-sum?size=large&window=day&limit=1,prj_MtGkw3thPHNkLHmFW6ZZjBU93wxT,,,,,
2025-12-25 00:01:11,1766620871826,cryptosignal-7l4999wfk-hadayalab-projects-projects.vercel.app/api/cron,GET,,200,x2nh6-1766620832441-53689da9a6c9,vercel-cron/1.0,info,production,main,MISS,serverless,/api/cron,cryptosignal-7l4999wfk-hadayalab-projects-projects.vercel.app,cryptosignal-7l4999wfk-hadayalab-projects-projects.vercel.app,dpl_6z4uk7ksfaX6T1fsDhcwizy3kCGP,,,,,🌐 Fetching: https://api.cryptoquant.com/v1/btc/derivatives/liquidations-24h?limit=1,prj_MtGkw3thPHNkLHmFW6ZZjBU93wxT,,,,,
2025-12-25 00:01:11,1766620871921,cryptosignal-7l4999wfk-hadayalab-projects-projects.vercel.app/api/cron,GET,,200,x2nh6-1766620832441-53689da9a6c9,vercel-cron/1.0,error,production,main,MISS,serverless,/api/cron,cryptosignal-7l4999wfk-hadayalab-projects-projects.vercel.app,cryptosignal-7l4999wfk-hadayalab-projects-projects.vercel.app,dpl_6z4uk7ksfaX6T1fsDhcwizy3kCGP,,,,,❌ CryptoQuant Request Failed: API Error: 404 Not Found,prj_MtGkw3thPHNkLHmFW6ZZjBU93wxT,,,,,
2025-12-25 00:01:11,1766620871921,cryptosignal-7l4999wfk-hadayalab-projects-projects.vercel.app/api/cron,GET,,200,x2nh6-1766620832441-53689da9a6c9,vercel-cron/1.0,warning,production,main,MISS,serverless,/api/cron,cryptosignal-7l4999wfk-hadayalab-projects-projects.vercel.app,cryptosignal-7l4999wfk-hadayalab-projects-projects.vercel.app,dpl_6z4uk7ksfaX6T1fsDhcwizy3kCGP,,,,,[deepMetrics] Error fetching whale flows: API Error: 404 Not Found,prj_MtGkw3thPHNkLHmFW6ZZjBU93wxT,,,,,
2025-12-25 00:01:11,1766620871923,cryptosignal-7l4999wfk-hadayalab-projects-projects.vercel.app/api/cron,GET,,200,x2nh6-1766620832441-53689da9a6c9,vercel-cron/1.0,error,production,main,MISS,serverless,/api/cron,cryptosignal-7l4999wfk-hadayalab-projects-projects.vercel.app,cryptosignal-7l4999wfk-hadayalab-projects-projects.vercel.app,dpl_6z4uk7ksfaX6T1fsDhcwizy3kCGP,,,,,❌ CryptoQuant Request Failed: API Error: 404 Not Found,prj_MtGkw3thPHNkLHmFW6ZZjBU93wxT,,,,,
2025-12-25 00:01:11,1766620871923,cryptosignal-7l4999wfk-hadayalab-projects-projects.vercel.app/api/cron,GET,,200,x2nh6-1766620832441-53689da9a6c9,vercel-cron/1.0,warning,production,main,MISS,serverless,/api/cron,cryptosignal-7l4999wfk-hadayalab-projects-projects.vercel.app,cryptosignal-7l4999wfk-hadayalab-projects-projects.vercel.app,dpl_6z4uk7ksfaX6T1fsDhcwizy3kCGP,,,,,[deepMetrics] Error fetching liquidations: API Error: 404 Not Found,prj_MtGkw3thPHNkLHmFW6ZZjBU93wxT,,,,,
2025-12-25 00:01:11,1766620871938,cryptosignal-7l4999wfk-hadayalab-projects-projects.vercel.app/api/cron,GET,,200,x2nh6-1766620832441-53689da9a6c9,vercel-cron/1.0,error,production,main,MISS,serverless,/api/cron,cryptosignal-7l4999wfk-hadayalab-projects-projects.vercel.app,cryptosignal-7l4999wfk-hadayalab-projects-projects.vercel.app,dpl_6z4uk7ksfaX6T1fsDhcwizy3kCGP,,,,,[binance] Error fetching funding rate for BTCUSDT: Binance Futures API error: 451,prj_MtGkw3thPHNkLHmFW6ZZjBU93wxT,,,,,
2025-12-25 00:01:11,1766620871940,cryptosignal-7l4999wfk-hadayalab-projects-projects.vercel.app/api/cron,GET,,200,x2nh6-1766620832441-53689da9a6c9,vercel-cron/1.0,error,production,main,MISS,serverless,/api/cron,cryptosignal-7l4999wfk-hadayalab-projects-projects.vercel.app,cryptosignal-7l4999wfk-hadayalab-projects-projects.vercel.app,dpl_6z4uk7ksfaX6T1fsDhcwizy3kCGP,,,,,[binance] Error fetching open interest for BTCUSDT: Binance Futures API error: 451,prj_MtGkw3thPHNkLHmFW6ZZjBU93wxT,,,,,
2025-12-25 00:01:11,1766620871940,cryptosignal-7l4999wfk-hadayalab-projects-projects.vercel.app/api/cron,GET,,200,x2nh6-1766620832441-53689da9a6c9,vercel-cron/1.0,error,production,main,MISS,serverless,/api/cron,cryptosignal-7l4999wfk-hadayalab-projects-projects.vercel.app,cryptosignal-7l4999wfk-hadayalab-projects-projects.vercel.app,dpl_6z4uk7ksfaX6T1fsDhcwizy3kCGP,,,,,[binance] Error fetching 24h ticker for BTCUSDT: Binance Futures API error: 451,prj_MtGkw3thPHNkLHmFW6ZZjBU93wxT,,,,,
2025-12-25 00:01:11,1766620871940,cryptosignal-7l4999wfk-hadayalab-projects-projects.vercel.app/api/cron,GET,,200,x2nh6-1766620832441-53689da9a6c9,vercel-cron/1.0,error,production,main,MISS,serverless,/api/cron,cryptosignal-7l4999wfk-hadayalab-projects-projects.vercel.app,cryptosignal-7l4999wfk-hadayalab-projects-projects.vercel.app,dpl_6z4uk7ksfaX6T1fsDhcwizy3kCGP,,,,,[binance] Error fetching long/short ratio for BTCUSDT: Binance Futures API error: 451,prj_MtGkw3thPHNkLHmFW6ZZjBU93wxT,,,,,
2025-12-25 00:01:11,1766620871952,cryptosignal-7l4999wfk-hadayalab-projects-projects.vercel.app/api/cron,GET,,200,x2nh6-1766620832441-53689da9a6c9,vercel-cron/1.0,error,production,main,MISS,serverless,/api/cron,cryptosignal-7l4999wfk-hadayalab-projects-projects.vercel.app,cryptosignal-7l4999wfk-hadayalab-projects-projects.vercel.app,dpl_6z4uk7ksfaX6T1fsDhcwizy3kCGP,,,,,"[deepMetrics] Error fetching deep metrics for EN: ReferenceError: binanceData is not defined
    at getCQDeepMetrics (/var/task/services/cryptoquant/deepMetrics.js:358:27)
    at process.processTicksAndRejections (node:internal/process/task_queues:105:5)
    at async Object.handler (/var/task/api/cron.js:446:28)
    at async r (/opt/rust/nodejs.js:2:15570)
    at async Server.<anonymous> (/opt/rust/nodejs.js:2:11592)
    at async Server.<anonymous> (/opt/rust/nodejs.js:17:9914)",prj_MtGkw3thPHNkLHmFW6ZZjBU93wxT,,,,,
2025-12-25 00:01:12,1766620872455,cryptosignal-7l4999wfk-hadayalab-projects-projects.vercel.app/api/cron,GET,,200,x2nh6-1766620832441-53689da9a6c9,vercel-cron/1.0,info,production,main,MISS,serverless,/api/cron,cryptosignal-7l4999wfk-hadayalab-projects-projects.vercel.app,cryptosignal-7l4999wfk-hadayalab-projects-projects.vercel.app,dpl_6z4uk7ksfaX6T1fsDhcwizy3kCGP,,,,,"📨 Telegram sent: {
  ""ok"": true,
  ""result"": {
    ""message_id"": 417,
    ""from"": {
      ""id"": 8155351788,
      ""is_bot"": true,
      ""first_name"": ""CryptoSignal AI EN"",
      ""username"": ""CryptoSignal_AI_Official_bot""
    },
    ""chat"": {
      ""id"": -1003223165053,
      ""title"": ""CryptoSignal AI – Starter Signals (EN)"",
      ""type"": ""supergroup""
    },
    ""date"": 1766620872,
    ""text"": ""📚 Dr. Grok's Market Leak\nSession Briefing @ 2025-12-25 00:00:32 UTC\n\n💰 BTC Price: $87,616 (+0.24% / 24h)\n📊 Exchange Netflow: Outflow 11379 BTC\n⛏ Miners' Position Index (MPI): -0.52\n🧠 Sentiment: Extreme Fear\n\n📈 Market Score: 19/100\n✅ Trap Detector: No critical trap detected.\n\n🎯 Trade Verdict\n🛡️ Signal: BUG STANDBY (Defense Active)\n• Entry (spot ref.): $87,616\n• Mode: Bug Standby — no clean edge. Sit out and protect capital.\n• Take Profit: n/a\n• Stop Loss: n/a\n\n🧬 Dr. Grok's Take\nBelow is a strategic idea, not an official True Bug Entry signal. Follow only when your own plan and risk management align.\n### BTC Quick Take: Extreme Fear Hangover\n\nRisk First: Negative inflow (-11k) screams capital flight—whales dumping or sidelined (bias at 0). MPI negative, score sub-20, no signal? This is choppy waters. Don't FOMO in; set hard stops below 85k to avoid getting rekt on a fear cascade. Position size small—max 1-2% exposure.\n\nTactical Read: Price ticked +0.24% to $87.6k, but sentiment's \""Extreme Fear\"" with retail FOMO at 50 (normies dipping toes, not raging). News impact zilch, no catalysts. Looks like consolidation after a pump—could be accumulation zone if fear bottoms, but no trap means no easy fakeout play.\n\nPlaybook: \n- Long Bias (Cautious): If we hold 87k support, scalp towards 90k resistance. TP at 89k, SL 86.5k.\n- Short Bias: Watch for breakdown below 86k on volume spike—target 82k, but only if inflow stays red.\n- Sit Out: Signal's NONE for a reason. Stack sats on dips if you're HODLing, but active traders: wait for whale bias >20 or retail FOMO >70 to confirm momentum.\n\nEyes on inflows flipping positive. DYOR, trade what you see, not what you feel. 🚀🐻\n\nFor educational purposes only. Not financial advice.""
  }
}",prj_MtGkw3thPHNkLHmFW6ZZjBU93wxT,,,,,
2025-12-25 00:00:32,1766620832441,cryptosignal-7l4999wfk-hadayalab-projects-projects.vercel.app/api/cron,GET,,200,x2nh6-1766620832441-53689da9a6c9,vercel-cron/1.0,,production,main,MISS,serverless,/api/cron,cryptosignal-7l4999wfk-hadayalab-projects-projects.vercel.app,cryptosignal-7l4999wfk-hadayalab-projects-projects.vercel.app,dpl_6z4uk7ksfaX6T1fsDhcwizy3kCGP,39989,iad1,279,2048,,prj_MtGkw3thPHNkLHmFW6ZZjBU93wxT,,,01KD9CX8P67DZ3EB2CT5DPPV89,EKy5AyTDlPyZ,1
2025-12-24 23:45:32,1766619932115,cryptosignal-7l4999wfk-hadayalab-projects-projects.vercel.app/api/cron,GET,,200,wtsk8-1766619932073-0bb29df75f93,vercel-cron/1.0,info,production,main,MISS,serverless,/api/cron,cryptosignal-7l4999wfk-hadayalab-projects-projects.vercel.app,cryptosignal-7l4999wfk-hadayalab-projects-projects.vercel.app,dpl_6z4uk7ksfaX6T1fsDhcwizy3kCGP,,,,,🚀 Cron Job Started: Whale Monitor,prj_MtGkw3thPHNkLHmFW6ZZjBU93wxT,,,,,
2025-12-24 23:45:32,1766619932115,cryptosignal-7l4999wfk-hadayalab-projects-projects.vercel.app/api/cron,GET,,200,wtsk8-1766619932073-0bb29df75f93,vercel-cron/1.0,info,production,main,MISS,serverless,/api/cron,cryptosignal-7l4999wfk-hadayalab-projects-projects.vercel.app,cryptosignal-7l4999wfk-hadayalab-projects-projects.vercel.app,dpl_6z4uk7ksfaX6T1fsDhcwizy3kCGP,,,,,"Slot check => utcHour=23, utcMinute=45, isRegularSlot=false, force=false",prj_MtGkw3thPHNkLHmFW6ZZjBU93wxT,,,,,
2025-12-24 23:45:32,1766619932115,cryptosignal-7l4999wfk-hadayalab-projects-projects.vercel.app/api/cron,GET,,200,wtsk8-1766619932073-0bb29df75f93,vercel-cron/1.0,info,production,main,MISS,serverless,/api/cron,cryptosignal-7l4999wfk-hadayalab-projects-projects.vercel.app,cryptosignal-7l4999wfk-hadayalab-projects-projects.vercel.app,dpl_6z4uk7ksfaX6T1fsDhcwizy3kCGP,,,,,🌐 Fetching: https://api.cryptoquant.com/v1/btc/exchange-flows/netflow?exchange=all_exchange&window=day&limit=1,prj_MtGkw3thPHNkLHmFW6ZZjBU93wxT,,,,,
2025-12-24 23:45:32,1766619932115,cryptosignal-7l4999wfk-hadayalab-projects-projects.vercel.app/api/cron,GET,,200,wtsk8-1766619932073-0bb29df75f93,vercel-cron/1.0,info,production,main,MISS,serverless,/api/cron,cryptosignal-7l4999wfk-hadayalab-projects-projects.vercel.app,cryptosignal-7l4999wfk-hadayalab-projects-projects.vercel.app,dpl_6z4uk7ksfaX6T1fsDhcwizy3kCGP,,,,,🌐 Fetching: https://api.cryptoquant.com/v1/btc/flow-indicator/mpi?window=day&limit=1,prj_MtGkw3thPHNkLHmFW6ZZjBU93wxT,,,,,
2025-12-24 23:45:32,1766619932306,cryptosignal-7l4999wfk-hadayalab-projects-projects.vercel.app/api/cron,GET,,200,wtsk8-1766619932073-0bb29df75f93,vercel-cron/1.0,info,production,main,MISS,serverless,/api/cron,cryptosignal-7l4999wfk-hadayalab-projects-projects.vercel.app,cryptosignal-7l4999wfk-hadayalab-projects-projects.vercel.app,dpl_6z4uk7ksfaX6T1fsDhcwizy3kCGP,,,,,"📊 Miner Position Index (BTC): -0.5211564700986901 raw: {""date"":""2025-12-23"",""mpi"":-0.5211564700986901}",prj_MtGkw3thPHNkLHmFW6ZZjBU93wxT,,,,,
2025-12-24 23:45:32,1766619932332,cryptosignal-7l4999wfk-hadayalab-projects-projects.vercel.app/api/cron,GET,,200,wtsk8-1766619932073-0bb29df75f93,vercel-cron/1.0,info,production,main,MISS,serverless,/api/cron,cryptosignal-7l4999wfk-hadayalab-projects-projects.vercel.app,cryptosignal-7l4999wfk-hadayalab-projects-projects.vercel.app,dpl_6z4uk7ksfaX6T1fsDhcwizy3kCGP,,,,,"📊 Exchange Netflow (BTC): -11379.222587299999 raw: {""date"":""2025-12-23"",""netflow_total"":-11379.222587299999}",prj_MtGkw3thPHNkLHmFW6ZZjBU93wxT,,,,,
2025-12-24 23:45:32,1766619932073,cryptosignal-7l4999wfk-hadayalab-projects-projects.vercel.app/api/cron,GET,,200,wtsk8-1766619932073-0bb29df75f93,vercel-cron/1.0,,production,main,MISS,serverless,/api/cron,cryptosignal-7l4999wfk-hadayalab-projects-projects.vercel.app,cryptosignal-7l4999wfk-hadayalab-projects-projects.vercel.app,dpl_6z4uk7ksfaX6T1fsDhcwizy3kCGP,290,iad1,269,2048,,prj_MtGkw3thPHNkLHmFW6ZZjBU93wxT,,,01KD9C1SDPP7P49EWPNZEFBWZG,EKy5AyTDlPyZ,1
2025-12-24 23:30:32,1766619032332,cryptosignal-7l4999wfk-hadayalab-projects-projects.vercel.app/api/cron,GET,,200,rplkx-1766619032264-eb1c10b086e8,vercel-cron/1.0,info,production,main,MISS,serverless,/api/cron,cryptosignal-7l4999wfk-hadayalab-projects-projects.vercel.app,cryptosignal-7l4999wfk-hadayalab-projects-projects.vercel.app,dpl_6z4uk7ksfaX6T1fsDhcwizy3kCGP,,,,,🚀 Cron Job Started: Whale Monitor,prj_MtGkw3thPHNkLHmFW6ZZjBU93wxT,,,,,
2025-12-24 23:30:32,1766619032332,cryptosignal-7l4999wfk-hadayalab-projects-projects.vercel.app/api/cron,GET,,200,rplkx-1766619032264-eb1c10b086e8,vercel-cron/1.0,info,production,main,MISS,serverless,/api/cron,cryptosignal-7l4999wfk-hadayalab-projects-projects.vercel.app,cryptosignal-7l4999wfk-hadayalab-projects-projects.vercel.app,dpl_6z4uk7ksfaX6T1fsDhcwizy3kCGP,,,,,"Slot check => utcHour=23, utcMinute=30, isRegularSlot=false, force=false",prj_MtGkw3thPHNkLHmFW6ZZjBU93wxT,,,,,
2025-12-24 23:30:32,1766619032332,cryptosignal-7l4999wfk-hadayalab-projects-projects.vercel.app/api/cron,GET,,200,rplkx-1766619032264-eb1c10b086e8,vercel-cron/1.0,info,production,main,MISS,serverless,/api/cron,cryptosignal-7l4999wfk-hadayalab-projects-projects.vercel.app,cryptosignal-7l4999wfk-hadayalab-projects-projects.vercel.app,dpl_6z4uk7ksfaX6T1fsDhcwizy3kCGP,,,,,🌐 Fetching: https://api.cryptoquant.com/v1/btc/exchange-flows/netflow?exchange=all_exchange&window=day&limit=1,prj_MtGkw3thPHNkLHmFW6ZZjBU93wxT,,,,,
2025-12-24 23:30:32,1766619032332,cryptosignal-7l4999wfk-hadayalab-projects-projects.vercel.app/api/cron,GET,,200,rplkx-1766619032264-eb1c10b086e8,vercel-cron/1.0,info,production,main,MISS,serverless,/api/cron,cryptosignal-7l4999wfk-hadayalab-projects-projects.vercel.app,cryptosignal-7l4999wfk-hadayalab-projects-projects.vercel.app,dpl_6z4uk7ksfaX6T1fsDhcwizy3kCGP,,,,,🌐 Fetching: https://api.cryptoquant.com/v1/btc/flow-indicator/mpi?window=day&limit=1,prj_MtGkw3thPHNkLHmFW6ZZjBU93wxT,,,,,
2025-12-24 23:30:32,1766619032545,cryptosignal-7l4999wfk-hadayalab-projects-projects.vercel.app/api/cron,GET,,200,rplkx-1766619032264-eb1c10b086e8,vercel-cron/1.0,info,production,main,MISS,serverless,/api/cron,cryptosignal-7l4999wfk-hadayalab-projects-projects.vercel.app,cryptosignal-7l4999wfk-hadayalab-projects-projects.vercel.app,dpl_6z4uk7ksfaX6T1fsDhcwizy3kCGP,,,,,"📊 Exchange Netflow (BTC): -11379.222587299999 raw: {""date"":""2025-12-23"",""netflow_total"":-11379.222587299999}",prj_MtGkw3thPHNkLHmFW6ZZjBU93wxT,,,,,
2025-12-24 23:30:32,1766619032721,cryptosignal-7l4999wfk-hadayalab-projects-projects.vercel.app/api/cron,GET,,200,rplkx-1766619032264-eb1c10b086e8,vercel-cron/1.0,info,production,main,MISS,serverless,/api/cron,cryptosignal-7l4999wfk-hadayalab-projects-projects.vercel.app,cryptosignal-7l4999wfk-hadayalab-projects-projects.vercel.app,dpl_6z4uk7ksfaX6T1fsDhcwizy3kCGP,,,,,"📊 Miner Position Index (BTC): -0.5211564700986901 raw: {""date"":""2025-12-23"",""mpi"":-0.5211564700986901}",prj_MtGkw3thPHNkLHmFW6ZZjBU93wxT,,,,,
2025-12-24 23:30:32,1766619032264,cryptosignal-7l4999wfk-hadayalab-projects-projects.vercel.app/api/cron,GET,,200,rplkx-1766619032264-eb1c10b086e8,vercel-cron/1.0,,production,main,MISS,serverless,/api/cron,cryptosignal-7l4999wfk-hadayalab-projects-projects.vercel.app,cryptosignal-7l4999wfk-hadayalab-projects-projects.vercel.app,dpl_6z4uk7ksfaX6T1fsDhcwizy3kCGP,455,iad1,269,2048,,prj_MtGkw3thPHNkLHmFW6ZZjBU93wxT,,,01KD9B6AQPK61W66Q0X3ZAN3PC,EKy5AyTDlPyZ,1
2025-12-24 23:15:32,1766618132191,cryptosignal-7l4999wfk-hadayalab-projects-projects.vercel.app/api/cron,GET,,200,2tlk7-1766618132135-9695e688e100,vercel-cron/1.0,info,production,main,MISS,serverless,/api/cron,cryptosignal-7l4999wfk-hadayalab-projects-projects.vercel.app,cryptosignal-7l4999wfk-hadayalab-projects-projects.vercel.app,dpl_6z4uk7ksfaX6T1fsDhcwizy3kCGP,,,,,🚀 Cron Job Started: Whale Monitor,prj_MtGkw3thPHNkLHmFW6ZZjBU93wxT,,,,,
2025-12-24 23:15:32,1766618132191,cryptosignal-7l4999wfk-hadayalab-projects-projects.vercel.app/api/cron,GET,,200,2tlk7-1766618132135-9695e688e100,vercel-cron/1.0,info,production,main,MISS,serverless,/api/cron,cryptosignal-7l4999wfk-hadayalab-projects-projects.vercel.app,cryptosignal-7l4999wfk-hadayalab-projects-projects.vercel.app,dpl_6z4uk7ksfaX6T1fsDhcwizy3kCGP,,,,,"Slot check => utcHour=23, utcMinute=15, isRegularSlot=false, force=false",prj_MtGkw3thPHNkLHmFW6ZZjBU93wxT,,,,,
2025-12-24 23:15:32,1766618132191,cryptosignal-7l4999wfk-hadayalab-projects-projects.vercel.app/api/cron,GET,,200,2tlk7-1766618132135-9695e688e100,vercel-cron/1.0,info,production,main,MISS,serverless,/api/cron,cryptosignal-7l4999wfk-hadayalab-projects-projects.vercel.app,cryptosignal-7l4999wfk-hadayalab-projects-projects.vercel.app,dpl_6z4uk7ksfaX6T1fsDhcwizy3kCGP,,,,,🌐 Fetching: https://api.cryptoquant.com/v1/btc/exchange-flows/netflow?exchange=all_exchange&window=day&limit=1,prj_MtGkw3thPHNkLHmFW6ZZjBU93wxT,,,,,
2025-12-24 23:15:32,1766618132191,cryptosignal-7l4999wfk-hadayalab-projects-projects.vercel.app/api/cron,GET,,200,2tlk7-1766618132135-9695e688e100,vercel-cron/1.0,info,production,main,MISS,serverless,/api/cron,cryptosignal-7l4999wfk-hadayalab-projects-projects.vercel.app,cryptosignal-7l4999wfk-hadayalab-projects-projects.vercel.app,dpl_6z4uk7ksfaX6T1fsDhcwizy3kCGP,,,,,🌐 Fetching: https://api.cryptoquant.com/v1/btc/flow-indicator/mpi?window=day&limit=1,prj_MtGkw3thPHNkLHmFW6ZZjBU93wxT,,,,,
2025-12-24 23:15:32,1766618132358,cryptosignal-7l4999wfk-hadayalab-projects-projects.vercel.app/api/cron,GET,,200,2tlk7-1766618132135-9695e688e100,vercel-cron/1.0,info,production,main,MISS,serverless,/api/cron,cryptosignal-7l4999wfk-hadayalab-projects-projects.vercel.app,cryptosignal-7l4999wfk-hadayalab-projects-projects.vercel.app,dpl_6z4uk7ksfaX6T1fsDhcwizy3kCGP,,,,,"📊 Exchange Netflow (BTC): -11379.222587299999 raw: {""date"":""2025-12-23"",""netflow_total"":-11379.222587299999}",prj_MtGkw3thPHNkLHmFW6ZZjBU93wxT,,,,,
2025-12-24 23:15:32,1766618132544,cryptosignal-7l4999wfk-hadayalab-projects-projects.vercel.app/api/cron,GET,,200,2tlk7-1766618132135-9695e688e100,vercel-cron/1.0,info,production,main,MISS,serverless,/api/cron,cryptosignal-7l4999wfk-hadayalab-projects-projects.vercel.app,cryptosignal-7l4999wfk-hadayalab-projects-projects.vercel.app,dpl_6z4uk7ksfaX6T1fsDhcwizy3kCGP,,,,,"📊 Miner Position Index (BTC): -0.5211564700986901 raw: {""date"":""2025-12-23"",""mpi"":-0.5211564700986901}",prj_MtGkw3thPHNkLHmFW6ZZjBU93wxT,,,,,
2025-12-24 23:15:32,1766618132135,cryptosignal-7l4999wfk-hadayalab-projects-projects.vercel.app/api/cron,GET,,200,2tlk7-1766618132135-9695e688e100,vercel-cron/1.0,,production,main,MISS,serverless,/api/cron,cryptosignal-7l4999wfk-hadayalab-projects-projects.vercel.app,cryptosignal-7l4999wfk-hadayalab-projects-projects.vercel.app,dpl_6z4uk7ksfaX6T1fsDhcwizy3kCGP,439,iad1,269,2048,,prj_MtGkw3thPHNkLHmFW6ZZjBU93wxT,,,01KD9AAVNQ0CRDW6HQ3Z12D0TZ,EKy5AyTDlPyZ,1
2025-12-24 23:00:32,1766617232123,cryptosignal-7l4999wfk-hadayalab-projects-projects.vercel.app/api/cron,GET,,200,xxwcr-1766617232076-7e94301d05ea,vercel-cron/1.0,info,production,main,MISS,serverless,/api/cron,cryptosignal-7l4999wfk-hadayalab-projects-projects.vercel.app,cryptosignal-7l4999wfk-hadayalab-projects-projects.vercel.app,dpl_6z4uk7ksfaX6T1fsDhcwizy3kCGP,,,,,🚀 Cron Job Started: Whale Monitor,prj_MtGkw3thPHNkLHmFW6ZZjBU93wxT,,,,,
2025-12-24 23:00:32,1766617232123,cryptosignal-7l4999wfk-hadayalab-projects-projects.vercel.app/api/cron,GET,,200,xxwcr-1766617232076-7e94301d05ea,vercel-cron/1.0,info,production,main,MISS,serverless,/api/cron,cryptosignal-7l4999wfk-hadayalab-projects-projects.vercel.app,cryptosignal-7l4999wfk-hadayalab-projects-projects.vercel.app,dpl_6z4uk7ksfaX6T1fsDhcwizy3kCGP,,,,,"Slot check => utcHour=23, utcMinute=0, isRegularSlot=false, force=false",prj_MtGkw3thPHNkLHmFW6ZZjBU93wxT,,,,,
2025-12-24 23:00:32,1766617232123,cryptosignal-7l4999wfk-hadayalab-projects-projects.vercel.app/api/cron,GET,,200,xxwcr-1766617232076-7e94301d05ea,vercel-cron/1.0,info,production,main,MISS,serverless,/api/cron,cryptosignal-7l4999wfk-hadayalab-projects-projects.vercel.app,cryptosignal-7l4999wfk-hadayalab-projects-projects.vercel.app,dpl_6z4uk7ksfaX6T1fsDhcwizy3kCGP,,,,,🌐 Fetching: https://api.cryptoquant.com/v1/btc/exchange-flows/netflow?exchange=all_exchange&window=day&limit=1,prj_MtGkw3thPHNkLHmFW6ZZjBU93wxT,,,,,
2025-12-24 23:00:32,1766617232123,cryptosignal-7l4999wfk-hadayalab-projects-projects.vercel.app/api/cron,GET,,200,xxwcr-1766617232076-7e94301d05ea,vercel-cron/1.0,info,production,main,MISS,serverless,/api/cron,cryptosignal-7l4999wfk-hadayalab-projects-projects.vercel.app,cryptosignal-7l4999wfk-hadayalab-projects-projects.vercel.app,dpl_6z4uk7ksfaX6T1fsDhcwizy3kCGP,,,,,🌐 Fetching: https://api.cryptoquant.com/v1/btc/flow-indicator/mpi?window=day&limit=1,prj_MtGkw3thPHNkLHmFW6ZZjBU93wxT,,,,,
2025-12-24 23:00:32,1766617232283,cryptosignal-7l4999wfk-hadayalab-projects-projects.vercel.app/api/cron,GET,,200,xxwcr-1766617232076-7e94301d05ea,vercel-cron/1.0,info,production,main,MISS,serverless,/api/cron,cryptosignal-7l4999wfk-hadayalab-projects-projects.vercel.app,cryptosignal-7l4999wfk-hadayalab-projects-projects.vercel.app,dpl_6z4uk7ksfaX6T1fsDhcwizy3kCGP,,,,,"📊 Exchange Netflow (BTC): -11379.222587299999 raw: {""date"":""2025-12-23"",""netflow_total"":-11379.222587299999}",prj_MtGkw3thPHNkLHmFW6ZZjBU93wxT,,,,,
2025-12-24 23:00:32,1766617232341,cryptosignal-7l4999wfk-hadayalab-projects-projects.vercel.app/api/cron,GET,,200,xxwcr-1766617232076-7e94301d05ea,vercel-cron/1.0,info,production,main,MISS,serverless,/api/cron,cryptosignal-7l4999wfk-hadayalab-projects-projects.vercel.app,cryptosignal-7l4999wfk-hadayalab-projects-projects.vercel.app,dpl_6z4uk7ksfaX6T1fsDhcwizy3kCGP,,,,,"📊 Miner Position Index (BTC): -0.5211564700986901 raw: {""date"":""2025-12-23"",""mpi"":-0.5211564700986901}",prj_MtGkw3thPHNkLHmFW6ZZjBU93wxT,,,,,
2025-12-24 23:00:32,1766617232076,cryptosignal-7l4999wfk-hadayalab-projects-projects.vercel.app/api/cron,GET,,200,xxwcr-1766617232076-7e94301d05ea,vercel-cron/1.0,,production,main,MISS,serverless,/api/cron,cryptosignal-7l4999wfk-hadayalab-projects-projects.vercel.app,cryptosignal-7l4999wfk-hadayalab-projects-projects.vercel.app,dpl_6z4uk7ksfaX6T1fsDhcwizy3kCGP,287,iad1,266,2048,,prj_MtGkw3thPHNkLHmFW6ZZjBU93wxT,,,01KD99FCPWAV6N5K0PWF9D5XT6,EKy5AyTDlPyZ,1
2025-12-24 22:45:32,1766616332293,cryptosignal-7l4999wfk-hadayalab-projects-projects.vercel.app/api/cron,GET,,200,2tlk7-1766616332241-40e6f3a2e52a,vercel-cron/1.0,info,production,main,MISS,serverless,/api/cron,cryptosignal-7l4999wfk-hadayalab-projects-projects.vercel.app,cryptosignal-7l4999wfk-hadayalab-projects-projects.vercel.app,dpl_6z4uk7ksfaX6T1fsDhcwizy3kCGP,,,,,🚀 Cron Job Started: Whale Monitor,prj_MtGkw3thPHNkLHmFW6ZZjBU93wxT,,,,,
2025-12-24 22:45:32,1766616332293,cryptosignal-7l4999wfk-hadayalab-projects-projects.vercel.app/api/cron,GET,,200,2tlk7-1766616332241-40e6f3a2e52a,vercel-cron/1.0,info,production,main,MISS,serverless,/api/cron,cryptosignal-7l4999wfk-hadayalab-projects-projects.vercel.app,cryptosignal-7l4999wfk-hadayalab-projects-projects.vercel.app,dpl_6z4uk7ksfaX6T1fsDhcwizy3kCGP,,,,,"Slot check => utcHour=22, utcMinute=45, isRegularSlot=false, force=false",prj_MtGkw3thPHNkLHmFW6ZZjBU93wxT,,,,,
2025-12-24 22:45:32,1766616332294,cryptosignal-7l4999wfk-hadayalab-projects-projects.vercel.app/api/cron,GET,,200,2tlk7-1766616332241-40e6f3a2e52a,vercel-cron/1.0,info,production,main,MISS,serverless,/api/cron,cryptosignal-7l4999wfk-hadayalab-projects-projects.vercel.app,cryptosignal-7l4999wfk-hadayalab-projects-projects.vercel.app,dpl_6z4uk7ksfaX6T1fsDhcwizy3kCGP,,,,,🌐 Fetching: https://api.cryptoquant.com/v1/btc/exchange-flows/netflow?exchange=all_exchange&window=day&limit=1,prj_MtGkw3thPHNkLHmFW6ZZjBU93wxT,,,,,
2025-12-24 22:45:32,1766616332381,cryptosignal-7l4999wfk-hadayalab-projects-projects.vercel.app/api/cron,GET,,200,2tlk7-1766616332241-40e6f3a2e52a,vercel-cron/1.0,info,production,main,MISS,serverless,/api/cron,cryptosignal-7l4999wfk-hadayalab-projects-projects.vercel.app,cryptosignal-7l4999wfk-hadayalab-projects-projects.vercel.app,dpl_6z4uk7ksfaX6T1fsDhcwizy3kCGP,,,,,🌐 Fetching: https://api.cryptoquant.com/v1/btc/flow-indicator/mpi?window=day&limit=1,prj_MtGkw3thPHNkLHmFW6ZZjBU93wxT,,,,,
2025-12-24 22:45:32,1766616332384,cryptosignal-7l4999wfk-hadayalab-projects-projects.vercel.app/api/cron,GET,,200,2tlk7-1766616332241-40e6f3a2e52a,vercel-cron/1.0,error,production,main,MISS,serverless,/api/cron,cryptosignal-7l4999wfk-hadayalab-projects-projects.vercel.app,cryptosignal-7l4999wfk-hadayalab-projects-projects.vercel.app,dpl_6z4uk7ksfaX6T1fsDhcwizy3kCGP,,,,,"(node:4) [DEP0169] DeprecationWarning: `url.parse()` behavior is not standardized and prone to errors that have security implications. Use the WHATWG URL API instead. CVEs are not issued for `url.parse()` vulnerabilities.
(Use `node --trace-deprecation ...` to show where the warning was created)",prj_MtGkw3thPHNkLHmFW6ZZjBU93wxT,,,,,
2025-12-24 22:45:32,1766616332572,cryptosignal-7l4999wfk-hadayalab-projects-projects.vercel.app/api/cron,GET,,200,2tlk7-1766616332241-40e6f3a2e52a,vercel-cron/1.0,info,production,main,MISS,serverless,/api/cron,cryptosignal-7l4999wfk-hadayalab-projects-projects.vercel.app,cryptosignal-7l4999wfk-hadayalab-projects-projects.vercel.app,dpl_6z4uk7ksfaX6T1fsDhcwizy3kCGP,,,,,"📊 Exchange Netflow (BTC): -11379.222587299999 raw: {""date"":""2025-12-23"",""netflow_total"":-11379.222587299999}",prj_MtGkw3thPHNkLHmFW6ZZjBU93wxT,,,,,
2025-12-24 22:45:32,1766616332599,cryptosignal-7l4999wfk-hadayalab-projects-projects.vercel.app/api/cron,GET,,200,2tlk7-1766616332241-40e6f3a2e52a,vercel-cron/1.0,info,production,main,MISS,serverless,/api/cron,cryptosignal-7l4999wfk-hadayalab-projects-projects.vercel.app,cryptosignal-7l4999wfk-hadayalab-projects-projects.vercel.app,dpl_6z4uk7ksfaX6T1fsDhcwizy3kCGP,,,,,"📊 Miner Position Index (BTC): -0.5211564700986901 raw: {""date"":""2025-12-23"",""mpi"":-0.5211564700986901}",prj_MtGkw3thPHNkLHmFW6ZZjBU93wxT,,,,,
2025-12-24 22:45:32,1766616332241,cryptosignal-7l4999wfk-hadayalab-projects-projects.vercel.app/api/cron,GET,,200,2tlk7-1766616332241-40e6f3a2e52a,vercel-cron/1.0,,production,main,MISS,serverless,/api/cron,cryptosignal-7l4999wfk-hadayalab-projects-projects.vercel.app,cryptosignal-7l4999wfk-hadayalab-projects-projects.vercel.app,dpl_6z4uk7ksfaX6T1fsDhcwizy3kCGP,395,iad1,271,2048,,prj_MtGkw3thPHNkLHmFW6ZZjBU93wxT,,,01KD98KXZ8WZ5A69KYB77DHGPF,EKy5AyTDlPyZ,1
2025-12-24 22:30:32,1766615432101,cryptosignal-7l4999wfk-hadayalab-projects-projects.vercel.app/api/cron,GET,,200,w7j29-1766615432062-9f6cb2d56a8a,vercel-cron/1.0,info,production,main,MISS,serverless,/api/cron,cryptosignal-7l4999wfk-hadayalab-projects-projects.vercel.app,cryptosignal-7l4999wfk-hadayalab-projects-projects.vercel.app,dpl_6z4uk7ksfaX6T1fsDhcwizy3kCGP,,,,,🚀 Cron Job Started: Whale Monitor,prj_MtGkw3thPHNkLHmFW6ZZjBU93wxT,,,,,
2025-12-24 22:30:32,1766615432101,cryptosignal-7l4999wfk-hadayalab-projects-projects.vercel.app/api/cron,GET,,200,w7j29-1766615432062-9f6cb2d56a8a,vercel-cron/1.0,info,production,main,MISS,serverless,/api/cron,cryptosignal-7l4999wfk-hadayalab-projects-projects.vercel.app,cryptosignal-7l4999wfk-hadayalab-projects-projects.vercel.app,dpl_6z4uk7ksfaX6T1fsDhcwizy3kCGP,,,,,"Slot check => utcHour=22, utcMinute=30, isRegularSlot=false, force=false",prj_MtGkw3thPHNkLHmFW6ZZjBU93wxT,,,,,
2025-12-24 22:30:32,1766615432101,cryptosignal-7l4999wfk-hadayalab-projects-projects.vercel.app/api/cron,GET,,200,w7j29-1766615432062-9f6cb2d56a8a,vercel-cron/1.0,info,production,main,MISS,serverless,/api/cron,cryptosignal-7l4999wfk-hadayalab-projects-projects.vercel.app,cryptosignal-7l4999wfk-hadayalab-projects-projects.vercel.app,dpl_6z4uk7ksfaX6T1fsDhcwizy3kCGP,,,,,🌐 Fetching: https://api.cryptoquant.com/v1/btc/exchange-flows/netflow?exchange=all_exchange&window=day&limit=1,prj_MtGkw3thPHNkLHmFW6ZZjBU93wxT,,,,,
2025-12-24 22:30:32,1766615432101,cryptosignal-7l4999wfk-hadayalab-projects-projects.vercel.app/api/cron,GET,,200,w7j29-1766615432062-9f6cb2d56a8a,vercel-cron/1.0,info,production,main,MISS,serverless,/api/cron,cryptosignal-7l4999wfk-hadayalab-projects-projects.vercel.app,cryptosignal-7l4999wfk-hadayalab-projects-projects.vercel.app,dpl_6z4uk7ksfaX6T1fsDhcwizy3kCGP,,,,,🌐 Fetching: https://api.cryptoquant.com/v1/btc/flow-indicator/mpi?window=day&limit=1,prj_MtGkw3thPHNkLHmFW6ZZjBU93wxT,,,,,
2025-12-24 22:30:32,1766615432270,cryptosignal-7l4999wfk-hadayalab-projects-projects.vercel.app/api/cron,GET,,200,w7j29-1766615432062-9f6cb2d56a8a,vercel-cron/1.0,info,production,main,MISS,serverless,/api/cron,cryptosignal-7l4999wfk-hadayalab-projects-projects.vercel.app,cryptosignal-7l4999wfk-hadayalab-projects-projects.vercel.app,dpl_6z4uk7ksfaX6T1fsDhcwizy3kCGP,,,,,"📊 Exchange Netflow (BTC): -11379.222587299999 raw: {""date"":""2025-12-23"",""netflow_total"":-11379.222587299999}",prj_MtGkw3thPHNkLHmFW6ZZjBU93wxT,,,,,
2025-12-24 22:30:32,1766615432311,cryptosignal-7l4999wfk-hadayalab-projects-projects.vercel.app/api/cron,GET,,200,w7j29-1766615432062-9f6cb2d56a8a,vercel-cron/1.0,info,production,main,MISS,serverless,/api/cron,cryptosignal-7l4999wfk-hadayalab-projects-projects.vercel.app,cryptosignal-7l4999wfk-hadayalab-projects-projects.vercel.app,dpl_6z4uk7ksfaX6T1fsDhcwizy3kCGP,,,,,"📊 Miner Position Index (BTC): -0.5211564700986901 raw: {""date"":""2025-12-23"",""mpi"":-0.5211564700986901}",prj_MtGkw3thPHNkLHmFW6ZZjBU93wxT,,,,,
2025-12-24 22:30:32,1766615432062,cryptosignal-7l4999wfk-hadayalab-projects-projects.vercel.app/api/cron,GET,,200,w7j29-1766615432062-9f6cb2d56a8a,vercel-cron/1.0,,production,main,MISS,serverless,/api/cron,cryptosignal-7l4999wfk-hadayalab-projects-projects.vercel.app,cryptosignal-7l4999wfk-hadayalab-projects-projects.vercel.app,dpl_6z4uk7ksfaX6T1fsDhcwizy3kCGP,273,iad1,269,2048,,prj_MtGkw3thPHNkLHmFW6ZZjBU93wxT,,,01KD97REWDG69X3266QH163W3T,fZlJ0UtBcV7s,1
2025-12-24 22:15:32,1766614532345,cryptosignal-7l4999wfk-hadayalab-projects-projects.vercel.app/api/cron,GET,,200,jklbw-1766614532237-905a2cc753be,vercel-cron/1.0,info,production,main,MISS,serverless,/api/cron,cryptosignal-7l4999wfk-hadayalab-projects-projects.vercel.app,cryptosignal-7l4999wfk-hadayalab-projects-projects.vercel.app,dpl_6z4uk7ksfaX6T1fsDhcwizy3kCGP,,,,,🚀 Cron Job Started: Whale Monitor,prj_MtGkw3thPHNkLHmFW6ZZjBU93wxT,,,,,
2025-12-24 22:15:32,1766614532345,cryptosignal-7l4999wfk-hadayalab-projects-projects.vercel.app/api/cron,GET,,200,jklbw-1766614532237-905a2cc753be,vercel-cron/1.0,info,production,main,MISS,serverless,/api/cron,cryptosignal-7l4999wfk-hadayalab-projects-projects.vercel.app,cryptosignal-7l4999wfk-hadayalab-projects-projects.vercel.app,dpl_6z4uk7ksfaX6T1fsDhcwizy3kCGP,,,,,"Slot check => utcHour=22, utcMinute=15, isRegularSlot=false, force=false",prj_MtGkw3thPHNkLHmFW6ZZjBU93wxT,,,,,
2025-12-24 22:15:32,1766614532345,cryptosignal-7l4999wfk-hadayalab-projects-projects.vercel.app/api/cron,GET,,200,jklbw-1766614532237-905a2cc753be,vercel-cron/1.0,info,production,main,MISS,serverless,/api/cron,cryptosignal-7l4999wfk-hadayalab-projects-projects.vercel.app,cryptosignal-7l4999wfk-hadayalab-projects-projects.vercel.app,dpl_6z4uk7ksfaX6T1fsDhcwizy3kCGP,,,,,🌐 Fetching: https://api.cryptoquant.com/v1/btc/exchange-flows/netflow?exchange=all_exchange&window=day&limit=1,prj_MtGkw3thPHNkLHmFW6ZZjBU93wxT,,,,,
2025-12-24 22:15:32,1766614532346,cryptosignal-7l4999wfk-hadayalab-projects-projects.vercel.app/api/cron,GET,,200,jklbw-1766614532237-905a2cc753be,vercel-cron/1.0,info,production,main,MISS,serverless,/api/cron,cryptosignal-7l4999wfk-hadayalab-projects-projects.vercel.app,cryptosignal-7l4999wfk-hadayalab-projects-projects.vercel.app,dpl_6z4uk7ksfaX6T1fsDhcwizy3kCGP,,,,,🌐 Fetching: https://api.cryptoquant.com/v1/btc/flow-indicator/mpi?window=day&limit=1,prj_MtGkw3thPHNkLHmFW6ZZjBU93wxT,,,,,
2025-12-24 22:15:32,1766614532525,cryptosignal-7l4999wfk-hadayalab-projects-projects.vercel.app/api/cron,GET,,200,jklbw-1766614532237-905a2cc753be,vercel-cron/1.0,info,production,main,MISS,serverless,/api/cron,cryptosignal-7l4999wfk-hadayalab-projects-projects.vercel.app,cryptosignal-7l4999wfk-hadayalab-projects-projects.vercel.app,dpl_6z4uk7ksfaX6T1fsDhcwizy3kCGP,,,,,"📊 Miner Position Index (BTC): -0.5211564700986901 raw: {""date"":""2025-12-23"",""mpi"":-0.5211564700986901}",prj_MtGkw3thPHNkLHmFW6ZZjBU93wxT,,,,,
2025-12-24 22:15:32,1766614532540,cryptosignal-7l4999wfk-hadayalab-projects-projects.vercel.app/api/cron,GET,,200,jklbw-1766614532237-905a2cc753be,vercel-cron/1.0,info,production,main,MISS,serverless,/api/cron,cryptosignal-7l4999wfk-hadayalab-projects-projects.vercel.app,cryptosignal-7l4999wfk-hadayalab-projects-projects.vercel.app,dpl_6z4uk7ksfaX6T1fsDhcwizy3kCGP,,,,,"📊 Exchange Netflow (BTC): -11379.222587299999 raw: {""date"":""2025-12-23"",""netflow_total"":-11379.222587299999}",prj_MtGkw3thPHNkLHmFW6ZZjBU93wxT,,,,,
2025-12-24 22:15:32,1766614532237,cryptosignal-7l4999wfk-hadayalab-projects-projects.vercel.app/api/cron,GET,,200,jklbw-1766614532237-905a2cc753be,vercel-cron/1.0,,production,main,MISS,serverless,/api/cron,cryptosignal-7l4999wfk-hadayalab-projects-projects.vercel.app,cryptosignal-7l4999wfk-hadayalab-projects-projects.vercel.app,dpl_6z4uk7ksfaX6T1fsDhcwizy3kCGP,258,iad1,269,2048,,prj_MtGkw3thPHNkLHmFW6ZZjBU93wxT,,,01KD96X074BE8SN3BDM2ESZF3J,fZlJ0UtBcV7s,1
2025-12-24 22:00:32,1766613632195,cryptosignal-7l4999wfk-hadayalab-projects-projects.vercel.app/api/cron,GET,,200,kzprf-1766613632129-f08a7a5bedd9,vercel-cron/1.0,info,production,main,MISS,serverless,/api/cron,cryptosignal-7l4999wfk-hadayalab-projects-projects.vercel.app,cryptosignal-7l4999wfk-hadayalab-projects-projects.vercel.app,dpl_6z4uk7ksfaX6T1fsDhcwizy3kCGP,,,,,🚀 Cron Job Started: Whale Monitor,prj_MtGkw3thPHNkLHmFW6ZZjBU93wxT,,,,,
2025-12-24 22:00:32,1766613632195,cryptosignal-7l4999wfk-hadayalab-projects-projects.vercel.app/api/cron,GET,,200,kzprf-1766613632129-f08a7a5bedd9,vercel-cron/1.0,info,production,main,MISS,serverless,/api/cron,cryptosignal-7l4999wfk-hadayalab-projects-projects.vercel.app,cryptosignal-7l4999wfk-hadayalab-projects-projects.vercel.app,dpl_6z4uk7ksfaX6T1fsDhcwizy3kCGP,,,,,"Slot check => utcHour=22, utcMinute=0, isRegularSlot=false, force=false",prj_MtGkw3thPHNkLHmFW6ZZjBU93wxT,,,,,
2025-12-24 22:00:32,1766613632195,cryptosignal-7l4999wfk-hadayalab-projects-projects.vercel.app/api/cron,GET,,200,kzprf-1766613632129-f08a7a5bedd9,vercel-cron/1.0,info,production,main,MISS,serverless,/api/cron,cryptosignal-7l4999wfk-hadayalab-projects-projects.vercel.app,cryptosignal-7l4999wfk-hadayalab-projects-projects.vercel.app,dpl_6z4uk7ksfaX6T1fsDhcwizy3kCGP,,,,,🌐 Fetching: https://api.cryptoquant.com/v1/btc/exchange-flows/netflow?exchange=all_exchange&window=day&limit=1,prj_MtGkw3thPHNkLHmFW6ZZjBU93wxT,,,,,
2025-12-24 22:00:32,1766613632195,cryptosignal-7l4999wfk-hadayalab-projects-projects.vercel.app/api/cron,GET,,200,kzprf-1766613632129-f08a7a5bedd9,vercel-cron/1.0,info,production,main,MISS,serverless,/api/cron,cryptosignal-7l4999wfk-hadayalab-projects-projects.vercel.app,cryptosignal-7l4999wfk-hadayalab-projects-projects.vercel.app,dpl_6z4uk7ksfaX6T1fsDhcwizy3kCGP,,,,,🌐 Fetching: https://api.cryptoquant.com/v1/btc/flow-indicator/mpi?window=day&limit=1,prj_MtGkw3thPHNkLHmFW6ZZjBU93wxT,,,,,
2025-12-24 22:00:32,1766613632361,cryptosignal-7l4999wfk-hadayalab-projects-projects.vercel.app/api/cron,GET,,200,kzprf-1766613632129-f08a7a5bedd9,vercel-cron/1.0,info,production,main,MISS,serverless,/api/cron,cryptosignal-7l4999wfk-hadayalab-projects-projects.vercel.app,cryptosignal-7l4999wfk-hadayalab-projects-projects.vercel.app,dpl_6z4uk7ksfaX6T1fsDhcwizy3kCGP,,,,,"📊 Exchange Netflow (BTC): -11379.222587299999 raw: {""date"":""2025-12-23"",""netflow_total"":-11379.222587299999}",prj_MtGkw3thPHNkLHmFW6ZZjBU93wxT,,,,,
2025-12-24 22:00:32,1766613632527,cryptosignal-7l4999wfk-hadayalab-projects-projects.vercel.app/api/cron,GET,,200,kzprf-1766613632129-f08a7a5bedd9,vercel-cron/1.0,info,production,main,MISS,serverless,/api/cron,cryptosignal-7l4999wfk-hadayalab-projects-projects.vercel.app,cryptosignal-7l4999wfk-hadayalab-projects-projects.vercel.app,dpl_6z4uk7ksfaX6T1fsDhcwizy3kCGP,,,,,"📊 Miner Position Index (BTC): -0.5211564700986901 raw: {""date"":""2025-12-23"",""mpi"":-0.5211564700986901}",prj_MtGkw3thPHNkLHmFW6ZZjBU93wxT,,,,,
2025-12-24 22:00:32,1766613632129,cryptosignal-7l4999wfk-hadayalab-projects-projects.vercel.app/api/cron,GET,,200,kzprf-1766613632129-f08a7a5bedd9,vercel-cron/1.0,,production,main,MISS,serverless,/api/cron,cryptosignal-7l4999wfk-hadayalab-projects-projects.vercel.app,cryptosignal-7l4999wfk-hadayalab-projects-projects.vercel.app,dpl_6z4uk7ksfaX6T1fsDhcwizy3kCGP,404,iad1,269,2048,,prj_MtGkw3thPHNkLHmFW6ZZjBU93wxT,,,01KD961H53A58GMQAGXB3X8KKD,fZlJ0UtBcV7s,1
2025-12-24 21:45:32,1766612732351,cryptosignal-7l4999wfk-hadayalab-projects-projects.vercel.app/api/cron,GET,,200,gpzws-1766612732288-091ac8f05345,vercel-cron/1.0,info,production,main,MISS,serverless,/api/cron,cryptosignal-7l4999wfk-hadayalab-projects-projects.vercel.app,cryptosignal-7l4999wfk-hadayalab-projects-projects.vercel.app,dpl_6z4uk7ksfaX6T1fsDhcwizy3kCGP,,,,,🚀 Cron Job Started: Whale Monitor,prj_MtGkw3thPHNkLHmFW6ZZjBU93wxT,,,,,
2025-12-24 21:45:32,1766612732351,cryptosignal-7l4999wfk-hadayalab-projects-projects.vercel.app/api/cron,GET,,200,gpzws-1766612732288-091ac8f05345,vercel-cron/1.0,info,production,main,MISS,serverless,/api/cron,cryptosignal-7l4999wfk-hadayalab-projects-projects.vercel.app,cryptosignal-7l4999wfk-hadayalab-projects-projects.vercel.app,dpl_6z4uk7ksfaX6T1fsDhcwizy3kCGP,,,,,"Slot check => utcHour=21, utcMinute=45, isRegularSlot=false, force=false",prj_MtGkw3thPHNkLHmFW6ZZjBU93wxT,,,,,
2025-12-24 21:45:32,1766612732351,cryptosignal-7l4999wfk-hadayalab-projects-projects.vercel.app/api/cron,GET,,200,gpzws-1766612732288-091ac8f05345,vercel-cron/1.0,info,production,main,MISS,serverless,/api/cron,cryptosignal-7l4999wfk-hadayalab-projects-projects.vercel.app,cryptosignal-7l4999wfk-hadayalab-projects-projects.vercel.app,dpl_6z4uk7ksfaX6T1fsDhcwizy3kCGP,,,,,🌐 Fetching: https://api.cryptoquant.com/v1/btc/exchange-flows/netflow?exchange=all_exchange&window=day&limit=1,prj_MtGkw3thPHNkLHmFW6ZZjBU93wxT,,,,,
2025-12-24 21:45:32,1766612732351,cryptosignal-7l4999wfk-hadayalab-projects-projects.vercel.app/api/cron,GET,,200,gpzws-1766612732288-091ac8f05345,vercel-cron/1.0,info,production,main,MISS,serverless,/api/cron,cryptosignal-7l4999wfk-hadayalab-projects-projects.vercel.app,cryptosignal-7l4999wfk-hadayalab-projects-projects.vercel.app,dpl_6z4uk7ksfaX6T1fsDhcwizy3kCGP,,,,,🌐 Fetching: https://api.cryptoquant.com/v1/btc/flow-indicator/mpi?window=day&limit=1,prj_MtGkw3thPHNkLHmFW6ZZjBU93wxT,,,,,
2025-12-24 21:45:32,1766612732505,cryptosignal-7l4999wfk-hadayalab-projects-projects.vercel.app/api/cron,GET,,200,gpzws-1766612732288-091ac8f05345,vercel-cron/1.0,info,production,main,MISS,serverless,/api/cron,cryptosignal-7l4999wfk-hadayalab-projects-projects.vercel.app,cryptosignal-7l4999wfk-hadayalab-projects-projects.vercel.app,dpl_6z4uk7ksfaX6T1fsDhcwizy3kCGP,,,,,"📊 Exchange Netflow (BTC): -11379.222587299999 raw: {""date"":""2025-12-23"",""netflow_total"":-11379.222587299999}",prj_MtGkw3thPHNkLHmFW6ZZjBU93wxT,,,,,
2025-12-24 21:45:32,1766612732550,cryptosignal-7l4999wfk-hadayalab-projects-projects.vercel.app/api/cron,GET,,200,gpzws-1766612732288-091ac8f05345,vercel-cron/1.0,info,production,main,MISS,serverless,/api/cron,cryptosignal-7l4999wfk-hadayalab-projects-projects.vercel.app,cryptosignal-7l4999wfk-hadayalab-projects-projects.vercel.app,dpl_6z4uk7ksfaX6T1fsDhcwizy3kCGP,,,,,"📊 Miner Position Index (BTC): -0.5211564700986901 raw: {""date"":""2025-12-23"",""mpi"":-0.5211564700986901}",prj_MtGkw3thPHNkLHmFW6ZZjBU93wxT,,,,,
2025-12-24 21:45:32,1766612732288,cryptosignal-7l4999wfk-hadayalab-projects-projects.vercel.app/api/cron,GET,,200,gpzws-1766612732288-091ac8f05345,vercel-cron/1.0,,production,main,MISS,serverless,/api/cron,cryptosignal-7l4999wfk-hadayalab-projects-projects.vercel.app,cryptosignal-7l4999wfk-hadayalab-projects-projects.vercel.app,dpl_6z4uk7ksfaX6T1fsDhcwizy3kCGP,265,iad1,269,2048,,prj_MtGkw3thPHNkLHmFW6ZZjBU93wxT,,,01KD9562D5XGH3HDHV389YZQAQ,fZlJ0UtBcV7s,1
2025-12-24 21:30:32,1766611832261,cryptosignal-7l4999wfk-hadayalab-projects-projects.vercel.app/api/cron,GET,,200,4mmbq-1766611832223-5c40e0011f76,vercel-cron/1.0,info,production,main,MISS,serverless,/api/cron,cryptosignal-7l4999wfk-hadayalab-projects-projects.vercel.app,cryptosignal-7l4999wfk-hadayalab-projects-projects.vercel.app,dpl_6z4uk7ksfaX6T1fsDhcwizy3kCGP,,,,,🚀 Cron Job Started: Whale Monitor,prj_MtGkw3thPHNkLHmFW6ZZjBU93wxT,,,,,
2025-12-24 21:30:32,1766611832261,cryptosignal-7l4999wfk-hadayalab-projects-projects.vercel.app/api/cron,GET,,200,4mmbq-1766611832223-5c40e0011f76,vercel-cron/1.0,info,production,main,MISS,serverless,/api/cron,cryptosignal-7l4999wfk-hadayalab-projects-projects.vercel.app,cryptosignal-7l4999wfk-hadayalab-projects-projects.vercel.app,dpl_6z4uk7ksfaX6T1fsDhcwizy3kCGP,,,,,"Slot check => utcHour=21, utcMinute=30, isRegularSlot=false, force=false",prj_MtGkw3thPHNkLHmFW6ZZjBU93wxT,,,,,
2025-12-24 21:30:32,1766611832261,cryptosignal-7l4999wfk-hadayalab-projects-projects.vercel.app/api/cron,GET,,200,4mmbq-1766611832223-5c40e0011f76,vercel-cron/1.0,info,production,main,MISS,serverless,/api/cron,cryptosignal-7l4999wfk-hadayalab-projects-projects.vercel.app,cryptosignal-7l4999wfk-hadayalab-projects-projects.vercel.app,dpl_6z4uk7ksfaX6T1fsDhcwizy3kCGP,,,,,🌐 Fetching: https://api.cryptoquant.com/v1/btc/exchange-flows/netflow?exchange=all_exchange&window=day&limit=1,prj_MtGkw3thPHNkLHmFW6ZZjBU93wxT,,,,,
2025-12-24 21:30:32,1766611832261,cryptosignal-7l4999wfk-hadayalab-projects-projects.vercel.app/api/cron,GET,,200,4mmbq-1766611832223-5c40e0011f76,vercel-cron/1.0,info,production,main,MISS,serverless,/api/cron,cryptosignal-7l4999wfk-hadayalab-projects-projects.vercel.app,cryptosignal-7l4999wfk-hadayalab-projects-projects.vercel.app,dpl_6z4uk7ksfaX6T1fsDhcwizy3kCGP,,,,,🌐 Fetching: https://api.cryptoquant.com/v1/btc/flow-indicator/mpi?window=day&limit=1,prj_MtGkw3thPHNkLHmFW6ZZjBU93wxT,,,,,
2025-12-24 21:30:32,1766611832454,cryptosignal-7l4999wfk-hadayalab-projects-projects.vercel.app/api/cron,GET,,200,4mmbq-1766611832223-5c40e0011f76,vercel-cron/1.0,info,production,main,MISS,serverless,/api/cron,cryptosignal-7l4999wfk-hadayalab-projects-projects.vercel.app,cryptosignal-7l4999wfk-hadayalab-projects-projects.vercel.app,dpl_6z4uk7ksfaX6T1fsDhcwizy3kCGP,,,,,"📊 Exchange Netflow (BTC): -11379.222587299999 raw: {""date"":""2025-12-23"",""netflow_total"":-11379.222587299999}",prj_MtGkw3thPHNkLHmFW6ZZjBU93wxT,,,,,
2025-12-24 21:30:32,1766611832486,cryptosignal-7l4999wfk-hadayalab-projects-projects.vercel.app/api/cron,GET,,200,4mmbq-1766611832223-5c40e0011f76,vercel-cron/1.0,info,production,main,MISS,serverless,/api/cron,cryptosignal-7l4999wfk-hadayalab-projects-projects.vercel.app,cryptosignal-7l4999wfk-hadayalab-projects-projects.vercel.app,dpl_6z4uk7ksfaX6T1fsDhcwizy3kCGP,,,,,"📊 Miner Position Index (BTC): -0.5211564700986901 raw: {""date"":""2025-12-23"",""mpi"":-0.5211564700986901}",prj_MtGkw3thPHNkLHmFW6ZZjBU93wxT,,,,,
2025-12-24 21:30:32,1766611832223,cryptosignal-7l4999wfk-hadayalab-projects-projects.vercel.app/api/cron,GET,,200,4mmbq-1766611832223-5c40e0011f76,vercel-cron/1.0,,production,main,MISS,serverless,/api/cron,cryptosignal-7l4999wfk-hadayalab-projects-projects.vercel.app,cryptosignal-7l4999wfk-hadayalab-projects-projects.vercel.app,dpl_6z4uk7ksfaX6T1fsDhcwizy3kCGP,289,iad1,268,2048,,prj_MtGkw3thPHNkLHmFW6ZZjBU93wxT,,,01KD94AKDFYSJFNZWM8Y3RES1F,fZlJ0UtBcV7s,1
2025-12-24 21:15:32,1766610932310,cryptosignal-7l4999wfk-hadayalab-projects-projects.vercel.app/api/cron,GET,,200,gr847-1766610932250-a6a3d6e4dffe,vercel-cron/1.0,info,production,main,MISS,serverless,/api/cron,cryptosignal-7l4999wfk-hadayalab-projects-projects.vercel.app,cryptosignal-7l4999wfk-hadayalab-projects-projects.vercel.app,dpl_6z4uk7ksfaX6T1fsDhcwizy3kCGP,,,,,🚀 Cron Job Started: Whale Monitor,prj_MtGkw3thPHNkLHmFW6ZZjBU93wxT,,,,,
2025-12-24 21:15:32,1766610932310,cryptosignal-7l4999wfk-hadayalab-projects-projects.vercel.app/api/cron,GET,,200,gr847-1766610932250-a6a3d6e4dffe,vercel-cron/1.0,info,production,main,MISS,serverless,/api/cron,cryptosignal-7l4999wfk-hadayalab-projects-projects.vercel.app,cryptosignal-7l4999wfk-hadayalab-projects-projects.vercel.app,dpl_6z4uk7ksfaX6T1fsDhcwizy3kCGP,,,,,"Slot check => utcHour=21, utcMinute=15, isRegularSlot=false, force=false",prj_MtGkw3thPHNkLHmFW6ZZjBU93wxT,,,,,
2025-12-24 21:15:32,1766610932310,cryptosignal-7l4999wfk-hadayalab-projects-projects.vercel.app/api/cron,GET,,200,gr847-1766610932250-a6a3d6e4dffe,vercel-cron/1.0,info,production,main,MISS,serverless,/api/cron,cryptosignal-7l4999wfk-hadayalab-projects-projects.vercel.app,cryptosignal-7l4999wfk-hadayalab-projects-projects.vercel.app,dpl_6z4uk7ksfaX6T1fsDhcwizy3kCGP,,,,,🌐 Fetching: https://api.cryptoquant.com/v1/btc/exchange-flows/netflow?exchange=all_exchange&window=day&limit=1,prj_MtGkw3thPHNkLHmFW6ZZjBU93wxT,,,,,
2025-12-24 21:15:32,1766610932310,cryptosignal-7l4999wfk-hadayalab-projects-projects.vercel.app/api/cron,GET,,200,gr847-1766610932250-a6a3d6e4dffe,vercel-cron/1.0,info,production,main,MISS,serverless,/api/cron,cryptosignal-7l4999wfk-hadayalab-projects-projects.vercel.app,cryptosignal-7l4999wfk-hadayalab-projects-projects.vercel.app,dpl_6z4uk7ksfaX6T1fsDhcwizy3kCGP,,,,,🌐 Fetching: https://api.cryptoquant.com/v1/btc/flow-indicator/mpi?window=day&limit=1,prj_MtGkw3thPHNkLHmFW6ZZjBU93wxT,,,,,
2025-12-24 21:15:32,1766610932480,cryptosignal-7l4999wfk-hadayalab-projects-projects.vercel.app/api/cron,GET,,200,gr847-1766610932250-a6a3d6e4dffe,vercel-cron/1.0,info,production,main,MISS,serverless,/api/cron,cryptosignal-7l4999wfk-hadayalab-projects-projects.vercel.app,cryptosignal-7l4999wfk-hadayalab-projects-projects.vercel.app,dpl_6z4uk7ksfaX6T1fsDhcwizy3kCGP,,,,,"📊 Exchange Netflow (BTC): -11379.222587299999 raw: {""date"":""2025-12-23"",""netflow_total"":-11379.222587299999}",prj_MtGkw3thPHNkLHmFW6ZZjBU93wxT,,,,,
2025-12-24 21:15:32,1766610932501,cryptosignal-7l4999wfk-hadayalab-projects-projects.vercel.app/api/cron,GET,,200,gr847-1766610932250-a6a3d6e4dffe,vercel-cron/1.0,info,production,main,MISS,serverless,/api/cron,cryptosignal-7l4999wfk-hadayalab-projects-projects.vercel.app,cryptosignal-7l4999wfk-hadayalab-projects-projects.vercel.app,dpl_6z4uk7ksfaX6T1fsDhcwizy3kCGP,,,,,"📊 Miner Position Index (BTC): -0.5211564700986901 raw: {""date"":""2025-12-23"",""mpi"":-0.5211564700986901}",prj_MtGkw3thPHNkLHmFW6ZZjBU93wxT,,,,,
2025-12-24 21:15:32,1766610932250,cryptosignal-7l4999wfk-hadayalab-projects-projects.vercel.app/api/cron,GET,,200,gr847-1766610932250-a6a3d6e4dffe,vercel-cron/1.0,,production,main,MISS,serverless,/api/cron,cryptosignal-7l4999wfk-hadayalab-projects-projects.vercel.app,cryptosignal-7l4999wfk-hadayalab-projects-projects.vercel.app,dpl_6z4uk7ksfaX6T1fsDhcwizy3kCGP,266,iad1,268,2048,,prj_MtGkw3thPHNkLHmFW6ZZjBU93wxT,,,01KD93F4HSHBKY1N5M952QPRB6,fZlJ0UtBcV7s,1
2025-12-24 21:00:32,1766610032147,cryptosignal-7l4999wfk-hadayalab-projects-projects.vercel.app/api/cron,GET,,200,wds98-1766610032071-eb1912ec5521,vercel-cron/1.0,info,production,main,MISS,serverless,/api/cron,cryptosignal-7l4999wfk-hadayalab-projects-projects.vercel.app,cryptosignal-7l4999wfk-hadayalab-projects-projects.vercel.app,dpl_6z4uk7ksfaX6T1fsDhcwizy3kCGP,,,,,🚀 Cron Job Started: Whale Monitor,prj_MtGkw3thPHNkLHmFW6ZZjBU93wxT,,,,,
2025-12-24 21:00:32,1766610032147,cryptosignal-7l4999wfk-hadayalab-projects-projects.vercel.app/api/cron,GET,,200,wds98-1766610032071-eb1912ec5521,vercel-cron/1.0,info,production,main,MISS,serverless,/api/cron,cryptosignal-7l4999wfk-hadayalab-projects-projects.vercel.app,cryptosignal-7l4999wfk-hadayalab-projects-projects.vercel.app,dpl_6z4uk7ksfaX6T1fsDhcwizy3kCGP,,,,,"Slot check => utcHour=21, utcMinute=0, isRegularSlot=false, force=false",prj_MtGkw3thPHNkLHmFW6ZZjBU93wxT,,,,,
2025-12-24 21:00:32,1766610032147,cryptosignal-7l4999wfk-hadayalab-projects-projects.vercel.app/api/cron,GET,,200,wds98-1766610032071-eb1912ec5521,vercel-cron/1.0,info,production,main,MISS,serverless,/api/cron,cryptosignal-7l4999wfk-hadayalab-projects-projects.vercel.app,cryptosignal-7l4999wfk-hadayalab-projects-projects.vercel.app,dpl_6z4uk7ksfaX6T1fsDhcwizy3kCGP,,,,,🌐 Fetching: https://api.cryptoquant.com/v1/btc/exchange-flows/netflow?exchange=all_exchange&window=day&limit=1,prj_MtGkw3thPHNkLHmFW6ZZjBU93wxT,,,,,
2025-12-24 21:00:32,1766610032147,cryptosignal-7l4999wfk-hadayalab-projects-projects.vercel.app/api/cron,GET,,200,wds98-1766610032071-eb1912ec5521,vercel-cron/1.0,info,production,main,MISS,serverless,/api/cron,cryptosignal-7l4999wfk-hadayalab-projects-projects.vercel.app,cryptosignal-7l4999wfk-hadayalab-projects-projects.vercel.app,dpl_6z4uk7ksfaX6T1fsDhcwizy3kCGP,,,,,🌐 Fetching: https://api.cryptoquant.com/v1/btc/flow-indicator/mpi?window=day&limit=1,prj_MtGkw3thPHNkLHmFW6ZZjBU93wxT,,,,,
2025-12-24 21:00:32,1766610032326,cryptosignal-7l4999wfk-hadayalab-projects-projects.vercel.app/api/cron,GET,,200,wds98-1766610032071-eb1912ec5521,vercel-cron/1.0,info,production,main,MISS,serverless,/api/cron,cryptosignal-7l4999wfk-hadayalab-projects-projects.vercel.app,cryptosignal-7l4999wfk-hadayalab-projects-projects.vercel.app,dpl_6z4uk7ksfaX6T1fsDhcwizy3kCGP,,,,,"📊 Exchange Netflow (BTC): -11379.222587299999 raw: {""date"":""2025-12-23"",""netflow_total"":-11379.222587299999}",prj_MtGkw3thPHNkLHmFW6ZZjBU93wxT,,,,,
2025-12-24 21:00:32,1766610032335,cryptosignal-7l4999wfk-hadayalab-projects-projects.vercel.app/api/cron,GET,,200,wds98-1766610032071-eb1912ec5521,vercel-cron/1.0,info,production,main,MISS,serverless,/api/cron,cryptosignal-7l4999wfk-hadayalab-projects-projects.vercel.app,cryptosignal-7l4999wfk-hadayalab-projects-projects.vercel.app,dpl_6z4uk7ksfaX6T1fsDhcwizy3kCGP,,,,,"📊 Miner Position Index (BTC): -0.5211564700986901 raw: {""date"":""2025-12-23"",""mpi"":-0.5211564700986901}",prj_MtGkw3thPHNkLHmFW6ZZjBU93wxT,,,,,
2025-12-24 21:00:32,1766610032071,cryptosignal-7l4999wfk-hadayalab-projects-projects.vercel.app/api/cron,GET,,200,wds98-1766610032071-eb1912ec5521,vercel-cron/1.0,,production,main,MISS,serverless,/api/cron,cryptosignal-7l4999wfk-hadayalab-projects-projects.vercel.app,cryptosignal-7l4999wfk-hadayalab-projects-projects.vercel.app,dpl_6z4uk7ksfaX6T1fsDhcwizy3kCGP,261,iad1,265,2048,,prj_MtGkw3thPHNkLHmFW6ZZjBU93wxT,,,01KD92KNFMM29BSQBWDKDP8YRJ,fZlJ0UtBcV7s,1
2025-12-24 20:45:32,1766609132307,cryptosignal-7l4999wfk-hadayalab-projects-projects.vercel.app/api/cron,GET,,200,rl7bt-1766609132258-ebfbc5806093,vercel-cron/1.0,info,production,main,MISS,serverless,/api/cron,cryptosignal-7l4999wfk-hadayalab-projects-projects.vercel.app,cryptosignal-7l4999wfk-hadayalab-projects-projects.vercel.app,dpl_6z4uk7ksfaX6T1fsDhcwizy3kCGP,,,,,🚀 Cron Job Started: Whale Monitor,prj_MtGkw3thPHNkLHmFW6ZZjBU93wxT,,,,,
2025-12-24 20:45:32,1766609132307,cryptosignal-7l4999wfk-hadayalab-projects-projects.vercel.app/api/cron,GET,,200,rl7bt-1766609132258-ebfbc5806093,vercel-cron/1.0,info,production,main,MISS,serverless,/api/cron,cryptosignal-7l4999wfk-hadayalab-projects-projects.vercel.app,cryptosignal-7l4999wfk-hadayalab-projects-projects.vercel.app,dpl_6z4uk7ksfaX6T1fsDhcwizy3kCGP,,,,,"Slot check => utcHour=20, utcMinute=45, isRegularSlot=false, force=false",prj_MtGkw3thPHNkLHmFW6ZZjBU93wxT,,,,,
2025-12-24 20:45:32,1766609132308,cryptosignal-7l4999wfk-hadayalab-projects-projects.vercel.app/api/cron,GET,,200,rl7bt-1766609132258-ebfbc5806093,vercel-cron/1.0,info,production,main,MISS,serverless,/api/cron,cryptosignal-7l4999wfk-hadayalab-projects-projects.vercel.app,cryptosignal-7l4999wfk-hadayalab-projects-projects.vercel.app,dpl_6z4uk7ksfaX6T1fsDhcwizy3kCGP,,,,,🌐 Fetching: https://api.cryptoquant.com/v1/btc/exchange-flows/netflow?exchange=all_exchange&window=day&limit=1,prj_MtGkw3thPHNkLHmFW6ZZjBU93wxT,,,,,
2025-12-24 20:45:32,1766609132392,cryptosignal-7l4999wfk-hadayalab-projects-projects.vercel.app/api/cron,GET,,200,rl7bt-1766609132258-ebfbc5806093,vercel-cron/1.0,info,production,main,MISS,serverless,/api/cron,cryptosignal-7l4999wfk-hadayalab-projects-projects.vercel.app,cryptosignal-7l4999wfk-hadayalab-projects-projects.vercel.app,dpl_6z4uk7ksfaX6T1fsDhcwizy3kCGP,,,,,🌐 Fetching: https://api.cryptoquant.com/v1/btc/flow-indicator/mpi?window=day&limit=1,prj_MtGkw3thPHNkLHmFW6ZZjBU93wxT,,,,,
2025-12-24 20:45:32,1766609132394,cryptosignal-7l4999wfk-hadayalab-projects-projects.vercel.app/api/cron,GET,,200,rl7bt-1766609132258-ebfbc5806093,vercel-cron/1.0,error,production,main,MISS,serverless,/api/cron,cryptosignal-7l4999wfk-hadayalab-projects-projects.vercel.app,cryptosignal-7l4999wfk-hadayalab-projects-projects.vercel.app,dpl_6z4uk7ksfaX6T1fsDhcwizy3kCGP,,,,,"(node:4) [DEP0169] DeprecationWarning: `url.parse()` behavior is not standardized and prone to errors that have security implications. Use the WHATWG URL API instead. CVEs are not issued for `url.parse()` vulnerabilities.
(Use `node --trace-deprecation ...` to show where the warning was created)",prj_MtGkw3thPHNkLHmFW6ZZjBU93wxT,,,,,
2025-12-24 20:45:32,1766609132621,cryptosignal-7l4999wfk-hadayalab-projects-projects.vercel.app/api/cron,GET,,200,rl7bt-1766609132258-ebfbc5806093,vercel-cron/1.0,info,production,main,MISS,serverless,/api/cron,cryptosignal-7l4999wfk-hadayalab-projects-projects.vercel.app,cryptosignal-7l4999wfk-hadayalab-projects-projects.vercel.app,dpl_6z4uk7ksfaX6T1fsDhcwizy3kCGP,,,,,"📊 Exchange Netflow (BTC): -11379.222587299999 raw: {""date"":""2025-12-23"",""netflow_total"":-11379.222587299999}",prj_MtGkw3thPHNkLHmFW6ZZjBU93wxT,,,,,
2025-12-24 20:45:32,1766609132645,cryptosignal-7l4999wfk-hadayalab-projects-projects.vercel.app/api/cron,GET,,200,rl7bt-1766609132258-ebfbc5806093,vercel-cron/1.0,info,production,main,MISS,serverless,/api/cron,cryptosignal-7l4999wfk-hadayalab-projects-projects.vercel.app,cryptosignal-7l4999wfk-hadayalab-projects-projects.vercel.app,dpl_6z4uk7ksfaX6T1fsDhcwizy3kCGP,,,,,"📊 Miner Position Index (BTC): -0.5211564700986901 raw: {""date"":""2025-12-23"",""mpi"":-0.5211564700986901}",prj_MtGkw3thPHNkLHmFW6ZZjBU93wxT,,,,,
2025-12-24 20:45:32,1766609132258,cryptosignal-7l4999wfk-hadayalab-projects-projects.vercel.app/api/cron,GET,,200,rl7bt-1766609132258-ebfbc5806093,vercel-cron/1.0,,production,main,MISS,serverless,/api/cron,cryptosignal-7l4999wfk-hadayalab-projects-projects.vercel.app,cryptosignal-7l4999wfk-hadayalab-projects-projects.vercel.app,dpl_6z4uk7ksfaX6T1fsDhcwizy3kCGP,425,iad1,271,2048,,prj_MtGkw3thPHNkLHmFW6ZZjBU93wxT,,,01KD91R6QK1FZTZSZBSXZDPEH0,fZlJ0UtBcV7s,1
2025-12-24 20:30:32,1766608232134,cryptosignal-7l4999wfk-hadayalab-projects-projects.vercel.app/api/cron,GET,,200,h2wfj-1766608232071-8869c6d998cd,vercel-cron/1.0,info,production,main,MISS,serverless,/api/cron,cryptosignal-7l4999wfk-hadayalab-projects-projects.vercel.app,cryptosignal-7l4999wfk-hadayalab-projects-projects.vercel.app,dpl_6z4uk7ksfaX6T1fsDhcwizy3kCGP,,,,,🚀 Cron Job Started: Whale Monitor,prj_MtGkw3thPHNkLHmFW6ZZjBU93wxT,,,,,
2025-12-24 20:30:32,1766608232134,cryptosignal-7l4999wfk-hadayalab-projects-projects.vercel.app/api/cron,GET,,200,h2wfj-1766608232071-8869c6d998cd,vercel-cron/1.0,info,production,main,MISS,serverless,/api/cron,cryptosignal-7l4999wfk-hadayalab-projects-projects.vercel.app,cryptosignal-7l4999wfk-hadayalab-projects-projects.vercel.app,dpl_6z4uk7ksfaX6T1fsDhcwizy3kCGP,,,,,"Slot check => utcHour=20, utcMinute=30, isRegularSlot=false, force=false",prj_MtGkw3thPHNkLHmFW6ZZjBU93wxT,,,,,
2025-12-24 20:30:32,1766608232134,cryptosignal-7l4999wfk-hadayalab-projects-projects.vercel.app/api/cron,GET,,200,h2wfj-1766608232071-8869c6d998cd,vercel-cron/1.0,info,production,main,MISS,serverless,/api/cron,cryptosignal-7l4999wfk-hadayalab-projects-projects.vercel.app,cryptosignal-7l4999wfk-hadayalab-projects-projects.vercel.app,dpl_6z4uk7ksfaX6T1fsDhcwizy3kCGP,,,,,🌐 Fetching: https://api.cryptoquant.com/v1/btc/exchange-flows/netflow?exchange=all_exchange&window=day&limit=1,prj_MtGkw3thPHNkLHmFW6ZZjBU93wxT,,,,,
2025-12-24 20:30:32,1766608232134,cryptosignal-7l4999wfk-hadayalab-projects-projects.vercel.app/api/cron,GET,,200,h2wfj-1766608232071-8869c6d998cd,vercel-cron/1.0,info,production,main,MISS,serverless,/api/cron,cryptosignal-7l4999wfk-hadayalab-projects-projects.vercel.app,cryptosignal-7l4999wfk-hadayalab-projects-projects.vercel.app,dpl_6z4uk7ksfaX6T1fsDhcwizy3kCGP,,,,,🌐 Fetching: https://api.cryptoquant.com/v1/btc/flow-indicator/mpi?window=day&limit=1,prj_MtGkw3thPHNkLHmFW6ZZjBU93wxT,,,,,
2025-12-24 20:30:32,1766608232308,cryptosignal-7l4999wfk-hadayalab-projects-projects.vercel.app/api/cron,GET,,200,h2wfj-1766608232071-8869c6d998cd,vercel-cron/1.0,info,production,main,MISS,serverless,/api/cron,cryptosignal-7l4999wfk-hadayalab-projects-projects.vercel.app,cryptosignal-7l4999wfk-hadayalab-projects-projects.vercel.app,dpl_6z4uk7ksfaX6T1fsDhcwizy3kCGP,,,,,"📊 Exchange Netflow (BTC): -11379.222587299999 raw: {""date"":""2025-12-23"",""netflow_total"":-11379.222587299999}",prj_MtGkw3thPHNkLHmFW6ZZjBU93wxT,,,,,
2025-12-24 20:30:32,1766608232357,cryptosignal-7l4999wfk-hadayalab-projects-projects.vercel.app/api/cron,GET,,200,h2wfj-1766608232071-8869c6d998cd,vercel-cron/1.0,info,production,main,MISS,serverless,/api/cron,cryptosignal-7l4999wfk-hadayalab-projects-projects.vercel.app,cryptosignal-7l4999wfk-hadayalab-projects-projects.vercel.app,dpl_6z4uk7ksfaX6T1fsDhcwizy3kCGP,,,,,"📊 Miner Position Index (BTC): -0.5211564700986901 raw: {""date"":""2025-12-23"",""mpi"":-0.5211564700986901}",prj_MtGkw3thPHNkLHmFW6ZZjBU93wxT,,,,,
2025-12-24 20:30:32,1766608232071,cryptosignal-7l4999wfk-hadayalab-projects-projects.vercel.app/api/cron,GET,,200,h2wfj-1766608232071-8869c6d998cd,vercel-cron/1.0,,production,main,MISS,serverless,/api/cron,cryptosignal-7l4999wfk-hadayalab-projects-projects.vercel.app,cryptosignal-7l4999wfk-hadayalab-projects-projects.vercel.app,dpl_6z4uk7ksfaX6T1fsDhcwizy3kCGP,289,iad1,273,2048,,prj_MtGkw3thPHNkLHmFW6ZZjBU93wxT,,,01KD90WQNGGC6PJ7MZ9341K7J6,9qLZMy0y5dBl,1
2025-12-24 20:15:32,1766607332576,cryptosignal-7l4999wfk-hadayalab-projects-projects.vercel.app/api/cron,GET,,200,hfhrg-1766607332512-b5af360bac29,vercel-cron/1.0,info,production,main,MISS,serverless,/api/cron,cryptosignal-7l4999wfk-hadayalab-projects-projects.vercel.app,cryptosignal-7l4999wfk-hadayalab-projects-projects.vercel.app,dpl_6z4uk7ksfaX6T1fsDhcwizy3kCGP,,,,,🚀 Cron Job Started: Whale Monitor,prj_MtGkw3thPHNkLHmFW6ZZjBU93wxT,,,,,
2025-12-24 20:15:32,1766607332576,cryptosignal-7l4999wfk-hadayalab-projects-projects.vercel.app/api/cron,GET,,200,hfhrg-1766607332512-b5af360bac29,vercel-cron/1.0,info,production,main,MISS,serverless,/api/cron,cryptosignal-7l4999wfk-hadayalab-projects-projects.vercel.app,cryptosignal-7l4999wfk-hadayalab-projects-projects.vercel.app,dpl_6z4uk7ksfaX6T1fsDhcwizy3kCGP,,,,,"Slot check => utcHour=20, utcMinute=15, isRegularSlot=false, force=false",prj_MtGkw3thPHNkLHmFW6ZZjBU93wxT,,,,,
2025-12-24 20:15:32,1766607332576,cryptosignal-7l4999wfk-hadayalab-projects-projects.vercel.app/api/cron,GET,,200,hfhrg-1766607332512-b5af360bac29,vercel-cron/1.0,info,production,main,MISS,serverless,/api/cron,cryptosignal-7l4999wfk-hadayalab-projects-projects.vercel.app,cryptosignal-7l4999wfk-hadayalab-projects-projects.vercel.app,dpl_6z4uk7ksfaX6T1fsDhcwizy3kCGP,,,,,🌐 Fetching: https://api.cryptoquant.com/v1/btc/exchange-flows/netflow?exchange=all_exchange&window=day&limit=1,prj_MtGkw3thPHNkLHmFW6ZZjBU93wxT,,,,,
2025-12-24 20:15:32,1766607332576,cryptosignal-7l4999wfk-hadayalab-projects-projects.vercel.app/api/cron,GET,,200,hfhrg-1766607332512-b5af360bac29,vercel-cron/1.0,info,production,main,MISS,serverless,/api/cron,cryptosignal-7l4999wfk-hadayalab-projects-projects.vercel.app,cryptosignal-7l4999wfk-hadayalab-projects-projects.vercel.app,dpl_6z4uk7ksfaX6T1fsDhcwizy3kCGP,,,,,🌐 Fetching: https://api.cryptoquant.com/v1/btc/flow-indicator/mpi?window=day&limit=1,prj_MtGkw3thPHNkLHmFW6ZZjBU93wxT,,,,,
2025-12-24 20:15:32,1766607332749,cryptosignal-7l4999wfk-hadayalab-projects-projects.vercel.app/api/cron,GET,,200,hfhrg-1766607332512-b5af360bac29,vercel-cron/1.0,info,production,main,MISS,serverless,/api/cron,cryptosignal-7l4999wfk-hadayalab-projects-projects.vercel.app,cryptosignal-7l4999wfk-hadayalab-projects-projects.vercel.app,dpl_6z4uk7ksfaX6T1fsDhcwizy3kCGP,,,,,"📊 Miner Position Index (BTC): -0.5211564700986901 raw: {""date"":""2025-12-23"",""mpi"":-0.5211564700986901}",prj_MtGkw3thPHNkLHmFW6ZZjBU93wxT,,,,,
2025-12-24 20:15:32,1766607332924,cryptosignal-7l4999wfk-hadayalab-projects-projects.vercel.app/api/cron,GET,,200,hfhrg-1766607332512-b5af360bac29,vercel-cron/1.0,info,production,main,MISS,serverless,/api/cron,cryptosignal-7l4999wfk-hadayalab-projects-projects.vercel.app,cryptosignal-7l4999wfk-hadayalab-projects-projects.vercel.app,dpl_6z4uk7ksfaX6T1fsDhcwizy3kCGP,,,,,"📊 Exchange Netflow (BTC): -11379.222587299999 raw: {""date"":""2025-12-23"",""netflow_total"":-11379.222587299999}",prj_MtGkw3thPHNkLHmFW6ZZjBU93wxT,,,,,
2025-12-24 20:15:32,1766607332512,cryptosignal-7l4999wfk-hadayalab-projects-projects.vercel.app/api/cron,GET,,200,hfhrg-1766607332512-b5af360bac29,vercel-cron/1.0,,production,main,MISS,serverless,/api/cron,cryptosignal-7l4999wfk-hadayalab-projects-projects.vercel.app,cryptosignal-7l4999wfk-hadayalab-projects-projects.vercel.app,dpl_6z4uk7ksfaX6T1fsDhcwizy3kCGP,414,iad1,273,2048,,prj_MtGkw3thPHNkLHmFW6ZZjBU93wxT,,,01KD90196179KH4KXQB9J5YEN9,9qLZMy0y5dBl,1
2025-12-24 20:00:32,1766606432508,cryptosignal-7l4999wfk-hadayalab-projects-projects.vercel.app/api/cron,GET,,200,l6kzm-1766606432452-6e3ae08918db,vercel-cron/1.0,info,production,main,MISS,serverless,/api/cron,cryptosignal-7l4999wfk-hadayalab-projects-projects.vercel.app,cryptosignal-7l4999wfk-hadayalab-projects-projects.vercel.app,dpl_6z4uk7ksfaX6T1fsDhcwizy3kCGP,,,,,🚀 Cron Job Started: Whale Monitor,prj_MtGkw3thPHNkLHmFW6ZZjBU93wxT,,,,,
2025-12-24 20:00:32,1766606432508,cryptosignal-7l4999wfk-hadayalab-projects-projects.vercel.app/api/cron,GET,,200,l6kzm-1766606432452-6e3ae08918db,vercel-cron/1.0,info,production,main,MISS,serverless,/api/cron,cryptosignal-7l4999wfk-hadayalab-projects-projects.vercel.app,cryptosignal-7l4999wfk-hadayalab-projects-projects.vercel.app,dpl_6z4uk7ksfaX6T1fsDhcwizy3kCGP,,,,,"Slot check => utcHour=20, utcMinute=0, isRegularSlot=true, force=false",prj_MtGkw3thPHNkLHmFW6ZZjBU93wxT,,,,,
2025-12-24 20:00:32,1766606432508,cryptosignal-7l4999wfk-hadayalab-projects-projects.vercel.app/api/cron,GET,,200,l6kzm-1766606432452-6e3ae08918db,vercel-cron/1.0,info,production,main,MISS,serverless,/api/cron,cryptosignal-7l4999wfk-hadayalab-projects-projects.vercel.app,cryptosignal-7l4999wfk-hadayalab-projects-projects.vercel.app,dpl_6z4uk7ksfaX6T1fsDhcwizy3kCGP,,,,,🌐 Fetching: https://api.cryptoquant.com/v1/btc/exchange-flows/netflow?exchange=all_exchange&window=day&limit=1,prj_MtGkw3thPHNkLHmFW6ZZjBU93wxT,,,,,
2025-12-24 20:00:32,1766606432510,cryptosignal-7l4999wfk-hadayalab-projects-projects.vercel.app/api/cron,GET,,200,l6kzm-1766606432452-6e3ae08918db,vercel-cron/1.0,info,production,main,MISS,serverless,/api/cron,cryptosignal-7l4999wfk-hadayalab-projects-projects.vercel.app,cryptosignal-7l4999wfk-hadayalab-projects-projects.vercel.app,dpl_6z4uk7ksfaX6T1fsDhcwizy3kCGP,,,,,🌐 Fetching: https://api.cryptoquant.com/v1/btc/flow-indicator/mpi?window=day&limit=1,prj_MtGkw3thPHNkLHmFW6ZZjBU93wxT,,,,,
2025-12-24 20:00:32,1766606432718,cryptosignal-7l4999wfk-hadayalab-projects-projects.vercel.app/api/cron,GET,,200,l6kzm-1766606432452-6e3ae08918db,vercel-cron/1.0,info,production,main,MISS,serverless,/api/cron,cryptosignal-7l4999wfk-hadayalab-projects-projects.vercel.app,cryptosignal-7l4999wfk-hadayalab-projects-projects.vercel.app,dpl_6z4uk7ksfaX6T1fsDhcwizy3kCGP,,,,,"📊 Exchange Netflow (BTC): -11379.222587299999 raw: {""date"":""2025-12-23"",""netflow_total"":-11379.222587299999}",prj_MtGkw3thPHNkLHmFW6ZZjBU93wxT,,,,,
2025-12-24 20:00:32,1766606432718,cryptosignal-7l4999wfk-hadayalab-projects-projects.vercel.app/api/cron,GET,,200,l6kzm-1766606432452-6e3ae08918db,vercel-cron/1.0,info,production,main,MISS,serverless,/api/cron,cryptosignal-7l4999wfk-hadayalab-projects-projects.vercel.app,cryptosignal-7l4999wfk-hadayalab-projects-projects.vercel.app,dpl_6z4uk7ksfaX6T1fsDhcwizy3kCGP,,,,,"📊 Miner Position Index (BTC): -0.5211564700986901 raw: {""date"":""2025-12-23"",""mpi"":-0.5211564700986901}",prj_MtGkw3thPHNkLHmFW6ZZjBU93wxT,,,,,
2025-12-24 20:01:11,1766606471893,cryptosignal-7l4999wfk-hadayalab-projects-projects.vercel.app/api/cron,GET,,200,l6kzm-1766606432452-6e3ae08918db,vercel-cron/1.0,info,production,main,MISS,serverless,/api/cron,cryptosignal-7l4999wfk-hadayalab-projects-projects.vercel.app,cryptosignal-7l4999wfk-hadayalab-projects-projects.vercel.app,dpl_6z4uk7ksfaX6T1fsDhcwizy3kCGP,,,,,Sending REGULAR message...,prj_MtGkw3thPHNkLHmFW6ZZjBU93wxT,,,,,
2025-12-24 20:01:11,1766606471894,cryptosignal-7l4999wfk-hadayalab-projects-projects.vercel.app/api/cron,GET,,200,l6kzm-1766606432452-6e3ae08918db,vercel-cron/1.0,info,production,main,MISS,serverless,/api/cron,cryptosignal-7l4999wfk-hadayalab-projects-projects.vercel.app,cryptosignal-7l4999wfk-hadayalab-projects-projects.vercel.app,dpl_6z4uk7ksfaX6T1fsDhcwizy3kCGP,,,,,🌐 Fetching: https://api.cryptoquant.com/v1/btc/exchange-flows/netflow?exchange=all_exchange&window=day&limit=1,prj_MtGkw3thPHNkLHmFW6ZZjBU93wxT,,,,,
2025-12-24 20:01:11,1766606471896,cryptosignal-7l4999wfk-hadayalab-projects-projects.vercel.app/api/cron,GET,,200,l6kzm-1766606432452-6e3ae08918db,vercel-cron/1.0,info,production,main,MISS,serverless,/api/cron,cryptosignal-7l4999wfk-hadayalab-projects-projects.vercel.app,cryptosignal-7l4999wfk-hadayalab-projects-projects.vercel.app,dpl_6z4uk7ksfaX6T1fsDhcwizy3kCGP,,,,,🌐 Fetching: https://api.cryptoquant.com/v1/btc/flow-indicator/mpi?window=day&limit=1,prj_MtGkw3thPHNkLHmFW6ZZjBU93wxT,,,,,
2025-12-24 20:01:12,1766606472067,cryptosignal-7l4999wfk-hadayalab-projects-projects.vercel.app/api/cron,GET,,200,l6kzm-1766606432452-6e3ae08918db,vercel-cron/1.0,info,production,main,MISS,serverless,/api/cron,cryptosignal-7l4999wfk-hadayalab-projects-projects.vercel.app,cryptosignal-7l4999wfk-hadayalab-projects-projects.vercel.app,dpl_6z4uk7ksfaX6T1fsDhcwizy3kCGP,,,,,"📊 Exchange Netflow (BTC): -11379.222587299999 raw: {""date"":""2025-12-23"",""netflow_total"":-11379.222587299999}",prj_MtGkw3thPHNkLHmFW6ZZjBU93wxT,,,,,
2025-12-24 20:01:12,1766606472080,cryptosignal-7l4999wfk-hadayalab-projects-projects.vercel.app/api/cron,GET,,200,l6kzm-1766606432452-6e3ae08918db,vercel-cron/1.0,info,production,main,MISS,serverless,/api/cron,cryptosignal-7l4999wfk-hadayalab-projects-projects.vercel.app,cryptosignal-7l4999wfk-hadayalab-projects-projects.vercel.app,dpl_6z4uk7ksfaX6T1fsDhcwizy3kCGP,,,,,"📊 Miner Position Index (BTC): -0.5211564700986901 raw: {""date"":""2025-12-23"",""mpi"":-0.5211564700986901}",prj_MtGkw3thPHNkLHmFW6ZZjBU93wxT,,,,,
2025-12-24 20:01:12,1766606472081,cryptosignal-7l4999wfk-hadayalab-projects-projects.vercel.app/api/cron,GET,,200,l6kzm-1766606432452-6e3ae08918db,vercel-cron/1.0,info,production,main,MISS,serverless,/api/cron,cryptosignal-7l4999wfk-hadayalab-projects-projects.vercel.app,cryptosignal-7l4999wfk-hadayalab-projects-projects.vercel.app,dpl_6z4uk7ksfaX6T1fsDhcwizy3kCGP,,,,,🌐 Fetching: https://api.cryptoquant.com/v1/btc/exchange-flows/inflow-sum?size=large&window=day&limit=1,prj_MtGkw3thPHNkLHmFW6ZZjBU93wxT,,,,,
2025-12-24 20:01:12,1766606472081,cryptosignal-7l4999wfk-hadayalab-projects-projects.vercel.app/api/cron,GET,,200,l6kzm-1766606432452-6e3ae08918db,vercel-cron/1.0,info,production,main,MISS,serverless,/api/cron,cryptosignal-7l4999wfk-hadayalab-projects-projects.vercel.app,cryptosignal-7l4999wfk-hadayalab-projects-projects.vercel.app,dpl_6z4uk7ksfaX6T1fsDhcwizy3kCGP,,,,,🌐 Fetching: https://api.cryptoquant.com/v1/btc/derivatives/liquidations-24h?limit=1,prj_MtGkw3thPHNkLHmFW6ZZjBU93wxT,,,,,
2025-12-24 20:01:12,1766606472174,cryptosignal-7l4999wfk-hadayalab-projects-projects.vercel.app/api/cron,GET,,200,l6kzm-1766606432452-6e3ae08918db,vercel-cron/1.0,error,production,main,MISS,serverless,/api/cron,cryptosignal-7l4999wfk-hadayalab-projects-projects.vercel.app,cryptosignal-7l4999wfk-hadayalab-projects-projects.vercel.app,dpl_6z4uk7ksfaX6T1fsDhcwizy3kCGP,,,,,❌ CryptoQuant Request Failed: API Error: 404 Not Found,prj_MtGkw3thPHNkLHmFW6ZZjBU93wxT,,,,,
2025-12-24 20:01:12,1766606472174,cryptosignal-7l4999wfk-hadayalab-projects-projects.vercel.app/api/cron,GET,,200,l6kzm-1766606432452-6e3ae08918db,vercel-cron/1.0,warning,production,main,MISS,serverless,/api/cron,cryptosignal-7l4999wfk-hadayalab-projects-projects.vercel.app,cryptosignal-7l4999wfk-hadayalab-projects-projects.vercel.app,dpl_6z4uk7ksfaX6T1fsDhcwizy3kCGP,,,,,[deepMetrics] Error fetching liquidations: API Error: 404 Not Found,prj_MtGkw3thPHNkLHmFW6ZZjBU93wxT,,,,,
2025-12-24 20:01:12,1766606472181,cryptosignal-7l4999wfk-hadayalab-projects-projects.vercel.app/api/cron,GET,,200,l6kzm-1766606432452-6e3ae08918db,vercel-cron/1.0,error,production,main,MISS,serverless,/api/cron,cryptosignal-7l4999wfk-hadayalab-projects-projects.vercel.app,cryptosignal-7l4999wfk-hadayalab-projects-projects.vercel.app,dpl_6z4uk7ksfaX6T1fsDhcwizy3kCGP,,,,,❌ CryptoQuant Request Failed: API Error: 404 Not Found,prj_MtGkw3thPHNkLHmFW6ZZjBU93wxT,,,,,
2025-12-24 20:01:12,1766606472181,cryptosignal-7l4999wfk-hadayalab-projects-projects.vercel.app/api/cron,GET,,200,l6kzm-1766606432452-6e3ae08918db,vercel-cron/1.0,warning,production,main,MISS,serverless,/api/cron,cryptosignal-7l4999wfk-hadayalab-projects-projects.vercel.app,cryptosignal-7l4999wfk-hadayalab-projects-projects.vercel.app,dpl_6z4uk7ksfaX6T1fsDhcwizy3kCGP,,,,,[deepMetrics] Error fetching whale flows: API Error: 404 Not Found,prj_MtGkw3thPHNkLHmFW6ZZjBU93wxT,,,,,
2025-12-24 20:01:12,1766606472203,cryptosignal-7l4999wfk-hadayalab-projects-projects.vercel.app/api/cron,GET,,200,l6kzm-1766606432452-6e3ae08918db,vercel-cron/1.0,error,production,main,MISS,serverless,/api/cron,cryptosignal-7l4999wfk-hadayalab-projects-projects.vercel.app,cryptosignal-7l4999wfk-hadayalab-projects-projects.vercel.app,dpl_6z4uk7ksfaX6T1fsDhcwizy3kCGP,,,,,[binance] Error fetching open interest for BTCUSDT: Binance Futures API error: 451,prj_MtGkw3thPHNkLHmFW6ZZjBU93wxT,,,,,
2025-12-24 20:01:12,1766606472203,cryptosignal-7l4999wfk-hadayalab-projects-projects.vercel.app/api/cron,GET,,200,l6kzm-1766606432452-6e3ae08918db,vercel-cron/1.0,error,production,main,MISS,serverless,/api/cron,cryptosignal-7l4999wfk-hadayalab-projects-projects.vercel.app,cryptosignal-7l4999wfk-hadayalab-projects-projects.vercel.app,dpl_6z4uk7ksfaX6T1fsDhcwizy3kCGP,,,,,[binance] Error fetching long/short ratio for BTCUSDT: Binance Futures API error: 451,prj_MtGkw3thPHNkLHmFW6ZZjBU93wxT,,,,,
2025-12-24 20:01:12,1766606472204,cryptosignal-7l4999wfk-hadayalab-projects-projects.vercel.app/api/cron,GET,,200,l6kzm-1766606432452-6e3ae08918db,vercel-cron/1.0,error,production,main,MISS,serverless,/api/cron,cryptosignal-7l4999wfk-hadayalab-projects-projects.vercel.app,cryptosignal-7l4999wfk-hadayalab-projects-projects.vercel.app,dpl_6z4uk7ksfaX6T1fsDhcwizy3kCGP,,,,,[binance] Error fetching 24h ticker for BTCUSDT: Binance Futures API error: 451,prj_MtGkw3thPHNkLHmFW6ZZjBU93wxT,,,,,
2025-12-24 20:01:12,1766606472204,cryptosignal-7l4999wfk-hadayalab-projects-projects.vercel.app/api/cron,GET,,200,l6kzm-1766606432452-6e3ae08918db,vercel-cron/1.0,error,production,main,MISS,serverless,/api/cron,cryptosignal-7l4999wfk-hadayalab-projects-projects.vercel.app,cryptosignal-7l4999wfk-hadayalab-projects-projects.vercel.app,dpl_6z4uk7ksfaX6T1fsDhcwizy3kCGP,,,,,[binance] Error fetching funding rate for BTCUSDT: Binance Futures API error: 451,prj_MtGkw3thPHNkLHmFW6ZZjBU93wxT,,,,,
2025-12-24 20:01:12,1766606472215,cryptosignal-7l4999wfk-hadayalab-projects-projects.vercel.app/api/cron,GET,,200,l6kzm-1766606432452-6e3ae08918db,vercel-cron/1.0,error,production,main,MISS,serverless,/api/cron,cryptosignal-7l4999wfk-hadayalab-projects-projects.vercel.app,cryptosignal-7l4999wfk-hadayalab-projects-projects.vercel.app,dpl_6z4uk7ksfaX6T1fsDhcwizy3kCGP,,,,,"[deepMetrics] Error fetching deep metrics for EN: ReferenceError: binanceData is not defined
    at getCQDeepMetrics (/var/task/services/cryptoquant/deepMetrics.js:358:27)
    at process.processTicksAndRejections (node:internal/process/task_queues:105:5)
    at async Object.handler (/var/task/api/cron.js:446:28)
    at async r (/opt/rust/nodejs.js:2:15570)
    at async Server.<anonymous> (/opt/rust/nodejs.js:2:11592)
    at async Server.<anonymous> (/opt/rust/nodejs.js:17:9914)",prj_MtGkw3thPHNkLHmFW6ZZjBU93wxT,,,,,
2025-12-24 20:01:12,1766606472709,cryptosignal-7l4999wfk-hadayalab-projects-projects.vercel.app/api/cron,GET,,200,l6kzm-1766606432452-6e3ae08918db,vercel-cron/1.0,info,production,main,MISS,serverless,/api/cron,cryptosignal-7l4999wfk-hadayalab-projects-projects.vercel.app,cryptosignal-7l4999wfk-hadayalab-projects-projects.vercel.app,dpl_6z4uk7ksfaX6T1fsDhcwizy3kCGP,,,,,"📨 Telegram sent: {
  ""ok"": true,
  ""result"": {
    ""message_id"": 416,
    ""from"": {
      ""id"": 8155351788,
      ""is_bot"": true,
      ""first_name"": ""CryptoSignal AI EN"",
      ""username"": ""CryptoSignal_AI_Official_bot""
    },
    ""chat"": {
      ""id"": -1003223165053,
      ""title"": ""CryptoSignal AI – Starter Signals (EN)"",
      ""type"": ""supergroup""
    },
    ""date"": 1766606472,
    ""text"": ""📚 Dr. Grok's Market Leak\nSession Briefing @ 2025-12-24 20:00:32 UTC\n\n💰 BTC Price: $87,497 (-0.24% / 24h)\n📊 Exchange Netflow: Outflow 11379 BTC\n⛏ Miners' Position Index (MPI): -0.52\n🧠 Sentiment: Extreme Fear\n\n📈 Market Score: 19/100\n✅ Trap Detector: No critical trap detected.\n\n🎯 Trade Verdict\n🛡️ Signal: BUG STANDBY (Defense Active)\n• Entry (spot ref.): $87,497\n• Mode: Bug Standby — no clean edge. Sit out and protect capital.\n• Take Profit: n/a\n• Stop Loss: n/a\n\n🧬 Dr. Grok's Take\nBelow is a strategic idea, not an official True Bug Entry signal. Follow only when your own plan and risk management align.\n### BTC Quick Take: Extreme Fear Hangover\n\nCurrent Setup: BTC at $87,497, down 0.24% in 24h. Massive outflow (-$11.4K), MPI dipping negative (-0.52) – smart money's bailing or pausing. Sentiment's \""Extreme Fear\"" with zero whale bias (big boys neutral), retail FOMO at 50 (some dip-buying vibes), and no news noise. Score's low at 19 – no signal, no trap detected.\n\nRisk-First View: Outflow screams caution – could trigger cascading sells if fear spikes. We're in choppy waters post-pump; don't chase without confirmation. Key risks: liquidity traps below $85K or macro FUD (e.g., election vibes).\n\nTactical Play:\n- Short-Term: Flat signal means sit tight. Watch $86K support (break = test $82K). Upside pivot at $90K if inflows flip positive.\n- Entry Idea: If retail FOMO hits 70+ and MPI turns green, scalp long with tight SL at -2% (e.g., $85,700).\n- Risk Mgmt: Max 1-2% position size. No leverage in fear mode – preserve capital for the real bounce.\n\nEyes on inflows and whale bias. What's your position, anon? DM if you need a custom setup. 🚀\n\nFor educational purposes only. Not financial advice.""
  }
}",prj_MtGkw3thPHNkLHmFW6ZZjBU93wxT,,,,,
2025-12-24 20:00:32,1766606432452,cryptosignal-7l4999wfk-hadayalab-projects-projects.vercel.app/api/cron,GET,,200,l6kzm-1766606432452-6e3ae08918db,vercel-cron/1.0,,production,main,MISS,serverless,/api/cron,cryptosignal-7l4999wfk-hadayalab-projects-projects.vercel.app,cryptosignal-7l4999wfk-hadayalab-projects-projects.vercel.app,dpl_6z4uk7ksfaX6T1fsDhcwizy3kCGP,40211,iad1,271,2048,,prj_MtGkw3thPHNkLHmFW6ZZjBU93wxT,,,01KD8Z5T7484PRQ2RAX1XR6NKZ,9qLZMy0y5dBl,1
2025-12-24 19:45:32,1766605532303,cryptosignal-7l4999wfk-hadayalab-projects-projects.vercel.app/api/cron,GET,,200,qvczp-1766605532259-6a94587d6edb,vercel-cron/1.0,info,production,main,MISS,serverless,/api/cron,cryptosignal-7l4999wfk-hadayalab-projects-projects.vercel.app,cryptosignal-7l4999wfk-hadayalab-projects-projects.vercel.app,dpl_6z4uk7ksfaX6T1fsDhcwizy3kCGP,,,,,🚀 Cron Job Started: Whale Monitor,prj_MtGkw3thPHNkLHmFW6ZZjBU93wxT,,,,,
2025-12-24 19:45:32,1766605532303,cryptosignal-7l4999wfk-hadayalab-projects-projects.vercel.app/api/cron,GET,,200,qvczp-1766605532259-6a94587d6edb,vercel-cron/1.0,info,production,main,MISS,serverless,/api/cron,cryptosignal-7l4999wfk-hadayalab-projects-projects.vercel.app,cryptosignal-7l4999wfk-hadayalab-projects-projects.vercel.app,dpl_6z4uk7ksfaX6T1fsDhcwizy3kCGP,,,,,"Slot check => utcHour=19, utcMinute=45, isRegularSlot=false, force=false",prj_MtGkw3thPHNkLHmFW6ZZjBU93wxT,,,,,
2025-12-24 19:45:32,1766605532303,cryptosignal-7l4999wfk-hadayalab-projects-projects.vercel.app/api/cron,GET,,200,qvczp-1766605532259-6a94587d6edb,vercel-cron/1.0,info,production,main,MISS,serverless,/api/cron,cryptosignal-7l4999wfk-hadayalab-projects-projects.vercel.app,cryptosignal-7l4999wfk-hadayalab-projects-projects.vercel.app,dpl_6z4uk7ksfaX6T1fsDhcwizy3kCGP,,,,,🌐 Fetching: https://api.cryptoquant.com/v1/btc/exchange-flows/netflow?exchange=all_exchange&window=day&limit=1,prj_MtGkw3thPHNkLHmFW6ZZjBU93wxT,,,,,
2025-12-24 19:45:32,1766605532303,cryptosignal-7l4999wfk-hadayalab-projects-projects.vercel.app/api/cron,GET,,200,qvczp-1766605532259-6a94587d6edb,vercel-cron/1.0,info,production,main,MISS,serverless,/api/cron,cryptosignal-7l4999wfk-hadayalab-projects-projects.vercel.app,cryptosignal-7l4999wfk-hadayalab-projects-projects.vercel.app,dpl_6z4uk7ksfaX6T1fsDhcwizy3kCGP,,,,,🌐 Fetching: https://api.cryptoquant.com/v1/btc/flow-indicator/mpi?window=day&limit=1,prj_MtGkw3thPHNkLHmFW6ZZjBU93wxT,,,,,
2025-12-24 19:45:32,1766605532460,cryptosignal-7l4999wfk-hadayalab-projects-projects.vercel.app/api/cron,GET,,200,qvczp-1766605532259-6a94587d6edb,vercel-cron/1.0,info,production,main,MISS,serverless,/api/cron,cryptosignal-7l4999wfk-hadayalab-projects-projects.vercel.app,cryptosignal-7l4999wfk-hadayalab-projects-projects.vercel.app,dpl_6z4uk7ksfaX6T1fsDhcwizy3kCGP,,,,,"📊 Exchange Netflow (BTC): -11379.222587299999 raw: {""date"":""2025-12-23"",""netflow_total"":-11379.222587299999}",prj_MtGkw3thPHNkLHmFW6ZZjBU93wxT,,,,,
2025-12-24 19:45:32,1766605532497,cryptosignal-7l4999wfk-hadayalab-projects-projects.vercel.app/api/cron,GET,,200,qvczp-1766605532259-6a94587d6edb,vercel-cron/1.0,info,production,main,MISS,serverless,/api/cron,cryptosignal-7l4999wfk-hadayalab-projects-projects.vercel.app,cryptosignal-7l4999wfk-hadayalab-projects-projects.vercel.app,dpl_6z4uk7ksfaX6T1fsDhcwizy3kCGP,,,,,"📊 Miner Position Index (BTC): -0.5211564700986901 raw: {""date"":""2025-12-23"",""mpi"":-0.5211564700986901}",prj_MtGkw3thPHNkLHmFW6ZZjBU93wxT,,,,,
2025-12-24 19:45:32,1766605532259,cryptosignal-7l4999wfk-hadayalab-projects-projects.vercel.app/api/cron,GET,,200,qvczp-1766605532259-6a94587d6edb,vercel-cron/1.0,,production,main,MISS,serverless,/api/cron,cryptosignal-7l4999wfk-hadayalab-projects-projects.vercel.app,cryptosignal-7l4999wfk-hadayalab-projects-projects.vercel.app,dpl_6z4uk7ksfaX6T1fsDhcwizy3kCGP,258,iad1,268,2048,,prj_MtGkw3thPHNkLHmFW6ZZjBU93wxT,,,01KD8YAB3JCGDZSJCZY8FBNX2T,9qLZMy0y5dBl,1
2025-12-24 19:30:32,1766604632203,cryptosignal-7l4999wfk-hadayalab-projects-projects.vercel.app/api/cron,GET,,200,6ccpj-1766604632134-615c0106496b,vercel-cron/1.0,info,production,main,MISS,serverless,/api/cron,cryptosignal-7l4999wfk-hadayalab-projects-projects.vercel.app,cryptosignal-7l4999wfk-hadayalab-projects-projects.vercel.app,dpl_6z4uk7ksfaX6T1fsDhcwizy3kCGP,,,,,🚀 Cron Job Started: Whale Monitor,prj_MtGkw3thPHNkLHmFW6ZZjBU93wxT,,,,,
2025-12-24 19:30:32,1766604632203,cryptosignal-7l4999wfk-hadayalab-projects-projects.vercel.app/api/cron,GET,,200,6ccpj-1766604632134-615c0106496b,vercel-cron/1.0,info,production,main,MISS,serverless,/api/cron,cryptosignal-7l4999wfk-hadayalab-projects-projects.vercel.app,cryptosignal-7l4999wfk-hadayalab-projects-projects.vercel.app,dpl_6z4uk7ksfaX6T1fsDhcwizy3kCGP,,,,,"Slot check => utcHour=19, utcMinute=30, isRegularSlot=false, force=false",prj_MtGkw3thPHNkLHmFW6ZZjBU93wxT,,,,,
2025-12-24 19:30:32,1766604632203,cryptosignal-7l4999wfk-hadayalab-projects-projects.vercel.app/api/cron,GET,,200,6ccpj-1766604632134-615c0106496b,vercel-cron/1.0,info,production,main,MISS,serverless,/api/cron,cryptosignal-7l4999wfk-hadayalab-projects-projects.vercel.app,cryptosignal-7l4999wfk-hadayalab-projects-projects.vercel.app,dpl_6z4uk7ksfaX6T1fsDhcwizy3kCGP,,,,,🌐 Fetching: https://api.cryptoquant.com/v1/btc/exchange-flows/netflow?exchange=all_exchange&window=day&limit=1,prj_MtGkw3thPHNkLHmFW6ZZjBU93wxT,,,,,
2025-12-24 19:30:32,1766604632203,cryptosignal-7l4999wfk-hadayalab-projects-projects.vercel.app/api/cron,GET,,200,6ccpj-1766604632134-615c0106496b,vercel-cron/1.0,info,production,main,MISS,serverless,/api/cron,cryptosignal-7l4999wfk-hadayalab-projects-projects.vercel.app,cryptosignal-7l4999wfk-hadayalab-projects-projects.vercel.app,dpl_6z4uk7ksfaX6T1fsDhcwizy3kCGP,,,,,🌐 Fetching: https://api.cryptoquant.com/v1/btc/flow-indicator/mpi?window=day&limit=1,prj_MtGkw3thPHNkLHmFW6ZZjBU93wxT,,,,,
2025-12-24 19:30:32,1766604632385,cryptosignal-7l4999wfk-hadayalab-projects-projects.vercel.app/api/cron,GET,,200,6ccpj-1766604632134-615c0106496b,vercel-cron/1.0,info,production,main,MISS,serverless,/api/cron,cryptosignal-7l4999wfk-hadayalab-projects-projects.vercel.app,cryptosignal-7l4999wfk-hadayalab-projects-projects.vercel.app,dpl_6z4uk7ksfaX6T1fsDhcwizy3kCGP,,,,,"📊 Miner Position Index (BTC): -0.5211564700986901 raw: {""date"":""2025-12-23"",""mpi"":-0.5211564700986901}",prj_MtGkw3thPHNkLHmFW6ZZjBU93wxT,,,,,
2025-12-24 19:30:32,1766604632390,cryptosignal-7l4999wfk-hadayalab-projects-projects.vercel.app/api/cron,GET,,200,6ccpj-1766604632134-615c0106496b,vercel-cron/1.0,info,production,main,MISS,serverless,/api/cron,cryptosignal-7l4999wfk-hadayalab-projects-projects.vercel.app,cryptosignal-7l4999wfk-hadayalab-projects-projects.vercel.app,dpl_6z4uk7ksfaX6T1fsDhcwizy3kCGP,,,,,"📊 Exchange Netflow (BTC): -11379.222587299999 raw: {""date"":""2025-12-23"",""netflow_total"":-11379.222587299999}",prj_MtGkw3thPHNkLHmFW6ZZjBU93wxT,,,,,
2025-12-24 19:30:32,1766604632134,cryptosignal-7l4999wfk-hadayalab-projects-projects.vercel.app/api/cron,GET,,200,6ccpj-1766604632134-615c0106496b,vercel-cron/1.0,,production,main,MISS,serverless,/api/cron,cryptosignal-7l4999wfk-hadayalab-projects-projects.vercel.app,cryptosignal-7l4999wfk-hadayalab-projects-projects.vercel.app,dpl_6z4uk7ksfaX6T1fsDhcwizy3kCGP,254,iad1,268,2048,,prj_MtGkw3thPHNkLHmFW6ZZjBU93wxT,,,01KD8XEW3H1A12P2HK4WSYX53N,9qLZMy0y5dBl,1
2025-12-24 19:15:32,1766603732120,cryptosignal-7l4999wfk-hadayalab-projects-projects.vercel.app/api/cron,GET,,200,fpflg-1766603732078-26279dc9cb63,vercel-cron/1.0,info,production,main,MISS,serverless,/api/cron,cryptosignal-7l4999wfk-hadayalab-projects-projects.vercel.app,cryptosignal-7l4999wfk-hadayalab-projects-projects.vercel.app,dpl_6z4uk7ksfaX6T1fsDhcwizy3kCGP,,,,,🚀 Cron Job Started: Whale Monitor,prj_MtGkw3thPHNkLHmFW6ZZjBU93wxT,,,,,
2025-12-24 19:15:32,1766603732120,cryptosignal-7l4999wfk-hadayalab-projects-projects.vercel.app/api/cron,GET,,200,fpflg-1766603732078-26279dc9cb63,vercel-cron/1.0,info,production,main,MISS,serverless,/api/cron,cryptosignal-7l4999wfk-hadayalab-projects-projects.vercel.app,cryptosignal-7l4999wfk-hadayalab-projects-projects.vercel.app,dpl_6z4uk7ksfaX6T1fsDhcwizy3kCGP,,,,,"Slot check => utcHour=19, utcMinute=15, isRegularSlot=false, force=false",prj_MtGkw3thPHNkLHmFW6ZZjBU93wxT,,,,,
2025-12-24 19:15:32,1766603732120,cryptosignal-7l4999wfk-hadayalab-projects-projects.vercel.app/api/cron,GET,,200,fpflg-1766603732078-26279dc9cb63,vercel-cron/1.0,info,production,main,MISS,serverless,/api/cron,cryptosignal-7l4999wfk-hadayalab-projects-projects.vercel.app,cryptosignal-7l4999wfk-hadayalab-projects-projects.vercel.app,dpl_6z4uk7ksfaX6T1fsDhcwizy3kCGP,,,,,🌐 Fetching: https://api.cryptoquant.com/v1/btc/exchange-flows/netflow?exchange=all_exchange&window=day&limit=1,prj_MtGkw3thPHNkLHmFW6ZZjBU93wxT,,,,,
2025-12-24 19:15:32,1766603732122,cryptosignal-7l4999wfk-hadayalab-projects-projects.vercel.app/api/cron,GET,,200,fpflg-1766603732078-26279dc9cb63,vercel-cron/1.0,info,production,main,MISS,serverless,/api/cron,cryptosignal-7l4999wfk-hadayalab-projects-projects.vercel.app,cryptosignal-7l4999wfk-hadayalab-projects-projects.vercel.app,dpl_6z4uk7ksfaX6T1fsDhcwizy3kCGP,,,,,🌐 Fetching: https://api.cryptoquant.com/v1/btc/flow-indicator/mpi?window=day&limit=1,prj_MtGkw3thPHNkLHmFW6ZZjBU93wxT,,,,,
2025-12-24 19:15:32,1766603732298,cryptosignal-7l4999wfk-hadayalab-projects-projects.vercel.app/api/cron,GET,,200,fpflg-1766603732078-26279dc9cb63,vercel-cron/1.0,info,production,main,MISS,serverless,/api/cron,cryptosignal-7l4999wfk-hadayalab-projects-projects.vercel.app,cryptosignal-7l4999wfk-hadayalab-projects-projects.vercel.app,dpl_6z4uk7ksfaX6T1fsDhcwizy3kCGP,,,,,"📊 Miner Position Index (BTC): -0.5211564700986901 raw: {""date"":""2025-12-23"",""mpi"":-0.5211564700986901}",prj_MtGkw3thPHNkLHmFW6ZZjBU93wxT,,,,,
2025-12-24 19:15:32,1766603732311,cryptosignal-7l4999wfk-hadayalab-projects-projects.vercel.app/api/cron,GET,,200,fpflg-1766603732078-26279dc9cb63,vercel-cron/1.0,info,production,main,MISS,serverless,/api/cron,cryptosignal-7l4999wfk-hadayalab-projects-projects.vercel.app,cryptosignal-7l4999wfk-hadayalab-projects-projects.vercel.app,dpl_6z4uk7ksfaX6T1fsDhcwizy3kCGP,,,,,"📊 Exchange Netflow (BTC): -11379.222587299999 raw: {""date"":""2025-12-23"",""netflow_total"":-11379.222587299999}",prj_MtGkw3thPHNkLHmFW6ZZjBU93wxT,,,,,
2025-12-24 19:15:32,1766603732078,cryptosignal-7l4999wfk-hadayalab-projects-projects.vercel.app/api/cron,GET,,200,fpflg-1766603732078-26279dc9cb63,vercel-cron/1.0,,production,main,MISS,serverless,/api/cron,cryptosignal-7l4999wfk-hadayalab-projects-projects.vercel.app,cryptosignal-7l4999wfk-hadayalab-projects-projects.vercel.app,dpl_6z4uk7ksfaX6T1fsDhcwizy3kCGP,282,iad1,268,2048,,prj_MtGkw3thPHNkLHmFW6ZZjBU93wxT,,,01KD8WKD3YGQ4C56JM7BWX09XT,9qLZMy0y5dBl,1
2025-12-24 19:00:32,1766602832492,cryptosignal-7l4999wfk-hadayalab-projects-projects.vercel.app/api/cron,GET,,200,lwbjk-1766602832449-dfcd3d1b358d,vercel-cron/1.0,info,production,main,MISS,serverless,/api/cron,cryptosignal-7l4999wfk-hadayalab-projects-projects.vercel.app,cryptosignal-7l4999wfk-hadayalab-projects-projects.vercel.app,dpl_6z4uk7ksfaX6T1fsDhcwizy3kCGP,,,,,🚀 Cron Job Started: Whale Monitor,prj_MtGkw3thPHNkLHmFW6ZZjBU93wxT,,,,,
2025-12-24 19:00:32,1766602832492,cryptosignal-7l4999wfk-hadayalab-projects-projects.vercel.app/api/cron,GET,,200,lwbjk-1766602832449-dfcd3d1b358d,vercel-cron/1.0,info,production,main,MISS,serverless,/api/cron,cryptosignal-7l4999wfk-hadayalab-projects-projects.vercel.app,cryptosignal-7l4999wfk-hadayalab-projects-projects.vercel.app,dpl_6z4uk7ksfaX6T1fsDhcwizy3kCGP,,,,,"Slot check => utcHour=19, utcMinute=0, isRegularSlot=false, force=false",prj_MtGkw3thPHNkLHmFW6ZZjBU93wxT,,,,,
2025-12-24 19:00:32,1766602832493,cryptosignal-7l4999wfk-hadayalab-projects-projects.vercel.app/api/cron,GET,,200,lwbjk-1766602832449-dfcd3d1b358d,vercel-cron/1.0,info,production,main,MISS,serverless,/api/cron,cryptosignal-7l4999wfk-hadayalab-projects-projects.vercel.app,cryptosignal-7l4999wfk-hadayalab-projects-projects.vercel.app,dpl_6z4uk7ksfaX6T1fsDhcwizy3kCGP,,,,,🌐 Fetching: https://api.cryptoquant.com/v1/btc/exchange-flows/netflow?exchange=all_exchange&window=day&limit=1,prj_MtGkw3thPHNkLHmFW6ZZjBU93wxT,,,,,
2025-12-24 19:00:32,1766602832493,cryptosignal-7l4999wfk-hadayalab-projects-projects.vercel.app/api/cron,GET,,200,lwbjk-1766602832449-dfcd3d1b358d,vercel-cron/1.0,info,production,main,MISS,serverless,/api/cron,cryptosignal-7l4999wfk-hadayalab-projects-projects.vercel.app,cryptosignal-7l4999wfk-hadayalab-projects-projects.vercel.app,dpl_6z4uk7ksfaX6T1fsDhcwizy3kCGP,,,,,🌐 Fetching: https://api.cryptoquant.com/v1/btc/flow-indicator/mpi?window=day&limit=1,prj_MtGkw3thPHNkLHmFW6ZZjBU93wxT,,,,,
2025-12-24 19:00:32,1766602832663,cryptosignal-7l4999wfk-hadayalab-projects-projects.vercel.app/api/cron,GET,,200,lwbjk-1766602832449-dfcd3d1b358d,vercel-cron/1.0,info,production,main,MISS,serverless,/api/cron,cryptosignal-7l4999wfk-hadayalab-projects-projects.vercel.app,cryptosignal-7l4999wfk-hadayalab-projects-projects.vercel.app,dpl_6z4uk7ksfaX6T1fsDhcwizy3kCGP,,,,,"📊 Exchange Netflow (BTC): -11379.222587299999 raw: {""date"":""2025-12-23"",""netflow_total"":-11379.222587299999}",prj_MtGkw3thPHNkLHmFW6ZZjBU93wxT,,,,,
2025-12-24 19:00:32,1766602832678,cryptosignal-7l4999wfk-hadayalab-projects-projects.vercel.app/api/cron,GET,,200,lwbjk-1766602832449-dfcd3d1b358d,vercel-cron/1.0,info,production,main,MISS,serverless,/api/cron,cryptosignal-7l4999wfk-hadayalab-projects-projects.vercel.app,cryptosignal-7l4999wfk-hadayalab-projects-projects.vercel.app,dpl_6z4uk7ksfaX6T1fsDhcwizy3kCGP,,,,,"📊 Miner Position Index (BTC): -0.5211564700986901 raw: {""date"":""2025-12-23"",""mpi"":-0.5211564700986901}",prj_MtGkw3thPHNkLHmFW6ZZjBU93wxT,,,,,
2025-12-24 19:00:32,1766602832449,cryptosignal-7l4999wfk-hadayalab-projects-projects.vercel.app/api/cron,GET,,200,lwbjk-1766602832449-dfcd3d1b358d,vercel-cron/1.0,,production,main,MISS,serverless,/api/cron,cryptosignal-7l4999wfk-hadayalab-projects-projects.vercel.app,cryptosignal-7l4999wfk-hadayalab-projects-projects.vercel.app,dpl_6z4uk7ksfaX6T1fsDhcwizy3kCGP,279,iad1,268,2048,,prj_MtGkw3thPHNkLHmFW6ZZjBU93wxT,,,01KD8VQYJJ50C83V91K62G6BE9,9qLZMy0y5dBl,1
2025-12-24 18:45:32,1766601932147,cryptosignal-7l4999wfk-hadayalab-projects-projects.vercel.app/api/cron,GET,,200,w26vn-1766601932086-3d66d2865c5c,vercel-cron/1.0,info,production,main,MISS,serverless,/api/cron,cryptosignal-7l4999wfk-hadayalab-projects-projects.vercel.app,cryptosignal-7l4999wfk-hadayalab-projects-projects.vercel.app,dpl_6z4uk7ksfaX6T1fsDhcwizy3kCGP,,,,,🚀 Cron Job Started: Whale Monitor,prj_MtGkw3thPHNkLHmFW6ZZjBU93wxT,,,,,
2025-12-24 18:45:32,1766601932147,cryptosignal-7l4999wfk-hadayalab-projects-projects.vercel.app/api/cron,GET,,200,w26vn-1766601932086-3d66d2865c5c,vercel-cron/1.0,info,production,main,MISS,serverless,/api/cron,cryptosignal-7l4999wfk-hadayalab-projects-projects.vercel.app,cryptosignal-7l4999wfk-hadayalab-projects-projects.vercel.app,dpl_6z4uk7ksfaX6T1fsDhcwizy3kCGP,,,,,"Slot check => utcHour=18, utcMinute=45, isRegularSlot=false, force=false",prj_MtGkw3thPHNkLHmFW6ZZjBU93wxT,,,,,
2025-12-24 18:45:32,1766601932148,cryptosignal-7l4999wfk-hadayalab-projects-projects.vercel.app/api/cron,GET,,200,w26vn-1766601932086-3d66d2865c5c,vercel-cron/1.0,info,production,main,MISS,serverless,/api/cron,cryptosignal-7l4999wfk-hadayalab-projects-projects.vercel.app,cryptosignal-7l4999wfk-hadayalab-projects-projects.vercel.app,dpl_6z4uk7ksfaX6T1fsDhcwizy3kCGP,,,,,🌐 Fetching: https://api.cryptoquant.com/v1/btc/exchange-flows/netflow?exchange=all_exchange&window=day&limit=1,prj_MtGkw3thPHNkLHmFW6ZZjBU93wxT,,,,,
2025-12-24 18:45:32,1766601932149,cryptosignal-7l4999wfk-hadayalab-projects-projects.vercel.app/api/cron,GET,,200,w26vn-1766601932086-3d66d2865c5c,vercel-cron/1.0,info,production,main,MISS,serverless,/api/cron,cryptosignal-7l4999wfk-hadayalab-projects-projects.vercel.app,cryptosignal-7l4999wfk-hadayalab-projects-projects.vercel.app,dpl_6z4uk7ksfaX6T1fsDhcwizy3kCGP,,,,,🌐 Fetching: https://api.cryptoquant.com/v1/btc/flow-indicator/mpi?window=day&limit=1,prj_MtGkw3thPHNkLHmFW6ZZjBU93wxT,,,,,
2025-12-24 18:45:32,1766601932358,cryptosignal-7l4999wfk-hadayalab-projects-projects.vercel.app/api/cron,GET,,200,w26vn-1766601932086-3d66d2865c5c,vercel-cron/1.0,info,production,main,MISS,serverless,/api/cron,cryptosignal-7l4999wfk-hadayalab-projects-projects.vercel.app,cryptosignal-7l4999wfk-hadayalab-projects-projects.vercel.app,dpl_6z4uk7ksfaX6T1fsDhcwizy3kCGP,,,,,"📊 Miner Position Index (BTC): -0.5211564700986901 raw: {""date"":""2025-12-23"",""mpi"":-0.5211564700986901}",prj_MtGkw3thPHNkLHmFW6ZZjBU93wxT,,,,,
2025-12-24 18:45:32,1766601932370,cryptosignal-7l4999wfk-hadayalab-projects-projects.vercel.app/api/cron,GET,,200,w26vn-1766601932086-3d66d2865c5c,vercel-cron/1.0,info,production,main,MISS,serverless,/api/cron,cryptosignal-7l4999wfk-hadayalab-projects-projects.vercel.app,cryptosignal-7l4999wfk-hadayalab-projects-projects.vercel.app,dpl_6z4uk7ksfaX6T1fsDhcwizy3kCGP,,,,,"📊 Exchange Netflow (BTC): -11379.222587299999 raw: {""date"":""2025-12-23"",""netflow_total"":-11379.222587299999}",prj_MtGkw3thPHNkLHmFW6ZZjBU93wxT,,,,,
2025-12-24 18:45:32,1766601932086,cryptosignal-7l4999wfk-hadayalab-projects-projects.vercel.app/api/cron,GET,,200,w26vn-1766601932086-3d66d2865c5c,vercel-cron/1.0,,production,main,MISS,serverless,/api/cron,cryptosignal-7l4999wfk-hadayalab-projects-projects.vercel.app,cryptosignal-7l4999wfk-hadayalab-projects-projects.vercel.app,dpl_6z4uk7ksfaX6T1fsDhcwizy3kCGP,298,iad1,265,2048,,prj_MtGkw3thPHNkLHmFW6ZZjBU93wxT,,,01KD8TWFAJPB0BS1FNP32ZJSAA,9qLZMy0y5dBl,1
2025-12-24 18:30:32,1766601032306,cryptosignal-7l4999wfk-hadayalab-projects-projects.vercel.app/api/cron,GET,,200,kbbxl-1766601032255-722f7249b846,vercel-cron/1.0,info,production,main,MISS,serverless,/api/cron,cryptosignal-7l4999wfk-hadayalab-projects-projects.vercel.app,cryptosignal-7l4999wfk-hadayalab-projects-projects.vercel.app,dpl_6z4uk7ksfaX6T1fsDhcwizy3kCGP,,,,,🚀 Cron Job Started: Whale Monitor,prj_MtGkw3thPHNkLHmFW6ZZjBU93wxT,,,,,
2025-12-24 18:30:32,1766601032306,cryptosignal-7l4999wfk-hadayalab-projects-projects.vercel.app/api/cron,GET,,200,kbbxl-1766601032255-722f7249b846,vercel-cron/1.0,info,production,main,MISS,serverless,/api/cron,cryptosignal-7l4999wfk-hadayalab-projects-projects.vercel.app,cryptosignal-7l4999wfk-hadayalab-projects-projects.vercel.app,dpl_6z4uk7ksfaX6T1fsDhcwizy3kCGP,,,,,"Slot check => utcHour=18, utcMinute=30, isRegularSlot=false, force=false",prj_MtGkw3thPHNkLHmFW6ZZjBU93wxT,,,,,
2025-12-24 18:30:32,1766601032307,cryptosignal-7l4999wfk-hadayalab-projects-projects.vercel.app/api/cron,GET,,200,kbbxl-1766601032255-722f7249b846,vercel-cron/1.0,info,production,main,MISS,serverless,/api/cron,cryptosignal-7l4999wfk-hadayalab-projects-projects.vercel.app,cryptosignal-7l4999wfk-hadayalab-projects-projects.vercel.app,dpl_6z4uk7ksfaX6T1fsDhcwizy3kCGP,,,,,🌐 Fetching: https://api.cryptoquant.com/v1/btc/exchange-flows/netflow?exchange=all_exchange&window=day&limit=1,prj_MtGkw3thPHNkLHmFW6ZZjBU93wxT,,,,,
2025-12-24 18:30:32,1766601032390,cryptosignal-7l4999wfk-hadayalab-projects-projects.vercel.app/api/cron,GET,,200,kbbxl-1766601032255-722f7249b846,vercel-cron/1.0,info,production,main,MISS,serverless,/api/cron,cryptosignal-7l4999wfk-hadayalab-projects-projects.vercel.app,cryptosignal-7l4999wfk-hadayalab-projects-projects.vercel.app,dpl_6z4uk7ksfaX6T1fsDhcwizy3kCGP,,,,,🌐 Fetching: https://api.cryptoquant.com/v1/btc/flow-indicator/mpi?window=day&limit=1,prj_MtGkw3thPHNkLHmFW6ZZjBU93wxT,,,,,
2025-12-24 18:30:32,1766601032392,cryptosignal-7l4999wfk-hadayalab-projects-projects.vercel.app/api/cron,GET,,200,kbbxl-1766601032255-722f7249b846,vercel-cron/1.0,error,production,main,MISS,serverless,/api/cron,cryptosignal-7l4999wfk-hadayalab-projects-projects.vercel.app,cryptosignal-7l4999wfk-hadayalab-projects-projects.vercel.app,dpl_6z4uk7ksfaX6T1fsDhcwizy3kCGP,,,,,"(node:4) [DEP0169] DeprecationWarning: `url.parse()` behavior is not standardized and prone to errors that have security implications. Use the WHATWG URL API instead. CVEs are not issued for `url.parse()` vulnerabilities.
(Use `node --trace-deprecation ...` to show where the warning was created)",prj_MtGkw3thPHNkLHmFW6ZZjBU93wxT,,,,,
2025-12-24 18:30:32,1766601032635,cryptosignal-7l4999wfk-hadayalab-projects-projects.vercel.app/api/cron,GET,,200,kbbxl-1766601032255-722f7249b846,vercel-cron/1.0,info,production,main,MISS,serverless,/api/cron,cryptosignal-7l4999wfk-hadayalab-projects-projects.vercel.app,cryptosignal-7l4999wfk-hadayalab-projects-projects.vercel.app,dpl_6z4uk7ksfaX6T1fsDhcwizy3kCGP,,,,,"📊 Miner Position Index (BTC): -0.5211564700986901 raw: {""date"":""2025-12-23"",""mpi"":-0.5211564700986901}",prj_MtGkw3thPHNkLHmFW6ZZjBU93wxT,,,,,
2025-12-24 18:30:32,1766601032644,cryptosignal-7l4999wfk-hadayalab-projects-projects.vercel.app/api/cron,GET,,200,kbbxl-1766601032255-722f7249b846,vercel-cron/1.0,info,production,main,MISS,serverless,/api/cron,cryptosignal-7l4999wfk-hadayalab-projects-projects.vercel.app,cryptosignal-7l4999wfk-hadayalab-projects-projects.vercel.app,dpl_6z4uk7ksfaX6T1fsDhcwizy3kCGP,,,,,"📊 Exchange Netflow (BTC): -11379.222587299999 raw: {""date"":""2025-12-23"",""netflow_total"":-11379.222587299999}",prj_MtGkw3thPHNkLHmFW6ZZjBU93wxT,,,,,
2025-12-24 18:30:32,1766601032255,cryptosignal-7l4999wfk-hadayalab-projects-projects.vercel.app/api/cron,GET,,200,kbbxl-1766601032255-722f7249b846,vercel-cron/1.0,,production,main,MISS,serverless,/api/cron,cryptosignal-7l4999wfk-hadayalab-projects-projects.vercel.app,cryptosignal-7l4999wfk-hadayalab-projects-projects.vercel.app,dpl_6z4uk7ksfaX6T1fsDhcwizy3kCGP,435,iad1,264,2048,,prj_MtGkw3thPHNkLHmFW6ZZjBU93wxT,,,01KD8T10JDRNPGCYHKXPSPRR00,9qLZMy0y5dBl,1
2025-12-24 18:15:32,1766600132108,cryptosignal-7l4999wfk-hadayalab-projects-projects.vercel.app/api/cron,GET,,200,4mv69-1766600132064-05832a5fa6f9,vercel-cron/1.0,info,production,main,MISS,serverless,/api/cron,cryptosignal-7l4999wfk-hadayalab-projects-projects.vercel.app,cryptosignal-7l4999wfk-hadayalab-projects-projects.vercel.app,dpl_6z4uk7ksfaX6T1fsDhcwizy3kCGP,,,,,🚀 Cron Job Started: Whale Monitor,prj_MtGkw3thPHNkLHmFW6ZZjBU93wxT,,,,,
2025-12-24 18:15:32,1766600132108,cryptosignal-7l4999wfk-hadayalab-projects-projects.vercel.app/api/cron,GET,,200,4mv69-1766600132064-05832a5fa6f9,vercel-cron/1.0,info,production,main,MISS,serverless,/api/cron,cryptosignal-7l4999wfk-hadayalab-projects-projects.vercel.app,cryptosignal-7l4999wfk-hadayalab-projects-projects.vercel.app,dpl_6z4uk7ksfaX6T1fsDhcwizy3kCGP,,,,,"Slot check => utcHour=18, utcMinute=15, isRegularSlot=false, force=false",prj_MtGkw3thPHNkLHmFW6ZZjBU93wxT,,,,,
2025-12-24 18:15:32,1766600132109,cryptosignal-7l4999wfk-hadayalab-projects-projects.vercel.app/api/cron,GET,,200,4mv69-1766600132064-05832a5fa6f9,vercel-cron/1.0,info,production,main,MISS,serverless,/api/cron,cryptosignal-7l4999wfk-hadayalab-projects-projects.vercel.app,cryptosignal-7l4999wfk-hadayalab-projects-projects.vercel.app,dpl_6z4uk7ksfaX6T1fsDhcwizy3kCGP,,,,,🌐 Fetching: https://api.cryptoquant.com/v1/btc/exchange-flows/netflow?exchange=all_exchange&window=day&limit=1,prj_MtGkw3thPHNkLHmFW6ZZjBU93wxT,,,,,
2025-12-24 18:15:32,1766600132112,cryptosignal-7l4999wfk-hadayalab-projects-projects.vercel.app/api/cron,GET,,200,4mv69-1766600132064-05832a5fa6f9,vercel-cron/1.0,info,production,main,MISS,serverless,/api/cron,cryptosignal-7l4999wfk-hadayalab-projects-projects.vercel.app,cryptosignal-7l4999wfk-hadayalab-projects-projects.vercel.app,dpl_6z4uk7ksfaX6T1fsDhcwizy3kCGP,,,,,🌐 Fetching: https://api.cryptoquant.com/v1/btc/flow-indicator/mpi?window=day&limit=1,prj_MtGkw3thPHNkLHmFW6ZZjBU93wxT,,,,,
2025-12-24 18:15:32,1766600132283,cryptosignal-7l4999wfk-hadayalab-projects-projects.vercel.app/api/cron,GET,,200,4mv69-1766600132064-05832a5fa6f9,vercel-cron/1.0,info,production,main,MISS,serverless,/api/cron,cryptosignal-7l4999wfk-hadayalab-projects-projects.vercel.app,cryptosignal-7l4999wfk-hadayalab-projects-projects.vercel.app,dpl_6z4uk7ksfaX6T1fsDhcwizy3kCGP,,,,,"📊 Miner Position Index (BTC): -0.5211564700986901 raw: {""date"":""2025-12-23"",""mpi"":-0.5211564700986901}",prj_MtGkw3thPHNkLHmFW6ZZjBU93wxT,,,,,
2025-12-24 18:15:32,1766600132467,cryptosignal-7l4999wfk-hadayalab-projects-projects.vercel.app/api/cron,GET,,200,4mv69-1766600132064-05832a5fa6f9,vercel-cron/1.0,info,production,main,MISS,serverless,/api/cron,cryptosignal-7l4999wfk-hadayalab-projects-projects.vercel.app,cryptosignal-7l4999wfk-hadayalab-projects-projects.vercel.app,dpl_6z4uk7ksfaX6T1fsDhcwizy3kCGP,,,,,"📊 Exchange Netflow (BTC): -11379.222587299999 raw: {""date"":""2025-12-23"",""netflow_total"":-11379.222587299999}",prj_MtGkw3thPHNkLHmFW6ZZjBU93wxT,,,,,
2025-12-24 18:15:32,1766600132064,cryptosignal-7l4999wfk-hadayalab-projects-projects.vercel.app/api/cron,GET,,200,4mv69-1766600132064-05832a5fa6f9,vercel-cron/1.0,,production,main,MISS,serverless,/api/cron,cryptosignal-7l4999wfk-hadayalab-projects-projects.vercel.app,cryptosignal-7l4999wfk-hadayalab-projects-projects.vercel.app,dpl_6z4uk7ksfaX6T1fsDhcwizy3kCGP,446,iad1,270,2048,,prj_MtGkw3thPHNkLHmFW6ZZjBU93wxT,,,01KD8S5HFPJDD3QQRC5TSYCAFQ,uZJCmosxEKHC,1
2025-12-24 18:00:32,1766599232489,cryptosignal-7l4999wfk-hadayalab-projects-projects.vercel.app/api/cron,GET,,200,p5txw-1766599232424-b4d766ae26b0,vercel-cron/1.0,info,production,main,MISS,serverless,/api/cron,cryptosignal-7l4999wfk-hadayalab-projects-projects.vercel.app,cryptosignal-7l4999wfk-hadayalab-projects-projects.vercel.app,dpl_6z4uk7ksfaX6T1fsDhcwizy3kCGP,,,,,🚀 Cron Job Started: Whale Monitor,prj_MtGkw3thPHNkLHmFW6ZZjBU93wxT,,,,,
2025-12-24 18:00:32,1766599232489,cryptosignal-7l4999wfk-hadayalab-projects-projects.vercel.app/api/cron,GET,,200,p5txw-1766599232424-b4d766ae26b0,vercel-cron/1.0,info,production,main,MISS,serverless,/api/cron,cryptosignal-7l4999wfk-hadayalab-projects-projects.vercel.app,cryptosignal-7l4999wfk-hadayalab-projects-projects.vercel.app,dpl_6z4uk7ksfaX6T1fsDhcwizy3kCGP,,,,,"Slot check => utcHour=18, utcMinute=0, isRegularSlot=false, force=false",prj_MtGkw3thPHNkLHmFW6ZZjBU93wxT,,,,,
2025-12-24 18:00:32,1766599232489,cryptosignal-7l4999wfk-hadayalab-projects-projects.vercel.app/api/cron,GET,,200,p5txw-1766599232424-b4d766ae26b0,vercel-cron/1.0,info,production,main,MISS,serverless,/api/cron,cryptosignal-7l4999wfk-hadayalab-projects-projects.vercel.app,cryptosignal-7l4999wfk-hadayalab-projects-projects.vercel.app,dpl_6z4uk7ksfaX6T1fsDhcwizy3kCGP,,,,,🌐 Fetching: https://api.cryptoquant.com/v1/btc/exchange-flows/netflow?exchange=all_exchange&window=day&limit=1,prj_MtGkw3thPHNkLHmFW6ZZjBU93wxT,,,,,
2025-12-24 18:00:32,1766599232489,cryptosignal-7l4999wfk-hadayalab-projects-projects.vercel.app/api/cron,GET,,200,p5txw-1766599232424-b4d766ae26b0,vercel-cron/1.0,info,production,main,MISS,serverless,/api/cron,cryptosignal-7l4999wfk-hadayalab-projects-projects.vercel.app,cryptosignal-7l4999wfk-hadayalab-projects-projects.vercel.app,dpl_6z4uk7ksfaX6T1fsDhcwizy3kCGP,,,,,🌐 Fetching: https://api.cryptoquant.com/v1/btc/flow-indicator/mpi?window=day&limit=1,prj_MtGkw3thPHNkLHmFW6ZZjBU93wxT,,,,,
2025-12-24 18:00:32,1766599232651,cryptosignal-7l4999wfk-hadayalab-projects-projects.vercel.app/api/cron,GET,,200,p5txw-1766599232424-b4d766ae26b0,vercel-cron/1.0,info,production,main,MISS,serverless,/api/cron,cryptosignal-7l4999wfk-hadayalab-projects-projects.vercel.app,cryptosignal-7l4999wfk-hadayalab-projects-projects.vercel.app,dpl_6z4uk7ksfaX6T1fsDhcwizy3kCGP,,,,,"📊 Exchange Netflow (BTC): -11379.222587299999 raw: {""date"":""2025-12-23"",""netflow_total"":-11379.222587299999}",prj_MtGkw3thPHNkLHmFW6ZZjBU93wxT,,,,,
2025-12-24 18:00:32,1766599232682,cryptosignal-7l4999wfk-hadayalab-projects-projects.vercel.app/api/cron,GET,,200,p5txw-1766599232424-b4d766ae26b0,vercel-cron/1.0,info,production,main,MISS,serverless,/api/cron,cryptosignal-7l4999wfk-hadayalab-projects-projects.vercel.app,cryptosignal-7l4999wfk-hadayalab-projects-projects.vercel.app,dpl_6z4uk7ksfaX6T1fsDhcwizy3kCGP,,,,,"📊 Miner Position Index (BTC): -0.5211564700986901 raw: {""date"":""2025-12-23"",""mpi"":-0.5211564700986901}",prj_MtGkw3thPHNkLHmFW6ZZjBU93wxT,,,,,
2025-12-24 18:00:32,1766599232424,cryptosignal-7l4999wfk-hadayalab-projects-projects.vercel.app/api/cron,GET,,200,p5txw-1766599232424-b4d766ae26b0,vercel-cron/1.0,,production,main,MISS,serverless,/api/cron,cryptosignal-7l4999wfk-hadayalab-projects-projects.vercel.app,cryptosignal-7l4999wfk-hadayalab-projects-projects.vercel.app,dpl_6z4uk7ksfaX6T1fsDhcwizy3kCGP,262,iad1,269,2048,,prj_MtGkw3thPHNkLHmFW6ZZjBU93wxT,,,01KD8RA2YGQFRD75T60VYKSN1M,uZJCmosxEKHC,1
2025-12-24 17:45:32,1766598332151,cryptosignal-7l4999wfk-hadayalab-projects-projects.vercel.app/api/cron,GET,,200,tcns6-1766598332109-281e2be64559,vercel-cron/1.0,info,production,main,MISS,serverless,/api/cron,cryptosignal-7l4999wfk-hadayalab-projects-projects.vercel.app,cryptosignal-7l4999wfk-hadayalab-projects-projects.vercel.app,dpl_6z4uk7ksfaX6T1fsDhcwizy3kCGP,,,,,🚀 Cron Job Started: Whale Monitor,prj_MtGkw3thPHNkLHmFW6ZZjBU93wxT,,,,,
2025-12-24 17:45:32,1766598332151,cryptosignal-7l4999wfk-hadayalab-projects-projects.vercel.app/api/cron,GET,,200,tcns6-1766598332109-281e2be64559,vercel-cron/1.0,info,production,main,MISS,serverless,/api/cron,cryptosignal-7l4999wfk-hadayalab-projects-projects.vercel.app,cryptosignal-7l4999wfk-hadayalab-projects-projects.vercel.app,dpl_6z4uk7ksfaX6T1fsDhcwizy3kCGP,,,,,"Slot check => utcHour=17, utcMinute=45, isRegularSlot=false, force=false",prj_MtGkw3thPHNkLHmFW6ZZjBU93wxT,,,,,
2025-12-24 17:45:32,1766598332151,cryptosignal-7l4999wfk-hadayalab-projects-projects.vercel.app/api/cron,GET,,200,tcns6-1766598332109-281e2be64559,vercel-cron/1.0,info,production,main,MISS,serverless,/api/cron,cryptosignal-7l4999wfk-hadayalab-projects-projects.vercel.app,cryptosignal-7l4999wfk-hadayalab-projects-projects.vercel.app,dpl_6z4uk7ksfaX6T1fsDhcwizy3kCGP,,,,,🌐 Fetching: https://api.cryptoquant.com/v1/btc/exchange-flows/netflow?exchange=all_exchange&window=day&limit=1,prj_MtGkw3thPHNkLHmFW6ZZjBU93wxT,,,,,
2025-12-24 17:45:32,1766598332151,cryptosignal-7l4999wfk-hadayalab-projects-projects.vercel.app/api/cron,GET,,200,tcns6-1766598332109-281e2be64559,vercel-cron/1.0,info,production,main,MISS,serverless,/api/cron,cryptosignal-7l4999wfk-hadayalab-projects-projects.vercel.app,cryptosignal-7l4999wfk-hadayalab-projects-projects.vercel.app,dpl_6z4uk7ksfaX6T1fsDhcwizy3kCGP,,,,,🌐 Fetching: https://api.cryptoquant.com/v1/btc/flow-indicator/mpi?window=day&limit=1,prj_MtGkw3thPHNkLHmFW6ZZjBU93wxT,,,,,
2025-12-24 17:45:32,1766598332350,cryptosignal-7l4999wfk-hadayalab-projects-projects.vercel.app/api/cron,GET,,200,tcns6-1766598332109-281e2be64559,vercel-cron/1.0,info,production,main,MISS,serverless,/api/cron,cryptosignal-7l4999wfk-hadayalab-projects-projects.vercel.app,cryptosignal-7l4999wfk-hadayalab-projects-projects.vercel.app,dpl_6z4uk7ksfaX6T1fsDhcwizy3kCGP,,,,,"📊 Miner Position Index (BTC): -0.5211564700986901 raw: {""date"":""2025-12-23"",""mpi"":-0.5211564700986901}",prj_MtGkw3thPHNkLHmFW6ZZjBU93wxT,,,,,
2025-12-24 17:45:32,1766598332477,cryptosignal-7l4999wfk-hadayalab-projects-projects.vercel.app/api/cron,GET,,200,tcns6-1766598332109-281e2be64559,vercel-cron/1.0,info,production,main,MISS,serverless,/api/cron,cryptosignal-7l4999wfk-hadayalab-projects-projects.vercel.app,cryptosignal-7l4999wfk-hadayalab-projects-projects.vercel.app,dpl_6z4uk7ksfaX6T1fsDhcwizy3kCGP,,,,,"📊 Exchange Netflow (BTC): -11379.222587299999 raw: {""date"":""2025-12-23"",""netflow_total"":-11379.222587299999}",prj_MtGkw3thPHNkLHmFW6ZZjBU93wxT,,,,,
2025-12-24 17:45:32,1766598332109,cryptosignal-7l4999wfk-hadayalab-projects-projects.vercel.app/api/cron,GET,,200,tcns6-1766598332109-281e2be64559,vercel-cron/1.0,,production,main,MISS,serverless,/api/cron,cryptosignal-7l4999wfk-hadayalab-projects-projects.vercel.app,cryptosignal-7l4999wfk-hadayalab-projects-projects.vercel.app,dpl_6z4uk7ksfaX6T1fsDhcwizy3kCGP,393,iad1,268,2048,,prj_MtGkw3thPHNkLHmFW6ZZjBU93wxT,,,01KD8QEKPWMMJ1Z1KPTNPB7DMQ,uZJCmosxEKHC,1
2025-12-24 17:30:32,1766597432389,cryptosignal-7l4999wfk-hadayalab-projects-projects.vercel.app/api/cron,GET,,200,tlnqn-1766597432348-aa6c17bec725,vercel-cron/1.0,info,production,main,MISS,serverless,/api/cron,cryptosignal-7l4999wfk-hadayalab-projects-projects.vercel.app,cryptosignal-7l4999wfk-hadayalab-projects-projects.vercel.app,dpl_6z4uk7ksfaX6T1fsDhcwizy3kCGP,,,,,🚀 Cron Job Started: Whale Monitor,prj_MtGkw3thPHNkLHmFW6ZZjBU93wxT,,,,,
2025-12-24 17:30:32,1766597432389,cryptosignal-7l4999wfk-hadayalab-projects-projects.vercel.app/api/cron,GET,,200,tlnqn-1766597432348-aa6c17bec725,vercel-cron/1.0,info,production,main,MISS,serverless,/api/cron,cryptosignal-7l4999wfk-hadayalab-projects-projects.vercel.app,cryptosignal-7l4999wfk-hadayalab-projects-projects.vercel.app,dpl_6z4uk7ksfaX6T1fsDhcwizy3kCGP,,,,,"Slot check => utcHour=17, utcMinute=30, isRegularSlot=false, force=false",prj_MtGkw3thPHNkLHmFW6ZZjBU93wxT,,,,,
2025-12-24 17:30:32,1766597432389,cryptosignal-7l4999wfk-hadayalab-projects-projects.vercel.app/api/cron,GET,,200,tlnqn-1766597432348-aa6c17bec725,vercel-cron/1.0,info,production,main,MISS,serverless,/api/cron,cryptosignal-7l4999wfk-hadayalab-projects-projects.vercel.app,cryptosignal-7l4999wfk-hadayalab-projects-projects.vercel.app,dpl_6z4uk7ksfaX6T1fsDhcwizy3kCGP,,,,,🌐 Fetching: https://api.cryptoquant.com/v1/btc/exchange-flows/netflow?exchange=all_exchange&window=day&limit=1,prj_MtGkw3thPHNkLHmFW6ZZjBU93wxT,,,,,
2025-12-24 17:30:32,1766597432390,cryptosignal-7l4999wfk-hadayalab-projects-projects.vercel.app/api/cron,GET,,200,tlnqn-1766597432348-aa6c17bec725,vercel-cron/1.0,info,production,main,MISS,serverless,/api/cron,cryptosignal-7l4999wfk-hadayalab-projects-projects.vercel.app,cryptosignal-7l4999wfk-hadayalab-projects-projects.vercel.app,dpl_6z4uk7ksfaX6T1fsDhcwizy3kCGP,,,,,🌐 Fetching: https://api.cryptoquant.com/v1/btc/flow-indicator/mpi?window=day&limit=1,prj_MtGkw3thPHNkLHmFW6ZZjBU93wxT,,,,,
2025-12-24 17:30:32,1766597432565,cryptosignal-7l4999wfk-hadayalab-projects-projects.vercel.app/api/cron,GET,,200,tlnqn-1766597432348-aa6c17bec725,vercel-cron/1.0,info,production,main,MISS,serverless,/api/cron,cryptosignal-7l4999wfk-hadayalab-projects-projects.vercel.app,cryptosignal-7l4999wfk-hadayalab-projects-projects.vercel.app,dpl_6z4uk7ksfaX6T1fsDhcwizy3kCGP,,,,,"📊 Exchange Netflow (BTC): -11379.222587299999 raw: {""date"":""2025-12-23"",""netflow_total"":-11379.222587299999}",prj_MtGkw3thPHNkLHmFW6ZZjBU93wxT,,,,,
2025-12-24 17:30:32,1766597432591,cryptosignal-7l4999wfk-hadayalab-projects-projects.vercel.app/api/cron,GET,,200,tlnqn-1766597432348-aa6c17bec725,vercel-cron/1.0,info,production,main,MISS,serverless,/api/cron,cryptosignal-7l4999wfk-hadayalab-projects-projects.vercel.app,cryptosignal-7l4999wfk-hadayalab-projects-projects.vercel.app,dpl_6z4uk7ksfaX6T1fsDhcwizy3kCGP,,,,,"📊 Miner Position Index (BTC): -0.5211564700986901 raw: {""date"":""2025-12-23"",""mpi"":-0.5211564700986901}",prj_MtGkw3thPHNkLHmFW6ZZjBU93wxT,,,,,
2025-12-24 17:30:32,1766597432348,cryptosignal-7l4999wfk-hadayalab-projects-projects.vercel.app/api/cron,GET,,200,tlnqn-1766597432348-aa6c17bec725,vercel-cron/1.0,,production,main,MISS,serverless,/api/cron,cryptosignal-7l4999wfk-hadayalab-projects-projects.vercel.app,cryptosignal-7l4999wfk-hadayalab-projects-projects.vercel.app,dpl_6z4uk7ksfaX6T1fsDhcwizy3kCGP,294,iad1,268,2048,,prj_MtGkw3thPHNkLHmFW6ZZjBU93wxT,,,01KD8PK51CF6A43PWDWDV9E51F,uZJCmosxEKHC,1
2025-12-24 17:15:32,1766596532276,cryptosignal-7l4999wfk-hadayalab-projects-projects.vercel.app/api/cron,GET,,200,qvftg-1766596532216-77277928ff84,vercel-cron/1.0,info,production,main,MISS,serverless,/api/cron,cryptosignal-7l4999wfk-hadayalab-projects-projects.vercel.app,cryptosignal-7l4999wfk-hadayalab-projects-projects.vercel.app,dpl_6z4uk7ksfaX6T1fsDhcwizy3kCGP,,,,,🚀 Cron Job Started: Whale Monitor,prj_MtGkw3thPHNkLHmFW6ZZjBU93wxT,,,,,
2025-12-24 17:15:32,1766596532276,cryptosignal-7l4999wfk-hadayalab-projects-projects.vercel.app/api/cron,GET,,200,qvftg-1766596532216-77277928ff84,vercel-cron/1.0,info,production,main,MISS,serverless,/api/cron,cryptosignal-7l4999wfk-hadayalab-projects-projects.vercel.app,cryptosignal-7l4999wfk-hadayalab-projects-projects.vercel.app,dpl_6z4uk7ksfaX6T1fsDhcwizy3kCGP,,,,,"Slot check => utcHour=17, utcMinute=15, isRegularSlot=false, force=false",prj_MtGkw3thPHNkLHmFW6ZZjBU93wxT,,,,,
2025-12-24 17:15:32,1766596532276,cryptosignal-7l4999wfk-hadayalab-projects-projects.vercel.app/api/cron,GET,,200,qvftg-1766596532216-77277928ff84,vercel-cron/1.0,info,production,main,MISS,serverless,/api/cron,cryptosignal-7l4999wfk-hadayalab-projects-projects.vercel.app,cryptosignal-7l4999wfk-hadayalab-projects-projects.vercel.app,dpl_6z4uk7ksfaX6T1fsDhcwizy3kCGP,,,,,🌐 Fetching: https://api.cryptoquant.com/v1/btc/exchange-flows/netflow?exchange=all_exchange&window=day&limit=1,prj_MtGkw3thPHNkLHmFW6ZZjBU93wxT,,,,,
2025-12-24 17:15:32,1766596532276,cryptosignal-7l4999wfk-hadayalab-projects-projects.vercel.app/api/cron,GET,,200,qvftg-1766596532216-77277928ff84,vercel-cron/1.0,info,production,main,MISS,serverless,/api/cron,cryptosignal-7l4999wfk-hadayalab-projects-projects.vercel.app,cryptosignal-7l4999wfk-hadayalab-projects-projects.vercel.app,dpl_6z4uk7ksfaX6T1fsDhcwizy3kCGP,,,,,🌐 Fetching: https://api.cryptoquant.com/v1/btc/flow-indicator/mpi?window=day&limit=1,prj_MtGkw3thPHNkLHmFW6ZZjBU93wxT,,,,,
2025-12-24 17:15:32,1766596532458,cryptosignal-7l4999wfk-hadayalab-projects-projects.vercel.app/api/cron,GET,,200,qvftg-1766596532216-77277928ff84,vercel-cron/1.0,info,production,main,MISS,serverless,/api/cron,cryptosignal-7l4999wfk-hadayalab-projects-projects.vercel.app,cryptosignal-7l4999wfk-hadayalab-projects-projects.vercel.app,dpl_6z4uk7ksfaX6T1fsDhcwizy3kCGP,,,,,"📊 Exchange Netflow (BTC): -11379.222587299999 raw: {""date"":""2025-12-23"",""netflow_total"":-11379.222587299999}",prj_MtGkw3thPHNkLHmFW6ZZjBU93wxT,,,,,
2025-12-24 17:15:32,1766596532488,cryptosignal-7l4999wfk-hadayalab-projects-projects.vercel.app/api/cron,GET,,200,qvftg-1766596532216-77277928ff84,vercel-cron/1.0,info,production,main,MISS,serverless,/api/cron,cryptosignal-7l4999wfk-hadayalab-projects-projects.vercel.app,cryptosignal-7l4999wfk-hadayalab-projects-projects.vercel.app,dpl_6z4uk7ksfaX6T1fsDhcwizy3kCGP,,,,,"📊 Miner Position Index (BTC): -0.5211564700986901 raw: {""date"":""2025-12-23"",""mpi"":-0.5211564700986901}",prj_MtGkw3thPHNkLHmFW6ZZjBU93wxT,,,,,
2025-12-24 17:15:32,1766596532216,cryptosignal-7l4999wfk-hadayalab-projects-projects.vercel.app/api/cron,GET,,200,qvftg-1766596532216-77277928ff84,vercel-cron/1.0,,production,main,MISS,serverless,/api/cron,cryptosignal-7l4999wfk-hadayalab-projects-projects.vercel.app,cryptosignal-7l4999wfk-hadayalab-projects-projects.vercel.app,dpl_6z4uk7ksfaX6T1fsDhcwizy3kCGP,277,iad1,268,2048,,prj_MtGkw3thPHNkLHmFW6ZZjBU93wxT,,,01KD8NQP0V2N5B7FKABCSMCPFN,uZJCmosxEKHC,1
2025-12-24 17:00:32,1766595632235,cryptosignal-7l4999wfk-hadayalab-projects-projects.vercel.app/api/cron,GET,,200,9vb6b-1766595632187-99dea99e4da5,vercel-cron/1.0,info,production,main,MISS,serverless,/api/cron,cryptosignal-7l4999wfk-hadayalab-projects-projects.vercel.app,cryptosignal-7l4999wfk-hadayalab-projects-projects.vercel.app,dpl_6z4uk7ksfaX6T1fsDhcwizy3kCGP,,,,,🚀 Cron Job Started: Whale Monitor,prj_MtGkw3thPHNkLHmFW6ZZjBU93wxT,,,,,
2025-12-24 17:00:32,1766595632235,cryptosignal-7l4999wfk-hadayalab-projects-projects.vercel.app/api/cron,GET,,200,9vb6b-1766595632187-99dea99e4da5,vercel-cron/1.0,info,production,main,MISS,serverless,/api/cron,cryptosignal-7l4999wfk-hadayalab-projects-projects.vercel.app,cryptosignal-7l4999wfk-hadayalab-projects-projects.vercel.app,dpl_6z4uk7ksfaX6T1fsDhcwizy3kCGP,,,,,"Slot check => utcHour=17, utcMinute=0, isRegularSlot=false, force=false",prj_MtGkw3thPHNkLHmFW6ZZjBU93wxT,,,,,
2025-12-24 17:00:32,1766595632242,cryptosignal-7l4999wfk-hadayalab-projects-projects.vercel.app/api/cron,GET,,200,9vb6b-1766595632187-99dea99e4da5,vercel-cron/1.0,info,production,main,MISS,serverless,/api/cron,cryptosignal-7l4999wfk-hadayalab-projects-projects.vercel.app,cryptosignal-7l4999wfk-hadayalab-projects-projects.vercel.app,dpl_6z4uk7ksfaX6T1fsDhcwizy3kCGP,,,,,🌐 Fetching: https://api.cryptoquant.com/v1/btc/exchange-flows/netflow?exchange=all_exchange&window=day&limit=1,prj_MtGkw3thPHNkLHmFW6ZZjBU93wxT,,,,,
2025-12-24 17:00:32,1766595632243,cryptosignal-7l4999wfk-hadayalab-projects-projects.vercel.app/api/cron,GET,,200,9vb6b-1766595632187-99dea99e4da5,vercel-cron/1.0,info,production,main,MISS,serverless,/api/cron,cryptosignal-7l4999wfk-hadayalab-projects-projects.vercel.app,cryptosignal-7l4999wfk-hadayalab-projects-projects.vercel.app,dpl_6z4uk7ksfaX6T1fsDhcwizy3kCGP,,,,,🌐 Fetching: https://api.cryptoquant.com/v1/btc/flow-indicator/mpi?window=day&limit=1,prj_MtGkw3thPHNkLHmFW6ZZjBU93wxT,,,,,
2025-12-24 17:00:32,1766595632423,cryptosignal-7l4999wfk-hadayalab-projects-projects.vercel.app/api/cron,GET,,200,9vb6b-1766595632187-99dea99e4da5,vercel-cron/1.0,info,production,main,MISS,serverless,/api/cron,cryptosignal-7l4999wfk-hadayalab-projects-projects.vercel.app,cryptosignal-7l4999wfk-hadayalab-projects-projects.vercel.app,dpl_6z4uk7ksfaX6T1fsDhcwizy3kCGP,,,,,"📊 Exchange Netflow (BTC): -11379.222587299999 raw: {""date"":""2025-12-23"",""netflow_total"":-11379.222587299999}",prj_MtGkw3thPHNkLHmFW6ZZjBU93wxT,,,,,
2025-12-24 17:00:32,1766595632455,cryptosignal-7l4999wfk-hadayalab-projects-projects.vercel.app/api/cron,GET,,200,9vb6b-1766595632187-99dea99e4da5,vercel-cron/1.0,info,production,main,MISS,serverless,/api/cron,cryptosignal-7l4999wfk-hadayalab-projects-projects.vercel.app,cryptosignal-7l4999wfk-hadayalab-projects-projects.vercel.app,dpl_6z4uk7ksfaX6T1fsDhcwizy3kCGP,,,,,"📊 Miner Position Index (BTC): -0.5211564700986901 raw: {""date"":""2025-12-23"",""mpi"":-0.5211564700986901}",prj_MtGkw3thPHNkLHmFW6ZZjBU93wxT,,,,,
2025-12-24 17:00:32,1766595632187,cryptosignal-7l4999wfk-hadayalab-projects-projects.vercel.app/api/cron,GET,,200,9vb6b-1766595632187-99dea99e4da5,vercel-cron/1.0,,production,main,MISS,serverless,/api/cron,cryptosignal-7l4999wfk-hadayalab-projects-projects.vercel.app,cryptosignal-7l4999wfk-hadayalab-projects-projects.vercel.app,dpl_6z4uk7ksfaX6T1fsDhcwizy3kCGP,315,iad1,268,2048,,prj_MtGkw3thPHNkLHmFW6ZZjBU93wxT,,,01KD8MW72DPC25KREW651YZMV7,uZJCmosxEKHC,1
2025-12-24 16:45:32,1766594732212,cryptosignal-7l4999wfk-hadayalab-projects-projects.vercel.app/api/cron,GET,,200,jh85w-1766594732161-0e5015ee559a,vercel-cron/1.0,info,production,main,MISS,serverless,/api/cron,cryptosignal-7l4999wfk-hadayalab-projects-projects.vercel.app,cryptosignal-7l4999wfk-hadayalab-projects-projects.vercel.app,dpl_6z4uk7ksfaX6T1fsDhcwizy3kCGP,,,,,🚀 Cron Job Started: Whale Monitor,prj_MtGkw3thPHNkLHmFW6ZZjBU93wxT,,,,,
2025-12-24 16:45:32,1766594732212,cryptosignal-7l4999wfk-hadayalab-projects-projects.vercel.app/api/cron,GET,,200,jh85w-1766594732161-0e5015ee559a,vercel-cron/1.0,info,production,main,MISS,serverless,/api/cron,cryptosignal-7l4999wfk-hadayalab-projects-projects.vercel.app,cryptosignal-7l4999wfk-hadayalab-projects-projects.vercel.app,dpl_6z4uk7ksfaX6T1fsDhcwizy3kCGP,,,,,"Slot check => utcHour=16, utcMinute=45, isRegularSlot=false, force=false",prj_MtGkw3thPHNkLHmFW6ZZjBU93wxT,,,,,
2025-12-24 16:45:32,1766594732212,cryptosignal-7l4999wfk-hadayalab-projects-projects.vercel.app/api/cron,GET,,200,jh85w-1766594732161-0e5015ee559a,vercel-cron/1.0,info,production,main,MISS,serverless,/api/cron,cryptosignal-7l4999wfk-hadayalab-projects-projects.vercel.app,cryptosignal-7l4999wfk-hadayalab-projects-projects.vercel.app,dpl_6z4uk7ksfaX6T1fsDhcwizy3kCGP,,,,,🌐 Fetching: https://api.cryptoquant.com/v1/btc/exchange-flows/netflow?exchange=all_exchange&window=day&limit=1,prj_MtGkw3thPHNkLHmFW6ZZjBU93wxT,,,,,
2025-12-24 16:45:32,1766594732214,cryptosignal-7l4999wfk-hadayalab-projects-projects.vercel.app/api/cron,GET,,200,jh85w-1766594732161-0e5015ee559a,vercel-cron/1.0,info,production,main,MISS,serverless,/api/cron,cryptosignal-7l4999wfk-hadayalab-projects-projects.vercel.app,cryptosignal-7l4999wfk-hadayalab-projects-projects.vercel.app,dpl_6z4uk7ksfaX6T1fsDhcwizy3kCGP,,,,,🌐 Fetching: https://api.cryptoquant.com/v1/btc/flow-indicator/mpi?window=day&limit=1,prj_MtGkw3thPHNkLHmFW6ZZjBU93wxT,,,,,
2025-12-24 16:45:32,1766594732374,cryptosignal-7l4999wfk-hadayalab-projects-projects.vercel.app/api/cron,GET,,200,jh85w-1766594732161-0e5015ee559a,vercel-cron/1.0,info,production,main,MISS,serverless,/api/cron,cryptosignal-7l4999wfk-hadayalab-projects-projects.vercel.app,cryptosignal-7l4999wfk-hadayalab-projects-projects.vercel.app,dpl_6z4uk7ksfaX6T1fsDhcwizy3kCGP,,,,,"📊 Exchange Netflow (BTC): -11379.222587299999 raw: {""date"":""2025-12-23"",""netflow_total"":-11379.222587299999}",prj_MtGkw3thPHNkLHmFW6ZZjBU93wxT,,,,,
2025-12-24 16:45:32,1766594732390,cryptosignal-7l4999wfk-hadayalab-projects-projects.vercel.app/api/cron,GET,,200,jh85w-1766594732161-0e5015ee559a,vercel-cron/1.0,info,production,main,MISS,serverless,/api/cron,cryptosignal-7l4999wfk-hadayalab-projects-projects.vercel.app,cryptosignal-7l4999wfk-hadayalab-projects-projects.vercel.app,dpl_6z4uk7ksfaX6T1fsDhcwizy3kCGP,,,,,"📊 Miner Position Index (BTC): -0.5211564700986901 raw: {""date"":""2025-12-23"",""mpi"":-0.5211564700986901}",prj_MtGkw3thPHNkLHmFW6ZZjBU93wxT,,,,,
2025-12-24 16:45:32,1766594732161,cryptosignal-7l4999wfk-hadayalab-projects-projects.vercel.app/api/cron,GET,,200,jh85w-1766594732161-0e5015ee559a,vercel-cron/1.0,,production,main,MISS,serverless,/api/cron,cryptosignal-7l4999wfk-hadayalab-projects-projects.vercel.app,cryptosignal-7l4999wfk-hadayalab-projects-projects.vercel.app,dpl_6z4uk7ksfaX6T1fsDhcwizy3kCGP,253,iad1,265,2048,,prj_MtGkw3thPHNkLHmFW6ZZjBU93wxT,,,01KD8M0R4JJ3KYB475DTKJV5CK,uZJCmosxEKHC,1
2025-12-24 16:30:33,1766593833169,cryptosignal-7l4999wfk-hadayalab-projects-projects.vercel.app/api/cron,GET,,200,c6455-1766593832503-500e536eb3f5,vercel-cron/1.0,info,production,main,MISS,serverless,/api/cron,cryptosignal-7l4999wfk-hadayalab-projects-projects.vercel.app,cryptosignal-7l4999wfk-hadayalab-projects-projects.vercel.app,dpl_6z4uk7ksfaX6T1fsDhcwizy3kCGP,,,,,🚀 Cron Job Started: Whale Monitor,prj_MtGkw3thPHNkLHmFW6ZZjBU93wxT,,,,,
2025-12-24 16:30:33,1766593833169,cryptosignal-7l4999wfk-hadayalab-projects-projects.vercel.app/api/cron,GET,,200,c6455-1766593832503-500e536eb3f5,vercel-cron/1.0,info,production,main,MISS,serverless,/api/cron,cryptosignal-7l4999wfk-hadayalab-projects-projects.vercel.app,cryptosignal-7l4999wfk-hadayalab-projects-projects.vercel.app,dpl_6z4uk7ksfaX6T1fsDhcwizy3kCGP,,,,,"Slot check => utcHour=16, utcMinute=30, isRegularSlot=false, force=false",prj_MtGkw3thPHNkLHmFW6ZZjBU93wxT,,,,,
2025-12-24 16:30:33,1766593833170,cryptosignal-7l4999wfk-hadayalab-projects-projects.vercel.app/api/cron,GET,,200,c6455-1766593832503-500e536eb3f5,vercel-cron/1.0,info,production,main,MISS,serverless,/api/cron,cryptosignal-7l4999wfk-hadayalab-projects-projects.vercel.app,cryptosignal-7l4999wfk-hadayalab-projects-projects.vercel.app,dpl_6z4uk7ksfaX6T1fsDhcwizy3kCGP,,,,,🌐 Fetching: https://api.cryptoquant.com/v1/btc/exchange-flows/netflow?exchange=all_exchange&window=day&limit=1,prj_MtGkw3thPHNkLHmFW6ZZjBU93wxT,,,,,
2025-12-24 16:30:33,1766593833257,cryptosignal-7l4999wfk-hadayalab-projects-projects.vercel.app/api/cron,GET,,200,c6455-1766593832503-500e536eb3f5,vercel-cron/1.0,info,production,main,MISS,serverless,/api/cron,cryptosignal-7l4999wfk-hadayalab-projects-projects.vercel.app,cryptosignal-7l4999wfk-hadayalab-projects-projects.vercel.app,dpl_6z4uk7ksfaX6T1fsDhcwizy3kCGP,,,,,🌐 Fetching: https://api.cryptoquant.com/v1/btc/flow-indicator/mpi?window=day&limit=1,prj_MtGkw3thPHNkLHmFW6ZZjBU93wxT,,,,,
2025-12-24 16:30:33,1766593833259,cryptosignal-7l4999wfk-hadayalab-projects-projects.vercel.app/api/cron,GET,,200,c6455-1766593832503-500e536eb3f5,vercel-cron/1.0,error,production,main,MISS,serverless,/api/cron,cryptosignal-7l4999wfk-hadayalab-projects-projects.vercel.app,cryptosignal-7l4999wfk-hadayalab-projects-projects.vercel.app,dpl_6z4uk7ksfaX6T1fsDhcwizy3kCGP,,,,,"(node:4) [DEP0169] DeprecationWarning: `url.parse()` behavior is not standardized and prone to errors that have security implications. Use the WHATWG URL API instead. CVEs are not issued for `url.parse()` vulnerabilities.
(Use `node --trace-deprecation ...` to show where the warning was created)",prj_MtGkw3thPHNkLHmFW6ZZjBU93wxT,,,,,
2025-12-24 16:30:33,1766593833467,cryptosignal-7l4999wfk-hadayalab-projects-projects.vercel.app/api/cron,GET,,200,c6455-1766593832503-500e536eb3f5,vercel-cron/1.0,info,production,main,MISS,serverless,/api/cron,cryptosignal-7l4999wfk-hadayalab-projects-projects.vercel.app,cryptosignal-7l4999wfk-hadayalab-projects-projects.vercel.app,dpl_6z4uk7ksfaX6T1fsDhcwizy3kCGP,,,,,"📊 Exchange Netflow (BTC): -11379.222587299999 raw: {""date"":""2025-12-23"",""netflow_total"":-11379.222587299999}",prj_MtGkw3thPHNkLHmFW6ZZjBU93wxT,,,,,
2025-12-24 16:30:33,1766593833509,cryptosignal-7l4999wfk-hadayalab-projects-projects.vercel.app/api/cron,GET,,200,c6455-1766593832503-500e536eb3f5,vercel-cron/1.0,info,production,main,MISS,serverless,/api/cron,cryptosignal-7l4999wfk-hadayalab-projects-projects.vercel.app,cryptosignal-7l4999wfk-hadayalab-projects-projects.vercel.app,dpl_6z4uk7ksfaX6T1fsDhcwizy3kCGP,,,,,"📊 Miner Position Index (BTC): -0.5211564700986901 raw: {""date"":""2025-12-23"",""mpi"":-0.5211564700986901}",prj_MtGkw3thPHNkLHmFW6ZZjBU93wxT,,,,,
2025-12-24 16:30:32,1766593832503,cryptosignal-7l4999wfk-hadayalab-projects-projects.vercel.app/api/cron,GET,,200,c6455-1766593832503-500e536eb3f5,vercel-cron/1.0,,production,main,MISS,serverless,/api/cron,cryptosignal-7l4999wfk-hadayalab-projects-projects.vercel.app,cryptosignal-7l4999wfk-hadayalab-projects-projects.vercel.app,dpl_6z4uk7ksfaX6T1fsDhcwizy3kCGP,759,iad1,259,2048,,prj_MtGkw3thPHNkLHmFW6ZZjBU93wxT,,,01KD8K59JN3DA1F3ZGBF4HA6ZZ,uZJCmosxEKHC,1
2025-12-24 16:15:32,1766592932154,cryptosignal-7l4999wfk-hadayalab-projects-projects.vercel.app/api/cron,GET,,200,gv5lw-1766592932113-6d3e021b3bcd,vercel-cron/1.0,info,production,main,MISS,serverless,/api/cron,cryptosignal-7l4999wfk-hadayalab-projects-projects.vercel.app,cryptosignal-7l4999wfk-hadayalab-projects-projects.vercel.app,dpl_6z4uk7ksfaX6T1fsDhcwizy3kCGP,,,,,🚀 Cron Job Started: Whale Monitor,prj_MtGkw3thPHNkLHmFW6ZZjBU93wxT,,,,,
2025-12-24 16:15:32,1766592932154,cryptosignal-7l4999wfk-hadayalab-projects-projects.vercel.app/api/cron,GET,,200,gv5lw-1766592932113-6d3e021b3bcd,vercel-cron/1.0,info,production,main,MISS,serverless,/api/cron,cryptosignal-7l4999wfk-hadayalab-projects-projects.vercel.app,cryptosignal-7l4999wfk-hadayalab-projects-projects.vercel.app,dpl_6z4uk7ksfaX6T1fsDhcwizy3kCGP,,,,,"Slot check => utcHour=16, utcMinute=15, isRegularSlot=false, force=false",prj_MtGkw3thPHNkLHmFW6ZZjBU93wxT,,,,,
2025-12-24 16:15:32,1766592932154,cryptosignal-7l4999wfk-hadayalab-projects-projects.vercel.app/api/cron,GET,,200,gv5lw-1766592932113-6d3e021b3bcd,vercel-cron/1.0,info,production,main,MISS,serverless,/api/cron,cryptosignal-7l4999wfk-hadayalab-projects-projects.vercel.app,cryptosignal-7l4999wfk-hadayalab-projects-projects.vercel.app,dpl_6z4uk7ksfaX6T1fsDhcwizy3kCGP,,,,,🌐 Fetching: https://api.cryptoquant.com/v1/btc/exchange-flows/netflow?exchange=all_exchange&window=day&limit=1,prj_MtGkw3thPHNkLHmFW6ZZjBU93wxT,,,,,
2025-12-24 16:15:32,1766592932155,cryptosignal-7l4999wfk-hadayalab-projects-projects.vercel.app/api/cron,GET,,200,gv5lw-1766592932113-6d3e021b3bcd,vercel-cron/1.0,info,production,main,MISS,serverless,/api/cron,cryptosignal-7l4999wfk-hadayalab-projects-projects.vercel.app,cryptosignal-7l4999wfk-hadayalab-projects-projects.vercel.app,dpl_6z4uk7ksfaX6T1fsDhcwizy3kCGP,,,,,🌐 Fetching: https://api.cryptoquant.com/v1/btc/flow-indicator/mpi?window=day&limit=1,prj_MtGkw3thPHNkLHmFW6ZZjBU93wxT,,,,,
2025-12-24 16:15:32,1766592932372,cryptosignal-7l4999wfk-hadayalab-projects-projects.vercel.app/api/cron,GET,,200,gv5lw-1766592932113-6d3e021b3bcd,vercel-cron/1.0,info,production,main,MISS,serverless,/api/cron,cryptosignal-7l4999wfk-hadayalab-projects-projects.vercel.app,cryptosignal-7l4999wfk-hadayalab-projects-projects.vercel.app,dpl_6z4uk7ksfaX6T1fsDhcwizy3kCGP,,,,,"📊 Miner Position Index (BTC): -0.5211564700986901 raw: {""date"":""2025-12-23"",""mpi"":-0.5211564700986901}",prj_MtGkw3thPHNkLHmFW6ZZjBU93wxT,,,,,
2025-12-24 16:15:32,1766592932523,cryptosignal-7l4999wfk-hadayalab-projects-projects.vercel.app/api/cron,GET,,200,gv5lw-1766592932113-6d3e021b3bcd,vercel-cron/1.0,info,production,main,MISS,serverless,/api/cron,cryptosignal-7l4999wfk-hadayalab-projects-projects.vercel.app,cryptosignal-7l4999wfk-hadayalab-projects-projects.vercel.app,dpl_6z4uk7ksfaX6T1fsDhcwizy3kCGP,,,,,"📊 Exchange Netflow (BTC): -11379.222587299999 raw: {""date"":""2025-12-23"",""netflow_total"":-11379.222587299999}",prj_MtGkw3thPHNkLHmFW6ZZjBU93wxT,,,,,
2025-12-24 16:15:32,1766592932113,cryptosignal-7l4999wfk-hadayalab-projects-projects.vercel.app/api/cron,GET,,200,gv5lw-1766592932113-6d3e021b3bcd,vercel-cron/1.0,,production,main,MISS,serverless,/api/cron,cryptosignal-7l4999wfk-hadayalab-projects-projects.vercel.app,cryptosignal-7l4999wfk-hadayalab-projects-projects.vercel.app,dpl_6z4uk7ksfaX6T1fsDhcwizy3kCGP,462,iad1,271,2048,,prj_MtGkw3thPHNkLHmFW6ZZjBU93wxT,,,01KD8J9T90FQGNHFFA5CHCQKZX,7vD211eF0o51,1
2025-12-24 16:01:08,1766592068500,cryptosignal-7l4999wfk-hadayalab-projects-projects.vercel.app/api/cron,GET,,200,84w7t-1766592032123-b9526b730d5d,vercel-cron/1.0,info,production,main,MISS,serverless,/api/cron,cryptosignal-7l4999wfk-hadayalab-projects-projects.vercel.app,cryptosignal-7l4999wfk-hadayalab-projects-projects.vercel.app,dpl_6z4uk7ksfaX6T1fsDhcwizy3kCGP,,,,,Sending REGULAR message...,prj_MtGkw3thPHNkLHmFW6ZZjBU93wxT,,,,,
2025-12-24 16:01:08,1766592068500,cryptosignal-7l4999wfk-hadayalab-projects-projects.vercel.app/api/cron,GET,,200,84w7t-1766592032123-b9526b730d5d,vercel-cron/1.0,info,production,main,MISS,serverless,/api/cron,cryptosignal-7l4999wfk-hadayalab-projects-projects.vercel.app,cryptosignal-7l4999wfk-hadayalab-projects-projects.vercel.app,dpl_6z4uk7ksfaX6T1fsDhcwizy3kCGP,,,,,🌐 Fetching: https://api.cryptoquant.com/v1/btc/exchange-flows/netflow?exchange=all_exchange&window=day&limit=1,prj_MtGkw3thPHNkLHmFW6ZZjBU93wxT,,,,,
2025-12-24 16:01:08,1766592068503,cryptosignal-7l4999wfk-hadayalab-projects-projects.vercel.app/api/cron,GET,,200,84w7t-1766592032123-b9526b730d5d,vercel-cron/1.0,info,production,main,MISS,serverless,/api/cron,cryptosignal-7l4999wfk-hadayalab-projects-projects.vercel.app,cryptosignal-7l4999wfk-hadayalab-projects-projects.vercel.app,dpl_6z4uk7ksfaX6T1fsDhcwizy3kCGP,,,,,🌐 Fetching: https://api.cryptoquant.com/v1/btc/flow-indicator/mpi?window=day&limit=1,prj_MtGkw3thPHNkLHmFW6ZZjBU93wxT,,,,,
2025-12-24 16:01:08,1766592068698,cryptosignal-7l4999wfk-hadayalab-projects-projects.vercel.app/api/cron,GET,,200,84w7t-1766592032123-b9526b730d5d,vercel-cron/1.0,info,production,main,MISS,serverless,/api/cron,cryptosignal-7l4999wfk-hadayalab-projects-projects.vercel.app,cryptosignal-7l4999wfk-hadayalab-projects-projects.vercel.app,dpl_6z4uk7ksfaX6T1fsDhcwizy3kCGP,,,,,"📊 Exchange Netflow (BTC): -11379.222587299999 raw: {""date"":""2025-12-23"",""netflow_total"":-11379.222587299999}",prj_MtGkw3thPHNkLHmFW6ZZjBU93wxT,,,,,
2025-12-24 16:01:08,1766592068701,cryptosignal-7l4999wfk-hadayalab-projects-projects.vercel.app/api/cron,GET,,200,84w7t-1766592032123-b9526b730d5d,vercel-cron/1.0,info,production,main,MISS,serverless,/api/cron,cryptosignal-7l4999wfk-hadayalab-projects-projects.vercel.app,cryptosignal-7l4999wfk-hadayalab-projects-projects.vercel.app,dpl_6z4uk7ksfaX6T1fsDhcwizy3kCGP,,,,,"📊 Miner Position Index (BTC): -0.5211564700986901 raw: {""date"":""2025-12-23"",""mpi"":-0.5211564700986901}",prj_MtGkw3thPHNkLHmFW6ZZjBU93wxT,,,,,
2025-12-24 16:01:08,1766592068701,cryptosignal-7l4999wfk-hadayalab-projects-projects.vercel.app/api/cron,GET,,200,84w7t-1766592032123-b9526b730d5d,vercel-cron/1.0,info,production,main,MISS,serverless,/api/cron,cryptosignal-7l4999wfk-hadayalab-projects-projects.vercel.app,cryptosignal-7l4999wfk-hadayalab-projects-projects.vercel.app,dpl_6z4uk7ksfaX6T1fsDhcwizy3kCGP,,,,,🌐 Fetching: https://api.cryptoquant.com/v1/btc/exchange-flows/inflow-sum?size=large&window=day&limit=1,prj_MtGkw3thPHNkLHmFW6ZZjBU93wxT,,,,,
2025-12-24 16:01:08,1766592068702,cryptosignal-7l4999wfk-hadayalab-projects-projects.vercel.app/api/cron,GET,,200,84w7t-1766592032123-b9526b730d5d,vercel-cron/1.0,info,production,main,MISS,serverless,/api/cron,cryptosignal-7l4999wfk-hadayalab-projects-projects.vercel.app,cryptosignal-7l4999wfk-hadayalab-projects-projects.vercel.app,dpl_6z4uk7ksfaX6T1fsDhcwizy3kCGP,,,,,🌐 Fetching: https://api.cryptoquant.com/v1/btc/derivatives/liquidations-24h?limit=1,prj_MtGkw3thPHNkLHmFW6ZZjBU93wxT,,,,,
2025-12-24 16:01:08,1766592068801,cryptosignal-7l4999wfk-hadayalab-projects-projects.vercel.app/api/cron,GET,,200,84w7t-1766592032123-b9526b730d5d,vercel-cron/1.0,error,production,main,MISS,serverless,/api/cron,cryptosignal-7l4999wfk-hadayalab-projects-projects.vercel.app,cryptosignal-7l4999wfk-hadayalab-projects-projects.vercel.app,dpl_6z4uk7ksfaX6T1fsDhcwizy3kCGP,,,,,❌ CryptoQuant Request Failed: API Error: 404 Not Found,prj_MtGkw3thPHNkLHmFW6ZZjBU93wxT,,,,,
2025-12-24 16:01:08,1766592068801,cryptosignal-7l4999wfk-hadayalab-projects-projects.vercel.app/api/cron,GET,,200,84w7t-1766592032123-b9526b730d5d,vercel-cron/1.0,warning,production,main,MISS,serverless,/api/cron,cryptosignal-7l4999wfk-hadayalab-projects-projects.vercel.app,cryptosignal-7l4999wfk-hadayalab-projects-projects.vercel.app,dpl_6z4uk7ksfaX6T1fsDhcwizy3kCGP,,,,,[deepMetrics] Error fetching liquidations: API Error: 404 Not Found,prj_MtGkw3thPHNkLHmFW6ZZjBU93wxT,,,,,
2025-12-24 16:01:08,1766592068826,cryptosignal-7l4999wfk-hadayalab-projects-projects.vercel.app/api/cron,GET,,200,84w7t-1766592032123-b9526b730d5d,vercel-cron/1.0,error,production,main,MISS,serverless,/api/cron,cryptosignal-7l4999wfk-hadayalab-projects-projects.vercel.app,cryptosignal-7l4999wfk-hadayalab-projects-projects.vercel.app,dpl_6z4uk7ksfaX6T1fsDhcwizy3kCGP,,,,,❌ CryptoQuant Request Failed: API Error: 404 Not Found,prj_MtGkw3thPHNkLHmFW6ZZjBU93wxT,,,,,
2025-12-24 16:01:08,1766592068826,cryptosignal-7l4999wfk-hadayalab-projects-projects.vercel.app/api/cron,GET,,200,84w7t-1766592032123-b9526b730d5d,vercel-cron/1.0,warning,production,main,MISS,serverless,/api/cron,cryptosignal-7l4999wfk-hadayalab-projects-projects.vercel.app,cryptosignal-7l4999wfk-hadayalab-projects-projects.vercel.app,dpl_6z4uk7ksfaX6T1fsDhcwizy3kCGP,,,,,[deepMetrics] Error fetching whale flows: API Error: 404 Not Found,prj_MtGkw3thPHNkLHmFW6ZZjBU93wxT,,,,,
2025-12-24 16:01:08,1766592068844,cryptosignal-7l4999wfk-hadayalab-projects-projects.vercel.app/api/cron,GET,,200,84w7t-1766592032123-b9526b730d5d,vercel-cron/1.0,error,production,main,MISS,serverless,/api/cron,cryptosignal-7l4999wfk-hadayalab-projects-projects.vercel.app,cryptosignal-7l4999wfk-hadayalab-projects-projects.vercel.app,dpl_6z4uk7ksfaX6T1fsDhcwizy3kCGP,,,,,[binance] Error fetching open interest for BTCUSDT: Binance Futures API error: 451,prj_MtGkw3thPHNkLHmFW6ZZjBU93wxT,,,,,
2025-12-24 16:01:08,1766592068845,cryptosignal-7l4999wfk-hadayalab-projects-projects.vercel.app/api/cron,GET,,200,84w7t-1766592032123-b9526b730d5d,vercel-cron/1.0,error,production,main,MISS,serverless,/api/cron,cryptosignal-7l4999wfk-hadayalab-projects-projects.vercel.app,cryptosignal-7l4999wfk-hadayalab-projects-projects.vercel.app,dpl_6z4uk7ksfaX6T1fsDhcwizy3kCGP,,,,,[binance] Error fetching funding rate for BTCUSDT: Binance Futures API error: 451,prj_MtGkw3thPHNkLHmFW6ZZjBU93wxT,,,,,
2025-12-24 16:01:08,1766592068845,cryptosignal-7l4999wfk-hadayalab-projects-projects.vercel.app/api/cron,GET,,200,84w7t-1766592032123-b9526b730d5d,vercel-cron/1.0,error,production,main,MISS,serverless,/api/cron,cryptosignal-7l4999wfk-hadayalab-projects-projects.vercel.app,cryptosignal-7l4999wfk-hadayalab-projects-projects.vercel.app,dpl_6z4uk7ksfaX6T1fsDhcwizy3kCGP,,,,,[binance] Error fetching long/short ratio for BTCUSDT: Binance Futures API error: 451,prj_MtGkw3thPHNkLHmFW6ZZjBU93wxT,,,,,
2025-12-24 16:01:08,1766592068846,cryptosignal-7l4999wfk-hadayalab-projects-projects.vercel.app/api/cron,GET,,200,84w7t-1766592032123-b9526b730d5d,vercel-cron/1.0,error,production,main,MISS,serverless,/api/cron,cryptosignal-7l4999wfk-hadayalab-projects-projects.vercel.app,cryptosignal-7l4999wfk-hadayalab-projects-projects.vercel.app,dpl_6z4uk7ksfaX6T1fsDhcwizy3kCGP,,,,,[binance] Error fetching 24h ticker for BTCUSDT: Binance Futures API error: 451,prj_MtGkw3thPHNkLHmFW6ZZjBU93wxT,,,,,
2025-12-24 16:01:08,1766592068849,cryptosignal-7l4999wfk-hadayalab-projects-projects.vercel.app/api/cron,GET,,200,84w7t-1766592032123-b9526b730d5d,vercel-cron/1.0,error,production,main,MISS,serverless,/api/cron,cryptosignal-7l4999wfk-hadayalab-projects-projects.vercel.app,cryptosignal-7l4999wfk-hadayalab-projects-projects.vercel.app,dpl_6z4uk7ksfaX6T1fsDhcwizy3kCGP,,,,,"[deepMetrics] Error fetching deep metrics for EN: ReferenceError: binanceData is not defined
    at getCQDeepMetrics (/var/task/services/cryptoquant/deepMetrics.js:358:27)
    at process.processTicksAndRejections (node:internal/process/task_queues:105:5)
    at async Object.handler (/var/task/api/cron.js:446:28)
    at async r (/opt/rust/nodejs.js:2:15570)
    at async Server.<anonymous> (/opt/rust/nodejs.js:2:11592)
    at async Server.<anonymous> (/opt/rust/nodejs.js:17:9914)",prj_MtGkw3thPHNkLHmFW6ZZjBU93wxT,,,,,
2025-12-24 16:01:09,1766592069367,cryptosignal-7l4999wfk-hadayalab-projects-projects.vercel.app/api/cron,GET,,200,84w7t-1766592032123-b9526b730d5d,vercel-cron/1.0,info,production,main,MISS,serverless,/api/cron,cryptosignal-7l4999wfk-hadayalab-projects-projects.vercel.app,cryptosignal-7l4999wfk-hadayalab-projects-projects.vercel.app,dpl_6z4uk7ksfaX6T1fsDhcwizy3kCGP,,,,,"📨 Telegram sent: {
  ""ok"": true,
  ""result"": {
    ""message_id"": 415,
    ""from"": {
      ""id"": 8155351788,
      ""is_bot"": true,
      ""first_name"": ""CryptoSignal AI EN"",
      ""username"": ""CryptoSignal_AI_Official_bot""
    },
    ""chat"": {
      ""id"": -1003223165053,
      ""title"": ""CryptoSignal AI – Starter Signals (EN)"",
      ""type"": ""supergroup""
    },
    ""date"": 1766592069,
    ""text"": ""📚 Dr. Grok's Market Leak\nSession Briefing @ 2025-12-24 16:00:32 UTC\n\n💰 BTC Price: $86,913 (-0.51% / 24h)\n📊 Exchange Netflow: Outflow 11379 BTC\n⛏ Miners' Position Index (MPI): -0.52\n🧠 Sentiment: Extreme Fear\n\n📈 Market Score: 19/100\n✅ Trap Detector: No critical trap detected.\n\n🎯 Trade Verdict\n🛡️ Signal: BUG STANDBY (Defense Active)\n• Entry (spot ref.): $86,913\n• Mode: Bug Standby — no clean edge. Sit out and protect capital.\n• Take Profit: n/a\n• Stop Loss: n/a\n\n🧬 Dr. Grok's Take\nBelow is a strategic idea, not an official True Bug Entry signal. Follow only when your own plan and risk management align.\n### BTC Quick Take: Extreme Fear Hangover\n\nSnapshot: BTC at $86,913, down 0.5% in 24h. Negative inflow (-$11k) screams capital flight, MPI dipping negative shows sellers in control. Sentiment's \""Extreme Fear\"" – classic capitulation vibe, but whales neutral (bias 0), retail at mid-FOMO (50), no news bombs (impact 0). Overall score 19/100, no signal firing. Trap? Nah, just chop.\n\nRisk-First Read: High downside risk here – fear often leads to fakeouts or deeper dumps. Don't chase; liquidity's thin, could trap longs on a fake bounce. If you're in, tighten stops below $85k to protect against vol spikes.\n\nTactical Play:\n- Short Bias: Wait for confirmation under $86k. Target $82k if inflow stays red.\n- Long Setup: Only if retail FOMO spikes >70 and price holds $87k. Otherwise, sit tight – no edge yet.\n- Watchlist: Eye whale bias for shifts; zero means they're sidelined, could flip fast.\n\nStack sats smart, not reckless. What's your position? 🚀\n\nFor educational purposes only. Not financial advice.""
  }
}",prj_MtGkw3thPHNkLHmFW6ZZjBU93wxT,,,,,
2025-12-24 16:00:32,1766592032175,cryptosignal-7l4999wfk-hadayalab-projects-projects.vercel.app/api/cron,GET,,200,84w7t-1766592032123-b9526b730d5d,vercel-cron/1.0,info,production,main,MISS,serverless,/api/cron,cryptosignal-7l4999wfk-hadayalab-projects-projects.vercel.app,cryptosignal-7l4999wfk-hadayalab-projects-projects.vercel.app,dpl_6z4uk7ksfaX6T1fsDhcwizy3kCGP,,,,,🚀 Cron Job Started: Whale Monitor,prj_MtGkw3thPHNkLHmFW6ZZjBU93wxT,,,,,
2025-12-24 16:00:32,1766592032175,cryptosignal-7l4999wfk-hadayalab-projects-projects.vercel.app/api/cron,GET,,200,84w7t-1766592032123-b9526b730d5d,vercel-cron/1.0,info,production,main,MISS,serverless,/api/cron,cryptosignal-7l4999wfk-hadayalab-projects-projects.vercel.app,cryptosignal-7l4999wfk-hadayalab-projects-projects.vercel.app,dpl_6z4uk7ksfaX6T1fsDhcwizy3kCGP,,,,,"Slot check => utcHour=16, utcMinute=0, isRegularSlot=true, force=false",prj_MtGkw3thPHNkLHmFW6ZZjBU93wxT,,,,,
2025-12-24 16:00:32,1766592032175,cryptosignal-7l4999wfk-hadayalab-projects-projects.vercel.app/api/cron,GET,,200,84w7t-1766592032123-b9526b730d5d,vercel-cron/1.0,info,production,main,MISS,serverless,/api/cron,cryptosignal-7l4999wfk-hadayalab-projects-projects.vercel.app,cryptosignal-7l4999wfk-hadayalab-projects-projects.vercel.app,dpl_6z4uk7ksfaX6T1fsDhcwizy3kCGP,,,,,🌐 Fetching: https://api.cryptoquant.com/v1/btc/exchange-flows/netflow?exchange=all_exchange&window=day&limit=1,prj_MtGkw3thPHNkLHmFW6ZZjBU93wxT,,,,,
2025-12-24 16:00:32,1766592032175,cryptosignal-7l4999wfk-hadayalab-projects-projects.vercel.app/api/cron,GET,,200,84w7t-1766592032123-b9526b730d5d,vercel-cron/1.0,info,production,main,MISS,serverless,/api/cron,cryptosignal-7l4999wfk-hadayalab-projects-projects.vercel.app,cryptosignal-7l4999wfk-hadayalab-projects-projects.vercel.app,dpl_6z4uk7ksfaX6T1fsDhcwizy3kCGP,,,,,🌐 Fetching: https://api.cryptoquant.com/v1/btc/flow-indicator/mpi?window=day&limit=1,prj_MtGkw3thPHNkLHmFW6ZZjBU93wxT,,,,,
2025-12-24 16:00:32,1766592032395,cryptosignal-7l4999wfk-hadayalab-projects-projects.vercel.app/api/cron,GET,,200,84w7t-1766592032123-b9526b730d5d,vercel-cron/1.0,info,production,main,MISS,serverless,/api/cron,cryptosignal-7l4999wfk-hadayalab-projects-projects.vercel.app,cryptosignal-7l4999wfk-hadayalab-projects-projects.vercel.app,dpl_6z4uk7ksfaX6T1fsDhcwizy3kCGP,,,,,"📊 Miner Position Index (BTC): -0.5211564700986901 raw: {""date"":""2025-12-23"",""mpi"":-0.5211564700986901}",prj_MtGkw3thPHNkLHmFW6ZZjBU93wxT,,,,,
2025-12-24 16:00:32,1766592032630,cryptosignal-7l4999wfk-hadayalab-projects-projects.vercel.app/api/cron,GET,,200,84w7t-1766592032123-b9526b730d5d,vercel-cron/1.0,info,production,main,MISS,serverless,/api/cron,cryptosignal-7l4999wfk-hadayalab-projects-projects.vercel.app,cryptosignal-7l4999wfk-hadayalab-projects-projects.vercel.app,dpl_6z4uk7ksfaX6T1fsDhcwizy3kCGP,,,,,"📊 Exchange Netflow (BTC): -11379.222587299999 raw: {""date"":""2025-12-23"",""netflow_total"":-11379.222587299999}",prj_MtGkw3thPHNkLHmFW6ZZjBU93wxT,,,,,
2025-12-24 16:00:32,1766592032123,cryptosignal-7l4999wfk-hadayalab-projects-projects.vercel.app/api/cron,GET,,200,84w7t-1766592032123-b9526b730d5d,vercel-cron/1.0,,production,main,MISS,serverless,/api/cron,cryptosignal-7l4999wfk-hadayalab-projects-projects.vercel.app,cryptosignal-7l4999wfk-hadayalab-projects-projects.vercel.app,dpl_6z4uk7ksfaX6T1fsDhcwizy3kCGP,37212,iad1,270,2048,,prj_MtGkw3thPHNkLHmFW6ZZjBU93wxT,,,01KD8HEBC9QXJQBTSQCR482D5R,7vD211eF0o51,1
2025-12-24 15:45:32,1766591132120,cryptosignal-7l4999wfk-hadayalab-projects-projects.vercel.app/api/cron,GET,,200,9csc5-1766591132062-4de3ecdb3817,vercel-cron/1.0,info,production,main,MISS,serverless,/api/cron,cryptosignal-7l4999wfk-hadayalab-projects-projects.vercel.app,cryptosignal-7l4999wfk-hadayalab-projects-projects.vercel.app,dpl_6z4uk7ksfaX6T1fsDhcwizy3kCGP,,,,,🚀 Cron Job Started: Whale Monitor,prj_MtGkw3thPHNkLHmFW6ZZjBU93wxT,,,,,
2025-12-24 15:45:32,1766591132120,cryptosignal-7l4999wfk-hadayalab-projects-projects.vercel.app/api/cron,GET,,200,9csc5-1766591132062-4de3ecdb3817,vercel-cron/1.0,info,production,main,MISS,serverless,/api/cron,cryptosignal-7l4999wfk-hadayalab-projects-projects.vercel.app,cryptosignal-7l4999wfk-hadayalab-projects-projects.vercel.app,dpl_6z4uk7ksfaX6T1fsDhcwizy3kCGP,,,,,"Slot check => utcHour=15, utcMinute=45, isRegularSlot=false, force=false",prj_MtGkw3thPHNkLHmFW6ZZjBU93wxT,,,,,
2025-12-24 15:45:32,1766591132120,cryptosignal-7l4999wfk-hadayalab-projects-projects.vercel.app/api/cron,GET,,200,9csc5-1766591132062-4de3ecdb3817,vercel-cron/1.0,info,production,main,MISS,serverless,/api/cron,cryptosignal-7l4999wfk-hadayalab-projects-projects.vercel.app,cryptosignal-7l4999wfk-hadayalab-projects-projects.vercel.app,dpl_6z4uk7ksfaX6T1fsDhcwizy3kCGP,,,,,🌐 Fetching: https://api.cryptoquant.com/v1/btc/exchange-flows/netflow?exchange=all_exchange&window=day&limit=1,prj_MtGkw3thPHNkLHmFW6ZZjBU93wxT,,,,,
2025-12-24 15:45:32,1766591132121,cryptosignal-7l4999wfk-hadayalab-projects-projects.vercel.app/api/cron,GET,,200,9csc5-1766591132062-4de3ecdb3817,vercel-cron/1.0,info,production,main,MISS,serverless,/api/cron,cryptosignal-7l4999wfk-hadayalab-projects-projects.vercel.app,cryptosignal-7l4999wfk-hadayalab-projects-projects.vercel.app,dpl_6z4uk7ksfaX6T1fsDhcwizy3kCGP,,,,,🌐 Fetching: https://api.cryptoquant.com/v1/btc/flow-indicator/mpi?window=day&limit=1,prj_MtGkw3thPHNkLHmFW6ZZjBU93wxT,,,,,
2025-12-24 15:45:32,1766591132332,cryptosignal-7l4999wfk-hadayalab-projects-projects.vercel.app/api/cron,GET,,200,9csc5-1766591132062-4de3ecdb3817,vercel-cron/1.0,info,production,main,MISS,serverless,/api/cron,cryptosignal-7l4999wfk-hadayalab-projects-projects.vercel.app,cryptosignal-7l4999wfk-hadayalab-projects-projects.vercel.app,dpl_6z4uk7ksfaX6T1fsDhcwizy3kCGP,,,,,"📊 Miner Position Index (BTC): -0.5211564700986901 raw: {""date"":""2025-12-23"",""mpi"":-0.5211564700986901}",prj_MtGkw3thPHNkLHmFW6ZZjBU93wxT,,,,,
2025-12-24 15:45:32,1766591132510,cryptosignal-7l4999wfk-hadayalab-projects-projects.vercel.app/api/cron,GET,,200,9csc5-1766591132062-4de3ecdb3817,vercel-cron/1.0,info,production,main,MISS,serverless,/api/cron,cryptosignal-7l4999wfk-hadayalab-projects-projects.vercel.app,cryptosignal-7l4999wfk-hadayalab-projects-projects.vercel.app,dpl_6z4uk7ksfaX6T1fsDhcwizy3kCGP,,,,,"📊 Exchange Netflow (BTC): -11379.222587299999 raw: {""date"":""2025-12-23"",""netflow_total"":-11379.222587299999}",prj_MtGkw3thPHNkLHmFW6ZZjBU93wxT,,,,,
2025-12-24 15:45:32,1766591132062,cryptosignal-7l4999wfk-hadayalab-projects-projects.vercel.app/api/cron,GET,,200,9csc5-1766591132062-4de3ecdb3817,vercel-cron/1.0,,production,main,MISS,serverless,/api/cron,cryptosignal-7l4999wfk-hadayalab-projects-projects.vercel.app,cryptosignal-7l4999wfk-hadayalab-projects-projects.vercel.app,dpl_6z4uk7ksfaX6T1fsDhcwizy3kCGP,484,iad1,269,2048,,prj_MtGkw3thPHNkLHmFW6ZZjBU93wxT,,,01KD8GJWDZWAMCYE733GG6EQZP,7vD211eF0o51,1
2025-12-24 15:30:32,1766590232288,cryptosignal-7l4999wfk-hadayalab-projects-projects.vercel.app/api/cron,GET,,200,4hgbg-1766590232221-53f7517b86d6,vercel-cron/1.0,info,production,main,MISS,serverless,/api/cron,cryptosignal-7l4999wfk-hadayalab-projects-projects.vercel.app,cryptosignal-7l4999wfk-hadayalab-projects-projects.vercel.app,dpl_6z4uk7ksfaX6T1fsDhcwizy3kCGP,,,,,🚀 Cron Job Started: Whale Monitor,prj_MtGkw3thPHNkLHmFW6ZZjBU93wxT,,,,,
2025-12-24 15:30:32,1766590232289,cryptosignal-7l4999wfk-hadayalab-projects-projects.vercel.app/api/cron,GET,,200,4hgbg-1766590232221-53f7517b86d6,vercel-cron/1.0,info,production,main,MISS,serverless,/api/cron,cryptosignal-7l4999wfk-hadayalab-projects-projects.vercel.app,cryptosignal-7l4999wfk-hadayalab-projects-projects.vercel.app,dpl_6z4uk7ksfaX6T1fsDhcwizy3kCGP,,,,,"Slot check => utcHour=15, utcMinute=30, isRegularSlot=false, force=false",prj_MtGkw3thPHNkLHmFW6ZZjBU93wxT,,,,,
2025-12-24 15:30:32,1766590232289,cryptosignal-7l4999wfk-hadayalab-projects-projects.vercel.app/api/cron,GET,,200,4hgbg-1766590232221-53f7517b86d6,vercel-cron/1.0,info,production,main,MISS,serverless,/api/cron,cryptosignal-7l4999wfk-hadayalab-projects-projects.vercel.app,cryptosignal-7l4999wfk-hadayalab-projects-projects.vercel.app,dpl_6z4uk7ksfaX6T1fsDhcwizy3kCGP,,,,,🌐 Fetching: https://api.cryptoquant.com/v1/btc/exchange-flows/netflow?exchange=all_exchange&window=day&limit=1,prj_MtGkw3thPHNkLHmFW6ZZjBU93wxT,,,,,
2025-12-24 15:30:32,1766590232289,cryptosignal-7l4999wfk-hadayalab-projects-projects.vercel.app/api/cron,GET,,200,4hgbg-1766590232221-53f7517b86d6,vercel-cron/1.0,info,production,main,MISS,serverless,/api/cron,cryptosignal-7l4999wfk-hadayalab-projects-projects.vercel.app,cryptosignal-7l4999wfk-hadayalab-projects-projects.vercel.app,dpl_6z4uk7ksfaX6T1fsDhcwizy3kCGP,,,,,🌐 Fetching: https://api.cryptoquant.com/v1/btc/flow-indicator/mpi?window=day&limit=1,prj_MtGkw3thPHNkLHmFW6ZZjBU93wxT,,,,,
2025-12-24 15:30:32,1766590232476,cryptosignal-7l4999wfk-hadayalab-projects-projects.vercel.app/api/cron,GET,,200,4hgbg-1766590232221-53f7517b86d6,vercel-cron/1.0,info,production,main,MISS,serverless,/api/cron,cryptosignal-7l4999wfk-hadayalab-projects-projects.vercel.app,cryptosignal-7l4999wfk-hadayalab-projects-projects.vercel.app,dpl_6z4uk7ksfaX6T1fsDhcwizy3kCGP,,,,,"📊 Exchange Netflow (BTC): -11379.222587299999 raw: {""date"":""2025-12-23"",""netflow_total"":-11379.222587299999}",prj_MtGkw3thPHNkLHmFW6ZZjBU93wxT,,,,,
2025-12-24 15:30:32,1766590232531,cryptosignal-7l4999wfk-hadayalab-projects-projects.vercel.app/api/cron,GET,,200,4hgbg-1766590232221-53f7517b86d6,vercel-cron/1.0,info,production,main,MISS,serverless,/api/cron,cryptosignal-7l4999wfk-hadayalab-projects-projects.vercel.app,cryptosignal-7l4999wfk-hadayalab-projects-projects.vercel.app,dpl_6z4uk7ksfaX6T1fsDhcwizy3kCGP,,,,,"📊 Miner Position Index (BTC): -0.5211564700986901 raw: {""date"":""2025-12-23"",""mpi"":-0.5211564700986901}",prj_MtGkw3thPHNkLHmFW6ZZjBU93wxT,,,,,
2025-12-24 15:30:32,1766590232221,cryptosignal-7l4999wfk-hadayalab-projects-projects.vercel.app/api/cron,GET,,200,4hgbg-1766590232221-53f7517b86d6,vercel-cron/1.0,,production,main,MISS,serverless,/api/cron,cryptosignal-7l4999wfk-hadayalab-projects-projects.vercel.app,cryptosignal-7l4999wfk-hadayalab-projects-projects.vercel.app,dpl_6z4uk7ksfaX6T1fsDhcwizy3kCGP,335,iad1,268,2048,,prj_MtGkw3thPHNkLHmFW6ZZjBU93wxT,,,01KD8FQDP1ET107EY2XEX7TWH9,7vD211eF0o51,1
2025-12-24 15:15:32,1766589332321,cryptosignal-7l4999wfk-hadayalab-projects-projects.vercel.app/api/cron,GET,,200,fb8ff-1766589332284-476e292b175a,vercel-cron/1.0,info,production,main,MISS,serverless,/api/cron,cryptosignal-7l4999wfk-hadayalab-projects-projects.vercel.app,cryptosignal-7l4999wfk-hadayalab-projects-projects.vercel.app,dpl_6z4uk7ksfaX6T1fsDhcwizy3kCGP,,,,,🚀 Cron Job Started: Whale Monitor,prj_MtGkw3thPHNkLHmFW6ZZjBU93wxT,,,,,
2025-12-24 15:15:32,1766589332321,cryptosignal-7l4999wfk-hadayalab-projects-projects.vercel.app/api/cron,GET,,200,fb8ff-1766589332284-476e292b175a,vercel-cron/1.0,info,production,main,MISS,serverless,/api/cron,cryptosignal-7l4999wfk-hadayalab-projects-projects.vercel.app,cryptosignal-7l4999wfk-hadayalab-projects-projects.vercel.app,dpl_6z4uk7ksfaX6T1fsDhcwizy3kCGP,,,,,"Slot check => utcHour=15, utcMinute=15, isRegularSlot=false, force=false",prj_MtGkw3thPHNkLHmFW6ZZjBU93wxT,,,,,
2025-12-24 15:15:32,1766589332321,cryptosignal-7l4999wfk-hadayalab-projects-projects.vercel.app/api/cron,GET,,200,fb8ff-1766589332284-476e292b175a,vercel-cron/1.0,info,production,main,MISS,serverless,/api/cron,cryptosignal-7l4999wfk-hadayalab-projects-projects.vercel.app,cryptosignal-7l4999wfk-hadayalab-projects-projects.vercel.app,dpl_6z4uk7ksfaX6T1fsDhcwizy3kCGP,,,,,🌐 Fetching: https://api.cryptoquant.com/v1/btc/exchange-flows/netflow?exchange=all_exchange&window=day&limit=1,prj_MtGkw3thPHNkLHmFW6ZZjBU93wxT,,,,,
2025-12-24 15:15:32,1766589332325,cryptosignal-7l4999wfk-hadayalab-projects-projects.vercel.app/api/cron,GET,,200,fb8ff-1766589332284-476e292b175a,vercel-cron/1.0,info,production,main,MISS,serverless,/api/cron,cryptosignal-7l4999wfk-hadayalab-projects-projects.vercel.app,cryptosignal-7l4999wfk-hadayalab-projects-projects.vercel.app,dpl_6z4uk7ksfaX6T1fsDhcwizy3kCGP,,,,,🌐 Fetching: https://api.cryptoquant.com/v1/btc/flow-indicator/mpi?window=day&limit=1,prj_MtGkw3thPHNkLHmFW6ZZjBU93wxT,,,,,
2025-12-24 15:15:32,1766589332548,cryptosignal-7l4999wfk-hadayalab-projects-projects.vercel.app/api/cron,GET,,200,fb8ff-1766589332284-476e292b175a,vercel-cron/1.0,info,production,main,MISS,serverless,/api/cron,cryptosignal-7l4999wfk-hadayalab-projects-projects.vercel.app,cryptosignal-7l4999wfk-hadayalab-projects-projects.vercel.app,dpl_6z4uk7ksfaX6T1fsDhcwizy3kCGP,,,,,"📊 Miner Position Index (BTC): -0.5211564700986901 raw: {""date"":""2025-12-23"",""mpi"":-0.5211564700986901}",prj_MtGkw3thPHNkLHmFW6ZZjBU93wxT,,,,,
2025-12-24 15:15:32,1766589332628,cryptosignal-7l4999wfk-hadayalab-projects-projects.vercel.app/api/cron,GET,,200,fb8ff-1766589332284-476e292b175a,vercel-cron/1.0,info,production,main,MISS,serverless,/api/cron,cryptosignal-7l4999wfk-hadayalab-projects-projects.vercel.app,cryptosignal-7l4999wfk-hadayalab-projects-projects.vercel.app,dpl_6z4uk7ksfaX6T1fsDhcwizy3kCGP,,,,,"📊 Exchange Netflow (BTC): -11379.222587299999 raw: {""date"":""2025-12-23"",""netflow_total"":-11379.222587299999}",prj_MtGkw3thPHNkLHmFW6ZZjBU93wxT,,,,,
2025-12-24 15:15:32,1766589332284,cryptosignal-7l4999wfk-hadayalab-projects-projects.vercel.app/api/cron,GET,,200,fb8ff-1766589332284-476e292b175a,vercel-cron/1.0,,production,main,MISS,serverless,/api/cron,cryptosignal-7l4999wfk-hadayalab-projects-projects.vercel.app,cryptosignal-7l4999wfk-hadayalab-projects-projects.vercel.app,dpl_6z4uk7ksfaX6T1fsDhcwizy3kCGP,378,iad1,268,2048,,prj_MtGkw3thPHNkLHmFW6ZZjBU93wxT,,,01KD8EVYTB6KFXZ9PY3S9H9TAQ,7vD211eF0o51,1
2025-12-24 15:00:32,1766588432759,cryptosignal-7l4999wfk-hadayalab-projects-projects.vercel.app/api/cron,GET,,200,c5sz6-1766588432715-93f9f23fc792,vercel-cron/1.0,info,production,main,MISS,serverless,/api/cron,cryptosignal-7l4999wfk-hadayalab-projects-projects.vercel.app,cryptosignal-7l4999wfk-hadayalab-projects-projects.vercel.app,dpl_6z4uk7ksfaX6T1fsDhcwizy3kCGP,,,,,🚀 Cron Job Started: Whale Monitor,prj_MtGkw3thPHNkLHmFW6ZZjBU93wxT,,,,,
2025-12-24 15:00:32,1766588432759,cryptosignal-7l4999wfk-hadayalab-projects-projects.vercel.app/api/cron,GET,,200,c5sz6-1766588432715-93f9f23fc792,vercel-cron/1.0,info,production,main,MISS,serverless,/api/cron,cryptosignal-7l4999wfk-hadayalab-projects-projects.vercel.app,cryptosignal-7l4999wfk-hadayalab-projects-projects.vercel.app,dpl_6z4uk7ksfaX6T1fsDhcwizy3kCGP,,,,,"Slot check => utcHour=15, utcMinute=0, isRegularSlot=false, force=false",prj_MtGkw3thPHNkLHmFW6ZZjBU93wxT,,,,,
2025-12-24 15:00:32,1766588432759,cryptosignal-7l4999wfk-hadayalab-projects-projects.vercel.app/api/cron,GET,,200,c5sz6-1766588432715-93f9f23fc792,vercel-cron/1.0,info,production,main,MISS,serverless,/api/cron,cryptosignal-7l4999wfk-hadayalab-projects-projects.vercel.app,cryptosignal-7l4999wfk-hadayalab-projects-projects.vercel.app,dpl_6z4uk7ksfaX6T1fsDhcwizy3kCGP,,,,,🌐 Fetching: https://api.cryptoquant.com/v1/btc/exchange-flows/netflow?exchange=all_exchange&window=day&limit=1,prj_MtGkw3thPHNkLHmFW6ZZjBU93wxT,,,,,
2025-12-24 15:00:32,1766588432759,cryptosignal-7l4999wfk-hadayalab-projects-projects.vercel.app/api/cron,GET,,200,c5sz6-1766588432715-93f9f23fc792,vercel-cron/1.0,info,production,main,MISS,serverless,/api/cron,cryptosignal-7l4999wfk-hadayalab-projects-projects.vercel.app,cryptosignal-7l4999wfk-hadayalab-projects-projects.vercel.app,dpl_6z4uk7ksfaX6T1fsDhcwizy3kCGP,,,,,🌐 Fetching: https://api.cryptoquant.com/v1/btc/flow-indicator/mpi?window=day&limit=1,prj_MtGkw3thPHNkLHmFW6ZZjBU93wxT,,,,,
2025-12-24 15:00:32,1766588432949,cryptosignal-7l4999wfk-hadayalab-projects-projects.vercel.app/api/cron,GET,,200,c5sz6-1766588432715-93f9f23fc792,vercel-cron/1.0,info,production,main,MISS,serverless,/api/cron,cryptosignal-7l4999wfk-hadayalab-projects-projects.vercel.app,cryptosignal-7l4999wfk-hadayalab-projects-projects.vercel.app,dpl_6z4uk7ksfaX6T1fsDhcwizy3kCGP,,,,,"📊 Exchange Netflow (BTC): -11379.222587299999 raw: {""date"":""2025-12-23"",""netflow_total"":-11379.222587299999}",prj_MtGkw3thPHNkLHmFW6ZZjBU93wxT,,,,,
2025-12-24 15:00:32,1766588432978,cryptosignal-7l4999wfk-hadayalab-projects-projects.vercel.app/api/cron,GET,,200,c5sz6-1766588432715-93f9f23fc792,vercel-cron/1.0,info,production,main,MISS,serverless,/api/cron,cryptosignal-7l4999wfk-hadayalab-projects-projects.vercel.app,cryptosignal-7l4999wfk-hadayalab-projects-projects.vercel.app,dpl_6z4uk7ksfaX6T1fsDhcwizy3kCGP,,,,,"📊 Miner Position Index (BTC): -0.5211564700986901 raw: {""date"":""2025-12-23"",""mpi"":-0.5211564700986901}",prj_MtGkw3thPHNkLHmFW6ZZjBU93wxT,,,,,
2025-12-24 15:00:32,1766588432715,cryptosignal-7l4999wfk-hadayalab-projects-projects.vercel.app/api/cron,GET,,200,c5sz6-1766588432715-93f9f23fc792,vercel-cron/1.0,,production,main,MISS,serverless,/api/cron,cryptosignal-7l4999wfk-hadayalab-projects-projects.vercel.app,cryptosignal-7l4999wfk-hadayalab-projects-projects.vercel.app,dpl_6z4uk7ksfaX6T1fsDhcwizy3kCGP,312,iad1,268,2048,,prj_MtGkw3thPHNkLHmFW6ZZjBU93wxT,,,01KD8E0GAWMEMB6AWJZVTWD7XG,7vD211eF0o51,1
2025-12-24 14:45:32,1766587532653,cryptosignal-7l4999wfk-hadayalab-projects-projects.vercel.app/api/cron,GET,,200,v9fnx-1766587532591-cf7eead6df79,vercel-cron/1.0,info,production,main,MISS,serverless,/api/cron,cryptosignal-7l4999wfk-hadayalab-projects-projects.vercel.app,cryptosignal-7l4999wfk-hadayalab-projects-projects.vercel.app,dpl_6z4uk7ksfaX6T1fsDhcwizy3kCGP,,,,,🚀 Cron Job Started: Whale Monitor,prj_MtGkw3thPHNkLHmFW6ZZjBU93wxT,,,,,
2025-12-24 14:45:32,1766587532653,cryptosignal-7l4999wfk-hadayalab-projects-projects.vercel.app/api/cron,GET,,200,v9fnx-1766587532591-cf7eead6df79,vercel-cron/1.0,info,production,main,MISS,serverless,/api/cron,cryptosignal-7l4999wfk-hadayalab-projects-projects.vercel.app,cryptosignal-7l4999wfk-hadayalab-projects-projects.vercel.app,dpl_6z4uk7ksfaX6T1fsDhcwizy3kCGP,,,,,"Slot check => utcHour=14, utcMinute=45, isRegularSlot=false, force=false",prj_MtGkw3thPHNkLHmFW6ZZjBU93wxT,,,,,
2025-12-24 14:45:32,1766587532653,cryptosignal-7l4999wfk-hadayalab-projects-projects.vercel.app/api/cron,GET,,200,v9fnx-1766587532591-cf7eead6df79,vercel-cron/1.0,info,production,main,MISS,serverless,/api/cron,cryptosignal-7l4999wfk-hadayalab-projects-projects.vercel.app,cryptosignal-7l4999wfk-hadayalab-projects-projects.vercel.app,dpl_6z4uk7ksfaX6T1fsDhcwizy3kCGP,,,,,🌐 Fetching: https://api.cryptoquant.com/v1/btc/exchange-flows/netflow?exchange=all_exchange&window=day&limit=1,prj_MtGkw3thPHNkLHmFW6ZZjBU93wxT,,,,,
2025-12-24 14:45:32,1766587532656,cryptosignal-7l4999wfk-hadayalab-projects-projects.vercel.app/api/cron,GET,,200,v9fnx-1766587532591-cf7eead6df79,vercel-cron/1.0,info,production,main,MISS,serverless,/api/cron,cryptosignal-7l4999wfk-hadayalab-projects-projects.vercel.app,cryptosignal-7l4999wfk-hadayalab-projects-projects.vercel.app,dpl_6z4uk7ksfaX6T1fsDhcwizy3kCGP,,,,,🌐 Fetching: https://api.cryptoquant.com/v1/btc/flow-indicator/mpi?window=day&limit=1,prj_MtGkw3thPHNkLHmFW6ZZjBU93wxT,,,,,
2025-12-24 14:45:32,1766587532868,cryptosignal-7l4999wfk-hadayalab-projects-projects.vercel.app/api/cron,GET,,200,v9fnx-1766587532591-cf7eead6df79,vercel-cron/1.0,info,production,main,MISS,serverless,/api/cron,cryptosignal-7l4999wfk-hadayalab-projects-projects.vercel.app,cryptosignal-7l4999wfk-hadayalab-projects-projects.vercel.app,dpl_6z4uk7ksfaX6T1fsDhcwizy3kCGP,,,,,"📊 Exchange Netflow (BTC): -11379.222587299999 raw: {""date"":""2025-12-23"",""netflow_total"":-11379.222587299999}",prj_MtGkw3thPHNkLHmFW6ZZjBU93wxT,,,,,
2025-12-24 14:45:32,1766587532872,cryptosignal-7l4999wfk-hadayalab-projects-projects.vercel.app/api/cron,GET,,200,v9fnx-1766587532591-cf7eead6df79,vercel-cron/1.0,info,production,main,MISS,serverless,/api/cron,cryptosignal-7l4999wfk-hadayalab-projects-projects.vercel.app,cryptosignal-7l4999wfk-hadayalab-projects-projects.vercel.app,dpl_6z4uk7ksfaX6T1fsDhcwizy3kCGP,,,,,"📊 Miner Position Index (BTC): -0.5211564700986901 raw: {""date"":""2025-12-23"",""mpi"":-0.5211564700986901}",prj_MtGkw3thPHNkLHmFW6ZZjBU93wxT,,,,,
2025-12-24 14:45:32,1766587532591,cryptosignal-7l4999wfk-hadayalab-projects-projects.vercel.app/api/cron,GET,,200,v9fnx-1766587532591-cf7eead6df79,vercel-cron/1.0,,production,main,MISS,serverless,/api/cron,cryptosignal-7l4999wfk-hadayalab-projects-projects.vercel.app,cryptosignal-7l4999wfk-hadayalab-projects-projects.vercel.app,dpl_6z4uk7ksfaX6T1fsDhcwizy3kCGP,293,iad1,266,2048,,prj_MtGkw3thPHNkLHmFW6ZZjBU93wxT,,,01KD8D51AGX1MSMEY3GKDA9NT0,7vD211eF0o51,1
2025-12-24 14:30:32,1766586632294,cryptosignal-7l4999wfk-hadayalab-projects-projects.vercel.app/api/cron,GET,,200,kqxrv-1766586632222-ba26b3d31c97,vercel-cron/1.0,info,production,main,MISS,serverless,/api/cron,cryptosignal-7l4999wfk-hadayalab-projects-projects.vercel.app,cryptosignal-7l4999wfk-hadayalab-projects-projects.vercel.app,dpl_6z4uk7ksfaX6T1fsDhcwizy3kCGP,,,,,🚀 Cron Job Started: Whale Monitor,prj_MtGkw3thPHNkLHmFW6ZZjBU93wxT,,,,,
2025-12-24 14:30:32,1766586632294,cryptosignal-7l4999wfk-hadayalab-projects-projects.vercel.app/api/cron,GET,,200,kqxrv-1766586632222-ba26b3d31c97,vercel-cron/1.0,info,production,main,MISS,serverless,/api/cron,cryptosignal-7l4999wfk-hadayalab-projects-projects.vercel.app,cryptosignal-7l4999wfk-hadayalab-projects-projects.vercel.app,dpl_6z4uk7ksfaX6T1fsDhcwizy3kCGP,,,,,"Slot check => utcHour=14, utcMinute=30, isRegularSlot=false, force=false",prj_MtGkw3thPHNkLHmFW6ZZjBU93wxT,,,,,
2025-12-24 14:30:32,1766586632294,cryptosignal-7l4999wfk-hadayalab-projects-projects.vercel.app/api/cron,GET,,200,kqxrv-1766586632222-ba26b3d31c97,vercel-cron/1.0,info,production,main,MISS,serverless,/api/cron,cryptosignal-7l4999wfk-hadayalab-projects-projects.vercel.app,cryptosignal-7l4999wfk-hadayalab-projects-projects.vercel.app,dpl_6z4uk7ksfaX6T1fsDhcwizy3kCGP,,,,,🌐 Fetching: https://api.cryptoquant.com/v1/btc/exchange-flows/netflow?exchange=all_exchange&window=day&limit=1,prj_MtGkw3thPHNkLHmFW6ZZjBU93wxT,,,,,
2025-12-24 14:30:32,1766586632294,cryptosignal-7l4999wfk-hadayalab-projects-projects.vercel.app/api/cron,GET,,200,kqxrv-1766586632222-ba26b3d31c97,vercel-cron/1.0,info,production,main,MISS,serverless,/api/cron,cryptosignal-7l4999wfk-hadayalab-projects-projects.vercel.app,cryptosignal-7l4999wfk-hadayalab-projects-projects.vercel.app,dpl_6z4uk7ksfaX6T1fsDhcwizy3kCGP,,,,,🌐 Fetching: https://api.cryptoquant.com/v1/btc/flow-indicator/mpi?window=day&limit=1,prj_MtGkw3thPHNkLHmFW6ZZjBU93wxT,,,,,
2025-12-24 14:30:32,1766586632500,cryptosignal-7l4999wfk-hadayalab-projects-projects.vercel.app/api/cron,GET,,200,kqxrv-1766586632222-ba26b3d31c97,vercel-cron/1.0,info,production,main,MISS,serverless,/api/cron,cryptosignal-7l4999wfk-hadayalab-projects-projects.vercel.app,cryptosignal-7l4999wfk-hadayalab-projects-projects.vercel.app,dpl_6z4uk7ksfaX6T1fsDhcwizy3kCGP,,,,,"📊 Exchange Netflow (BTC): -11379.222587299999 raw: {""date"":""2025-12-23"",""netflow_total"":-11379.222587299999}",prj_MtGkw3thPHNkLHmFW6ZZjBU93wxT,,,,,
2025-12-24 14:30:32,1766586632677,cryptosignal-7l4999wfk-hadayalab-projects-projects.vercel.app/api/cron,GET,,200,kqxrv-1766586632222-ba26b3d31c97,vercel-cron/1.0,info,production,main,MISS,serverless,/api/cron,cryptosignal-7l4999wfk-hadayalab-projects-projects.vercel.app,cryptosignal-7l4999wfk-hadayalab-projects-projects.vercel.app,dpl_6z4uk7ksfaX6T1fsDhcwizy3kCGP,,,,,"📊 Miner Position Index (BTC): -0.5211564700986901 raw: {""date"":""2025-12-23"",""mpi"":-0.5211564700986901}",prj_MtGkw3thPHNkLHmFW6ZZjBU93wxT,,,,,
2025-12-24 14:30:32,1766586632222,cryptosignal-7l4999wfk-hadayalab-projects-projects.vercel.app/api/cron,GET,,200,kqxrv-1766586632222-ba26b3d31c97,vercel-cron/1.0,,production,main,MISS,serverless,/api/cron,cryptosignal-7l4999wfk-hadayalab-projects-projects.vercel.app,cryptosignal-7l4999wfk-hadayalab-projects-projects.vercel.app,dpl_6z4uk7ksfaX6T1fsDhcwizy3kCGP,478,iad1,264,2048,,prj_MtGkw3thPHNkLHmFW6ZZjBU93wxT,,,01KD8C9J1K5031T3QFG8WZ3VFC,7vD211eF0o51,1
2025-12-24 14:15:32,1766585732892,cryptosignal-7l4999wfk-hadayalab-projects-projects.vercel.app/api/cron,GET,,200,ftzwq-1766585732347-adcb4d54c109,vercel-cron/1.0,info,production,main,MISS,serverless,/api/cron,cryptosignal-7l4999wfk-hadayalab-projects-projects.vercel.app,cryptosignal-7l4999wfk-hadayalab-projects-projects.vercel.app,dpl_6z4uk7ksfaX6T1fsDhcwizy3kCGP,,,,,🚀 Cron Job Started: Whale Monitor,prj_MtGkw3thPHNkLHmFW6ZZjBU93wxT,,,,,
2025-12-24 14:15:32,1766585732892,cryptosignal-7l4999wfk-hadayalab-projects-projects.vercel.app/api/cron,GET,,200,ftzwq-1766585732347-adcb4d54c109,vercel-cron/1.0,info,production,main,MISS,serverless,/api/cron,cryptosignal-7l4999wfk-hadayalab-projects-projects.vercel.app,cryptosignal-7l4999wfk-hadayalab-projects-projects.vercel.app,dpl_6z4uk7ksfaX6T1fsDhcwizy3kCGP,,,,,"Slot check => utcHour=14, utcMinute=15, isRegularSlot=false, force=false",prj_MtGkw3thPHNkLHmFW6ZZjBU93wxT,,,,,
2025-12-24 14:15:32,1766585732892,cryptosignal-7l4999wfk-hadayalab-projects-projects.vercel.app/api/cron,GET,,200,ftzwq-1766585732347-adcb4d54c109,vercel-cron/1.0,info,production,main,MISS,serverless,/api/cron,cryptosignal-7l4999wfk-hadayalab-projects-projects.vercel.app,cryptosignal-7l4999wfk-hadayalab-projects-projects.vercel.app,dpl_6z4uk7ksfaX6T1fsDhcwizy3kCGP,,,,,🌐 Fetching: https://api.cryptoquant.com/v1/btc/exchange-flows/netflow?exchange=all_exchange&window=day&limit=1,prj_MtGkw3thPHNkLHmFW6ZZjBU93wxT,,,,,
2025-12-24 14:15:32,1766585732994,cryptosignal-7l4999wfk-hadayalab-projects-projects.vercel.app/api/cron,GET,,200,ftzwq-1766585732347-adcb4d54c109,vercel-cron/1.0,info,production,main,MISS,serverless,/api/cron,cryptosignal-7l4999wfk-hadayalab-projects-projects.vercel.app,cryptosignal-7l4999wfk-hadayalab-projects-projects.vercel.app,dpl_6z4uk7ksfaX6T1fsDhcwizy3kCGP,,,,,🌐 Fetching: https://api.cryptoquant.com/v1/btc/flow-indicator/mpi?window=day&limit=1,prj_MtGkw3thPHNkLHmFW6ZZjBU93wxT,,,,,
2025-12-24 14:15:32,1766585732996,cryptosignal-7l4999wfk-hadayalab-projects-projects.vercel.app/api/cron,GET,,200,ftzwq-1766585732347-adcb4d54c109,vercel-cron/1.0,error,production,main,MISS,serverless,/api/cron,cryptosignal-7l4999wfk-hadayalab-projects-projects.vercel.app,cryptosignal-7l4999wfk-hadayalab-projects-projects.vercel.app,dpl_6z4uk7ksfaX6T1fsDhcwizy3kCGP,,,,,"(node:4) [DEP0169] DeprecationWarning: `url.parse()` behavior is not standardized and prone to errors that have security implications. Use the WHATWG URL API instead. CVEs are not issued for `url.parse()` vulnerabilities.
(Use `node --trace-deprecation ...` to show where the warning was created)",prj_MtGkw3thPHNkLHmFW6ZZjBU93wxT,,,,,
2025-12-24 14:15:33,1766585733228,cryptosignal-7l4999wfk-hadayalab-projects-projects.vercel.app/api/cron,GET,,200,ftzwq-1766585732347-adcb4d54c109,vercel-cron/1.0,info,production,main,MISS,serverless,/api/cron,cryptosignal-7l4999wfk-hadayalab-projects-projects.vercel.app,cryptosignal-7l4999wfk-hadayalab-projects-projects.vercel.app,dpl_6z4uk7ksfaX6T1fsDhcwizy3kCGP,,,,,"📊 Miner Position Index (BTC): -0.5211564700986901 raw: {""date"":""2025-12-23"",""mpi"":-0.5211564700986901}",prj_MtGkw3thPHNkLHmFW6ZZjBU93wxT,,,,,
2025-12-24 14:15:33,1766585733228,cryptosignal-7l4999wfk-hadayalab-projects-projects.vercel.app/api/cron,GET,,200,ftzwq-1766585732347-adcb4d54c109,vercel-cron/1.0,info,production,main,MISS,serverless,/api/cron,cryptosignal-7l4999wfk-hadayalab-projects-projects.vercel.app,cryptosignal-7l4999wfk-hadayalab-projects-projects.vercel.app,dpl_6z4uk7ksfaX6T1fsDhcwizy3kCGP,,,,,"📊 Exchange Netflow (BTC): -11379.222587299999 raw: {""date"":""2025-12-23"",""netflow_total"":-11379.222587299999}",prj_MtGkw3thPHNkLHmFW6ZZjBU93wxT,,,,,
2025-12-24 14:15:32,1766585732347,cryptosignal-7l4999wfk-hadayalab-projects-projects.vercel.app/api/cron,GET,,200,ftzwq-1766585732347-adcb4d54c109,vercel-cron/1.0,,production,main,MISS,serverless,/api/cron,cryptosignal-7l4999wfk-hadayalab-projects-projects.vercel.app,cryptosignal-7l4999wfk-hadayalab-projects-projects.vercel.app,dpl_6z4uk7ksfaX6T1fsDhcwizy3kCGP,736,iad1,268,2048,,prj_MtGkw3thPHNkLHmFW6ZZjBU93wxT,,,01KD8BE399AJE2BT0PMH1DE9H2,7vD211eF0o51,1
2025-12-24 14:00:32,1766584832478,cryptosignal-7l4999wfk-hadayalab-projects-projects.vercel.app/api/cron,GET,,200,z2grv-1766584832430-327c596c5d29,vercel-cron/1.0,info,production,main,MISS,serverless,/api/cron,cryptosignal-7l4999wfk-hadayalab-projects-projects.vercel.app,cryptosignal-7l4999wfk-hadayalab-projects-projects.vercel.app,dpl_6z4uk7ksfaX6T1fsDhcwizy3kCGP,,,,,🚀 Cron Job Started: Whale Monitor,prj_MtGkw3thPHNkLHmFW6ZZjBU93wxT,,,,,
2025-12-24 14:00:32,1766584832478,cryptosignal-7l4999wfk-hadayalab-projects-projects.vercel.app/api/cron,GET,,200,z2grv-1766584832430-327c596c5d29,vercel-cron/1.0,info,production,main,MISS,serverless,/api/cron,cryptosignal-7l4999wfk-hadayalab-projects-projects.vercel.app,cryptosignal-7l4999wfk-hadayalab-projects-projects.vercel.app,dpl_6z4uk7ksfaX6T1fsDhcwizy3kCGP,,,,,"Slot check => utcHour=14, utcMinute=0, isRegularSlot=false, force=false",prj_MtGkw3thPHNkLHmFW6ZZjBU93wxT,,,,,
2025-12-24 14:00:32,1766584832478,cryptosignal-7l4999wfk-hadayalab-projects-projects.vercel.app/api/cron,GET,,200,z2grv-1766584832430-327c596c5d29,vercel-cron/1.0,info,production,main,MISS,serverless,/api/cron,cryptosignal-7l4999wfk-hadayalab-projects-projects.vercel.app,cryptosignal-7l4999wfk-hadayalab-projects-projects.vercel.app,dpl_6z4uk7ksfaX6T1fsDhcwizy3kCGP,,,,,🌐 Fetching: https://api.cryptoquant.com/v1/btc/exchange-flows/netflow?exchange=all_exchange&window=day&limit=1,prj_MtGkw3thPHNkLHmFW6ZZjBU93wxT,,,,,
2025-12-24 14:00:32,1766584832478,cryptosignal-7l4999wfk-hadayalab-projects-projects.vercel.app/api/cron,GET,,200,z2grv-1766584832430-327c596c5d29,vercel-cron/1.0,info,production,main,MISS,serverless,/api/cron,cryptosignal-7l4999wfk-hadayalab-projects-projects.vercel.app,cryptosignal-7l4999wfk-hadayalab-projects-projects.vercel.app,dpl_6z4uk7ksfaX6T1fsDhcwizy3kCGP,,,,,🌐 Fetching: https://api.cryptoquant.com/v1/btc/flow-indicator/mpi?window=day&limit=1,prj_MtGkw3thPHNkLHmFW6ZZjBU93wxT,,,,,
2025-12-24 14:00:32,1766584832651,cryptosignal-7l4999wfk-hadayalab-projects-projects.vercel.app/api/cron,GET,,200,z2grv-1766584832430-327c596c5d29,vercel-cron/1.0,info,production,main,MISS,serverless,/api/cron,cryptosignal-7l4999wfk-hadayalab-projects-projects.vercel.app,cryptosignal-7l4999wfk-hadayalab-projects-projects.vercel.app,dpl_6z4uk7ksfaX6T1fsDhcwizy3kCGP,,,,,"📊 Exchange Netflow (BTC): -11379.222587299999 raw: {""date"":""2025-12-23"",""netflow_total"":-11379.222587299999}",prj_MtGkw3thPHNkLHmFW6ZZjBU93wxT,,,,,
2025-12-24 14:00:32,1766584832694,cryptosignal-7l4999wfk-hadayalab-projects-projects.vercel.app/api/cron,GET,,200,z2grv-1766584832430-327c596c5d29,vercel-cron/1.0,info,production,main,MISS,serverless,/api/cron,cryptosignal-7l4999wfk-hadayalab-projects-projects.vercel.app,cryptosignal-7l4999wfk-hadayalab-projects-projects.vercel.app,dpl_6z4uk7ksfaX6T1fsDhcwizy3kCGP,,,,,"📊 Miner Position Index (BTC): -0.5211564700986901 raw: {""date"":""2025-12-23"",""mpi"":-0.5211564700986901}",prj_MtGkw3thPHNkLHmFW6ZZjBU93wxT,,,,,
2025-12-24 14:00:32,1766584832430,cryptosignal-7l4999wfk-hadayalab-projects-projects.vercel.app/api/cron,GET,,200,z2grv-1766584832430-327c596c5d29,vercel-cron/1.0,,production,main,MISS,serverless,/api/cron,cryptosignal-7l4999wfk-hadayalab-projects-projects.vercel.app,cryptosignal-7l4999wfk-hadayalab-projects-projects.vercel.app,dpl_6z4uk7ksfaX6T1fsDhcwizy3kCGP,292,iad1,272,2048,,prj_MtGkw3thPHNkLHmFW6ZZjBU93wxT,,,01KD8AJME2QE6P32P6YS6MVBD1,6Vy0UQq1SVgF,1
2025-12-24 13:45:32,1766583932215,cryptosignal-7l4999wfk-hadayalab-projects-projects.vercel.app/api/cron,GET,,200,ckj6d-1766583932173-efcd0ee63f36,vercel-cron/1.0,info,production,main,MISS,serverless,/api/cron,cryptosignal-7l4999wfk-hadayalab-projects-projects.vercel.app,cryptosignal-7l4999wfk-hadayalab-projects-projects.vercel.app,dpl_6z4uk7ksfaX6T1fsDhcwizy3kCGP,,,,,🚀 Cron Job Started: Whale Monitor,prj_MtGkw3thPHNkLHmFW6ZZjBU93wxT,,,,,
2025-12-24 13:45:32,1766583932215,cryptosignal-7l4999wfk-hadayalab-projects-projects.vercel.app/api/cron,GET,,200,ckj6d-1766583932173-efcd0ee63f36,vercel-cron/1.0,info,production,main,MISS,serverless,/api/cron,cryptosignal-7l4999wfk-hadayalab-projects-projects.vercel.app,cryptosignal-7l4999wfk-hadayalab-projects-projects.vercel.app,dpl_6z4uk7ksfaX6T1fsDhcwizy3kCGP,,,,,"Slot check => utcHour=13, utcMinute=45, isRegularSlot=false, force=false",prj_MtGkw3thPHNkLHmFW6ZZjBU93wxT,,,,,
2025-12-24 13:45:32,1766583932215,cryptosignal-7l4999wfk-hadayalab-projects-projects.vercel.app/api/cron,GET,,200,ckj6d-1766583932173-efcd0ee63f36,vercel-cron/1.0,info,production,main,MISS,serverless,/api/cron,cryptosignal-7l4999wfk-hadayalab-projects-projects.vercel.app,cryptosignal-7l4999wfk-hadayalab-projects-projects.vercel.app,dpl_6z4uk7ksfaX6T1fsDhcwizy3kCGP,,,,,🌐 Fetching: https://api.cryptoquant.com/v1/btc/exchange-flows/netflow?exchange=all_exchange&window=day&limit=1,prj_MtGkw3thPHNkLHmFW6ZZjBU93wxT,,,,,
2025-12-24 13:45:32,1766583932216,cryptosignal-7l4999wfk-hadayalab-projects-projects.vercel.app/api/cron,GET,,200,ckj6d-1766583932173-efcd0ee63f36,vercel-cron/1.0,info,production,main,MISS,serverless,/api/cron,cryptosignal-7l4999wfk-hadayalab-projects-projects.vercel.app,cryptosignal-7l4999wfk-hadayalab-projects-projects.vercel.app,dpl_6z4uk7ksfaX6T1fsDhcwizy3kCGP,,,,,🌐 Fetching: https://api.cryptoquant.com/v1/btc/flow-indicator/mpi?window=day&limit=1,prj_MtGkw3thPHNkLHmFW6ZZjBU93wxT,,,,,
2025-12-24 13:45:32,1766583932394,cryptosignal-7l4999wfk-hadayalab-projects-projects.vercel.app/api/cron,GET,,200,ckj6d-1766583932173-efcd0ee63f36,vercel-cron/1.0,info,production,main,MISS,serverless,/api/cron,cryptosignal-7l4999wfk-hadayalab-projects-projects.vercel.app,cryptosignal-7l4999wfk-hadayalab-projects-projects.vercel.app,dpl_6z4uk7ksfaX6T1fsDhcwizy3kCGP,,,,,"📊 Exchange Netflow (BTC): -11379.222587299999 raw: {""date"":""2025-12-23"",""netflow_total"":-11379.222587299999}",prj_MtGkw3thPHNkLHmFW6ZZjBU93wxT,,,,,
2025-12-24 13:45:32,1766583932409,cryptosignal-7l4999wfk-hadayalab-projects-projects.vercel.app/api/cron,GET,,200,ckj6d-1766583932173-efcd0ee63f36,vercel-cron/1.0,info,production,main,MISS,serverless,/api/cron,cryptosignal-7l4999wfk-hadayalab-projects-projects.vercel.app,cryptosignal-7l4999wfk-hadayalab-projects-projects.vercel.app,dpl_6z4uk7ksfaX6T1fsDhcwizy3kCGP,,,,,"📊 Miner Position Index (BTC): -0.5211564700986901 raw: {""date"":""2025-12-23"",""mpi"":-0.5211564700986901}",prj_MtGkw3thPHNkLHmFW6ZZjBU93wxT,,,,,
2025-12-24 13:45:32,1766583932173,cryptosignal-7l4999wfk-hadayalab-projects-projects.vercel.app/api/cron,GET,,200,ckj6d-1766583932173-efcd0ee63f36,vercel-cron/1.0,,production,main,MISS,serverless,/api/cron,cryptosignal-7l4999wfk-hadayalab-projects-projects.vercel.app,cryptosignal-7l4999wfk-hadayalab-projects-projects.vercel.app,dpl_6z4uk7ksfaX6T1fsDhcwizy3kCGP,285,iad1,272,2048,,prj_MtGkw3thPHNkLHmFW6ZZjBU93wxT,,,01KD89Q58V9P4ZFBV96ZR13EJD,6Vy0UQq1SVgF,1
2025-12-24 13:30:32,1766583032574,cryptosignal-7l4999wfk-hadayalab-projects-projects.vercel.app/api/cron,GET,,200,cnm5w-1766583032529-e33d8fe3b12a,vercel-cron/1.0,info,production,main,MISS,serverless,/api/cron,cryptosignal-7l4999wfk-hadayalab-projects-projects.vercel.app,cryptosignal-7l4999wfk-hadayalab-projects-projects.vercel.app,dpl_6z4uk7ksfaX6T1fsDhcwizy3kCGP,,,,,🚀 Cron Job Started: Whale Monitor,prj_MtGkw3thPHNkLHmFW6ZZjBU93wxT,,,,,
2025-12-24 13:30:32,1766583032574,cryptosignal-7l4999wfk-hadayalab-projects-projects.vercel.app/api/cron,GET,,200,cnm5w-1766583032529-e33d8fe3b12a,vercel-cron/1.0,info,production,main,MISS,serverless,/api/cron,cryptosignal-7l4999wfk-hadayalab-projects-projects.vercel.app,cryptosignal-7l4999wfk-hadayalab-projects-projects.vercel.app,dpl_6z4uk7ksfaX6T1fsDhcwizy3kCGP,,,,,"Slot check => utcHour=13, utcMinute=30, isRegularSlot=false, force=false",prj_MtGkw3thPHNkLHmFW6ZZjBU93wxT,,,,,
2025-12-24 13:30:32,1766583032574,cryptosignal-7l4999wfk-hadayalab-projects-projects.vercel.app/api/cron,GET,,200,cnm5w-1766583032529-e33d8fe3b12a,vercel-cron/1.0,info,production,main,MISS,serverless,/api/cron,cryptosignal-7l4999wfk-hadayalab-projects-projects.vercel.app,cryptosignal-7l4999wfk-hadayalab-projects-projects.vercel.app,dpl_6z4uk7ksfaX6T1fsDhcwizy3kCGP,,,,,🌐 Fetching: https://api.cryptoquant.com/v1/btc/exchange-flows/netflow?exchange=all_exchange&window=day&limit=1,prj_MtGkw3thPHNkLHmFW6ZZjBU93wxT,,,,,
2025-12-24 13:30:32,1766583032576,cryptosignal-7l4999wfk-hadayalab-projects-projects.vercel.app/api/cron,GET,,200,cnm5w-1766583032529-e33d8fe3b12a,vercel-cron/1.0,info,production,main,MISS,serverless,/api/cron,cryptosignal-7l4999wfk-hadayalab-projects-projects.vercel.app,cryptosignal-7l4999wfk-hadayalab-projects-projects.vercel.app,dpl_6z4uk7ksfaX6T1fsDhcwizy3kCGP,,,,,🌐 Fetching: https://api.cryptoquant.com/v1/btc/flow-indicator/mpi?window=day&limit=1,prj_MtGkw3thPHNkLHmFW6ZZjBU93wxT,,,,,
2025-12-24 13:30:32,1766583032746,cryptosignal-7l4999wfk-hadayalab-projects-projects.vercel.app/api/cron,GET,,200,cnm5w-1766583032529-e33d8fe3b12a,vercel-cron/1.0,info,production,main,MISS,serverless,/api/cron,cryptosignal-7l4999wfk-hadayalab-projects-projects.vercel.app,cryptosignal-7l4999wfk-hadayalab-projects-projects.vercel.app,dpl_6z4uk7ksfaX6T1fsDhcwizy3kCGP,,,,,"📊 Exchange Netflow (BTC): -11379.222587299999 raw: {""date"":""2025-12-23"",""netflow_total"":-11379.222587299999}",prj_MtGkw3thPHNkLHmFW6ZZjBU93wxT,,,,,
2025-12-24 13:30:32,1766583032801,cryptosignal-7l4999wfk-hadayalab-projects-projects.vercel.app/api/cron,GET,,200,cnm5w-1766583032529-e33d8fe3b12a,vercel-cron/1.0,info,production,main,MISS,serverless,/api/cron,cryptosignal-7l4999wfk-hadayalab-projects-projects.vercel.app,cryptosignal-7l4999wfk-hadayalab-projects-projects.vercel.app,dpl_6z4uk7ksfaX6T1fsDhcwizy3kCGP,,,,,"📊 Miner Position Index (BTC): -0.5211564700986901 raw: {""date"":""2025-12-23"",""mpi"":-0.5211564700986901}",prj_MtGkw3thPHNkLHmFW6ZZjBU93wxT,,,,,
2025-12-24 13:30:32,1766583032529,cryptosignal-7l4999wfk-hadayalab-projects-projects.vercel.app/api/cron,GET,,200,cnm5w-1766583032529-e33d8fe3b12a,vercel-cron/1.0,,production,main,MISS,serverless,/api/cron,cryptosignal-7l4999wfk-hadayalab-projects-projects.vercel.app,cryptosignal-7l4999wfk-hadayalab-projects-projects.vercel.app,dpl_6z4uk7ksfaX6T1fsDhcwizy3kCGP,302,iad1,272,2048,,prj_MtGkw3thPHNkLHmFW6ZZjBU93wxT,,,01KD88VPPZPJABFXRQG4FN22K7,6Vy0UQq1SVgF,1
2025-12-24 13:15:32,1766582132262,cryptosignal-7l4999wfk-hadayalab-projects-projects.vercel.app/api/cron,GET,,200,8tw5b-1766582132196-a326577f5a15,vercel-cron/1.0,info,production,main,MISS,serverless,/api/cron,cryptosignal-7l4999wfk-hadayalab-projects-projects.vercel.app,cryptosignal-7l4999wfk-hadayalab-projects-projects.vercel.app,dpl_6z4uk7ksfaX6T1fsDhcwizy3kCGP,,,,,🚀 Cron Job Started: Whale Monitor,prj_MtGkw3thPHNkLHmFW6ZZjBU93wxT,,,,,
2025-12-24 13:15:32,1766582132262,cryptosignal-7l4999wfk-hadayalab-projects-projects.vercel.app/api/cron,GET,,200,8tw5b-1766582132196-a326577f5a15,vercel-cron/1.0,info,production,main,MISS,serverless,/api/cron,cryptosignal-7l4999wfk-hadayalab-projects-projects.vercel.app,cryptosignal-7l4999wfk-hadayalab-projects-projects.vercel.app,dpl_6z4uk7ksfaX6T1fsDhcwizy3kCGP,,,,,"Slot check => utcHour=13, utcMinute=15, isRegularSlot=false, force=false",prj_MtGkw3thPHNkLHmFW6ZZjBU93wxT,,,,,
2025-12-24 13:15:32,1766582132262,cryptosignal-7l4999wfk-hadayalab-projects-projects.vercel.app/api/cron,GET,,200,8tw5b-1766582132196-a326577f5a15,vercel-cron/1.0,info,production,main,MISS,serverless,/api/cron,cryptosignal-7l4999wfk-hadayalab-projects-projects.vercel.app,cryptosignal-7l4999wfk-hadayalab-projects-projects.vercel.app,dpl_6z4uk7ksfaX6T1fsDhcwizy3kCGP,,,,,🌐 Fetching: https://api.cryptoquant.com/v1/btc/exchange-flows/netflow?exchange=all_exchange&window=day&limit=1,prj_MtGkw3thPHNkLHmFW6ZZjBU93wxT,,,,,
2025-12-24 13:15:32,1766582132262,cryptosignal-7l4999wfk-hadayalab-projects-projects.vercel.app/api/cron,GET,,200,8tw5b-1766582132196-a326577f5a15,vercel-cron/1.0,info,production,main,MISS,serverless,/api/cron,cryptosignal-7l4999wfk-hadayalab-projects-projects.vercel.app,cryptosignal-7l4999wfk-hadayalab-projects-projects.vercel.app,dpl_6z4uk7ksfaX6T1fsDhcwizy3kCGP,,,,,🌐 Fetching: https://api.cryptoquant.com/v1/btc/flow-indicator/mpi?window=day&limit=1,prj_MtGkw3thPHNkLHmFW6ZZjBU93wxT,,,,,
2025-12-24 13:15:32,1766582132426,cryptosignal-7l4999wfk-hadayalab-projects-projects.vercel.app/api/cron,GET,,200,8tw5b-1766582132196-a326577f5a15,vercel-cron/1.0,info,production,main,MISS,serverless,/api/cron,cryptosignal-7l4999wfk-hadayalab-projects-projects.vercel.app,cryptosignal-7l4999wfk-hadayalab-projects-projects.vercel.app,dpl_6z4uk7ksfaX6T1fsDhcwizy3kCGP,,,,,"📊 Exchange Netflow (BTC): -11379.222587299999 raw: {""date"":""2025-12-23"",""netflow_total"":-11379.222587299999}",prj_MtGkw3thPHNkLHmFW6ZZjBU93wxT,,,,,
2025-12-24 13:15:32,1766582132473,cryptosignal-7l4999wfk-hadayalab-projects-projects.vercel.app/api/cron,GET,,200,8tw5b-1766582132196-a326577f5a15,vercel-cron/1.0,info,production,main,MISS,serverless,/api/cron,cryptosignal-7l4999wfk-hadayalab-projects-projects.vercel.app,cryptosignal-7l4999wfk-hadayalab-projects-projects.vercel.app,dpl_6z4uk7ksfaX6T1fsDhcwizy3kCGP,,,,,"📊 Miner Position Index (BTC): -0.5211564700986901 raw: {""date"":""2025-12-23"",""mpi"":-0.5211564700986901}",prj_MtGkw3thPHNkLHmFW6ZZjBU93wxT,,,,,
2025-12-24 13:15:32,1766582132196,cryptosignal-7l4999wfk-hadayalab-projects-projects.vercel.app/api/cron,GET,,200,8tw5b-1766582132196-a326577f5a15,vercel-cron/1.0,,production,main,MISS,serverless,/api/cron,cryptosignal-7l4999wfk-hadayalab-projects-projects.vercel.app,cryptosignal-7l4999wfk-hadayalab-projects-projects.vercel.app,dpl_6z4uk7ksfaX6T1fsDhcwizy3kCGP,281,iad1,272,2048,,prj_MtGkw3thPHNkLHmFW6ZZjBU93wxT,,,01KD8807G4G62HGEC4K58NTK8N,6Vy0UQq1SVgF,1
2025-12-24 13:00:32,1766581232356,cryptosignal-7l4999wfk-hadayalab-projects-projects.vercel.app/api/cron,GET,,200,xnbmj-1766581232319-3ca09c1f6637,vercel-cron/1.0,info,production,main,MISS,serverless,/api/cron,cryptosignal-7l4999wfk-hadayalab-projects-projects.vercel.app,cryptosignal-7l4999wfk-hadayalab-projects-projects.vercel.app,dpl_6z4uk7ksfaX6T1fsDhcwizy3kCGP,,,,,🚀 Cron Job Started: Whale Monitor,prj_MtGkw3thPHNkLHmFW6ZZjBU93wxT,,,,,
2025-12-24 13:00:32,1766581232356,cryptosignal-7l4999wfk-hadayalab-projects-projects.vercel.app/api/cron,GET,,200,xnbmj-1766581232319-3ca09c1f6637,vercel-cron/1.0,info,production,main,MISS,serverless,/api/cron,cryptosignal-7l4999wfk-hadayalab-projects-projects.vercel.app,cryptosignal-7l4999wfk-hadayalab-projects-projects.vercel.app,dpl_6z4uk7ksfaX6T1fsDhcwizy3kCGP,,,,,"Slot check => utcHour=13, utcMinute=0, isRegularSlot=false, force=false",prj_MtGkw3thPHNkLHmFW6ZZjBU93wxT,,,,,
2025-12-24 13:00:32,1766581232356,cryptosignal-7l4999wfk-hadayalab-projects-projects.vercel.app/api/cron,GET,,200,xnbmj-1766581232319-3ca09c1f6637,vercel-cron/1.0,info,production,main,MISS,serverless,/api/cron,cryptosignal-7l4999wfk-hadayalab-projects-projects.vercel.app,cryptosignal-7l4999wfk-hadayalab-projects-projects.vercel.app,dpl_6z4uk7ksfaX6T1fsDhcwizy3kCGP,,,,,🌐 Fetching: https://api.cryptoquant.com/v1/btc/exchange-flows/netflow?exchange=all_exchange&window=day&limit=1,prj_MtGkw3thPHNkLHmFW6ZZjBU93wxT,,,,,
2025-12-24 13:00:32,1766581232356,cryptosignal-7l4999wfk-hadayalab-projects-projects.vercel.app/api/cron,GET,,200,xnbmj-1766581232319-3ca09c1f6637,vercel-cron/1.0,info,production,main,MISS,serverless,/api/cron,cryptosignal-7l4999wfk-hadayalab-projects-projects.vercel.app,cryptosignal-7l4999wfk-hadayalab-projects-projects.vercel.app,dpl_6z4uk7ksfaX6T1fsDhcwizy3kCGP,,,,,🌐 Fetching: https://api.cryptoquant.com/v1/btc/flow-indicator/mpi?window=day&limit=1,prj_MtGkw3thPHNkLHmFW6ZZjBU93wxT,,,,,
2025-12-24 13:00:32,1766581232537,cryptosignal-7l4999wfk-hadayalab-projects-projects.vercel.app/api/cron,GET,,200,xnbmj-1766581232319-3ca09c1f6637,vercel-cron/1.0,info,production,main,MISS,serverless,/api/cron,cryptosignal-7l4999wfk-hadayalab-projects-projects.vercel.app,cryptosignal-7l4999wfk-hadayalab-projects-projects.vercel.app,dpl_6z4uk7ksfaX6T1fsDhcwizy3kCGP,,,,,"📊 Exchange Netflow (BTC): -11379.222587299999 raw: {""date"":""2025-12-23"",""netflow_total"":-11379.222587299999}",prj_MtGkw3thPHNkLHmFW6ZZjBU93wxT,,,,,
2025-12-24 13:00:32,1766581232612,cryptosignal-7l4999wfk-hadayalab-projects-projects.vercel.app/api/cron,GET,,200,xnbmj-1766581232319-3ca09c1f6637,vercel-cron/1.0,info,production,main,MISS,serverless,/api/cron,cryptosignal-7l4999wfk-hadayalab-projects-projects.vercel.app,cryptosignal-7l4999wfk-hadayalab-projects-projects.vercel.app,dpl_6z4uk7ksfaX6T1fsDhcwizy3kCGP,,,,,"📊 Miner Position Index (BTC): -0.5211564700986901 raw: {""date"":""2025-12-23"",""mpi"":-0.5211564700986901}",prj_MtGkw3thPHNkLHmFW6ZZjBU93wxT,,,,,
2025-12-24 13:00:32,1766581232319,cryptosignal-7l4999wfk-hadayalab-projects-projects.vercel.app/api/cron,GET,,200,xnbmj-1766581232319-3ca09c1f6637,vercel-cron/1.0,,production,main,MISS,serverless,/api/cron,cryptosignal-7l4999wfk-hadayalab-projects-projects.vercel.app,cryptosignal-7l4999wfk-hadayalab-projects-projects.vercel.app,dpl_6z4uk7ksfaX6T1fsDhcwizy3kCGP,344,iad1,272,2048,,prj_MtGkw3thPHNkLHmFW6ZZjBU93wxT,,,01KD874RPGWWKS9Z817HBXN7FF,6Vy0UQq1SVgF,1
2025-12-24 12:45:32,1766580332290,cryptosignal-7l4999wfk-hadayalab-projects-projects.vercel.app/api/cron,GET,,200,dqlq5-1766580332252-23b6d88a700c,vercel-cron/1.0,info,production,main,MISS,serverless,/api/cron,cryptosignal-7l4999wfk-hadayalab-projects-projects.vercel.app,cryptosignal-7l4999wfk-hadayalab-projects-projects.vercel.app,dpl_6z4uk7ksfaX6T1fsDhcwizy3kCGP,,,,,🚀 Cron Job Started: Whale Monitor,prj_MtGkw3thPHNkLHmFW6ZZjBU93wxT,,,,,
2025-12-24 12:45:32,1766580332290,cryptosignal-7l4999wfk-hadayalab-projects-projects.vercel.app/api/cron,GET,,200,dqlq5-1766580332252-23b6d88a700c,vercel-cron/1.0,info,production,main,MISS,serverless,/api/cron,cryptosignal-7l4999wfk-hadayalab-projects-projects.vercel.app,cryptosignal-7l4999wfk-hadayalab-projects-projects.vercel.app,dpl_6z4uk7ksfaX6T1fsDhcwizy3kCGP,,,,,"Slot check => utcHour=12, utcMinute=45, isRegularSlot=false, force=false",prj_MtGkw3thPHNkLHmFW6ZZjBU93wxT,,,,,
2025-12-24 12:45:32,1766580332290,cryptosignal-7l4999wfk-hadayalab-projects-projects.vercel.app/api/cron,GET,,200,dqlq5-1766580332252-23b6d88a700c,vercel-cron/1.0,info,production,main,MISS,serverless,/api/cron,cryptosignal-7l4999wfk-hadayalab-projects-projects.vercel.app,cryptosignal-7l4999wfk-hadayalab-projects-projects.vercel.app,dpl_6z4uk7ksfaX6T1fsDhcwizy3kCGP,,,,,🌐 Fetching: https://api.cryptoquant.com/v1/btc/exchange-flows/netflow?exchange=all_exchange&window=day&limit=1,prj_MtGkw3thPHNkLHmFW6ZZjBU93wxT,,,,,
2025-12-24 12:45:32,1766580332290,cryptosignal-7l4999wfk-hadayalab-projects-projects.vercel.app/api/cron,GET,,200,dqlq5-1766580332252-23b6d88a700c,vercel-cron/1.0,info,production,main,MISS,serverless,/api/cron,cryptosignal-7l4999wfk-hadayalab-projects-projects.vercel.app,cryptosignal-7l4999wfk-hadayalab-projects-projects.vercel.app,dpl_6z4uk7ksfaX6T1fsDhcwizy3kCGP,,,,,🌐 Fetching: https://api.cryptoquant.com/v1/btc/flow-indicator/mpi?window=day&limit=1,prj_MtGkw3thPHNkLHmFW6ZZjBU93wxT,,,,,
2025-12-24 12:45:32,1766580332491,cryptosignal-7l4999wfk-hadayalab-projects-projects.vercel.app/api/cron,GET,,200,dqlq5-1766580332252-23b6d88a700c,vercel-cron/1.0,info,production,main,MISS,serverless,/api/cron,cryptosignal-7l4999wfk-hadayalab-projects-projects.vercel.app,cryptosignal-7l4999wfk-hadayalab-projects-projects.vercel.app,dpl_6z4uk7ksfaX6T1fsDhcwizy3kCGP,,,,,"📊 Exchange Netflow (BTC): -11379.222587299999 raw: {""date"":""2025-12-23"",""netflow_total"":-11379.222587299999}",prj_MtGkw3thPHNkLHmFW6ZZjBU93wxT,,,,,
2025-12-24 12:45:32,1766580332500,cryptosignal-7l4999wfk-hadayalab-projects-projects.vercel.app/api/cron,GET,,200,dqlq5-1766580332252-23b6d88a700c,vercel-cron/1.0,info,production,main,MISS,serverless,/api/cron,cryptosignal-7l4999wfk-hadayalab-projects-projects.vercel.app,cryptosignal-7l4999wfk-hadayalab-projects-projects.vercel.app,dpl_6z4uk7ksfaX6T1fsDhcwizy3kCGP,,,,,"📊 Miner Position Index (BTC): -0.5211564700986901 raw: {""date"":""2025-12-23"",""mpi"":-0.5211564700986901}",prj_MtGkw3thPHNkLHmFW6ZZjBU93wxT,,,,,
2025-12-24 12:45:32,1766580332252,cryptosignal-7l4999wfk-hadayalab-projects-projects.vercel.app/api/cron,GET,,200,dqlq5-1766580332252-23b6d88a700c,vercel-cron/1.0,,production,main,MISS,serverless,/api/cron,cryptosignal-7l4999wfk-hadayalab-projects-projects.vercel.app,cryptosignal-7l4999wfk-hadayalab-projects-projects.vercel.app,dpl_6z4uk7ksfaX6T1fsDhcwizy3kCGP,302,iad1,271,2048,,prj_MtGkw3thPHNkLHmFW6ZZjBU93wxT,,,01KD8699QBRM4Z38ZQKQJ4NWYM,6Vy0UQq1SVgF,1
2025-12-24 12:30:32,1766579432305,cryptosignal-7l4999wfk-hadayalab-projects-projects.vercel.app/api/cron,GET,,200,5llv7-1766579432250-019736900182,vercel-cron/1.0,info,production,main,MISS,serverless,/api/cron,cryptosignal-7l4999wfk-hadayalab-projects-projects.vercel.app,cryptosignal-7l4999wfk-hadayalab-projects-projects.vercel.app,dpl_6z4uk7ksfaX6T1fsDhcwizy3kCGP,,,,,🚀 Cron Job Started: Whale Monitor,prj_MtGkw3thPHNkLHmFW6ZZjBU93wxT,,,,,
2025-12-24 12:30:32,1766579432305,cryptosignal-7l4999wfk-hadayalab-projects-projects.vercel.app/api/cron,GET,,200,5llv7-1766579432250-019736900182,vercel-cron/1.0,info,production,main,MISS,serverless,/api/cron,cryptosignal-7l4999wfk-hadayalab-projects-projects.vercel.app,cryptosignal-7l4999wfk-hadayalab-projects-projects.vercel.app,dpl_6z4uk7ksfaX6T1fsDhcwizy3kCGP,,,,,"Slot check => utcHour=12, utcMinute=30, isRegularSlot=false, force=false",prj_MtGkw3thPHNkLHmFW6ZZjBU93wxT,,,,,
2025-12-24 12:30:32,1766579432305,cryptosignal-7l4999wfk-hadayalab-projects-projects.vercel.app/api/cron,GET,,200,5llv7-1766579432250-019736900182,vercel-cron/1.0,info,production,main,MISS,serverless,/api/cron,cryptosignal-7l4999wfk-hadayalab-projects-projects.vercel.app,cryptosignal-7l4999wfk-hadayalab-projects-projects.vercel.app,dpl_6z4uk7ksfaX6T1fsDhcwizy3kCGP,,,,,🌐 Fetching: https://api.cryptoquant.com/v1/btc/exchange-flows/netflow?exchange=all_exchange&window=day&limit=1,prj_MtGkw3thPHNkLHmFW6ZZjBU93wxT,,,,,
2025-12-24 12:30:32,1766579432305,cryptosignal-7l4999wfk-hadayalab-projects-projects.vercel.app/api/cron,GET,,200,5llv7-1766579432250-019736900182,vercel-cron/1.0,info,production,main,MISS,serverless,/api/cron,cryptosignal-7l4999wfk-hadayalab-projects-projects.vercel.app,cryptosignal-7l4999wfk-hadayalab-projects-projects.vercel.app,dpl_6z4uk7ksfaX6T1fsDhcwizy3kCGP,,,,,🌐 Fetching: https://api.cryptoquant.com/v1/btc/flow-indicator/mpi?window=day&limit=1,prj_MtGkw3thPHNkLHmFW6ZZjBU93wxT,,,,,
2025-12-24 12:30:32,1766579432466,cryptosignal-7l4999wfk-hadayalab-projects-projects.vercel.app/api/cron,GET,,200,5llv7-1766579432250-019736900182,vercel-cron/1.0,info,production,main,MISS,serverless,/api/cron,cryptosignal-7l4999wfk-hadayalab-projects-projects.vercel.app,cryptosignal-7l4999wfk-hadayalab-projects-projects.vercel.app,dpl_6z4uk7ksfaX6T1fsDhcwizy3kCGP,,,,,"📊 Exchange Netflow (BTC): -11379.222587299999 raw: {""date"":""2025-12-23"",""netflow_total"":-11379.222587299999}",prj_MtGkw3thPHNkLHmFW6ZZjBU93wxT,,,,,
2025-12-24 12:30:32,1766579432488,cryptosignal-7l4999wfk-hadayalab-projects-projects.vercel.app/api/cron,GET,,200,5llv7-1766579432250-019736900182,vercel-cron/1.0,info,production,main,MISS,serverless,/api/cron,cryptosignal-7l4999wfk-hadayalab-projects-projects.vercel.app,cryptosignal-7l4999wfk-hadayalab-projects-projects.vercel.app,dpl_6z4uk7ksfaX6T1fsDhcwizy3kCGP,,,,,"📊 Miner Position Index (BTC): -0.5211564700986901 raw: {""date"":""2025-12-23"",""mpi"":-0.5211564700986901}",prj_MtGkw3thPHNkLHmFW6ZZjBU93wxT,,,,,
2025-12-24 12:30:32,1766579432250,cryptosignal-7l4999wfk-hadayalab-projects-projects.vercel.app/api/cron,GET,,200,5llv7-1766579432250-019736900182,vercel-cron/1.0,,production,main,MISS,serverless,/api/cron,cryptosignal-7l4999wfk-hadayalab-projects-projects.vercel.app,cryptosignal-7l4999wfk-hadayalab-projects-projects.vercel.app,dpl_6z4uk7ksfaX6T1fsDhcwizy3kCGP,274,iad1,271,2048,,prj_MtGkw3thPHNkLHmFW6ZZjBU93wxT,,,01KD85DTTWF8Z13PAJGY4XT1MD,6Vy0UQq1SVgF,1