TimeUTC,timestampInMs,requestPath,requestMethod,requestQueryString,responseStatusCode,requestId,requestUserAgent,level,environment,branch,vercelCache,type,function,host,deploymentDomain,deploymentId,durationMs,region,maxMemoryUsed,memorySize,message,projectId,traceId,sessionId,invocationId,instanceId,concurrency
2025-12-25 00:30:11,1766622611125,cryptosignal-ai-ap05shsgh-hadayalab-projects-projects.vercel.app/api/cron,GET,,,8f4d6-1766622611075-f66513b32364,vercel-cron/1.0,info,production,main,,serverless,,cryptosignal-ai-ap05shsgh-hadayalab-projects-projects.vercel.app,cryptosignal-ai-ap05shsgh-hadayalab-projects-projects.vercel.app,dpl_AAnKoonheaRbtT2xpLVuNVJgtPCL,,,,,🚀 Cron Job Started: Whale Monitor,prj_aXVQjKQv7csNrAorIFwxVWlHYLQE,,,,,
2025-12-25 00:30:11,1766622611125,cryptosignal-ai-ap05shsgh-hadayalab-projects-projects.vercel.app/api/cron,GET,,,8f4d6-1766622611075-f66513b32364,vercel-cron/1.0,info,production,main,,serverless,,cryptosignal-ai-ap05shsgh-hadayalab-projects-projects.vercel.app,cryptosignal-ai-ap05shsgh-hadayalab-projects-projects.vercel.app,dpl_AAnKoonheaRbtT2xpLVuNVJgtPCL,,,,,"Slot check => utcHour=0, utcMinute=30, isRegularSlot=false, force=false",prj_aXVQjKQv7csNrAorIFwxVWlHYLQE,,,,,
2025-12-25 00:30:11,1766622611125,cryptosignal-ai-ap05shsgh-hadayalab-projects-projects.vercel.app/api/cron,GET,,,8f4d6-1766622611075-f66513b32364,vercel-cron/1.0,info,production,main,,serverless,,cryptosignal-ai-ap05shsgh-hadayalab-projects-projects.vercel.app,cryptosignal-ai-ap05shsgh-hadayalab-projects-projects.vercel.app,dpl_AAnKoonheaRbtT2xpLVuNVJgtPCL,,,,,🌐 Fetching: https://api.cryptoquant.com/v1/btc/exchange-flows/netflow?exchange=all_exchange&window=day&limit=1,prj_aXVQjKQv7csNrAorIFwxVWlHYLQE,,,,,
2025-12-25 00:30:11,1766622611126,cryptosignal-ai-ap05shsgh-hadayalab-projects-projects.vercel.app/api/cron,GET,,,8f4d6-1766622611075-f66513b32364,vercel-cron/1.0,info,production,main,,serverless,,cryptosignal-ai-ap05shsgh-hadayalab-projects-projects.vercel.app,cryptosignal-ai-ap05shsgh-hadayalab-projects-projects.vercel.app,dpl_AAnKoonheaRbtT2xpLVuNVJgtPCL,,,,,🌐 Fetching: https://api.cryptoquant.com/v1/btc/flow-indicator/mpi?window=day&limit=1,prj_aXVQjKQv7csNrAorIFwxVWlHYLQE,,,,,
2025-12-25 00:15:11,1766621711160,cryptosignal-ai-ap05shsgh-hadayalab-projects-projects.vercel.app/api/cron,GET,,200,jv57g-1766621711091-33d7fe4dde6d,vercel-cron/1.0,info,production,main,MISS,serverless,/api/cron,cryptosignal-ai-ap05shsgh-hadayalab-projects-projects.vercel.app,cryptosignal-ai-ap05shsgh-hadayalab-projects-projects.vercel.app,dpl_AAnKoonheaRbtT2xpLVuNVJgtPCL,,,,,🚀 Cron Job Started: Whale Monitor,prj_aXVQjKQv7csNrAorIFwxVWlHYLQE,,,,,
2025-12-25 00:15:11,1766621711164,cryptosignal-ai-ap05shsgh-hadayalab-projects-projects.vercel.app/api/cron,GET,,200,jv57g-1766621711091-33d7fe4dde6d,vercel-cron/1.0,info,production,main,MISS,serverless,/api/cron,cryptosignal-ai-ap05shsgh-hadayalab-projects-projects.vercel.app,cryptosignal-ai-ap05shsgh-hadayalab-projects-projects.vercel.app,dpl_AAnKoonheaRbtT2xpLVuNVJgtPCL,,,,,"Slot check => utcHour=0, utcMinute=15, isRegularSlot=false, force=false",prj_aXVQjKQv7csNrAorIFwxVWlHYLQE,,,,,
2025-12-25 00:15:11,1766621711164,cryptosignal-ai-ap05shsgh-hadayalab-projects-projects.vercel.app/api/cron,GET,,200,jv57g-1766621711091-33d7fe4dde6d,vercel-cron/1.0,info,production,main,MISS,serverless,/api/cron,cryptosignal-ai-ap05shsgh-hadayalab-projects-projects.vercel.app,cryptosignal-ai-ap05shsgh-hadayalab-projects-projects.vercel.app,dpl_AAnKoonheaRbtT2xpLVuNVJgtPCL,,,,,🌐 Fetching: https://api.cryptoquant.com/v1/btc/exchange-flows/netflow?exchange=all_exchange&window=day&limit=1,prj_aXVQjKQv7csNrAorIFwxVWlHYLQE,,,,,
2025-12-25 00:15:11,1766621711248,cryptosignal-ai-ap05shsgh-hadayalab-projects-projects.vercel.app/api/cron,GET,,200,jv57g-1766621711091-33d7fe4dde6d,vercel-cron/1.0,info,production,main,MISS,serverless,/api/cron,cryptosignal-ai-ap05shsgh-hadayalab-projects-projects.vercel.app,cryptosignal-ai-ap05shsgh-hadayalab-projects-projects.vercel.app,dpl_AAnKoonheaRbtT2xpLVuNVJgtPCL,,,,,🌐 Fetching: https://api.cryptoquant.com/v1/btc/flow-indicator/mpi?window=day&limit=1,prj_aXVQjKQv7csNrAorIFwxVWlHYLQE,,,,,
2025-12-25 00:15:11,1766621711250,cryptosignal-ai-ap05shsgh-hadayalab-projects-projects.vercel.app/api/cron,GET,,200,jv57g-1766621711091-33d7fe4dde6d,vercel-cron/1.0,error,production,main,MISS,serverless,/api/cron,cryptosignal-ai-ap05shsgh-hadayalab-projects-projects.vercel.app,cryptosignal-ai-ap05shsgh-hadayalab-projects-projects.vercel.app,dpl_AAnKoonheaRbtT2xpLVuNVJgtPCL,,,,,"(node:4) [DEP0169] DeprecationWarning: `url.parse()` behavior is not standardized and prone to errors that have security implications. Use the WHATWG URL API instead. CVEs are not issued for `url.parse()` vulnerabilities.
(Use `node --trace-deprecation ...` to show where the warning was created)",prj_aXVQjKQv7csNrAorIFwxVWlHYLQE,,,,,
2025-12-25 00:15:11,1766621711488,cryptosignal-ai-ap05shsgh-hadayalab-projects-projects.vercel.app/api/cron,GET,,200,jv57g-1766621711091-33d7fe4dde6d,vercel-cron/1.0,info,production,main,MISS,serverless,/api/cron,cryptosignal-ai-ap05shsgh-hadayalab-projects-projects.vercel.app,cryptosignal-ai-ap05shsgh-hadayalab-projects-projects.vercel.app,dpl_AAnKoonheaRbtT2xpLVuNVJgtPCL,,,,,"📊 Miner Position Index (BTC): -0.5211564700986901 raw: {""date"":""2025-12-23"",""mpi"":-0.5211564700986901}",prj_aXVQjKQv7csNrAorIFwxVWlHYLQE,,,,,
2025-12-25 00:15:11,1766621711512,cryptosignal-ai-ap05shsgh-hadayalab-projects-projects.vercel.app/api/cron,GET,,200,jv57g-1766621711091-33d7fe4dde6d,vercel-cron/1.0,info,production,main,MISS,serverless,/api/cron,cryptosignal-ai-ap05shsgh-hadayalab-projects-projects.vercel.app,cryptosignal-ai-ap05shsgh-hadayalab-projects-projects.vercel.app,dpl_AAnKoonheaRbtT2xpLVuNVJgtPCL,,,,,"📊 Exchange Netflow (BTC): -11379.222587299999 raw: {""date"":""2025-12-23"",""netflow_total"":-11379.222587299999}",prj_aXVQjKQv7csNrAorIFwxVWlHYLQE,,,,,
2025-12-25 00:15:11,1766621711091,cryptosignal-ai-ap05shsgh-hadayalab-projects-projects.vercel.app/api/cron,GET,,200,jv57g-1766621711091-33d7fe4dde6d,vercel-cron/1.0,,production,main,MISS,serverless,/api/cron,cryptosignal-ai-ap05shsgh-hadayalab-projects-projects.vercel.app,cryptosignal-ai-ap05shsgh-hadayalab-projects-projects.vercel.app,dpl_AAnKoonheaRbtT2xpLVuNVJgtPCL,447,iad1,270,2048,,prj_aXVQjKQv7csNrAorIFwxVWlHYLQE,,,01KD9DR2RQA005BN6ZDZ38P2C6,BKRxlNK88Uxh,1
2025-12-25 00:00:11,1766620811161,cryptosignal-ai-ap05shsgh-hadayalab-projects-projects.vercel.app/api/cron,GET,,200,c8t9s-1766620811120-66fd24af8889,vercel-cron/1.0,info,production,main,MISS,serverless,/api/cron,cryptosignal-ai-ap05shsgh-hadayalab-projects-projects.vercel.app,cryptosignal-ai-ap05shsgh-hadayalab-projects-projects.vercel.app,dpl_AAnKoonheaRbtT2xpLVuNVJgtPCL,,,,,🚀 Cron Job Started: Whale Monitor,prj_aXVQjKQv7csNrAorIFwxVWlHYLQE,,,,,
2025-12-25 00:00:11,1766620811161,cryptosignal-ai-ap05shsgh-hadayalab-projects-projects.vercel.app/api/cron,GET,,200,c8t9s-1766620811120-66fd24af8889,vercel-cron/1.0,info,production,main,MISS,serverless,/api/cron,cryptosignal-ai-ap05shsgh-hadayalab-projects-projects.vercel.app,cryptosignal-ai-ap05shsgh-hadayalab-projects-projects.vercel.app,dpl_AAnKoonheaRbtT2xpLVuNVJgtPCL,,,,,"Slot check => utcHour=0, utcMinute=0, isRegularSlot=true, force=false",prj_aXVQjKQv7csNrAorIFwxVWlHYLQE,,,,,
2025-12-25 00:00:11,1766620811161,cryptosignal-ai-ap05shsgh-hadayalab-projects-projects.vercel.app/api/cron,GET,,200,c8t9s-1766620811120-66fd24af8889,vercel-cron/1.0,info,production,main,MISS,serverless,/api/cron,cryptosignal-ai-ap05shsgh-hadayalab-projects-projects.vercel.app,cryptosignal-ai-ap05shsgh-hadayalab-projects-projects.vercel.app,dpl_AAnKoonheaRbtT2xpLVuNVJgtPCL,,,,,🌐 Fetching: https://api.cryptoquant.com/v1/btc/exchange-flows/netflow?exchange=all_exchange&window=day&limit=1,prj_aXVQjKQv7csNrAorIFwxVWlHYLQE,,,,,
2025-12-25 00:00:11,1766620811161,cryptosignal-ai-ap05shsgh-hadayalab-projects-projects.vercel.app/api/cron,GET,,200,c8t9s-1766620811120-66fd24af8889,vercel-cron/1.0,info,production,main,MISS,serverless,/api/cron,cryptosignal-ai-ap05shsgh-hadayalab-projects-projects.vercel.app,cryptosignal-ai-ap05shsgh-hadayalab-projects-projects.vercel.app,dpl_AAnKoonheaRbtT2xpLVuNVJgtPCL,,,,,🌐 Fetching: https://api.cryptoquant.com/v1/btc/flow-indicator/mpi?window=day&limit=1,prj_aXVQjKQv7csNrAorIFwxVWlHYLQE,,,,,
2025-12-25 00:00:11,1766620811354,cryptosignal-ai-ap05shsgh-hadayalab-projects-projects.vercel.app/api/cron,GET,,200,c8t9s-1766620811120-66fd24af8889,vercel-cron/1.0,info,production,main,MISS,serverless,/api/cron,cryptosignal-ai-ap05shsgh-hadayalab-projects-projects.vercel.app,cryptosignal-ai-ap05shsgh-hadayalab-projects-projects.vercel.app,dpl_AAnKoonheaRbtT2xpLVuNVJgtPCL,,,,,"📊 Exchange Netflow (BTC): -11379.222587299999 raw: {""date"":""2025-12-23"",""netflow_total"":-11379.222587299999}",prj_aXVQjKQv7csNrAorIFwxVWlHYLQE,,,,,
2025-12-25 00:00:11,1766620811358,cryptosignal-ai-ap05shsgh-hadayalab-projects-projects.vercel.app/api/cron,GET,,200,c8t9s-1766620811120-66fd24af8889,vercel-cron/1.0,info,production,main,MISS,serverless,/api/cron,cryptosignal-ai-ap05shsgh-hadayalab-projects-projects.vercel.app,cryptosignal-ai-ap05shsgh-hadayalab-projects-projects.vercel.app,dpl_AAnKoonheaRbtT2xpLVuNVJgtPCL,,,,,"📊 Miner Position Index (BTC): -0.5211564700986901 raw: {""date"":""2025-12-23"",""mpi"":-0.5211564700986901}",prj_aXVQjKQv7csNrAorIFwxVWlHYLQE,,,,,
2025-12-25 00:00:50,1766620850943,cryptosignal-ai-ap05shsgh-hadayalab-projects-projects.vercel.app/api/cron,GET,,200,c8t9s-1766620811120-66fd24af8889,vercel-cron/1.0,info,production,main,MISS,serverless,/api/cron,cryptosignal-ai-ap05shsgh-hadayalab-projects-projects.vercel.app,cryptosignal-ai-ap05shsgh-hadayalab-projects-projects.vercel.app,dpl_AAnKoonheaRbtT2xpLVuNVJgtPCL,,,,,Sending REGULAR message...,prj_aXVQjKQv7csNrAorIFwxVWlHYLQE,,,,,
2025-12-25 00:00:50,1766620850943,cryptosignal-ai-ap05shsgh-hadayalab-projects-projects.vercel.app/api/cron,GET,,200,c8t9s-1766620811120-66fd24af8889,vercel-cron/1.0,info,production,main,MISS,serverless,/api/cron,cryptosignal-ai-ap05shsgh-hadayalab-projects-projects.vercel.app,cryptosignal-ai-ap05shsgh-hadayalab-projects-projects.vercel.app,dpl_AAnKoonheaRbtT2xpLVuNVJgtPCL,,,,,🌐 Fetching: https://api.cryptoquant.com/v1/btc/exchange-flows/netflow?exchange=all_exchange&window=day&limit=1,prj_aXVQjKQv7csNrAorIFwxVWlHYLQE,,,,,
2025-12-25 00:00:50,1766620850945,cryptosignal-ai-ap05shsgh-hadayalab-projects-projects.vercel.app/api/cron,GET,,200,c8t9s-1766620811120-66fd24af8889,vercel-cron/1.0,info,production,main,MISS,serverless,/api/cron,cryptosignal-ai-ap05shsgh-hadayalab-projects-projects.vercel.app,cryptosignal-ai-ap05shsgh-hadayalab-projects-projects.vercel.app,dpl_AAnKoonheaRbtT2xpLVuNVJgtPCL,,,,,🌐 Fetching: https://api.cryptoquant.com/v1/btc/flow-indicator/mpi?window=day&limit=1,prj_aXVQjKQv7csNrAorIFwxVWlHYLQE,,,,,
2025-12-25 00:00:51,1766620851115,cryptosignal-ai-ap05shsgh-hadayalab-projects-projects.vercel.app/api/cron,GET,,200,c8t9s-1766620811120-66fd24af8889,vercel-cron/1.0,info,production,main,MISS,serverless,/api/cron,cryptosignal-ai-ap05shsgh-hadayalab-projects-projects.vercel.app,cryptosignal-ai-ap05shsgh-hadayalab-projects-projects.vercel.app,dpl_AAnKoonheaRbtT2xpLVuNVJgtPCL,,,,,"📊 Exchange Netflow (BTC): -11379.222587299999 raw: {""date"":""2025-12-23"",""netflow_total"":-11379.222587299999}",prj_aXVQjKQv7csNrAorIFwxVWlHYLQE,,,,,
2025-12-25 00:00:51,1766620851124,cryptosignal-ai-ap05shsgh-hadayalab-projects-projects.vercel.app/api/cron,GET,,200,c8t9s-1766620811120-66fd24af8889,vercel-cron/1.0,info,production,main,MISS,serverless,/api/cron,cryptosignal-ai-ap05shsgh-hadayalab-projects-projects.vercel.app,cryptosignal-ai-ap05shsgh-hadayalab-projects-projects.vercel.app,dpl_AAnKoonheaRbtT2xpLVuNVJgtPCL,,,,,"📊 Miner Position Index (BTC): -0.5211564700986901 raw: {""date"":""2025-12-23"",""mpi"":-0.5211564700986901}",prj_aXVQjKQv7csNrAorIFwxVWlHYLQE,,,,,
2025-12-25 00:00:51,1766620851630,cryptosignal-ai-ap05shsgh-hadayalab-projects-projects.vercel.app/api/cron,GET,,200,c8t9s-1766620811120-66fd24af8889,vercel-cron/1.0,info,production,main,MISS,serverless,/api/cron,cryptosignal-ai-ap05shsgh-hadayalab-projects-projects.vercel.app,cryptosignal-ai-ap05shsgh-hadayalab-projects-projects.vercel.app,dpl_AAnKoonheaRbtT2xpLVuNVJgtPCL,,,,,"📨 Telegram sent: {
  ""ok"": true,
  ""result"": {
    ""message_id"": 86,
    ""from"": {
      ""id"": 8308505214,
      ""is_bot"": true,
      ""first_name"": ""CryptoSignal AI ES"",
      ""username"": ""CryptoSignal_AI_ES_bot""
    },
    ""chat"": {
      ""id"": -1003486823408,
      ""title"": ""CryptoSignal AI – Starter Signals (ES)"",
      ""type"": ""supergroup""
    },
    ""date"": 1766620851,
    ""text"": ""📚 Dr. Grok Market Leak\nInforme de sesión @ 2025-12-25 00:00:11 UTC\n\n💰 Precio BTC: $87,619 (+0.24% / 24h)\n📊 Flujo neto de exchanges: Outflow 11379 BTC\n⛏ Miners' Position Index (MPI): -0.52\n🧠 Sentimiento: Extreme Fear\n\n📈 Puntuación de mercado: 19/100\n✅ Detector de trampas: No se detectan trampas críticas.\n\n🎯 Veredicto de trading\n🛡️ Señal: BUG STANDBY (Defense Active)\n• Entrada (spot ref.): $87,619\n• Modo: Bug Standby — sin ventaja clara. Mejor esperar y proteger capital.\n• Take Profit: n/a\n• Stop Loss: n/a\n\n🧬 Visión de Dr. Grok\nLo siguiente es una idea estratégica, no una señal oficial de entrada True Bug. Úsala solo si encaja con tu propio plan y gestión de riesgo.\n¡Ey trader! Soy Dr. Grok, tu coach crypto directo desde las trincheras de X. Vamos al grano con este snapshot de BTC.\n\nResumen rápido:\n- Precio: $87,619 USD (+0.24% en 24h). Subida ligera, pero el inflow negativo (-11k) y MPI bajista (-0.52) gritan salida de capital. Sentimiento: Extreme Fear – el pánico reina.\n- xSentiment: Ballenas neutrales (whaleBias 0), retail con FOMO medio (50), cero impacto de noticias. Score bajo (19.17) y signal: NONE. Sin trampa detectada.\n\nRiesgo primero: Mercado volátil en fear extremo – riesgo de dump si inflow empeora. No entres largo sin stops tight; outflows pueden acelerar caídas. Posible fakeout alcista con ese +0.24%, pero MPI negativo huele a trampa bajista sutil.\n\nTáctica recomendada: Hold o scalpea shorts en resistencias (mira $88k). Si rompe $87k abajo, ve short con SL en $88.5k. TP conservador en $85k. No FOMO retail – espera confirmación. Risk 1-2% por trade.\n\n¡Mantén la cabeza fría, no seas el que pierde la camisa! ¿Qué piensas de este setup?\n\nSolo para fines educativos. No constituye asesoramiento financiero.""
  }
}",prj_aXVQjKQv7csNrAorIFwxVWlHYLQE,,,,,
2025-12-25 00:00:11,1766620811120,cryptosignal-ai-ap05shsgh-hadayalab-projects-projects.vercel.app/api/cron,GET,,200,c8t9s-1766620811120-66fd24af8889,vercel-cron/1.0,,production,main,MISS,serverless,/api/cron,cryptosignal-ai-ap05shsgh-hadayalab-projects-projects.vercel.app,cryptosignal-ai-ap05shsgh-hadayalab-projects-projects.vercel.app,dpl_AAnKoonheaRbtT2xpLVuNVJgtPCL,40481,iad1,276,2048,,prj_aXVQjKQv7csNrAorIFwxVWlHYLQE,,,01KD9CWKVW3CRMYX8AZDHVY393,qdh5fwlX6Gq6,1
2025-12-24 23:45:11,1766619911197,cryptosignal-ai-ap05shsgh-hadayalab-projects-projects.vercel.app/api/cron,GET,,200,6c4sc-1766619911164-7eb574ceb5ac,vercel-cron/1.0,info,production,main,MISS,serverless,/api/cron,cryptosignal-ai-ap05shsgh-hadayalab-projects-projects.vercel.app,cryptosignal-ai-ap05shsgh-hadayalab-projects-projects.vercel.app,dpl_AAnKoonheaRbtT2xpLVuNVJgtPCL,,,,,🚀 Cron Job Started: Whale Monitor,prj_aXVQjKQv7csNrAorIFwxVWlHYLQE,,,,,
2025-12-24 23:45:11,1766619911198,cryptosignal-ai-ap05shsgh-hadayalab-projects-projects.vercel.app/api/cron,GET,,200,6c4sc-1766619911164-7eb574ceb5ac,vercel-cron/1.0,info,production,main,MISS,serverless,/api/cron,cryptosignal-ai-ap05shsgh-hadayalab-projects-projects.vercel.app,cryptosignal-ai-ap05shsgh-hadayalab-projects-projects.vercel.app,dpl_AAnKoonheaRbtT2xpLVuNVJgtPCL,,,,,"Slot check => utcHour=23, utcMinute=45, isRegularSlot=false, force=false",prj_aXVQjKQv7csNrAorIFwxVWlHYLQE,,,,,
2025-12-24 23:45:11,1766619911198,cryptosignal-ai-ap05shsgh-hadayalab-projects-projects.vercel.app/api/cron,GET,,200,6c4sc-1766619911164-7eb574ceb5ac,vercel-cron/1.0,info,production,main,MISS,serverless,/api/cron,cryptosignal-ai-ap05shsgh-hadayalab-projects-projects.vercel.app,cryptosignal-ai-ap05shsgh-hadayalab-projects-projects.vercel.app,dpl_AAnKoonheaRbtT2xpLVuNVJgtPCL,,,,,🌐 Fetching: https://api.cryptoquant.com/v1/btc/exchange-flows/netflow?exchange=all_exchange&window=day&limit=1,prj_aXVQjKQv7csNrAorIFwxVWlHYLQE,,,,,
2025-12-24 23:45:11,1766619911198,cryptosignal-ai-ap05shsgh-hadayalab-projects-projects.vercel.app/api/cron,GET,,200,6c4sc-1766619911164-7eb574ceb5ac,vercel-cron/1.0,info,production,main,MISS,serverless,/api/cron,cryptosignal-ai-ap05shsgh-hadayalab-projects-projects.vercel.app,cryptosignal-ai-ap05shsgh-hadayalab-projects-projects.vercel.app,dpl_AAnKoonheaRbtT2xpLVuNVJgtPCL,,,,,🌐 Fetching: https://api.cryptoquant.com/v1/btc/flow-indicator/mpi?window=day&limit=1,prj_aXVQjKQv7csNrAorIFwxVWlHYLQE,,,,,
2025-12-24 23:45:11,1766619911394,cryptosignal-ai-ap05shsgh-hadayalab-projects-projects.vercel.app/api/cron,GET,,200,6c4sc-1766619911164-7eb574ceb5ac,vercel-cron/1.0,info,production,main,MISS,serverless,/api/cron,cryptosignal-ai-ap05shsgh-hadayalab-projects-projects.vercel.app,cryptosignal-ai-ap05shsgh-hadayalab-projects-projects.vercel.app,dpl_AAnKoonheaRbtT2xpLVuNVJgtPCL,,,,,"📊 Miner Position Index (BTC): -0.5211564700986901 raw: {""date"":""2025-12-23"",""mpi"":-0.5211564700986901}",prj_aXVQjKQv7csNrAorIFwxVWlHYLQE,,,,,
2025-12-24 23:45:11,1766619911512,cryptosignal-ai-ap05shsgh-hadayalab-projects-projects.vercel.app/api/cron,GET,,200,6c4sc-1766619911164-7eb574ceb5ac,vercel-cron/1.0,info,production,main,MISS,serverless,/api/cron,cryptosignal-ai-ap05shsgh-hadayalab-projects-projects.vercel.app,cryptosignal-ai-ap05shsgh-hadayalab-projects-projects.vercel.app,dpl_AAnKoonheaRbtT2xpLVuNVJgtPCL,,,,,"📊 Exchange Netflow (BTC): -11379.222587299999 raw: {""date"":""2025-12-23"",""netflow_total"":-11379.222587299999}",prj_aXVQjKQv7csNrAorIFwxVWlHYLQE,,,,,
2025-12-24 23:45:11,1766619911164,cryptosignal-ai-ap05shsgh-hadayalab-projects-projects.vercel.app/api/cron,GET,,200,6c4sc-1766619911164-7eb574ceb5ac,vercel-cron/1.0,,production,main,MISS,serverless,/api/cron,cryptosignal-ai-ap05shsgh-hadayalab-projects-projects.vercel.app,cryptosignal-ai-ap05shsgh-hadayalab-projects-projects.vercel.app,dpl_AAnKoonheaRbtT2xpLVuNVJgtPCL,406,iad1,270,2048,,prj_aXVQjKQv7csNrAorIFwxVWlHYLQE,,,01KD9C150874RP62QGQ80F4VQP,qdh5fwlX6Gq6,1
2025-12-24 23:30:11,1766619011697,cryptosignal-ai-ap05shsgh-hadayalab-projects-projects.vercel.app/api/cron,GET,,200,b59xt-1766619011630-f16cfafa3e95,vercel-cron/1.0,info,production,main,MISS,serverless,/api/cron,cryptosignal-ai-ap05shsgh-hadayalab-projects-projects.vercel.app,cryptosignal-ai-ap05shsgh-hadayalab-projects-projects.vercel.app,dpl_AAnKoonheaRbtT2xpLVuNVJgtPCL,,,,,🚀 Cron Job Started: Whale Monitor,prj_aXVQjKQv7csNrAorIFwxVWlHYLQE,,,,,
2025-12-24 23:30:11,1766619011697,cryptosignal-ai-ap05shsgh-hadayalab-projects-projects.vercel.app/api/cron,GET,,200,b59xt-1766619011630-f16cfafa3e95,vercel-cron/1.0,info,production,main,MISS,serverless,/api/cron,cryptosignal-ai-ap05shsgh-hadayalab-projects-projects.vercel.app,cryptosignal-ai-ap05shsgh-hadayalab-projects-projects.vercel.app,dpl_AAnKoonheaRbtT2xpLVuNVJgtPCL,,,,,"Slot check => utcHour=23, utcMinute=30, isRegularSlot=false, force=false",prj_aXVQjKQv7csNrAorIFwxVWlHYLQE,,,,,
2025-12-24 23:30:11,1766619011697,cryptosignal-ai-ap05shsgh-hadayalab-projects-projects.vercel.app/api/cron,GET,,200,b59xt-1766619011630-f16cfafa3e95,vercel-cron/1.0,info,production,main,MISS,serverless,/api/cron,cryptosignal-ai-ap05shsgh-hadayalab-projects-projects.vercel.app,cryptosignal-ai-ap05shsgh-hadayalab-projects-projects.vercel.app,dpl_AAnKoonheaRbtT2xpLVuNVJgtPCL,,,,,🌐 Fetching: https://api.cryptoquant.com/v1/btc/exchange-flows/netflow?exchange=all_exchange&window=day&limit=1,prj_aXVQjKQv7csNrAorIFwxVWlHYLQE,,,,,
2025-12-24 23:30:11,1766619011697,cryptosignal-ai-ap05shsgh-hadayalab-projects-projects.vercel.app/api/cron,GET,,200,b59xt-1766619011630-f16cfafa3e95,vercel-cron/1.0,info,production,main,MISS,serverless,/api/cron,cryptosignal-ai-ap05shsgh-hadayalab-projects-projects.vercel.app,cryptosignal-ai-ap05shsgh-hadayalab-projects-projects.vercel.app,dpl_AAnKoonheaRbtT2xpLVuNVJgtPCL,,,,,🌐 Fetching: https://api.cryptoquant.com/v1/btc/flow-indicator/mpi?window=day&limit=1,prj_aXVQjKQv7csNrAorIFwxVWlHYLQE,,,,,
2025-12-24 23:30:11,1766619011858,cryptosignal-ai-ap05shsgh-hadayalab-projects-projects.vercel.app/api/cron,GET,,200,b59xt-1766619011630-f16cfafa3e95,vercel-cron/1.0,info,production,main,MISS,serverless,/api/cron,cryptosignal-ai-ap05shsgh-hadayalab-projects-projects.vercel.app,cryptosignal-ai-ap05shsgh-hadayalab-projects-projects.vercel.app,dpl_AAnKoonheaRbtT2xpLVuNVJgtPCL,,,,,"📊 Exchange Netflow (BTC): -11379.222587299999 raw: {""date"":""2025-12-23"",""netflow_total"":-11379.222587299999}",prj_aXVQjKQv7csNrAorIFwxVWlHYLQE,,,,,
2025-12-24 23:30:11,1766619011876,cryptosignal-ai-ap05shsgh-hadayalab-projects-projects.vercel.app/api/cron,GET,,200,b59xt-1766619011630-f16cfafa3e95,vercel-cron/1.0,info,production,main,MISS,serverless,/api/cron,cryptosignal-ai-ap05shsgh-hadayalab-projects-projects.vercel.app,cryptosignal-ai-ap05shsgh-hadayalab-projects-projects.vercel.app,dpl_AAnKoonheaRbtT2xpLVuNVJgtPCL,,,,,"📊 Miner Position Index (BTC): -0.5211564700986901 raw: {""date"":""2025-12-23"",""mpi"":-0.5211564700986901}",prj_aXVQjKQv7csNrAorIFwxVWlHYLQE,,,,,
2025-12-24 23:30:11,1766619011630,cryptosignal-ai-ap05shsgh-hadayalab-projects-projects.vercel.app/api/cron,GET,,200,b59xt-1766619011630-f16cfafa3e95,vercel-cron/1.0,,production,main,MISS,serverless,/api/cron,cryptosignal-ai-ap05shsgh-hadayalab-projects-projects.vercel.app,cryptosignal-ai-ap05shsgh-hadayalab-projects-projects.vercel.app,dpl_AAnKoonheaRbtT2xpLVuNVJgtPCL,287,iad1,269,2048,,prj_aXVQjKQv7csNrAorIFwxVWlHYLQE,,,01KD9B5PJM3VDG5WQ617SFRTBR,qdh5fwlX6Gq6,1
2025-12-24 23:15:11,1766618111314,cryptosignal-ai-ap05shsgh-hadayalab-projects-projects.vercel.app/api/cron,GET,,200,z2w6v-1766618111273-7905238e0ae3,vercel-cron/1.0,info,production,main,MISS,serverless,/api/cron,cryptosignal-ai-ap05shsgh-hadayalab-projects-projects.vercel.app,cryptosignal-ai-ap05shsgh-hadayalab-projects-projects.vercel.app,dpl_AAnKoonheaRbtT2xpLVuNVJgtPCL,,,,,🚀 Cron Job Started: Whale Monitor,prj_aXVQjKQv7csNrAorIFwxVWlHYLQE,,,,,
2025-12-24 23:15:11,1766618111314,cryptosignal-ai-ap05shsgh-hadayalab-projects-projects.vercel.app/api/cron,GET,,200,z2w6v-1766618111273-7905238e0ae3,vercel-cron/1.0,info,production,main,MISS,serverless,/api/cron,cryptosignal-ai-ap05shsgh-hadayalab-projects-projects.vercel.app,cryptosignal-ai-ap05shsgh-hadayalab-projects-projects.vercel.app,dpl_AAnKoonheaRbtT2xpLVuNVJgtPCL,,,,,"Slot check => utcHour=23, utcMinute=15, isRegularSlot=false, force=false",prj_aXVQjKQv7csNrAorIFwxVWlHYLQE,,,,,
2025-12-24 23:15:11,1766618111314,cryptosignal-ai-ap05shsgh-hadayalab-projects-projects.vercel.app/api/cron,GET,,200,z2w6v-1766618111273-7905238e0ae3,vercel-cron/1.0,info,production,main,MISS,serverless,/api/cron,cryptosignal-ai-ap05shsgh-hadayalab-projects-projects.vercel.app,cryptosignal-ai-ap05shsgh-hadayalab-projects-projects.vercel.app,dpl_AAnKoonheaRbtT2xpLVuNVJgtPCL,,,,,🌐 Fetching: https://api.cryptoquant.com/v1/btc/exchange-flows/netflow?exchange=all_exchange&window=day&limit=1,prj_aXVQjKQv7csNrAorIFwxVWlHYLQE,,,,,
2025-12-24 23:15:11,1766618111314,cryptosignal-ai-ap05shsgh-hadayalab-projects-projects.vercel.app/api/cron,GET,,200,z2w6v-1766618111273-7905238e0ae3,vercel-cron/1.0,info,production,main,MISS,serverless,/api/cron,cryptosignal-ai-ap05shsgh-hadayalab-projects-projects.vercel.app,cryptosignal-ai-ap05shsgh-hadayalab-projects-projects.vercel.app,dpl_AAnKoonheaRbtT2xpLVuNVJgtPCL,,,,,🌐 Fetching: https://api.cryptoquant.com/v1/btc/flow-indicator/mpi?window=day&limit=1,prj_aXVQjKQv7csNrAorIFwxVWlHYLQE,,,,,
2025-12-24 23:15:11,1766618111495,cryptosignal-ai-ap05shsgh-hadayalab-projects-projects.vercel.app/api/cron,GET,,200,z2w6v-1766618111273-7905238e0ae3,vercel-cron/1.0,info,production,main,MISS,serverless,/api/cron,cryptosignal-ai-ap05shsgh-hadayalab-projects-projects.vercel.app,cryptosignal-ai-ap05shsgh-hadayalab-projects-projects.vercel.app,dpl_AAnKoonheaRbtT2xpLVuNVJgtPCL,,,,,"📊 Exchange Netflow (BTC): -11379.222587299999 raw: {""date"":""2025-12-23"",""netflow_total"":-11379.222587299999}",prj_aXVQjKQv7csNrAorIFwxVWlHYLQE,,,,,
2025-12-24 23:15:11,1766618111506,cryptosignal-ai-ap05shsgh-hadayalab-projects-projects.vercel.app/api/cron,GET,,200,z2w6v-1766618111273-7905238e0ae3,vercel-cron/1.0,info,production,main,MISS,serverless,/api/cron,cryptosignal-ai-ap05shsgh-hadayalab-projects-projects.vercel.app,cryptosignal-ai-ap05shsgh-hadayalab-projects-projects.vercel.app,dpl_AAnKoonheaRbtT2xpLVuNVJgtPCL,,,,,"📊 Miner Position Index (BTC): -0.5211564700986901 raw: {""date"":""2025-12-23"",""mpi"":-0.5211564700986901}",prj_aXVQjKQv7csNrAorIFwxVWlHYLQE,,,,,
2025-12-24 23:15:11,1766618111273,cryptosignal-ai-ap05shsgh-hadayalab-projects-projects.vercel.app/api/cron,GET,,200,z2w6v-1766618111273-7905238e0ae3,vercel-cron/1.0,,production,main,MISS,serverless,/api/cron,cryptosignal-ai-ap05shsgh-hadayalab-projects-projects.vercel.app,cryptosignal-ai-ap05shsgh-hadayalab-projects-projects.vercel.app,dpl_AAnKoonheaRbtT2xpLVuNVJgtPCL,261,iad1,268,2048,,prj_aXVQjKQv7csNrAorIFwxVWlHYLQE,,,01KD9AA79V6KR1KCY5NSH5TDM4,qdh5fwlX6Gq6,1
2025-12-24 23:00:11,1766617211632,cryptosignal-ai-ap05shsgh-hadayalab-projects-projects.vercel.app/api/cron,GET,,200,hdgh8-1766617211599-c301035c8aec,vercel-cron/1.0,info,production,main,MISS,serverless,/api/cron,cryptosignal-ai-ap05shsgh-hadayalab-projects-projects.vercel.app,cryptosignal-ai-ap05shsgh-hadayalab-projects-projects.vercel.app,dpl_AAnKoonheaRbtT2xpLVuNVJgtPCL,,,,,🚀 Cron Job Started: Whale Monitor,prj_aXVQjKQv7csNrAorIFwxVWlHYLQE,,,,,
2025-12-24 23:00:11,1766617211632,cryptosignal-ai-ap05shsgh-hadayalab-projects-projects.vercel.app/api/cron,GET,,200,hdgh8-1766617211599-c301035c8aec,vercel-cron/1.0,info,production,main,MISS,serverless,/api/cron,cryptosignal-ai-ap05shsgh-hadayalab-projects-projects.vercel.app,cryptosignal-ai-ap05shsgh-hadayalab-projects-projects.vercel.app,dpl_AAnKoonheaRbtT2xpLVuNVJgtPCL,,,,,"Slot check => utcHour=23, utcMinute=0, isRegularSlot=false, force=false",prj_aXVQjKQv7csNrAorIFwxVWlHYLQE,,,,,
2025-12-24 23:00:11,1766617211632,cryptosignal-ai-ap05shsgh-hadayalab-projects-projects.vercel.app/api/cron,GET,,200,hdgh8-1766617211599-c301035c8aec,vercel-cron/1.0,info,production,main,MISS,serverless,/api/cron,cryptosignal-ai-ap05shsgh-hadayalab-projects-projects.vercel.app,cryptosignal-ai-ap05shsgh-hadayalab-projects-projects.vercel.app,dpl_AAnKoonheaRbtT2xpLVuNVJgtPCL,,,,,🌐 Fetching: https://api.cryptoquant.com/v1/btc/exchange-flows/netflow?exchange=all_exchange&window=day&limit=1,prj_aXVQjKQv7csNrAorIFwxVWlHYLQE,,,,,
2025-12-24 23:00:11,1766617211641,cryptosignal-ai-ap05shsgh-hadayalab-projects-projects.vercel.app/api/cron,GET,,200,hdgh8-1766617211599-c301035c8aec,vercel-cron/1.0,info,production,main,MISS,serverless,/api/cron,cryptosignal-ai-ap05shsgh-hadayalab-projects-projects.vercel.app,cryptosignal-ai-ap05shsgh-hadayalab-projects-projects.vercel.app,dpl_AAnKoonheaRbtT2xpLVuNVJgtPCL,,,,,🌐 Fetching: https://api.cryptoquant.com/v1/btc/flow-indicator/mpi?window=day&limit=1,prj_aXVQjKQv7csNrAorIFwxVWlHYLQE,,,,,
2025-12-24 23:00:11,1766617211821,cryptosignal-ai-ap05shsgh-hadayalab-projects-projects.vercel.app/api/cron,GET,,200,hdgh8-1766617211599-c301035c8aec,vercel-cron/1.0,info,production,main,MISS,serverless,/api/cron,cryptosignal-ai-ap05shsgh-hadayalab-projects-projects.vercel.app,cryptosignal-ai-ap05shsgh-hadayalab-projects-projects.vercel.app,dpl_AAnKoonheaRbtT2xpLVuNVJgtPCL,,,,,"📊 Exchange Netflow (BTC): -11379.222587299999 raw: {""date"":""2025-12-23"",""netflow_total"":-11379.222587299999}",prj_aXVQjKQv7csNrAorIFwxVWlHYLQE,,,,,
2025-12-24 23:00:11,1766617211863,cryptosignal-ai-ap05shsgh-hadayalab-projects-projects.vercel.app/api/cron,GET,,200,hdgh8-1766617211599-c301035c8aec,vercel-cron/1.0,info,production,main,MISS,serverless,/api/cron,cryptosignal-ai-ap05shsgh-hadayalab-projects-projects.vercel.app,cryptosignal-ai-ap05shsgh-hadayalab-projects-projects.vercel.app,dpl_AAnKoonheaRbtT2xpLVuNVJgtPCL,,,,,"📊 Miner Position Index (BTC): -0.5211564700986901 raw: {""date"":""2025-12-23"",""mpi"":-0.5211564700986901}",prj_aXVQjKQv7csNrAorIFwxVWlHYLQE,,,,,
2025-12-24 23:00:11,1766617211599,cryptosignal-ai-ap05shsgh-hadayalab-projects-projects.vercel.app/api/cron,GET,,200,hdgh8-1766617211599-c301035c8aec,vercel-cron/1.0,,production,main,MISS,serverless,/api/cron,cryptosignal-ai-ap05shsgh-hadayalab-projects-projects.vercel.app,cryptosignal-ai-ap05shsgh-hadayalab-projects-projects.vercel.app,dpl_AAnKoonheaRbtT2xpLVuNVJgtPCL,297,iad1,268,2048,,prj_aXVQjKQv7csNrAorIFwxVWlHYLQE,,,01KD99ERPXEGH84GV37H5F44CY,qdh5fwlX6Gq6,1
2025-12-24 22:45:11,1766616311240,cryptosignal-ai-ap05shsgh-hadayalab-projects-projects.vercel.app/api/cron,GET,,200,tq462-1766616311158-d527944e563c,vercel-cron/1.0,info,production,main,MISS,serverless,/api/cron,cryptosignal-ai-ap05shsgh-hadayalab-projects-projects.vercel.app,cryptosignal-ai-ap05shsgh-hadayalab-projects-projects.vercel.app,dpl_AAnKoonheaRbtT2xpLVuNVJgtPCL,,,,,🚀 Cron Job Started: Whale Monitor,prj_aXVQjKQv7csNrAorIFwxVWlHYLQE,,,,,
2025-12-24 22:45:11,1766616311240,cryptosignal-ai-ap05shsgh-hadayalab-projects-projects.vercel.app/api/cron,GET,,200,tq462-1766616311158-d527944e563c,vercel-cron/1.0,info,production,main,MISS,serverless,/api/cron,cryptosignal-ai-ap05shsgh-hadayalab-projects-projects.vercel.app,cryptosignal-ai-ap05shsgh-hadayalab-projects-projects.vercel.app,dpl_AAnKoonheaRbtT2xpLVuNVJgtPCL,,,,,"Slot check => utcHour=22, utcMinute=45, isRegularSlot=false, force=false",prj_aXVQjKQv7csNrAorIFwxVWlHYLQE,,,,,
2025-12-24 22:45:11,1766616311240,cryptosignal-ai-ap05shsgh-hadayalab-projects-projects.vercel.app/api/cron,GET,,200,tq462-1766616311158-d527944e563c,vercel-cron/1.0,info,production,main,MISS,serverless,/api/cron,cryptosignal-ai-ap05shsgh-hadayalab-projects-projects.vercel.app,cryptosignal-ai-ap05shsgh-hadayalab-projects-projects.vercel.app,dpl_AAnKoonheaRbtT2xpLVuNVJgtPCL,,,,,🌐 Fetching: https://api.cryptoquant.com/v1/btc/exchange-flows/netflow?exchange=all_exchange&window=day&limit=1,prj_aXVQjKQv7csNrAorIFwxVWlHYLQE,,,,,
2025-12-24 22:45:11,1766616311240,cryptosignal-ai-ap05shsgh-hadayalab-projects-projects.vercel.app/api/cron,GET,,200,tq462-1766616311158-d527944e563c,vercel-cron/1.0,info,production,main,MISS,serverless,/api/cron,cryptosignal-ai-ap05shsgh-hadayalab-projects-projects.vercel.app,cryptosignal-ai-ap05shsgh-hadayalab-projects-projects.vercel.app,dpl_AAnKoonheaRbtT2xpLVuNVJgtPCL,,,,,🌐 Fetching: https://api.cryptoquant.com/v1/btc/flow-indicator/mpi?window=day&limit=1,prj_aXVQjKQv7csNrAorIFwxVWlHYLQE,,,,,
2025-12-24 22:45:11,1766616311440,cryptosignal-ai-ap05shsgh-hadayalab-projects-projects.vercel.app/api/cron,GET,,200,tq462-1766616311158-d527944e563c,vercel-cron/1.0,info,production,main,MISS,serverless,/api/cron,cryptosignal-ai-ap05shsgh-hadayalab-projects-projects.vercel.app,cryptosignal-ai-ap05shsgh-hadayalab-projects-projects.vercel.app,dpl_AAnKoonheaRbtT2xpLVuNVJgtPCL,,,,,"📊 Exchange Netflow (BTC): -11379.222587299999 raw: {""date"":""2025-12-23"",""netflow_total"":-11379.222587299999}",prj_aXVQjKQv7csNrAorIFwxVWlHYLQE,,,,,
2025-12-24 22:45:11,1766616311442,cryptosignal-ai-ap05shsgh-hadayalab-projects-projects.vercel.app/api/cron,GET,,200,tq462-1766616311158-d527944e563c,vercel-cron/1.0,info,production,main,MISS,serverless,/api/cron,cryptosignal-ai-ap05shsgh-hadayalab-projects-projects.vercel.app,cryptosignal-ai-ap05shsgh-hadayalab-projects-projects.vercel.app,dpl_AAnKoonheaRbtT2xpLVuNVJgtPCL,,,,,"📊 Miner Position Index (BTC): -0.5211564700986901 raw: {""date"":""2025-12-23"",""mpi"":-0.5211564700986901}",prj_aXVQjKQv7csNrAorIFwxVWlHYLQE,,,,,
2025-12-24 22:45:11,1766616311158,cryptosignal-ai-ap05shsgh-hadayalab-projects-projects.vercel.app/api/cron,GET,,200,tq462-1766616311158-d527944e563c,vercel-cron/1.0,,production,main,MISS,serverless,/api/cron,cryptosignal-ai-ap05shsgh-hadayalab-projects-projects.vercel.app,cryptosignal-ai-ap05shsgh-hadayalab-projects-projects.vercel.app,dpl_AAnKoonheaRbtT2xpLVuNVJgtPCL,284,iad1,267,2048,,prj_aXVQjKQv7csNrAorIFwxVWlHYLQE,,,01KD98K9CYRC8N5TETF5CZH59S,qdh5fwlX6Gq6,1
2025-12-24 22:30:11,1766615411367,cryptosignal-ai-ap05shsgh-hadayalab-projects-projects.vercel.app/api/cron,GET,,200,5xspn-1766615411320-28051bb6e8fa,vercel-cron/1.0,info,production,main,MISS,serverless,/api/cron,cryptosignal-ai-ap05shsgh-hadayalab-projects-projects.vercel.app,cryptosignal-ai-ap05shsgh-hadayalab-projects-projects.vercel.app,dpl_AAnKoonheaRbtT2xpLVuNVJgtPCL,,,,,🚀 Cron Job Started: Whale Monitor,prj_aXVQjKQv7csNrAorIFwxVWlHYLQE,,,,,
2025-12-24 22:30:11,1766615411367,cryptosignal-ai-ap05shsgh-hadayalab-projects-projects.vercel.app/api/cron,GET,,200,5xspn-1766615411320-28051bb6e8fa,vercel-cron/1.0,info,production,main,MISS,serverless,/api/cron,cryptosignal-ai-ap05shsgh-hadayalab-projects-projects.vercel.app,cryptosignal-ai-ap05shsgh-hadayalab-projects-projects.vercel.app,dpl_AAnKoonheaRbtT2xpLVuNVJgtPCL,,,,,"Slot check => utcHour=22, utcMinute=30, isRegularSlot=false, force=false",prj_aXVQjKQv7csNrAorIFwxVWlHYLQE,,,,,
2025-12-24 22:30:11,1766615411367,cryptosignal-ai-ap05shsgh-hadayalab-projects-projects.vercel.app/api/cron,GET,,200,5xspn-1766615411320-28051bb6e8fa,vercel-cron/1.0,info,production,main,MISS,serverless,/api/cron,cryptosignal-ai-ap05shsgh-hadayalab-projects-projects.vercel.app,cryptosignal-ai-ap05shsgh-hadayalab-projects-projects.vercel.app,dpl_AAnKoonheaRbtT2xpLVuNVJgtPCL,,,,,🌐 Fetching: https://api.cryptoquant.com/v1/btc/exchange-flows/netflow?exchange=all_exchange&window=day&limit=1,prj_aXVQjKQv7csNrAorIFwxVWlHYLQE,,,,,
2025-12-24 22:30:11,1766615411367,cryptosignal-ai-ap05shsgh-hadayalab-projects-projects.vercel.app/api/cron,GET,,200,5xspn-1766615411320-28051bb6e8fa,vercel-cron/1.0,info,production,main,MISS,serverless,/api/cron,cryptosignal-ai-ap05shsgh-hadayalab-projects-projects.vercel.app,cryptosignal-ai-ap05shsgh-hadayalab-projects-projects.vercel.app,dpl_AAnKoonheaRbtT2xpLVuNVJgtPCL,,,,,🌐 Fetching: https://api.cryptoquant.com/v1/btc/flow-indicator/mpi?window=day&limit=1,prj_aXVQjKQv7csNrAorIFwxVWlHYLQE,,,,,
2025-12-24 22:30:11,1766615411797,cryptosignal-ai-ap05shsgh-hadayalab-projects-projects.vercel.app/api/cron,GET,,200,5xspn-1766615411320-28051bb6e8fa,vercel-cron/1.0,info,production,main,MISS,serverless,/api/cron,cryptosignal-ai-ap05shsgh-hadayalab-projects-projects.vercel.app,cryptosignal-ai-ap05shsgh-hadayalab-projects-projects.vercel.app,dpl_AAnKoonheaRbtT2xpLVuNVJgtPCL,,,,,"📊 Miner Position Index (BTC): -0.5211564700986901 raw: {""date"":""2025-12-23"",""mpi"":-0.5211564700986901}",prj_aXVQjKQv7csNrAorIFwxVWlHYLQE,,,,,
2025-12-24 22:30:11,1766615411829,cryptosignal-ai-ap05shsgh-hadayalab-projects-projects.vercel.app/api/cron,GET,,200,5xspn-1766615411320-28051bb6e8fa,vercel-cron/1.0,info,production,main,MISS,serverless,/api/cron,cryptosignal-ai-ap05shsgh-hadayalab-projects-projects.vercel.app,cryptosignal-ai-ap05shsgh-hadayalab-projects-projects.vercel.app,dpl_AAnKoonheaRbtT2xpLVuNVJgtPCL,,,,,"📊 Exchange Netflow (BTC): -11379.222587299999 raw: {""date"":""2025-12-23"",""netflow_total"":-11379.222587299999}",prj_aXVQjKQv7csNrAorIFwxVWlHYLQE,,,,,
2025-12-24 22:30:11,1766615411320,cryptosignal-ai-ap05shsgh-hadayalab-projects-projects.vercel.app/api/cron,GET,,200,5xspn-1766615411320-28051bb6e8fa,vercel-cron/1.0,,production,main,MISS,serverless,/api/cron,cryptosignal-ai-ap05shsgh-hadayalab-projects-projects.vercel.app,cryptosignal-ai-ap05shsgh-hadayalab-projects-projects.vercel.app,dpl_AAnKoonheaRbtT2xpLVuNVJgtPCL,555,iad1,265,2048,,prj_aXVQjKQv7csNrAorIFwxVWlHYLQE,,,01KD97QTMDBMRYPKAPVX7DCDF9,qdh5fwlX6Gq6,1
2025-12-24 22:15:11,1766614511292,cryptosignal-ai-ap05shsgh-hadayalab-projects-projects.vercel.app/api/cron,GET,,200,x27b5-1766614511249-e62a8bd96560,vercel-cron/1.0,info,production,main,MISS,serverless,/api/cron,cryptosignal-ai-ap05shsgh-hadayalab-projects-projects.vercel.app,cryptosignal-ai-ap05shsgh-hadayalab-projects-projects.vercel.app,dpl_AAnKoonheaRbtT2xpLVuNVJgtPCL,,,,,🚀 Cron Job Started: Whale Monitor,prj_aXVQjKQv7csNrAorIFwxVWlHYLQE,,,,,
2025-12-24 22:15:11,1766614511292,cryptosignal-ai-ap05shsgh-hadayalab-projects-projects.vercel.app/api/cron,GET,,200,x27b5-1766614511249-e62a8bd96560,vercel-cron/1.0,info,production,main,MISS,serverless,/api/cron,cryptosignal-ai-ap05shsgh-hadayalab-projects-projects.vercel.app,cryptosignal-ai-ap05shsgh-hadayalab-projects-projects.vercel.app,dpl_AAnKoonheaRbtT2xpLVuNVJgtPCL,,,,,"Slot check => utcHour=22, utcMinute=15, isRegularSlot=false, force=false",prj_aXVQjKQv7csNrAorIFwxVWlHYLQE,,,,,
2025-12-24 22:15:11,1766614511293,cryptosignal-ai-ap05shsgh-hadayalab-projects-projects.vercel.app/api/cron,GET,,200,x27b5-1766614511249-e62a8bd96560,vercel-cron/1.0,info,production,main,MISS,serverless,/api/cron,cryptosignal-ai-ap05shsgh-hadayalab-projects-projects.vercel.app,cryptosignal-ai-ap05shsgh-hadayalab-projects-projects.vercel.app,dpl_AAnKoonheaRbtT2xpLVuNVJgtPCL,,,,,🌐 Fetching: https://api.cryptoquant.com/v1/btc/exchange-flows/netflow?exchange=all_exchange&window=day&limit=1,prj_aXVQjKQv7csNrAorIFwxVWlHYLQE,,,,,
2025-12-24 22:15:11,1766614511384,cryptosignal-ai-ap05shsgh-hadayalab-projects-projects.vercel.app/api/cron,GET,,200,x27b5-1766614511249-e62a8bd96560,vercel-cron/1.0,info,production,main,MISS,serverless,/api/cron,cryptosignal-ai-ap05shsgh-hadayalab-projects-projects.vercel.app,cryptosignal-ai-ap05shsgh-hadayalab-projects-projects.vercel.app,dpl_AAnKoonheaRbtT2xpLVuNVJgtPCL,,,,,🌐 Fetching: https://api.cryptoquant.com/v1/btc/flow-indicator/mpi?window=day&limit=1,prj_aXVQjKQv7csNrAorIFwxVWlHYLQE,,,,,
2025-12-24 22:15:11,1766614511385,cryptosignal-ai-ap05shsgh-hadayalab-projects-projects.vercel.app/api/cron,GET,,200,x27b5-1766614511249-e62a8bd96560,vercel-cron/1.0,error,production,main,MISS,serverless,/api/cron,cryptosignal-ai-ap05shsgh-hadayalab-projects-projects.vercel.app,cryptosignal-ai-ap05shsgh-hadayalab-projects-projects.vercel.app,dpl_AAnKoonheaRbtT2xpLVuNVJgtPCL,,,,,"(node:4) [DEP0169] DeprecationWarning: `url.parse()` behavior is not standardized and prone to errors that have security implications. Use the WHATWG URL API instead. CVEs are not issued for `url.parse()` vulnerabilities.
(Use `node --trace-deprecation ...` to show where the warning was created)",prj_aXVQjKQv7csNrAorIFwxVWlHYLQE,,,,,
2025-12-24 22:15:11,1766614511607,cryptosignal-ai-ap05shsgh-hadayalab-projects-projects.vercel.app/api/cron,GET,,200,x27b5-1766614511249-e62a8bd96560,vercel-cron/1.0,info,production,main,MISS,serverless,/api/cron,cryptosignal-ai-ap05shsgh-hadayalab-projects-projects.vercel.app,cryptosignal-ai-ap05shsgh-hadayalab-projects-projects.vercel.app,dpl_AAnKoonheaRbtT2xpLVuNVJgtPCL,,,,,"📊 Exchange Netflow (BTC): -11379.222587299999 raw: {""date"":""2025-12-23"",""netflow_total"":-11379.222587299999}",prj_aXVQjKQv7csNrAorIFwxVWlHYLQE,,,,,
2025-12-24 22:15:11,1766614511675,cryptosignal-ai-ap05shsgh-hadayalab-projects-projects.vercel.app/api/cron,GET,,200,x27b5-1766614511249-e62a8bd96560,vercel-cron/1.0,info,production,main,MISS,serverless,/api/cron,cryptosignal-ai-ap05shsgh-hadayalab-projects-projects.vercel.app,cryptosignal-ai-ap05shsgh-hadayalab-projects-projects.vercel.app,dpl_AAnKoonheaRbtT2xpLVuNVJgtPCL,,,,,"📊 Miner Position Index (BTC): -0.5211564700986901 raw: {""date"":""2025-12-23"",""mpi"":-0.5211564700986901}",prj_aXVQjKQv7csNrAorIFwxVWlHYLQE,,,,,
2025-12-24 22:15:11,1766614511249,cryptosignal-ai-ap05shsgh-hadayalab-projects-projects.vercel.app/api/cron,GET,,200,x27b5-1766614511249-e62a8bd96560,vercel-cron/1.0,,production,main,MISS,serverless,/api/cron,cryptosignal-ai-ap05shsgh-hadayalab-projects-projects.vercel.app,cryptosignal-ai-ap05shsgh-hadayalab-projects-projects.vercel.app,dpl_AAnKoonheaRbtT2xpLVuNVJgtPCL,495,iad1,265,2048,,prj_aXVQjKQv7csNrAorIFwxVWlHYLQE,,,01KD96WBN2E9GAF1RKA06KV87A,qdh5fwlX6Gq6,1
2025-12-24 22:00:11,1766613611679,cryptosignal-ai-ap05shsgh-hadayalab-projects-projects.vercel.app/api/cron,GET,,200,wb2mz-1766613611614-29795c633f3f,vercel-cron/1.0,info,production,main,MISS,serverless,/api/cron,cryptosignal-ai-ap05shsgh-hadayalab-projects-projects.vercel.app,cryptosignal-ai-ap05shsgh-hadayalab-projects-projects.vercel.app,dpl_AAnKoonheaRbtT2xpLVuNVJgtPCL,,,,,🚀 Cron Job Started: Whale Monitor,prj_aXVQjKQv7csNrAorIFwxVWlHYLQE,,,,,
2025-12-24 22:00:11,1766613611680,cryptosignal-ai-ap05shsgh-hadayalab-projects-projects.vercel.app/api/cron,GET,,200,wb2mz-1766613611614-29795c633f3f,vercel-cron/1.0,info,production,main,MISS,serverless,/api/cron,cryptosignal-ai-ap05shsgh-hadayalab-projects-projects.vercel.app,cryptosignal-ai-ap05shsgh-hadayalab-projects-projects.vercel.app,dpl_AAnKoonheaRbtT2xpLVuNVJgtPCL,,,,,"Slot check => utcHour=22, utcMinute=0, isRegularSlot=false, force=false",prj_aXVQjKQv7csNrAorIFwxVWlHYLQE,,,,,
2025-12-24 22:00:11,1766613611680,cryptosignal-ai-ap05shsgh-hadayalab-projects-projects.vercel.app/api/cron,GET,,200,wb2mz-1766613611614-29795c633f3f,vercel-cron/1.0,info,production,main,MISS,serverless,/api/cron,cryptosignal-ai-ap05shsgh-hadayalab-projects-projects.vercel.app,cryptosignal-ai-ap05shsgh-hadayalab-projects-projects.vercel.app,dpl_AAnKoonheaRbtT2xpLVuNVJgtPCL,,,,,🌐 Fetching: https://api.cryptoquant.com/v1/btc/exchange-flows/netflow?exchange=all_exchange&window=day&limit=1,prj_aXVQjKQv7csNrAorIFwxVWlHYLQE,,,,,
2025-12-24 22:00:11,1766613611684,cryptosignal-ai-ap05shsgh-hadayalab-projects-projects.vercel.app/api/cron,GET,,200,wb2mz-1766613611614-29795c633f3f,vercel-cron/1.0,info,production,main,MISS,serverless,/api/cron,cryptosignal-ai-ap05shsgh-hadayalab-projects-projects.vercel.app,cryptosignal-ai-ap05shsgh-hadayalab-projects-projects.vercel.app,dpl_AAnKoonheaRbtT2xpLVuNVJgtPCL,,,,,🌐 Fetching: https://api.cryptoquant.com/v1/btc/flow-indicator/mpi?window=day&limit=1,prj_aXVQjKQv7csNrAorIFwxVWlHYLQE,,,,,
2025-12-24 22:00:11,1766613611906,cryptosignal-ai-ap05shsgh-hadayalab-projects-projects.vercel.app/api/cron,GET,,200,wb2mz-1766613611614-29795c633f3f,vercel-cron/1.0,info,production,main,MISS,serverless,/api/cron,cryptosignal-ai-ap05shsgh-hadayalab-projects-projects.vercel.app,cryptosignal-ai-ap05shsgh-hadayalab-projects-projects.vercel.app,dpl_AAnKoonheaRbtT2xpLVuNVJgtPCL,,,,,"📊 Exchange Netflow (BTC): -11379.222587299999 raw: {""date"":""2025-12-23"",""netflow_total"":-11379.222587299999}",prj_aXVQjKQv7csNrAorIFwxVWlHYLQE,,,,,
2025-12-24 22:00:11,1766613611936,cryptosignal-ai-ap05shsgh-hadayalab-projects-projects.vercel.app/api/cron,GET,,200,wb2mz-1766613611614-29795c633f3f,vercel-cron/1.0,info,production,main,MISS,serverless,/api/cron,cryptosignal-ai-ap05shsgh-hadayalab-projects-projects.vercel.app,cryptosignal-ai-ap05shsgh-hadayalab-projects-projects.vercel.app,dpl_AAnKoonheaRbtT2xpLVuNVJgtPCL,,,,,"📊 Miner Position Index (BTC): -0.5211564700986901 raw: {""date"":""2025-12-23"",""mpi"":-0.5211564700986901}",prj_aXVQjKQv7csNrAorIFwxVWlHYLQE,,,,,
2025-12-24 22:00:11,1766613611614,cryptosignal-ai-ap05shsgh-hadayalab-projects-projects.vercel.app/api/cron,GET,,200,wb2mz-1766613611614-29795c633f3f,vercel-cron/1.0,,production,main,MISS,serverless,/api/cron,cryptosignal-ai-ap05shsgh-hadayalab-projects-projects.vercel.app,cryptosignal-ai-ap05shsgh-hadayalab-projects-projects.vercel.app,dpl_AAnKoonheaRbtT2xpLVuNVJgtPCL,336,iad1,268,2048,,prj_aXVQjKQv7csNrAorIFwxVWlHYLQE,,,01KD960X40W79B9BC7FRTEBPAJ,gx6QMdH4pjhY,1
2025-12-24 21:45:11,1766612711219,cryptosignal-ai-ap05shsgh-hadayalab-projects-projects.vercel.app/api/cron,GET,,200,9cf7l-1766612711184-b80dbd6801b8,vercel-cron/1.0,info,production,main,MISS,serverless,/api/cron,cryptosignal-ai-ap05shsgh-hadayalab-projects-projects.vercel.app,cryptosignal-ai-ap05shsgh-hadayalab-projects-projects.vercel.app,dpl_AAnKoonheaRbtT2xpLVuNVJgtPCL,,,,,🚀 Cron Job Started: Whale Monitor,prj_aXVQjKQv7csNrAorIFwxVWlHYLQE,,,,,
2025-12-24 21:45:11,1766612711219,cryptosignal-ai-ap05shsgh-hadayalab-projects-projects.vercel.app/api/cron,GET,,200,9cf7l-1766612711184-b80dbd6801b8,vercel-cron/1.0,info,production,main,MISS,serverless,/api/cron,cryptosignal-ai-ap05shsgh-hadayalab-projects-projects.vercel.app,cryptosignal-ai-ap05shsgh-hadayalab-projects-projects.vercel.app,dpl_AAnKoonheaRbtT2xpLVuNVJgtPCL,,,,,"Slot check => utcHour=21, utcMinute=45, isRegularSlot=false, force=false",prj_aXVQjKQv7csNrAorIFwxVWlHYLQE,,,,,
2025-12-24 21:45:11,1766612711219,cryptosignal-ai-ap05shsgh-hadayalab-projects-projects.vercel.app/api/cron,GET,,200,9cf7l-1766612711184-b80dbd6801b8,vercel-cron/1.0,info,production,main,MISS,serverless,/api/cron,cryptosignal-ai-ap05shsgh-hadayalab-projects-projects.vercel.app,cryptosignal-ai-ap05shsgh-hadayalab-projects-projects.vercel.app,dpl_AAnKoonheaRbtT2xpLVuNVJgtPCL,,,,,🌐 Fetching: https://api.cryptoquant.com/v1/btc/exchange-flows/netflow?exchange=all_exchange&window=day&limit=1,prj_aXVQjKQv7csNrAorIFwxVWlHYLQE,,,,,
2025-12-24 21:45:11,1766612711226,cryptosignal-ai-ap05shsgh-hadayalab-projects-projects.vercel.app/api/cron,GET,,200,9cf7l-1766612711184-b80dbd6801b8,vercel-cron/1.0,info,production,main,MISS,serverless,/api/cron,cryptosignal-ai-ap05shsgh-hadayalab-projects-projects.vercel.app,cryptosignal-ai-ap05shsgh-hadayalab-projects-projects.vercel.app,dpl_AAnKoonheaRbtT2xpLVuNVJgtPCL,,,,,🌐 Fetching: https://api.cryptoquant.com/v1/btc/flow-indicator/mpi?window=day&limit=1,prj_aXVQjKQv7csNrAorIFwxVWlHYLQE,,,,,
2025-12-24 21:45:11,1766612711465,cryptosignal-ai-ap05shsgh-hadayalab-projects-projects.vercel.app/api/cron,GET,,200,9cf7l-1766612711184-b80dbd6801b8,vercel-cron/1.0,info,production,main,MISS,serverless,/api/cron,cryptosignal-ai-ap05shsgh-hadayalab-projects-projects.vercel.app,cryptosignal-ai-ap05shsgh-hadayalab-projects-projects.vercel.app,dpl_AAnKoonheaRbtT2xpLVuNVJgtPCL,,,,,"📊 Miner Position Index (BTC): -0.5211564700986901 raw: {""date"":""2025-12-23"",""mpi"":-0.5211564700986901}",prj_aXVQjKQv7csNrAorIFwxVWlHYLQE,,,,,
2025-12-24 21:45:11,1766612711465,cryptosignal-ai-ap05shsgh-hadayalab-projects-projects.vercel.app/api/cron,GET,,200,9cf7l-1766612711184-b80dbd6801b8,vercel-cron/1.0,info,production,main,MISS,serverless,/api/cron,cryptosignal-ai-ap05shsgh-hadayalab-projects-projects.vercel.app,cryptosignal-ai-ap05shsgh-hadayalab-projects-projects.vercel.app,dpl_AAnKoonheaRbtT2xpLVuNVJgtPCL,,,,,"📊 Exchange Netflow (BTC): -11379.222587299999 raw: {""date"":""2025-12-23"",""netflow_total"":-11379.222587299999}",prj_aXVQjKQv7csNrAorIFwxVWlHYLQE,,,,,
2025-12-24 21:45:11,1766612711184,cryptosignal-ai-ap05shsgh-hadayalab-projects-projects.vercel.app/api/cron,GET,,200,9cf7l-1766612711184-b80dbd6801b8,vercel-cron/1.0,,production,main,MISS,serverless,/api/cron,cryptosignal-ai-ap05shsgh-hadayalab-projects-projects.vercel.app,cryptosignal-ai-ap05shsgh-hadayalab-projects-projects.vercel.app,dpl_AAnKoonheaRbtT2xpLVuNVJgtPCL,326,iad1,268,2048,,prj_aXVQjKQv7csNrAorIFwxVWlHYLQE,,,01KD955DS0M70YG01KM25KS4R9,gx6QMdH4pjhY,1
2025-12-24 21:30:11,1766611811310,cryptosignal-ai-ap05shsgh-hadayalab-projects-projects.vercel.app/api/cron,GET,,200,k5bfr-1766611811256-09040d841746,vercel-cron/1.0,info,production,main,MISS,serverless,/api/cron,cryptosignal-ai-ap05shsgh-hadayalab-projects-projects.vercel.app,cryptosignal-ai-ap05shsgh-hadayalab-projects-projects.vercel.app,dpl_AAnKoonheaRbtT2xpLVuNVJgtPCL,,,,,🚀 Cron Job Started: Whale Monitor,prj_aXVQjKQv7csNrAorIFwxVWlHYLQE,,,,,
2025-12-24 21:30:11,1766611811310,cryptosignal-ai-ap05shsgh-hadayalab-projects-projects.vercel.app/api/cron,GET,,200,k5bfr-1766611811256-09040d841746,vercel-cron/1.0,info,production,main,MISS,serverless,/api/cron,cryptosignal-ai-ap05shsgh-hadayalab-projects-projects.vercel.app,cryptosignal-ai-ap05shsgh-hadayalab-projects-projects.vercel.app,dpl_AAnKoonheaRbtT2xpLVuNVJgtPCL,,,,,"Slot check => utcHour=21, utcMinute=30, isRegularSlot=false, force=false",prj_aXVQjKQv7csNrAorIFwxVWlHYLQE,,,,,
2025-12-24 21:30:11,1766611811310,cryptosignal-ai-ap05shsgh-hadayalab-projects-projects.vercel.app/api/cron,GET,,200,k5bfr-1766611811256-09040d841746,vercel-cron/1.0,info,production,main,MISS,serverless,/api/cron,cryptosignal-ai-ap05shsgh-hadayalab-projects-projects.vercel.app,cryptosignal-ai-ap05shsgh-hadayalab-projects-projects.vercel.app,dpl_AAnKoonheaRbtT2xpLVuNVJgtPCL,,,,,🌐 Fetching: https://api.cryptoquant.com/v1/btc/exchange-flows/netflow?exchange=all_exchange&window=day&limit=1,prj_aXVQjKQv7csNrAorIFwxVWlHYLQE,,,,,
2025-12-24 21:30:11,1766611811312,cryptosignal-ai-ap05shsgh-hadayalab-projects-projects.vercel.app/api/cron,GET,,200,k5bfr-1766611811256-09040d841746,vercel-cron/1.0,info,production,main,MISS,serverless,/api/cron,cryptosignal-ai-ap05shsgh-hadayalab-projects-projects.vercel.app,cryptosignal-ai-ap05shsgh-hadayalab-projects-projects.vercel.app,dpl_AAnKoonheaRbtT2xpLVuNVJgtPCL,,,,,🌐 Fetching: https://api.cryptoquant.com/v1/btc/flow-indicator/mpi?window=day&limit=1,prj_aXVQjKQv7csNrAorIFwxVWlHYLQE,,,,,
2025-12-24 21:30:11,1766611811491,cryptosignal-ai-ap05shsgh-hadayalab-projects-projects.vercel.app/api/cron,GET,,200,k5bfr-1766611811256-09040d841746,vercel-cron/1.0,info,production,main,MISS,serverless,/api/cron,cryptosignal-ai-ap05shsgh-hadayalab-projects-projects.vercel.app,cryptosignal-ai-ap05shsgh-hadayalab-projects-projects.vercel.app,dpl_AAnKoonheaRbtT2xpLVuNVJgtPCL,,,,,"📊 Exchange Netflow (BTC): -11379.222587299999 raw: {""date"":""2025-12-23"",""netflow_total"":-11379.222587299999}",prj_aXVQjKQv7csNrAorIFwxVWlHYLQE,,,,,
2025-12-24 21:30:11,1766611811530,cryptosignal-ai-ap05shsgh-hadayalab-projects-projects.vercel.app/api/cron,GET,,200,k5bfr-1766611811256-09040d841746,vercel-cron/1.0,info,production,main,MISS,serverless,/api/cron,cryptosignal-ai-ap05shsgh-hadayalab-projects-projects.vercel.app,cryptosignal-ai-ap05shsgh-hadayalab-projects-projects.vercel.app,dpl_AAnKoonheaRbtT2xpLVuNVJgtPCL,,,,,"📊 Miner Position Index (BTC): -0.5211564700986901 raw: {""date"":""2025-12-23"",""mpi"":-0.5211564700986901}",prj_aXVQjKQv7csNrAorIFwxVWlHYLQE,,,,,
2025-12-24 21:30:11,1766611811256,cryptosignal-ai-ap05shsgh-hadayalab-projects-projects.vercel.app/api/cron,GET,,200,k5bfr-1766611811256-09040d841746,vercel-cron/1.0,,production,main,MISS,serverless,/api/cron,cryptosignal-ai-ap05shsgh-hadayalab-projects-projects.vercel.app,cryptosignal-ai-ap05shsgh-hadayalab-projects-projects.vercel.app,dpl_AAnKoonheaRbtT2xpLVuNVJgtPCL,288,iad1,265,2048,,prj_aXVQjKQv7csNrAorIFwxVWlHYLQE,,,01KD949YYPKKQEVK2NPMV5JNPK,gx6QMdH4pjhY,1
2025-12-24 21:15:11,1766610911354,cryptosignal-ai-ap05shsgh-hadayalab-projects-projects.vercel.app/api/cron,GET,,200,n2sj6-1766610911281-44c3f32347c1,vercel-cron/1.0,info,production,main,MISS,serverless,/api/cron,cryptosignal-ai-ap05shsgh-hadayalab-projects-projects.vercel.app,cryptosignal-ai-ap05shsgh-hadayalab-projects-projects.vercel.app,dpl_AAnKoonheaRbtT2xpLVuNVJgtPCL,,,,,🚀 Cron Job Started: Whale Monitor,prj_aXVQjKQv7csNrAorIFwxVWlHYLQE,,,,,
2025-12-24 21:15:11,1766610911356,cryptosignal-ai-ap05shsgh-hadayalab-projects-projects.vercel.app/api/cron,GET,,200,n2sj6-1766610911281-44c3f32347c1,vercel-cron/1.0,info,production,main,MISS,serverless,/api/cron,cryptosignal-ai-ap05shsgh-hadayalab-projects-projects.vercel.app,cryptosignal-ai-ap05shsgh-hadayalab-projects-projects.vercel.app,dpl_AAnKoonheaRbtT2xpLVuNVJgtPCL,,,,,"Slot check => utcHour=21, utcMinute=15, isRegularSlot=false, force=false",prj_aXVQjKQv7csNrAorIFwxVWlHYLQE,,,,,
2025-12-24 21:15:11,1766610911357,cryptosignal-ai-ap05shsgh-hadayalab-projects-projects.vercel.app/api/cron,GET,,200,n2sj6-1766610911281-44c3f32347c1,vercel-cron/1.0,info,production,main,MISS,serverless,/api/cron,cryptosignal-ai-ap05shsgh-hadayalab-projects-projects.vercel.app,cryptosignal-ai-ap05shsgh-hadayalab-projects-projects.vercel.app,dpl_AAnKoonheaRbtT2xpLVuNVJgtPCL,,,,,🌐 Fetching: https://api.cryptoquant.com/v1/btc/exchange-flows/netflow?exchange=all_exchange&window=day&limit=1,prj_aXVQjKQv7csNrAorIFwxVWlHYLQE,,,,,
2025-12-24 21:15:11,1766610911466,cryptosignal-ai-ap05shsgh-hadayalab-projects-projects.vercel.app/api/cron,GET,,200,n2sj6-1766610911281-44c3f32347c1,vercel-cron/1.0,info,production,main,MISS,serverless,/api/cron,cryptosignal-ai-ap05shsgh-hadayalab-projects-projects.vercel.app,cryptosignal-ai-ap05shsgh-hadayalab-projects-projects.vercel.app,dpl_AAnKoonheaRbtT2xpLVuNVJgtPCL,,,,,🌐 Fetching: https://api.cryptoquant.com/v1/btc/flow-indicator/mpi?window=day&limit=1,prj_aXVQjKQv7csNrAorIFwxVWlHYLQE,,,,,
2025-12-24 21:15:11,1766610911469,cryptosignal-ai-ap05shsgh-hadayalab-projects-projects.vercel.app/api/cron,GET,,200,n2sj6-1766610911281-44c3f32347c1,vercel-cron/1.0,error,production,main,MISS,serverless,/api/cron,cryptosignal-ai-ap05shsgh-hadayalab-projects-projects.vercel.app,cryptosignal-ai-ap05shsgh-hadayalab-projects-projects.vercel.app,dpl_AAnKoonheaRbtT2xpLVuNVJgtPCL,,,,,"(node:4) [DEP0169] DeprecationWarning: `url.parse()` behavior is not standardized and prone to errors that have security implications. Use the WHATWG URL API instead. CVEs are not issued for `url.parse()` vulnerabilities.
(Use `node --trace-deprecation ...` to show where the warning was created)",prj_aXVQjKQv7csNrAorIFwxVWlHYLQE,,,,,
2025-12-24 21:15:11,1766610911697,cryptosignal-ai-ap05shsgh-hadayalab-projects-projects.vercel.app/api/cron,GET,,200,n2sj6-1766610911281-44c3f32347c1,vercel-cron/1.0,info,production,main,MISS,serverless,/api/cron,cryptosignal-ai-ap05shsgh-hadayalab-projects-projects.vercel.app,cryptosignal-ai-ap05shsgh-hadayalab-projects-projects.vercel.app,dpl_AAnKoonheaRbtT2xpLVuNVJgtPCL,,,,,"📊 Exchange Netflow (BTC): -11379.222587299999 raw: {""date"":""2025-12-23"",""netflow_total"":-11379.222587299999}",prj_aXVQjKQv7csNrAorIFwxVWlHYLQE,,,,,
2025-12-24 21:15:11,1766610911718,cryptosignal-ai-ap05shsgh-hadayalab-projects-projects.vercel.app/api/cron,GET,,200,n2sj6-1766610911281-44c3f32347c1,vercel-cron/1.0,info,production,main,MISS,serverless,/api/cron,cryptosignal-ai-ap05shsgh-hadayalab-projects-projects.vercel.app,cryptosignal-ai-ap05shsgh-hadayalab-projects-projects.vercel.app,dpl_AAnKoonheaRbtT2xpLVuNVJgtPCL,,,,,"📊 Miner Position Index (BTC): -0.5211564700986901 raw: {""date"":""2025-12-23"",""mpi"":-0.5211564700986901}",prj_aXVQjKQv7csNrAorIFwxVWlHYLQE,,,,,
2025-12-24 21:15:11,1766610911281,cryptosignal-ai-ap05shsgh-hadayalab-projects-projects.vercel.app/api/cron,GET,,200,n2sj6-1766610911281-44c3f32347c1,vercel-cron/1.0,,production,main,MISS,serverless,/api/cron,cryptosignal-ai-ap05shsgh-hadayalab-projects-projects.vercel.app,cryptosignal-ai-ap05shsgh-hadayalab-projects-projects.vercel.app,dpl_AAnKoonheaRbtT2xpLVuNVJgtPCL,465,iad1,262,2048,,prj_aXVQjKQv7csNrAorIFwxVWlHYLQE,,,01KD93EG2PYX22THF9AEQ2BGXW,gx6QMdH4pjhY,1
2025-12-24 21:00:11,1766610011233,cryptosignal-ai-ap05shsgh-hadayalab-projects-projects.vercel.app/api/cron,GET,,200,md76d-1766610011195-ad8f430b714d,vercel-cron/1.0,info,production,main,MISS,serverless,/api/cron,cryptosignal-ai-ap05shsgh-hadayalab-projects-projects.vercel.app,cryptosignal-ai-ap05shsgh-hadayalab-projects-projects.vercel.app,dpl_AAnKoonheaRbtT2xpLVuNVJgtPCL,,,,,🚀 Cron Job Started: Whale Monitor,prj_aXVQjKQv7csNrAorIFwxVWlHYLQE,,,,,
2025-12-24 21:00:11,1766610011233,cryptosignal-ai-ap05shsgh-hadayalab-projects-projects.vercel.app/api/cron,GET,,200,md76d-1766610011195-ad8f430b714d,vercel-cron/1.0,info,production,main,MISS,serverless,/api/cron,cryptosignal-ai-ap05shsgh-hadayalab-projects-projects.vercel.app,cryptosignal-ai-ap05shsgh-hadayalab-projects-projects.vercel.app,dpl_AAnKoonheaRbtT2xpLVuNVJgtPCL,,,,,"Slot check => utcHour=21, utcMinute=0, isRegularSlot=false, force=false",prj_aXVQjKQv7csNrAorIFwxVWlHYLQE,,,,,
2025-12-24 21:00:11,1766610011233,cryptosignal-ai-ap05shsgh-hadayalab-projects-projects.vercel.app/api/cron,GET,,200,md76d-1766610011195-ad8f430b714d,vercel-cron/1.0,info,production,main,MISS,serverless,/api/cron,cryptosignal-ai-ap05shsgh-hadayalab-projects-projects.vercel.app,cryptosignal-ai-ap05shsgh-hadayalab-projects-projects.vercel.app,dpl_AAnKoonheaRbtT2xpLVuNVJgtPCL,,,,,🌐 Fetching: https://api.cryptoquant.com/v1/btc/exchange-flows/netflow?exchange=all_exchange&window=day&limit=1,prj_aXVQjKQv7csNrAorIFwxVWlHYLQE,,,,,
2025-12-24 21:00:11,1766610011233,cryptosignal-ai-ap05shsgh-hadayalab-projects-projects.vercel.app/api/cron,GET,,200,md76d-1766610011195-ad8f430b714d,vercel-cron/1.0,info,production,main,MISS,serverless,/api/cron,cryptosignal-ai-ap05shsgh-hadayalab-projects-projects.vercel.app,cryptosignal-ai-ap05shsgh-hadayalab-projects-projects.vercel.app,dpl_AAnKoonheaRbtT2xpLVuNVJgtPCL,,,,,🌐 Fetching: https://api.cryptoquant.com/v1/btc/flow-indicator/mpi?window=day&limit=1,prj_aXVQjKQv7csNrAorIFwxVWlHYLQE,,,,,
2025-12-24 21:00:11,1766610011426,cryptosignal-ai-ap05shsgh-hadayalab-projects-projects.vercel.app/api/cron,GET,,200,md76d-1766610011195-ad8f430b714d,vercel-cron/1.0,info,production,main,MISS,serverless,/api/cron,cryptosignal-ai-ap05shsgh-hadayalab-projects-projects.vercel.app,cryptosignal-ai-ap05shsgh-hadayalab-projects-projects.vercel.app,dpl_AAnKoonheaRbtT2xpLVuNVJgtPCL,,,,,"📊 Exchange Netflow (BTC): -11379.222587299999 raw: {""date"":""2025-12-23"",""netflow_total"":-11379.222587299999}",prj_aXVQjKQv7csNrAorIFwxVWlHYLQE,,,,,
2025-12-24 21:00:11,1766610011496,cryptosignal-ai-ap05shsgh-hadayalab-projects-projects.vercel.app/api/cron,GET,,200,md76d-1766610011195-ad8f430b714d,vercel-cron/1.0,info,production,main,MISS,serverless,/api/cron,cryptosignal-ai-ap05shsgh-hadayalab-projects-projects.vercel.app,cryptosignal-ai-ap05shsgh-hadayalab-projects-projects.vercel.app,dpl_AAnKoonheaRbtT2xpLVuNVJgtPCL,,,,,"📊 Miner Position Index (BTC): -0.5211564700986901 raw: {""date"":""2025-12-23"",""mpi"":-0.5211564700986901}",prj_aXVQjKQv7csNrAorIFwxVWlHYLQE,,,,,
2025-12-24 21:00:11,1766610011195,cryptosignal-ai-ap05shsgh-hadayalab-projects-projects.vercel.app/api/cron,GET,,200,md76d-1766610011195-ad8f430b714d,vercel-cron/1.0,,production,main,MISS,serverless,/api/cron,cryptosignal-ai-ap05shsgh-hadayalab-projects-projects.vercel.app,cryptosignal-ai-ap05shsgh-hadayalab-projects-projects.vercel.app,dpl_AAnKoonheaRbtT2xpLVuNVJgtPCL,356,iad1,274,2048,,prj_aXVQjKQv7csNrAorIFwxVWlHYLQE,,,01KD92K12AGJQYWS6HKYNY4XGW,2Rwn1SccMr9M,1
2025-12-24 20:45:11,1766609111295,cryptosignal-ai-ap05shsgh-hadayalab-projects-projects.vercel.app/api/cron,GET,,200,dmrsx-1766609111254-4e0ef24ea070,vercel-cron/1.0,info,production,main,MISS,serverless,/api/cron,cryptosignal-ai-ap05shsgh-hadayalab-projects-projects.vercel.app,cryptosignal-ai-ap05shsgh-hadayalab-projects-projects.vercel.app,dpl_AAnKoonheaRbtT2xpLVuNVJgtPCL,,,,,🚀 Cron Job Started: Whale Monitor,prj_aXVQjKQv7csNrAorIFwxVWlHYLQE,,,,,
2025-12-24 20:45:11,1766609111295,cryptosignal-ai-ap05shsgh-hadayalab-projects-projects.vercel.app/api/cron,GET,,200,dmrsx-1766609111254-4e0ef24ea070,vercel-cron/1.0,info,production,main,MISS,serverless,/api/cron,cryptosignal-ai-ap05shsgh-hadayalab-projects-projects.vercel.app,cryptosignal-ai-ap05shsgh-hadayalab-projects-projects.vercel.app,dpl_AAnKoonheaRbtT2xpLVuNVJgtPCL,,,,,"Slot check => utcHour=20, utcMinute=45, isRegularSlot=false, force=false",prj_aXVQjKQv7csNrAorIFwxVWlHYLQE,,,,,
2025-12-24 20:45:11,1766609111295,cryptosignal-ai-ap05shsgh-hadayalab-projects-projects.vercel.app/api/cron,GET,,200,dmrsx-1766609111254-4e0ef24ea070,vercel-cron/1.0,info,production,main,MISS,serverless,/api/cron,cryptosignal-ai-ap05shsgh-hadayalab-projects-projects.vercel.app,cryptosignal-ai-ap05shsgh-hadayalab-projects-projects.vercel.app,dpl_AAnKoonheaRbtT2xpLVuNVJgtPCL,,,,,🌐 Fetching: https://api.cryptoquant.com/v1/btc/exchange-flows/netflow?exchange=all_exchange&window=day&limit=1,prj_aXVQjKQv7csNrAorIFwxVWlHYLQE,,,,,
2025-12-24 20:45:11,1766609111296,cryptosignal-ai-ap05shsgh-hadayalab-projects-projects.vercel.app/api/cron,GET,,200,dmrsx-1766609111254-4e0ef24ea070,vercel-cron/1.0,info,production,main,MISS,serverless,/api/cron,cryptosignal-ai-ap05shsgh-hadayalab-projects-projects.vercel.app,cryptosignal-ai-ap05shsgh-hadayalab-projects-projects.vercel.app,dpl_AAnKoonheaRbtT2xpLVuNVJgtPCL,,,,,🌐 Fetching: https://api.cryptoquant.com/v1/btc/flow-indicator/mpi?window=day&limit=1,prj_aXVQjKQv7csNrAorIFwxVWlHYLQE,,,,,
2025-12-24 20:45:11,1766609111453,cryptosignal-ai-ap05shsgh-hadayalab-projects-projects.vercel.app/api/cron,GET,,200,dmrsx-1766609111254-4e0ef24ea070,vercel-cron/1.0,info,production,main,MISS,serverless,/api/cron,cryptosignal-ai-ap05shsgh-hadayalab-projects-projects.vercel.app,cryptosignal-ai-ap05shsgh-hadayalab-projects-projects.vercel.app,dpl_AAnKoonheaRbtT2xpLVuNVJgtPCL,,,,,"📊 Exchange Netflow (BTC): -11379.222587299999 raw: {""date"":""2025-12-23"",""netflow_total"":-11379.222587299999}",prj_aXVQjKQv7csNrAorIFwxVWlHYLQE,,,,,
2025-12-24 20:45:11,1766609111483,cryptosignal-ai-ap05shsgh-hadayalab-projects-projects.vercel.app/api/cron,GET,,200,dmrsx-1766609111254-4e0ef24ea070,vercel-cron/1.0,info,production,main,MISS,serverless,/api/cron,cryptosignal-ai-ap05shsgh-hadayalab-projects-projects.vercel.app,cryptosignal-ai-ap05shsgh-hadayalab-projects-projects.vercel.app,dpl_AAnKoonheaRbtT2xpLVuNVJgtPCL,,,,,"📊 Miner Position Index (BTC): -0.5211564700986901 raw: {""date"":""2025-12-23"",""mpi"":-0.5211564700986901}",prj_aXVQjKQv7csNrAorIFwxVWlHYLQE,,,,,
2025-12-24 20:45:11,1766609111254,cryptosignal-ai-ap05shsgh-hadayalab-projects-projects.vercel.app/api/cron,GET,,200,dmrsx-1766609111254-4e0ef24ea070,vercel-cron/1.0,,production,main,MISS,serverless,/api/cron,cryptosignal-ai-ap05shsgh-hadayalab-projects-projects.vercel.app,cryptosignal-ai-ap05shsgh-hadayalab-projects-projects.vercel.app,dpl_AAnKoonheaRbtT2xpLVuNVJgtPCL,260,iad1,274,2048,,prj_aXVQjKQv7csNrAorIFwxVWlHYLQE,,,01KD91QJ7401YJ39K2FAGBW0WD,2Rwn1SccMr9M,1
2025-12-24 20:30:11,1766608211349,cryptosignal-ai-ap05shsgh-hadayalab-projects-projects.vercel.app/api/cron,GET,,200,ngp9f-1766608211303-46633505e387,vercel-cron/1.0,info,production,main,MISS,serverless,/api/cron,cryptosignal-ai-ap05shsgh-hadayalab-projects-projects.vercel.app,cryptosignal-ai-ap05shsgh-hadayalab-projects-projects.vercel.app,dpl_AAnKoonheaRbtT2xpLVuNVJgtPCL,,,,,🚀 Cron Job Started: Whale Monitor,prj_aXVQjKQv7csNrAorIFwxVWlHYLQE,,,,,
2025-12-24 20:30:11,1766608211349,cryptosignal-ai-ap05shsgh-hadayalab-projects-projects.vercel.app/api/cron,GET,,200,ngp9f-1766608211303-46633505e387,vercel-cron/1.0,info,production,main,MISS,serverless,/api/cron,cryptosignal-ai-ap05shsgh-hadayalab-projects-projects.vercel.app,cryptosignal-ai-ap05shsgh-hadayalab-projects-projects.vercel.app,dpl_AAnKoonheaRbtT2xpLVuNVJgtPCL,,,,,"Slot check => utcHour=20, utcMinute=30, isRegularSlot=false, force=false",prj_aXVQjKQv7csNrAorIFwxVWlHYLQE,,,,,
2025-12-24 20:30:11,1766608211349,cryptosignal-ai-ap05shsgh-hadayalab-projects-projects.vercel.app/api/cron,GET,,200,ngp9f-1766608211303-46633505e387,vercel-cron/1.0,info,production,main,MISS,serverless,/api/cron,cryptosignal-ai-ap05shsgh-hadayalab-projects-projects.vercel.app,cryptosignal-ai-ap05shsgh-hadayalab-projects-projects.vercel.app,dpl_AAnKoonheaRbtT2xpLVuNVJgtPCL,,,,,🌐 Fetching: https://api.cryptoquant.com/v1/btc/exchange-flows/netflow?exchange=all_exchange&window=day&limit=1,prj_aXVQjKQv7csNrAorIFwxVWlHYLQE,,,,,
2025-12-24 20:30:11,1766608211349,cryptosignal-ai-ap05shsgh-hadayalab-projects-projects.vercel.app/api/cron,GET,,200,ngp9f-1766608211303-46633505e387,vercel-cron/1.0,info,production,main,MISS,serverless,/api/cron,cryptosignal-ai-ap05shsgh-hadayalab-projects-projects.vercel.app,cryptosignal-ai-ap05shsgh-hadayalab-projects-projects.vercel.app,dpl_AAnKoonheaRbtT2xpLVuNVJgtPCL,,,,,🌐 Fetching: https://api.cryptoquant.com/v1/btc/flow-indicator/mpi?window=day&limit=1,prj_aXVQjKQv7csNrAorIFwxVWlHYLQE,,,,,
2025-12-24 20:30:11,1766608211522,cryptosignal-ai-ap05shsgh-hadayalab-projects-projects.vercel.app/api/cron,GET,,200,ngp9f-1766608211303-46633505e387,vercel-cron/1.0,info,production,main,MISS,serverless,/api/cron,cryptosignal-ai-ap05shsgh-hadayalab-projects-projects.vercel.app,cryptosignal-ai-ap05shsgh-hadayalab-projects-projects.vercel.app,dpl_AAnKoonheaRbtT2xpLVuNVJgtPCL,,,,,"📊 Exchange Netflow (BTC): -11379.222587299999 raw: {""date"":""2025-12-23"",""netflow_total"":-11379.222587299999}",prj_aXVQjKQv7csNrAorIFwxVWlHYLQE,,,,,
2025-12-24 20:30:11,1766608211565,cryptosignal-ai-ap05shsgh-hadayalab-projects-projects.vercel.app/api/cron,GET,,200,ngp9f-1766608211303-46633505e387,vercel-cron/1.0,info,production,main,MISS,serverless,/api/cron,cryptosignal-ai-ap05shsgh-hadayalab-projects-projects.vercel.app,cryptosignal-ai-ap05shsgh-hadayalab-projects-projects.vercel.app,dpl_AAnKoonheaRbtT2xpLVuNVJgtPCL,,,,,"📊 Miner Position Index (BTC): -0.5211564700986901 raw: {""date"":""2025-12-23"",""mpi"":-0.5211564700986901}",prj_aXVQjKQv7csNrAorIFwxVWlHYLQE,,,,,
2025-12-24 20:30:11,1766608211303,cryptosignal-ai-ap05shsgh-hadayalab-projects-projects.vercel.app/api/cron,GET,,200,ngp9f-1766608211303-46633505e387,vercel-cron/1.0,,production,main,MISS,serverless,/api/cron,cryptosignal-ai-ap05shsgh-hadayalab-projects-projects.vercel.app,cryptosignal-ai-ap05shsgh-hadayalab-projects-projects.vercel.app,dpl_AAnKoonheaRbtT2xpLVuNVJgtPCL,315,iad1,274,2048,,prj_aXVQjKQv7csNrAorIFwxVWlHYLQE,,,01KD90W3BY6SN8JAZMP3B1VMWB,2Rwn1SccMr9M,1
2025-12-24 20:15:11,1766607311256,cryptosignal-ai-ap05shsgh-hadayalab-projects-projects.vercel.app/api/cron,GET,,200,hbgsv-1766607311217-8a57b78cc505,vercel-cron/1.0,info,production,main,MISS,serverless,/api/cron,cryptosignal-ai-ap05shsgh-hadayalab-projects-projects.vercel.app,cryptosignal-ai-ap05shsgh-hadayalab-projects-projects.vercel.app,dpl_AAnKoonheaRbtT2xpLVuNVJgtPCL,,,,,🚀 Cron Job Started: Whale Monitor,prj_aXVQjKQv7csNrAorIFwxVWlHYLQE,,,,,
2025-12-24 20:15:11,1766607311256,cryptosignal-ai-ap05shsgh-hadayalab-projects-projects.vercel.app/api/cron,GET,,200,hbgsv-1766607311217-8a57b78cc505,vercel-cron/1.0,info,production,main,MISS,serverless,/api/cron,cryptosignal-ai-ap05shsgh-hadayalab-projects-projects.vercel.app,cryptosignal-ai-ap05shsgh-hadayalab-projects-projects.vercel.app,dpl_AAnKoonheaRbtT2xpLVuNVJgtPCL,,,,,"Slot check => utcHour=20, utcMinute=15, isRegularSlot=false, force=false",prj_aXVQjKQv7csNrAorIFwxVWlHYLQE,,,,,
2025-12-24 20:15:11,1766607311256,cryptosignal-ai-ap05shsgh-hadayalab-projects-projects.vercel.app/api/cron,GET,,200,hbgsv-1766607311217-8a57b78cc505,vercel-cron/1.0,info,production,main,MISS,serverless,/api/cron,cryptosignal-ai-ap05shsgh-hadayalab-projects-projects.vercel.app,cryptosignal-ai-ap05shsgh-hadayalab-projects-projects.vercel.app,dpl_AAnKoonheaRbtT2xpLVuNVJgtPCL,,,,,🌐 Fetching: https://api.cryptoquant.com/v1/btc/exchange-flows/netflow?exchange=all_exchange&window=day&limit=1,prj_aXVQjKQv7csNrAorIFwxVWlHYLQE,,,,,
2025-12-24 20:15:11,1766607311256,cryptosignal-ai-ap05shsgh-hadayalab-projects-projects.vercel.app/api/cron,GET,,200,hbgsv-1766607311217-8a57b78cc505,vercel-cron/1.0,info,production,main,MISS,serverless,/api/cron,cryptosignal-ai-ap05shsgh-hadayalab-projects-projects.vercel.app,cryptosignal-ai-ap05shsgh-hadayalab-projects-projects.vercel.app,dpl_AAnKoonheaRbtT2xpLVuNVJgtPCL,,,,,🌐 Fetching: https://api.cryptoquant.com/v1/btc/flow-indicator/mpi?window=day&limit=1,prj_aXVQjKQv7csNrAorIFwxVWlHYLQE,,,,,
2025-12-24 20:15:11,1766607311438,cryptosignal-ai-ap05shsgh-hadayalab-projects-projects.vercel.app/api/cron,GET,,200,hbgsv-1766607311217-8a57b78cc505,vercel-cron/1.0,info,production,main,MISS,serverless,/api/cron,cryptosignal-ai-ap05shsgh-hadayalab-projects-projects.vercel.app,cryptosignal-ai-ap05shsgh-hadayalab-projects-projects.vercel.app,dpl_AAnKoonheaRbtT2xpLVuNVJgtPCL,,,,,"📊 Miner Position Index (BTC): -0.5211564700986901 raw: {""date"":""2025-12-23"",""mpi"":-0.5211564700986901}",prj_aXVQjKQv7csNrAorIFwxVWlHYLQE,,,,,
2025-12-24 20:15:11,1766607311458,cryptosignal-ai-ap05shsgh-hadayalab-projects-projects.vercel.app/api/cron,GET,,200,hbgsv-1766607311217-8a57b78cc505,vercel-cron/1.0,info,production,main,MISS,serverless,/api/cron,cryptosignal-ai-ap05shsgh-hadayalab-projects-projects.vercel.app,cryptosignal-ai-ap05shsgh-hadayalab-projects-projects.vercel.app,dpl_AAnKoonheaRbtT2xpLVuNVJgtPCL,,,,,"📊 Exchange Netflow (BTC): -11379.222587299999 raw: {""date"":""2025-12-23"",""netflow_total"":-11379.222587299999}",prj_aXVQjKQv7csNrAorIFwxVWlHYLQE,,,,,
2025-12-24 20:15:11,1766607311217,cryptosignal-ai-ap05shsgh-hadayalab-projects-projects.vercel.app/api/cron,GET,,200,hbgsv-1766607311217-8a57b78cc505,vercel-cron/1.0,,production,main,MISS,serverless,/api/cron,cryptosignal-ai-ap05shsgh-hadayalab-projects-projects.vercel.app,cryptosignal-ai-ap05shsgh-hadayalab-projects-projects.vercel.app,dpl_AAnKoonheaRbtT2xpLVuNVJgtPCL,273,iad1,274,2048,,prj_aXVQjKQv7csNrAorIFwxVWlHYLQE,,,01KD900MBX7RKG0KR43T1PYNRQ,2Rwn1SccMr9M,1
2025-12-24 20:00:11,1766606411447,cryptosignal-ai-ap05shsgh-hadayalab-projects-projects.vercel.app/api/cron,GET,,200,kcz6m-1766606411395-3bac43e517ed,vercel-cron/1.0,info,production,main,MISS,serverless,/api/cron,cryptosignal-ai-ap05shsgh-hadayalab-projects-projects.vercel.app,cryptosignal-ai-ap05shsgh-hadayalab-projects-projects.vercel.app,dpl_AAnKoonheaRbtT2xpLVuNVJgtPCL,,,,,🚀 Cron Job Started: Whale Monitor,prj_aXVQjKQv7csNrAorIFwxVWlHYLQE,,,,,
2025-12-24 20:00:11,1766606411447,cryptosignal-ai-ap05shsgh-hadayalab-projects-projects.vercel.app/api/cron,GET,,200,kcz6m-1766606411395-3bac43e517ed,vercel-cron/1.0,info,production,main,MISS,serverless,/api/cron,cryptosignal-ai-ap05shsgh-hadayalab-projects-projects.vercel.app,cryptosignal-ai-ap05shsgh-hadayalab-projects-projects.vercel.app,dpl_AAnKoonheaRbtT2xpLVuNVJgtPCL,,,,,"Slot check => utcHour=20, utcMinute=0, isRegularSlot=true, force=false",prj_aXVQjKQv7csNrAorIFwxVWlHYLQE,,,,,
2025-12-24 20:00:11,1766606411447,cryptosignal-ai-ap05shsgh-hadayalab-projects-projects.vercel.app/api/cron,GET,,200,kcz6m-1766606411395-3bac43e517ed,vercel-cron/1.0,info,production,main,MISS,serverless,/api/cron,cryptosignal-ai-ap05shsgh-hadayalab-projects-projects.vercel.app,cryptosignal-ai-ap05shsgh-hadayalab-projects-projects.vercel.app,dpl_AAnKoonheaRbtT2xpLVuNVJgtPCL,,,,,🌐 Fetching: https://api.cryptoquant.com/v1/btc/exchange-flows/netflow?exchange=all_exchange&window=day&limit=1,prj_aXVQjKQv7csNrAorIFwxVWlHYLQE,,,,,
2025-12-24 20:00:11,1766606411452,cryptosignal-ai-ap05shsgh-hadayalab-projects-projects.vercel.app/api/cron,GET,,200,kcz6m-1766606411395-3bac43e517ed,vercel-cron/1.0,info,production,main,MISS,serverless,/api/cron,cryptosignal-ai-ap05shsgh-hadayalab-projects-projects.vercel.app,cryptosignal-ai-ap05shsgh-hadayalab-projects-projects.vercel.app,dpl_AAnKoonheaRbtT2xpLVuNVJgtPCL,,,,,🌐 Fetching: https://api.cryptoquant.com/v1/btc/flow-indicator/mpi?window=day&limit=1,prj_aXVQjKQv7csNrAorIFwxVWlHYLQE,,,,,
2025-12-24 20:00:11,1766606411661,cryptosignal-ai-ap05shsgh-hadayalab-projects-projects.vercel.app/api/cron,GET,,200,kcz6m-1766606411395-3bac43e517ed,vercel-cron/1.0,info,production,main,MISS,serverless,/api/cron,cryptosignal-ai-ap05shsgh-hadayalab-projects-projects.vercel.app,cryptosignal-ai-ap05shsgh-hadayalab-projects-projects.vercel.app,dpl_AAnKoonheaRbtT2xpLVuNVJgtPCL,,,,,"📊 Miner Position Index (BTC): -0.5211564700986901 raw: {""date"":""2025-12-23"",""mpi"":-0.5211564700986901}",prj_aXVQjKQv7csNrAorIFwxVWlHYLQE,,,,,
2025-12-24 20:00:11,1766606411669,cryptosignal-ai-ap05shsgh-hadayalab-projects-projects.vercel.app/api/cron,GET,,200,kcz6m-1766606411395-3bac43e517ed,vercel-cron/1.0,info,production,main,MISS,serverless,/api/cron,cryptosignal-ai-ap05shsgh-hadayalab-projects-projects.vercel.app,cryptosignal-ai-ap05shsgh-hadayalab-projects-projects.vercel.app,dpl_AAnKoonheaRbtT2xpLVuNVJgtPCL,,,,,"📊 Exchange Netflow (BTC): -11379.222587299999 raw: {""date"":""2025-12-23"",""netflow_total"":-11379.222587299999}",prj_aXVQjKQv7csNrAorIFwxVWlHYLQE,,,,,
2025-12-24 20:00:46,1766606446104,cryptosignal-ai-ap05shsgh-hadayalab-projects-projects.vercel.app/api/cron,GET,,200,kcz6m-1766606411395-3bac43e517ed,vercel-cron/1.0,info,production,main,MISS,serverless,/api/cron,cryptosignal-ai-ap05shsgh-hadayalab-projects-projects.vercel.app,cryptosignal-ai-ap05shsgh-hadayalab-projects-projects.vercel.app,dpl_AAnKoonheaRbtT2xpLVuNVJgtPCL,,,,,Sending REGULAR message...,prj_aXVQjKQv7csNrAorIFwxVWlHYLQE,,,,,
2025-12-24 20:00:46,1766606446104,cryptosignal-ai-ap05shsgh-hadayalab-projects-projects.vercel.app/api/cron,GET,,200,kcz6m-1766606411395-3bac43e517ed,vercel-cron/1.0,info,production,main,MISS,serverless,/api/cron,cryptosignal-ai-ap05shsgh-hadayalab-projects-projects.vercel.app,cryptosignal-ai-ap05shsgh-hadayalab-projects-projects.vercel.app,dpl_AAnKoonheaRbtT2xpLVuNVJgtPCL,,,,,🌐 Fetching: https://api.cryptoquant.com/v1/btc/exchange-flows/netflow?exchange=all_exchange&window=day&limit=1,prj_aXVQjKQv7csNrAorIFwxVWlHYLQE,,,,,
2025-12-24 20:00:46,1766606446106,cryptosignal-ai-ap05shsgh-hadayalab-projects-projects.vercel.app/api/cron,GET,,200,kcz6m-1766606411395-3bac43e517ed,vercel-cron/1.0,info,production,main,MISS,serverless,/api/cron,cryptosignal-ai-ap05shsgh-hadayalab-projects-projects.vercel.app,cryptosignal-ai-ap05shsgh-hadayalab-projects-projects.vercel.app,dpl_AAnKoonheaRbtT2xpLVuNVJgtPCL,,,,,🌐 Fetching: https://api.cryptoquant.com/v1/btc/flow-indicator/mpi?window=day&limit=1,prj_aXVQjKQv7csNrAorIFwxVWlHYLQE,,,,,
2025-12-24 20:00:46,1766606446270,cryptosignal-ai-ap05shsgh-hadayalab-projects-projects.vercel.app/api/cron,GET,,200,kcz6m-1766606411395-3bac43e517ed,vercel-cron/1.0,info,production,main,MISS,serverless,/api/cron,cryptosignal-ai-ap05shsgh-hadayalab-projects-projects.vercel.app,cryptosignal-ai-ap05shsgh-hadayalab-projects-projects.vercel.app,dpl_AAnKoonheaRbtT2xpLVuNVJgtPCL,,,,,"📊 Exchange Netflow (BTC): -11379.222587299999 raw: {""date"":""2025-12-23"",""netflow_total"":-11379.222587299999}",prj_aXVQjKQv7csNrAorIFwxVWlHYLQE,,,,,
2025-12-24 20:00:46,1766606446317,cryptosignal-ai-ap05shsgh-hadayalab-projects-projects.vercel.app/api/cron,GET,,200,kcz6m-1766606411395-3bac43e517ed,vercel-cron/1.0,info,production,main,MISS,serverless,/api/cron,cryptosignal-ai-ap05shsgh-hadayalab-projects-projects.vercel.app,cryptosignal-ai-ap05shsgh-hadayalab-projects-projects.vercel.app,dpl_AAnKoonheaRbtT2xpLVuNVJgtPCL,,,,,"📊 Miner Position Index (BTC): -0.5211564700986901 raw: {""date"":""2025-12-23"",""mpi"":-0.5211564700986901}",prj_aXVQjKQv7csNrAorIFwxVWlHYLQE,,,,,
2025-12-24 20:00:46,1766606446824,cryptosignal-ai-ap05shsgh-hadayalab-projects-projects.vercel.app/api/cron,GET,,200,kcz6m-1766606411395-3bac43e517ed,vercel-cron/1.0,info,production,main,MISS,serverless,/api/cron,cryptosignal-ai-ap05shsgh-hadayalab-projects-projects.vercel.app,cryptosignal-ai-ap05shsgh-hadayalab-projects-projects.vercel.app,dpl_AAnKoonheaRbtT2xpLVuNVJgtPCL,,,,,"📨 Telegram sent: {
  ""ok"": true,
  ""result"": {
    ""message_id"": 85,
    ""from"": {
      ""id"": 8308505214,
      ""is_bot"": true,
      ""first_name"": ""CryptoSignal AI ES"",
      ""username"": ""CryptoSignal_AI_ES_bot""
    },
    ""chat"": {
      ""id"": -1003486823408,
      ""title"": ""CryptoSignal AI – Starter Signals (ES)"",
      ""type"": ""supergroup""
    },
    ""date"": 1766606446,
    ""text"": ""📚 Dr. Grok Market Leak\nInforme de sesión @ 2025-12-24 20:00:11 UTC\n\n💰 Precio BTC: $87,497 (-0.25% / 24h)\n📊 Flujo neto de exchanges: Outflow 11379 BTC\n⛏ Miners' Position Index (MPI): -0.52\n🧠 Sentimiento: Extreme Fear\n\n📈 Puntuación de mercado: 19/100\n✅ Detector de trampas: No se detectan trampas críticas.\n\n🎯 Veredicto de trading\n🛡️ Señal: BUG STANDBY (Defense Active)\n• Entrada (spot ref.): $87,497\n• Modo: Bug Standby — sin ventaja clara. Mejor esperar y proteger capital.\n• Take Profit: n/a\n• Stop Loss: n/a\n\n🧬 Visión de Dr. Grok\nLo siguiente es una idea estratégica, no una señal oficial de entrada True Bug. Úsala solo si encaja con tu propio plan y gestión de riesgo.\n¡Ey trader! Dr. Grok aquí, veterano de X con el pulso en BTC. Vamos al grano, riesgo primero:\n\nAnálisis rápido:\n- Precio: $87,497 USD, bajando -0.25% en 24h. Flujo de salida masivo (-11k), MPI negativo (-0.52) y sentimiento en \""Extreme Fear\"". Ballenas neutrales (bias 0), retail con FOMO medio (50), cero impacto noticioso.\n- Puntaje bajo (19.17), señal: NINGUNA. No hay trampa obvia, pero el miedo extremo grita volatilidad.\n\nTáctica de riesgo:\n- Riesgo alto: Mercado en pánico, salida de capital sugiere más caídas. Evita longs ciegos – podrías quedar atrapado en un dump.\n- Oportunidad táctica: Si eres short-term, espera rebote en soporte ~85k. No trades ahora (señal NONE). Monitorea inflows; si viran positivo, apunta a 90k con SL tight en 86k.\n- Consejo pro: Risk-first: Usa solo 1-2% de capital por trade. No FOMO en el miedo – eso es para novatos.\n\n¿Tu setup? Dame más data para afinar. ¡Mantén la calma, BTC es un juego largo! 🚀\n\nSolo para fines educativos. No constituye asesoramiento financiero.""
  }
}",prj_aXVQjKQv7csNrAorIFwxVWlHYLQE,,,,,
2025-12-24 20:00:11,1766606411395,cryptosignal-ai-ap05shsgh-hadayalab-projects-projects.vercel.app/api/cron,GET,,200,kcz6m-1766606411395-3bac43e517ed,vercel-cron/1.0,,production,main,MISS,serverless,/api/cron,cryptosignal-ai-ap05shsgh-hadayalab-projects-projects.vercel.app,cryptosignal-ai-ap05shsgh-hadayalab-projects-projects.vercel.app,dpl_AAnKoonheaRbtT2xpLVuNVJgtPCL,35387,iad1,274,2048,,prj_aXVQjKQv7csNrAorIFwxVWlHYLQE,,,01KD8Z55MSV3AG3N9509WFYMWB,2Rwn1SccMr9M,1
2025-12-24 19:45:11,1766605511356,cryptosignal-ai-ap05shsgh-hadayalab-projects-projects.vercel.app/api/cron,GET,,200,z8htr-1766605511291-1adc381c33c4,vercel-cron/1.0,info,production,main,MISS,serverless,/api/cron,cryptosignal-ai-ap05shsgh-hadayalab-projects-projects.vercel.app,cryptosignal-ai-ap05shsgh-hadayalab-projects-projects.vercel.app,dpl_AAnKoonheaRbtT2xpLVuNVJgtPCL,,,,,🚀 Cron Job Started: Whale Monitor,prj_aXVQjKQv7csNrAorIFwxVWlHYLQE,,,,,
2025-12-24 19:45:11,1766605511356,cryptosignal-ai-ap05shsgh-hadayalab-projects-projects.vercel.app/api/cron,GET,,200,z8htr-1766605511291-1adc381c33c4,vercel-cron/1.0,info,production,main,MISS,serverless,/api/cron,cryptosignal-ai-ap05shsgh-hadayalab-projects-projects.vercel.app,cryptosignal-ai-ap05shsgh-hadayalab-projects-projects.vercel.app,dpl_AAnKoonheaRbtT2xpLVuNVJgtPCL,,,,,"Slot check => utcHour=19, utcMinute=45, isRegularSlot=false, force=false",prj_aXVQjKQv7csNrAorIFwxVWlHYLQE,,,,,
2025-12-24 19:45:11,1766605511356,cryptosignal-ai-ap05shsgh-hadayalab-projects-projects.vercel.app/api/cron,GET,,200,z8htr-1766605511291-1adc381c33c4,vercel-cron/1.0,info,production,main,MISS,serverless,/api/cron,cryptosignal-ai-ap05shsgh-hadayalab-projects-projects.vercel.app,cryptosignal-ai-ap05shsgh-hadayalab-projects-projects.vercel.app,dpl_AAnKoonheaRbtT2xpLVuNVJgtPCL,,,,,🌐 Fetching: https://api.cryptoquant.com/v1/btc/exchange-flows/netflow?exchange=all_exchange&window=day&limit=1,prj_aXVQjKQv7csNrAorIFwxVWlHYLQE,,,,,
2025-12-24 19:45:11,1766605511359,cryptosignal-ai-ap05shsgh-hadayalab-projects-projects.vercel.app/api/cron,GET,,200,z8htr-1766605511291-1adc381c33c4,vercel-cron/1.0,info,production,main,MISS,serverless,/api/cron,cryptosignal-ai-ap05shsgh-hadayalab-projects-projects.vercel.app,cryptosignal-ai-ap05shsgh-hadayalab-projects-projects.vercel.app,dpl_AAnKoonheaRbtT2xpLVuNVJgtPCL,,,,,🌐 Fetching: https://api.cryptoquant.com/v1/btc/flow-indicator/mpi?window=day&limit=1,prj_aXVQjKQv7csNrAorIFwxVWlHYLQE,,,,,
2025-12-24 19:45:11,1766605511587,cryptosignal-ai-ap05shsgh-hadayalab-projects-projects.vercel.app/api/cron,GET,,200,z8htr-1766605511291-1adc381c33c4,vercel-cron/1.0,info,production,main,MISS,serverless,/api/cron,cryptosignal-ai-ap05shsgh-hadayalab-projects-projects.vercel.app,cryptosignal-ai-ap05shsgh-hadayalab-projects-projects.vercel.app,dpl_AAnKoonheaRbtT2xpLVuNVJgtPCL,,,,,"📊 Exchange Netflow (BTC): -11379.222587299999 raw: {""date"":""2025-12-23"",""netflow_total"":-11379.222587299999}",prj_aXVQjKQv7csNrAorIFwxVWlHYLQE,,,,,
2025-12-24 19:45:11,1766605511593,cryptosignal-ai-ap05shsgh-hadayalab-projects-projects.vercel.app/api/cron,GET,,200,z8htr-1766605511291-1adc381c33c4,vercel-cron/1.0,info,production,main,MISS,serverless,/api/cron,cryptosignal-ai-ap05shsgh-hadayalab-projects-projects.vercel.app,cryptosignal-ai-ap05shsgh-hadayalab-projects-projects.vercel.app,dpl_AAnKoonheaRbtT2xpLVuNVJgtPCL,,,,,"📊 Miner Position Index (BTC): -0.5211564700986901 raw: {""date"":""2025-12-23"",""mpi"":-0.5211564700986901}",prj_aXVQjKQv7csNrAorIFwxVWlHYLQE,,,,,
2025-12-24 19:45:11,1766605511291,cryptosignal-ai-ap05shsgh-hadayalab-projects-projects.vercel.app/api/cron,GET,,200,z8htr-1766605511291-1adc381c33c4,vercel-cron/1.0,,production,main,MISS,serverless,/api/cron,cryptosignal-ai-ap05shsgh-hadayalab-projects-projects.vercel.app,cryptosignal-ai-ap05shsgh-hadayalab-projects-projects.vercel.app,dpl_AAnKoonheaRbtT2xpLVuNVJgtPCL,338,iad1,266,2048,,prj_aXVQjKQv7csNrAorIFwxVWlHYLQE,,,01KD8Y9PMVBF9R1D7Q1CZGKT7G,2Rwn1SccMr9M,1
2025-12-24 19:30:11,1766604611153,cryptosignal-ai-ap05shsgh-hadayalab-projects-projects.vercel.app/api/cron,GET,,200,vhcx4-1766604611083-8830b1d2ac65,vercel-cron/1.0,info,production,main,MISS,serverless,/api/cron,cryptosignal-ai-ap05shsgh-hadayalab-projects-projects.vercel.app,cryptosignal-ai-ap05shsgh-hadayalab-projects-projects.vercel.app,dpl_AAnKoonheaRbtT2xpLVuNVJgtPCL,,,,,🚀 Cron Job Started: Whale Monitor,prj_aXVQjKQv7csNrAorIFwxVWlHYLQE,,,,,
2025-12-24 19:30:11,1766604611154,cryptosignal-ai-ap05shsgh-hadayalab-projects-projects.vercel.app/api/cron,GET,,200,vhcx4-1766604611083-8830b1d2ac65,vercel-cron/1.0,info,production,main,MISS,serverless,/api/cron,cryptosignal-ai-ap05shsgh-hadayalab-projects-projects.vercel.app,cryptosignal-ai-ap05shsgh-hadayalab-projects-projects.vercel.app,dpl_AAnKoonheaRbtT2xpLVuNVJgtPCL,,,,,"Slot check => utcHour=19, utcMinute=30, isRegularSlot=false, force=false",prj_aXVQjKQv7csNrAorIFwxVWlHYLQE,,,,,
2025-12-24 19:30:11,1766604611154,cryptosignal-ai-ap05shsgh-hadayalab-projects-projects.vercel.app/api/cron,GET,,200,vhcx4-1766604611083-8830b1d2ac65,vercel-cron/1.0,info,production,main,MISS,serverless,/api/cron,cryptosignal-ai-ap05shsgh-hadayalab-projects-projects.vercel.app,cryptosignal-ai-ap05shsgh-hadayalab-projects-projects.vercel.app,dpl_AAnKoonheaRbtT2xpLVuNVJgtPCL,,,,,🌐 Fetching: https://api.cryptoquant.com/v1/btc/exchange-flows/netflow?exchange=all_exchange&window=day&limit=1,prj_aXVQjKQv7csNrAorIFwxVWlHYLQE,,,,,
2025-12-24 19:30:11,1766604611242,cryptosignal-ai-ap05shsgh-hadayalab-projects-projects.vercel.app/api/cron,GET,,200,vhcx4-1766604611083-8830b1d2ac65,vercel-cron/1.0,info,production,main,MISS,serverless,/api/cron,cryptosignal-ai-ap05shsgh-hadayalab-projects-projects.vercel.app,cryptosignal-ai-ap05shsgh-hadayalab-projects-projects.vercel.app,dpl_AAnKoonheaRbtT2xpLVuNVJgtPCL,,,,,🌐 Fetching: https://api.cryptoquant.com/v1/btc/flow-indicator/mpi?window=day&limit=1,prj_aXVQjKQv7csNrAorIFwxVWlHYLQE,,,,,
2025-12-24 19:30:11,1766604611244,cryptosignal-ai-ap05shsgh-hadayalab-projects-projects.vercel.app/api/cron,GET,,200,vhcx4-1766604611083-8830b1d2ac65,vercel-cron/1.0,error,production,main,MISS,serverless,/api/cron,cryptosignal-ai-ap05shsgh-hadayalab-projects-projects.vercel.app,cryptosignal-ai-ap05shsgh-hadayalab-projects-projects.vercel.app,dpl_AAnKoonheaRbtT2xpLVuNVJgtPCL,,,,,"(node:4) [DEP0169] DeprecationWarning: `url.parse()` behavior is not standardized and prone to errors that have security implications. Use the WHATWG URL API instead. CVEs are not issued for `url.parse()` vulnerabilities.
(Use `node --trace-deprecation ...` to show where the warning was created)",prj_aXVQjKQv7csNrAorIFwxVWlHYLQE,,,,,
2025-12-24 19:30:11,1766604611514,cryptosignal-ai-ap05shsgh-hadayalab-projects-projects.vercel.app/api/cron,GET,,200,vhcx4-1766604611083-8830b1d2ac65,vercel-cron/1.0,info,production,main,MISS,serverless,/api/cron,cryptosignal-ai-ap05shsgh-hadayalab-projects-projects.vercel.app,cryptosignal-ai-ap05shsgh-hadayalab-projects-projects.vercel.app,dpl_AAnKoonheaRbtT2xpLVuNVJgtPCL,,,,,"📊 Exchange Netflow (BTC): -11379.222587299999 raw: {""date"":""2025-12-23"",""netflow_total"":-11379.222587299999}",prj_aXVQjKQv7csNrAorIFwxVWlHYLQE,,,,,
2025-12-24 19:30:11,1766604611515,cryptosignal-ai-ap05shsgh-hadayalab-projects-projects.vercel.app/api/cron,GET,,200,vhcx4-1766604611083-8830b1d2ac65,vercel-cron/1.0,info,production,main,MISS,serverless,/api/cron,cryptosignal-ai-ap05shsgh-hadayalab-projects-projects.vercel.app,cryptosignal-ai-ap05shsgh-hadayalab-projects-projects.vercel.app,dpl_AAnKoonheaRbtT2xpLVuNVJgtPCL,,,,,"📊 Miner Position Index (BTC): -0.5211564700986901 raw: {""date"":""2025-12-23"",""mpi"":-0.5211564700986901}",prj_aXVQjKQv7csNrAorIFwxVWlHYLQE,,,,,
2025-12-24 19:30:11,1766604611083,cryptosignal-ai-ap05shsgh-hadayalab-projects-projects.vercel.app/api/cron,GET,,200,vhcx4-1766604611083-8830b1d2ac65,vercel-cron/1.0,,production,main,MISS,serverless,/api/cron,cryptosignal-ai-ap05shsgh-hadayalab-projects-projects.vercel.app,cryptosignal-ai-ap05shsgh-hadayalab-projects-projects.vercel.app,dpl_AAnKoonheaRbtT2xpLVuNVJgtPCL,492,iad1,273,2048,,prj_aXVQjKQv7csNrAorIFwxVWlHYLQE,,,01KD8XE7GVFSR47E241WSCRZRV,2Rwn1SccMr9M,1
2025-12-24 19:15:11,1766603711327,cryptosignal-ai-ap05shsgh-hadayalab-projects-projects.vercel.app/api/cron,GET,,200,lczms-1766603711271-a9dc5fc2c471,vercel-cron/1.0,info,production,main,MISS,serverless,/api/cron,cryptosignal-ai-ap05shsgh-hadayalab-projects-projects.vercel.app,cryptosignal-ai-ap05shsgh-hadayalab-projects-projects.vercel.app,dpl_AAnKoonheaRbtT2xpLVuNVJgtPCL,,,,,🚀 Cron Job Started: Whale Monitor,prj_aXVQjKQv7csNrAorIFwxVWlHYLQE,,,,,
2025-12-24 19:15:11,1766603711327,cryptosignal-ai-ap05shsgh-hadayalab-projects-projects.vercel.app/api/cron,GET,,200,lczms-1766603711271-a9dc5fc2c471,vercel-cron/1.0,info,production,main,MISS,serverless,/api/cron,cryptosignal-ai-ap05shsgh-hadayalab-projects-projects.vercel.app,cryptosignal-ai-ap05shsgh-hadayalab-projects-projects.vercel.app,dpl_AAnKoonheaRbtT2xpLVuNVJgtPCL,,,,,"Slot check => utcHour=19, utcMinute=15, isRegularSlot=false, force=false",prj_aXVQjKQv7csNrAorIFwxVWlHYLQE,,,,,
2025-12-24 19:15:11,1766603711327,cryptosignal-ai-ap05shsgh-hadayalab-projects-projects.vercel.app/api/cron,GET,,200,lczms-1766603711271-a9dc5fc2c471,vercel-cron/1.0,info,production,main,MISS,serverless,/api/cron,cryptosignal-ai-ap05shsgh-hadayalab-projects-projects.vercel.app,cryptosignal-ai-ap05shsgh-hadayalab-projects-projects.vercel.app,dpl_AAnKoonheaRbtT2xpLVuNVJgtPCL,,,,,🌐 Fetching: https://api.cryptoquant.com/v1/btc/exchange-flows/netflow?exchange=all_exchange&window=day&limit=1,prj_aXVQjKQv7csNrAorIFwxVWlHYLQE,,,,,
2025-12-24 19:15:11,1766603711327,cryptosignal-ai-ap05shsgh-hadayalab-projects-projects.vercel.app/api/cron,GET,,200,lczms-1766603711271-a9dc5fc2c471,vercel-cron/1.0,info,production,main,MISS,serverless,/api/cron,cryptosignal-ai-ap05shsgh-hadayalab-projects-projects.vercel.app,cryptosignal-ai-ap05shsgh-hadayalab-projects-projects.vercel.app,dpl_AAnKoonheaRbtT2xpLVuNVJgtPCL,,,,,🌐 Fetching: https://api.cryptoquant.com/v1/btc/flow-indicator/mpi?window=day&limit=1,prj_aXVQjKQv7csNrAorIFwxVWlHYLQE,,,,,
2025-12-24 19:15:11,1766603711520,cryptosignal-ai-ap05shsgh-hadayalab-projects-projects.vercel.app/api/cron,GET,,200,lczms-1766603711271-a9dc5fc2c471,vercel-cron/1.0,info,production,main,MISS,serverless,/api/cron,cryptosignal-ai-ap05shsgh-hadayalab-projects-projects.vercel.app,cryptosignal-ai-ap05shsgh-hadayalab-projects-projects.vercel.app,dpl_AAnKoonheaRbtT2xpLVuNVJgtPCL,,,,,"📊 Exchange Netflow (BTC): -11379.222587299999 raw: {""date"":""2025-12-23"",""netflow_total"":-11379.222587299999}",prj_aXVQjKQv7csNrAorIFwxVWlHYLQE,,,,,
2025-12-24 19:15:11,1766603711543,cryptosignal-ai-ap05shsgh-hadayalab-projects-projects.vercel.app/api/cron,GET,,200,lczms-1766603711271-a9dc5fc2c471,vercel-cron/1.0,info,production,main,MISS,serverless,/api/cron,cryptosignal-ai-ap05shsgh-hadayalab-projects-projects.vercel.app,cryptosignal-ai-ap05shsgh-hadayalab-projects-projects.vercel.app,dpl_AAnKoonheaRbtT2xpLVuNVJgtPCL,,,,,"📊 Miner Position Index (BTC): -0.5211564700986901 raw: {""date"":""2025-12-23"",""mpi"":-0.5211564700986901}",prj_aXVQjKQv7csNrAorIFwxVWlHYLQE,,,,,
2025-12-24 19:15:11,1766603711271,cryptosignal-ai-ap05shsgh-hadayalab-projects-projects.vercel.app/api/cron,GET,,200,lczms-1766603711271-a9dc5fc2c471,vercel-cron/1.0,,production,main,MISS,serverless,/api/cron,cryptosignal-ai-ap05shsgh-hadayalab-projects-projects.vercel.app,cryptosignal-ai-ap05shsgh-hadayalab-projects-projects.vercel.app,dpl_AAnKoonheaRbtT2xpLVuNVJgtPCL,320,iad1,270,2048,,prj_aXVQjKQv7csNrAorIFwxVWlHYLQE,,,01KD8WJRSRN7GPY4ZSSEBPAYN1,yiDyndtlheEN,1
2025-12-24 19:00:11,1766602811160,cryptosignal-ai-ap05shsgh-hadayalab-projects-projects.vercel.app/api/cron,GET,,200,bc4lb-1766602811093-ced877b3eb19,vercel-cron/1.0,info,production,main,MISS,serverless,/api/cron,cryptosignal-ai-ap05shsgh-hadayalab-projects-projects.vercel.app,cryptosignal-ai-ap05shsgh-hadayalab-projects-projects.vercel.app,dpl_AAnKoonheaRbtT2xpLVuNVJgtPCL,,,,,🚀 Cron Job Started: Whale Monitor,prj_aXVQjKQv7csNrAorIFwxVWlHYLQE,,,,,
2025-12-24 19:00:11,1766602811161,cryptosignal-ai-ap05shsgh-hadayalab-projects-projects.vercel.app/api/cron,GET,,200,bc4lb-1766602811093-ced877b3eb19,vercel-cron/1.0,info,production,main,MISS,serverless,/api/cron,cryptosignal-ai-ap05shsgh-hadayalab-projects-projects.vercel.app,cryptosignal-ai-ap05shsgh-hadayalab-projects-projects.vercel.app,dpl_AAnKoonheaRbtT2xpLVuNVJgtPCL,,,,,"Slot check => utcHour=19, utcMinute=0, isRegularSlot=false, force=false",prj_aXVQjKQv7csNrAorIFwxVWlHYLQE,,,,,
2025-12-24 19:00:11,1766602811162,cryptosignal-ai-ap05shsgh-hadayalab-projects-projects.vercel.app/api/cron,GET,,200,bc4lb-1766602811093-ced877b3eb19,vercel-cron/1.0,info,production,main,MISS,serverless,/api/cron,cryptosignal-ai-ap05shsgh-hadayalab-projects-projects.vercel.app,cryptosignal-ai-ap05shsgh-hadayalab-projects-projects.vercel.app,dpl_AAnKoonheaRbtT2xpLVuNVJgtPCL,,,,,🌐 Fetching: https://api.cryptoquant.com/v1/btc/exchange-flows/netflow?exchange=all_exchange&window=day&limit=1,prj_aXVQjKQv7csNrAorIFwxVWlHYLQE,,,,,
2025-12-24 19:00:11,1766602811164,cryptosignal-ai-ap05shsgh-hadayalab-projects-projects.vercel.app/api/cron,GET,,200,bc4lb-1766602811093-ced877b3eb19,vercel-cron/1.0,info,production,main,MISS,serverless,/api/cron,cryptosignal-ai-ap05shsgh-hadayalab-projects-projects.vercel.app,cryptosignal-ai-ap05shsgh-hadayalab-projects-projects.vercel.app,dpl_AAnKoonheaRbtT2xpLVuNVJgtPCL,,,,,🌐 Fetching: https://api.cryptoquant.com/v1/btc/flow-indicator/mpi?window=day&limit=1,prj_aXVQjKQv7csNrAorIFwxVWlHYLQE,,,,,
2025-12-24 19:00:11,1766602811354,cryptosignal-ai-ap05shsgh-hadayalab-projects-projects.vercel.app/api/cron,GET,,200,bc4lb-1766602811093-ced877b3eb19,vercel-cron/1.0,info,production,main,MISS,serverless,/api/cron,cryptosignal-ai-ap05shsgh-hadayalab-projects-projects.vercel.app,cryptosignal-ai-ap05shsgh-hadayalab-projects-projects.vercel.app,dpl_AAnKoonheaRbtT2xpLVuNVJgtPCL,,,,,"📊 Exchange Netflow (BTC): -11379.222587299999 raw: {""date"":""2025-12-23"",""netflow_total"":-11379.222587299999}",prj_aXVQjKQv7csNrAorIFwxVWlHYLQE,,,,,
2025-12-24 19:00:11,1766602811377,cryptosignal-ai-ap05shsgh-hadayalab-projects-projects.vercel.app/api/cron,GET,,200,bc4lb-1766602811093-ced877b3eb19,vercel-cron/1.0,info,production,main,MISS,serverless,/api/cron,cryptosignal-ai-ap05shsgh-hadayalab-projects-projects.vercel.app,cryptosignal-ai-ap05shsgh-hadayalab-projects-projects.vercel.app,dpl_AAnKoonheaRbtT2xpLVuNVJgtPCL,,,,,"📊 Miner Position Index (BTC): -0.5211564700986901 raw: {""date"":""2025-12-23"",""mpi"":-0.5211564700986901}",prj_aXVQjKQv7csNrAorIFwxVWlHYLQE,,,,,
2025-12-24 19:00:11,1766602811093,cryptosignal-ai-ap05shsgh-hadayalab-projects-projects.vercel.app/api/cron,GET,,200,bc4lb-1766602811093-ced877b3eb19,vercel-cron/1.0,,production,main,MISS,serverless,/api/cron,cryptosignal-ai-ap05shsgh-hadayalab-projects-projects.vercel.app,cryptosignal-ai-ap05shsgh-hadayalab-projects-projects.vercel.app,dpl_AAnKoonheaRbtT2xpLVuNVJgtPCL,300,iad1,269,2048,,prj_aXVQjKQv7csNrAorIFwxVWlHYLQE,,,01KD8VQ9R7GEJMDNE1N9QSC4BT,yiDyndtlheEN,1
2025-12-24 18:45:11,1766601911464,cryptosignal-ai-ap05shsgh-hadayalab-projects-projects.vercel.app/api/cron,GET,,200,4bw6c-1766601911422-368ec385546a,vercel-cron/1.0,info,production,main,MISS,serverless,/api/cron,cryptosignal-ai-ap05shsgh-hadayalab-projects-projects.vercel.app,cryptosignal-ai-ap05shsgh-hadayalab-projects-projects.vercel.app,dpl_AAnKoonheaRbtT2xpLVuNVJgtPCL,,,,,🚀 Cron Job Started: Whale Monitor,prj_aXVQjKQv7csNrAorIFwxVWlHYLQE,,,,,
2025-12-24 18:45:11,1766601911464,cryptosignal-ai-ap05shsgh-hadayalab-projects-projects.vercel.app/api/cron,GET,,200,4bw6c-1766601911422-368ec385546a,vercel-cron/1.0,info,production,main,MISS,serverless,/api/cron,cryptosignal-ai-ap05shsgh-hadayalab-projects-projects.vercel.app,cryptosignal-ai-ap05shsgh-hadayalab-projects-projects.vercel.app,dpl_AAnKoonheaRbtT2xpLVuNVJgtPCL,,,,,"Slot check => utcHour=18, utcMinute=45, isRegularSlot=false, force=false",prj_aXVQjKQv7csNrAorIFwxVWlHYLQE,,,,,
2025-12-24 18:45:11,1766601911464,cryptosignal-ai-ap05shsgh-hadayalab-projects-projects.vercel.app/api/cron,GET,,200,4bw6c-1766601911422-368ec385546a,vercel-cron/1.0,info,production,main,MISS,serverless,/api/cron,cryptosignal-ai-ap05shsgh-hadayalab-projects-projects.vercel.app,cryptosignal-ai-ap05shsgh-hadayalab-projects-projects.vercel.app,dpl_AAnKoonheaRbtT2xpLVuNVJgtPCL,,,,,🌐 Fetching: https://api.cryptoquant.com/v1/btc/exchange-flows/netflow?exchange=all_exchange&window=day&limit=1,prj_aXVQjKQv7csNrAorIFwxVWlHYLQE,,,,,
2025-12-24 18:45:11,1766601911466,cryptosignal-ai-ap05shsgh-hadayalab-projects-projects.vercel.app/api/cron,GET,,200,4bw6c-1766601911422-368ec385546a,vercel-cron/1.0,info,production,main,MISS,serverless,/api/cron,cryptosignal-ai-ap05shsgh-hadayalab-projects-projects.vercel.app,cryptosignal-ai-ap05shsgh-hadayalab-projects-projects.vercel.app,dpl_AAnKoonheaRbtT2xpLVuNVJgtPCL,,,,,🌐 Fetching: https://api.cryptoquant.com/v1/btc/flow-indicator/mpi?window=day&limit=1,prj_aXVQjKQv7csNrAorIFwxVWlHYLQE,,,,,
2025-12-24 18:45:11,1766601911656,cryptosignal-ai-ap05shsgh-hadayalab-projects-projects.vercel.app/api/cron,GET,,200,4bw6c-1766601911422-368ec385546a,vercel-cron/1.0,info,production,main,MISS,serverless,/api/cron,cryptosignal-ai-ap05shsgh-hadayalab-projects-projects.vercel.app,cryptosignal-ai-ap05shsgh-hadayalab-projects-projects.vercel.app,dpl_AAnKoonheaRbtT2xpLVuNVJgtPCL,,,,,"📊 Exchange Netflow (BTC): -11379.222587299999 raw: {""date"":""2025-12-23"",""netflow_total"":-11379.222587299999}",prj_aXVQjKQv7csNrAorIFwxVWlHYLQE,,,,,
2025-12-24 18:45:11,1766601911682,cryptosignal-ai-ap05shsgh-hadayalab-projects-projects.vercel.app/api/cron,GET,,200,4bw6c-1766601911422-368ec385546a,vercel-cron/1.0,info,production,main,MISS,serverless,/api/cron,cryptosignal-ai-ap05shsgh-hadayalab-projects-projects.vercel.app,cryptosignal-ai-ap05shsgh-hadayalab-projects-projects.vercel.app,dpl_AAnKoonheaRbtT2xpLVuNVJgtPCL,,,,,"📊 Miner Position Index (BTC): -0.5211564700986901 raw: {""date"":""2025-12-23"",""mpi"":-0.5211564700986901}",prj_aXVQjKQv7csNrAorIFwxVWlHYLQE,,,,,
2025-12-24 18:45:11,1766601911422,cryptosignal-ai-ap05shsgh-hadayalab-projects-projects.vercel.app/api/cron,GET,,200,4bw6c-1766601911422-368ec385546a,vercel-cron/1.0,,production,main,MISS,serverless,/api/cron,cryptosignal-ai-ap05shsgh-hadayalab-projects-projects.vercel.app,cryptosignal-ai-ap05shsgh-hadayalab-projects-projects.vercel.app,dpl_AAnKoonheaRbtT2xpLVuNVJgtPCL,309,iad1,269,2048,,prj_aXVQjKQv7csNrAorIFwxVWlHYLQE,,,01KD8TVV4DZA5WZDZH0MFNY2CB,yiDyndtlheEN,1
2025-12-24 18:30:11,1766601011308,cryptosignal-ai-ap05shsgh-hadayalab-projects-projects.vercel.app/api/cron,GET,,200,x9xxr-1766601011262-6b5dfda06d60,vercel-cron/1.0,info,production,main,MISS,serverless,/api/cron,cryptosignal-ai-ap05shsgh-hadayalab-projects-projects.vercel.app,cryptosignal-ai-ap05shsgh-hadayalab-projects-projects.vercel.app,dpl_AAnKoonheaRbtT2xpLVuNVJgtPCL,,,,,🚀 Cron Job Started: Whale Monitor,prj_aXVQjKQv7csNrAorIFwxVWlHYLQE,,,,,
2025-12-24 18:30:11,1766601011308,cryptosignal-ai-ap05shsgh-hadayalab-projects-projects.vercel.app/api/cron,GET,,200,x9xxr-1766601011262-6b5dfda06d60,vercel-cron/1.0,info,production,main,MISS,serverless,/api/cron,cryptosignal-ai-ap05shsgh-hadayalab-projects-projects.vercel.app,cryptosignal-ai-ap05shsgh-hadayalab-projects-projects.vercel.app,dpl_AAnKoonheaRbtT2xpLVuNVJgtPCL,,,,,"Slot check => utcHour=18, utcMinute=30, isRegularSlot=false, force=false",prj_aXVQjKQv7csNrAorIFwxVWlHYLQE,,,,,
2025-12-24 18:30:11,1766601011308,cryptosignal-ai-ap05shsgh-hadayalab-projects-projects.vercel.app/api/cron,GET,,200,x9xxr-1766601011262-6b5dfda06d60,vercel-cron/1.0,info,production,main,MISS,serverless,/api/cron,cryptosignal-ai-ap05shsgh-hadayalab-projects-projects.vercel.app,cryptosignal-ai-ap05shsgh-hadayalab-projects-projects.vercel.app,dpl_AAnKoonheaRbtT2xpLVuNVJgtPCL,,,,,🌐 Fetching: https://api.cryptoquant.com/v1/btc/exchange-flows/netflow?exchange=all_exchange&window=day&limit=1,prj_aXVQjKQv7csNrAorIFwxVWlHYLQE,,,,,
2025-12-24 18:30:11,1766601011308,cryptosignal-ai-ap05shsgh-hadayalab-projects-projects.vercel.app/api/cron,GET,,200,x9xxr-1766601011262-6b5dfda06d60,vercel-cron/1.0,info,production,main,MISS,serverless,/api/cron,cryptosignal-ai-ap05shsgh-hadayalab-projects-projects.vercel.app,cryptosignal-ai-ap05shsgh-hadayalab-projects-projects.vercel.app,dpl_AAnKoonheaRbtT2xpLVuNVJgtPCL,,,,,🌐 Fetching: https://api.cryptoquant.com/v1/btc/flow-indicator/mpi?window=day&limit=1,prj_aXVQjKQv7csNrAorIFwxVWlHYLQE,,,,,
2025-12-24 18:30:11,1766601011502,cryptosignal-ai-ap05shsgh-hadayalab-projects-projects.vercel.app/api/cron,GET,,200,x9xxr-1766601011262-6b5dfda06d60,vercel-cron/1.0,info,production,main,MISS,serverless,/api/cron,cryptosignal-ai-ap05shsgh-hadayalab-projects-projects.vercel.app,cryptosignal-ai-ap05shsgh-hadayalab-projects-projects.vercel.app,dpl_AAnKoonheaRbtT2xpLVuNVJgtPCL,,,,,"📊 Exchange Netflow (BTC): -11379.222587299999 raw: {""date"":""2025-12-23"",""netflow_total"":-11379.222587299999}",prj_aXVQjKQv7csNrAorIFwxVWlHYLQE,,,,,
2025-12-24 18:30:11,1766601011517,cryptosignal-ai-ap05shsgh-hadayalab-projects-projects.vercel.app/api/cron,GET,,200,x9xxr-1766601011262-6b5dfda06d60,vercel-cron/1.0,info,production,main,MISS,serverless,/api/cron,cryptosignal-ai-ap05shsgh-hadayalab-projects-projects.vercel.app,cryptosignal-ai-ap05shsgh-hadayalab-projects-projects.vercel.app,dpl_AAnKoonheaRbtT2xpLVuNVJgtPCL,,,,,"📊 Miner Position Index (BTC): -0.5211564700986901 raw: {""date"":""2025-12-23"",""mpi"":-0.5211564700986901}",prj_aXVQjKQv7csNrAorIFwxVWlHYLQE,,,,,
2025-12-24 18:30:11,1766601011262,cryptosignal-ai-ap05shsgh-hadayalab-projects-projects.vercel.app/api/cron,GET,,200,x9xxr-1766601011262-6b5dfda06d60,vercel-cron/1.0,,production,main,MISS,serverless,/api/cron,cryptosignal-ai-ap05shsgh-hadayalab-projects-projects.vercel.app,cryptosignal-ai-ap05shsgh-hadayalab-projects-projects.vercel.app,dpl_AAnKoonheaRbtT2xpLVuNVJgtPCL,282,iad1,268,2048,,prj_aXVQjKQv7csNrAorIFwxVWlHYLQE,,,01KD8T0C2FBWJQTG62HK8DQ8Z0,yiDyndtlheEN,1
2025-12-24 18:15:11,1766600111305,cryptosignal-ai-ap05shsgh-hadayalab-projects-projects.vercel.app/api/cron,GET,,200,lmqgj-1766600111235-32cd5215a519,vercel-cron/1.0,info,production,main,MISS,serverless,/api/cron,cryptosignal-ai-ap05shsgh-hadayalab-projects-projects.vercel.app,cryptosignal-ai-ap05shsgh-hadayalab-projects-projects.vercel.app,dpl_AAnKoonheaRbtT2xpLVuNVJgtPCL,,,,,🚀 Cron Job Started: Whale Monitor,prj_aXVQjKQv7csNrAorIFwxVWlHYLQE,,,,,
2025-12-24 18:15:11,1766600111305,cryptosignal-ai-ap05shsgh-hadayalab-projects-projects.vercel.app/api/cron,GET,,200,lmqgj-1766600111235-32cd5215a519,vercel-cron/1.0,info,production,main,MISS,serverless,/api/cron,cryptosignal-ai-ap05shsgh-hadayalab-projects-projects.vercel.app,cryptosignal-ai-ap05shsgh-hadayalab-projects-projects.vercel.app,dpl_AAnKoonheaRbtT2xpLVuNVJgtPCL,,,,,"Slot check => utcHour=18, utcMinute=15, isRegularSlot=false, force=false",prj_aXVQjKQv7csNrAorIFwxVWlHYLQE,,,,,
2025-12-24 18:15:11,1766600111305,cryptosignal-ai-ap05shsgh-hadayalab-projects-projects.vercel.app/api/cron,GET,,200,lmqgj-1766600111235-32cd5215a519,vercel-cron/1.0,info,production,main,MISS,serverless,/api/cron,cryptosignal-ai-ap05shsgh-hadayalab-projects-projects.vercel.app,cryptosignal-ai-ap05shsgh-hadayalab-projects-projects.vercel.app,dpl_AAnKoonheaRbtT2xpLVuNVJgtPCL,,,,,🌐 Fetching: https://api.cryptoquant.com/v1/btc/exchange-flows/netflow?exchange=all_exchange&window=day&limit=1,prj_aXVQjKQv7csNrAorIFwxVWlHYLQE,,,,,
2025-12-24 18:15:11,1766600111308,cryptosignal-ai-ap05shsgh-hadayalab-projects-projects.vercel.app/api/cron,GET,,200,lmqgj-1766600111235-32cd5215a519,vercel-cron/1.0,info,production,main,MISS,serverless,/api/cron,cryptosignal-ai-ap05shsgh-hadayalab-projects-projects.vercel.app,cryptosignal-ai-ap05shsgh-hadayalab-projects-projects.vercel.app,dpl_AAnKoonheaRbtT2xpLVuNVJgtPCL,,,,,🌐 Fetching: https://api.cryptoquant.com/v1/btc/flow-indicator/mpi?window=day&limit=1,prj_aXVQjKQv7csNrAorIFwxVWlHYLQE,,,,,
2025-12-24 18:15:11,1766600111533,cryptosignal-ai-ap05shsgh-hadayalab-projects-projects.vercel.app/api/cron,GET,,200,lmqgj-1766600111235-32cd5215a519,vercel-cron/1.0,info,production,main,MISS,serverless,/api/cron,cryptosignal-ai-ap05shsgh-hadayalab-projects-projects.vercel.app,cryptosignal-ai-ap05shsgh-hadayalab-projects-projects.vercel.app,dpl_AAnKoonheaRbtT2xpLVuNVJgtPCL,,,,,"📊 Exchange Netflow (BTC): -11379.222587299999 raw: {""date"":""2025-12-23"",""netflow_total"":-11379.222587299999}",prj_aXVQjKQv7csNrAorIFwxVWlHYLQE,,,,,
2025-12-24 18:15:11,1766600111573,cryptosignal-ai-ap05shsgh-hadayalab-projects-projects.vercel.app/api/cron,GET,,200,lmqgj-1766600111235-32cd5215a519,vercel-cron/1.0,info,production,main,MISS,serverless,/api/cron,cryptosignal-ai-ap05shsgh-hadayalab-projects-projects.vercel.app,cryptosignal-ai-ap05shsgh-hadayalab-projects-projects.vercel.app,dpl_AAnKoonheaRbtT2xpLVuNVJgtPCL,,,,,"📊 Miner Position Index (BTC): -0.5211564700986901 raw: {""date"":""2025-12-23"",""mpi"":-0.5211564700986901}",prj_aXVQjKQv7csNrAorIFwxVWlHYLQE,,,,,
2025-12-24 18:15:11,1766600111235,cryptosignal-ai-ap05shsgh-hadayalab-projects-projects.vercel.app/api/cron,GET,,200,lmqgj-1766600111235-32cd5215a519,vercel-cron/1.0,,production,main,MISS,serverless,/api/cron,cryptosignal-ai-ap05shsgh-hadayalab-projects-projects.vercel.app,cryptosignal-ai-ap05shsgh-hadayalab-projects-projects.vercel.app,dpl_AAnKoonheaRbtT2xpLVuNVJgtPCL,360,iad1,268,2048,,prj_aXVQjKQv7csNrAorIFwxVWlHYLQE,,,01KD8S4X59PEHX8SSM0Z59B746,yiDyndtlheEN,1
2025-12-24 18:00:11,1766599211152,cryptosignal-ai-ap05shsgh-hadayalab-projects-projects.vercel.app/api/cron,GET,,200,ltskx-1766599211105-3e6fa1c7210a,vercel-cron/1.0,info,production,main,MISS,serverless,/api/cron,cryptosignal-ai-ap05shsgh-hadayalab-projects-projects.vercel.app,cryptosignal-ai-ap05shsgh-hadayalab-projects-projects.vercel.app,dpl_AAnKoonheaRbtT2xpLVuNVJgtPCL,,,,,🚀 Cron Job Started: Whale Monitor,prj_aXVQjKQv7csNrAorIFwxVWlHYLQE,,,,,
2025-12-24 18:00:11,1766599211152,cryptosignal-ai-ap05shsgh-hadayalab-projects-projects.vercel.app/api/cron,GET,,200,ltskx-1766599211105-3e6fa1c7210a,vercel-cron/1.0,info,production,main,MISS,serverless,/api/cron,cryptosignal-ai-ap05shsgh-hadayalab-projects-projects.vercel.app,cryptosignal-ai-ap05shsgh-hadayalab-projects-projects.vercel.app,dpl_AAnKoonheaRbtT2xpLVuNVJgtPCL,,,,,"Slot check => utcHour=18, utcMinute=0, isRegularSlot=false, force=false",prj_aXVQjKQv7csNrAorIFwxVWlHYLQE,,,,,
2025-12-24 18:00:11,1766599211152,cryptosignal-ai-ap05shsgh-hadayalab-projects-projects.vercel.app/api/cron,GET,,200,ltskx-1766599211105-3e6fa1c7210a,vercel-cron/1.0,info,production,main,MISS,serverless,/api/cron,cryptosignal-ai-ap05shsgh-hadayalab-projects-projects.vercel.app,cryptosignal-ai-ap05shsgh-hadayalab-projects-projects.vercel.app,dpl_AAnKoonheaRbtT2xpLVuNVJgtPCL,,,,,🌐 Fetching: https://api.cryptoquant.com/v1/btc/exchange-flows/netflow?exchange=all_exchange&window=day&limit=1,prj_aXVQjKQv7csNrAorIFwxVWlHYLQE,,,,,
2025-12-24 18:00:11,1766599211155,cryptosignal-ai-ap05shsgh-hadayalab-projects-projects.vercel.app/api/cron,GET,,200,ltskx-1766599211105-3e6fa1c7210a,vercel-cron/1.0,info,production,main,MISS,serverless,/api/cron,cryptosignal-ai-ap05shsgh-hadayalab-projects-projects.vercel.app,cryptosignal-ai-ap05shsgh-hadayalab-projects-projects.vercel.app,dpl_AAnKoonheaRbtT2xpLVuNVJgtPCL,,,,,🌐 Fetching: https://api.cryptoquant.com/v1/btc/flow-indicator/mpi?window=day&limit=1,prj_aXVQjKQv7csNrAorIFwxVWlHYLQE,,,,,
2025-12-24 18:00:11,1766599211343,cryptosignal-ai-ap05shsgh-hadayalab-projects-projects.vercel.app/api/cron,GET,,200,ltskx-1766599211105-3e6fa1c7210a,vercel-cron/1.0,info,production,main,MISS,serverless,/api/cron,cryptosignal-ai-ap05shsgh-hadayalab-projects-projects.vercel.app,cryptosignal-ai-ap05shsgh-hadayalab-projects-projects.vercel.app,dpl_AAnKoonheaRbtT2xpLVuNVJgtPCL,,,,,"📊 Exchange Netflow (BTC): -11379.222587299999 raw: {""date"":""2025-12-23"",""netflow_total"":-11379.222587299999}",prj_aXVQjKQv7csNrAorIFwxVWlHYLQE,,,,,
2025-12-24 18:00:11,1766599211358,cryptosignal-ai-ap05shsgh-hadayalab-projects-projects.vercel.app/api/cron,GET,,200,ltskx-1766599211105-3e6fa1c7210a,vercel-cron/1.0,info,production,main,MISS,serverless,/api/cron,cryptosignal-ai-ap05shsgh-hadayalab-projects-projects.vercel.app,cryptosignal-ai-ap05shsgh-hadayalab-projects-projects.vercel.app,dpl_AAnKoonheaRbtT2xpLVuNVJgtPCL,,,,,"📊 Miner Position Index (BTC): -0.5211564700986901 raw: {""date"":""2025-12-23"",""mpi"":-0.5211564700986901}",prj_aXVQjKQv7csNrAorIFwxVWlHYLQE,,,,,
2025-12-24 18:00:11,1766599211105,cryptosignal-ai-ap05shsgh-hadayalab-projects-projects.vercel.app/api/cron,GET,,200,ltskx-1766599211105-3e6fa1c7210a,vercel-cron/1.0,,production,main,MISS,serverless,/api/cron,cryptosignal-ai-ap05shsgh-hadayalab-projects-projects.vercel.app,cryptosignal-ai-ap05shsgh-hadayalab-projects-projects.vercel.app,dpl_AAnKoonheaRbtT2xpLVuNVJgtPCL,295,iad1,268,2048,,prj_aXVQjKQv7csNrAorIFwxVWlHYLQE,,,01KD8R9E3EY98T5AVFPEYNR2EF,yiDyndtlheEN,1
2025-12-24 17:45:11,1766598311108,cryptosignal-ai-ap05shsgh-hadayalab-projects-projects.vercel.app/api/cron,GET,,200,pj999-1766598311068-66996d8bb1bc,vercel-cron/1.0,info,production,main,MISS,serverless,/api/cron,cryptosignal-ai-ap05shsgh-hadayalab-projects-projects.vercel.app,cryptosignal-ai-ap05shsgh-hadayalab-projects-projects.vercel.app,dpl_AAnKoonheaRbtT2xpLVuNVJgtPCL,,,,,🚀 Cron Job Started: Whale Monitor,prj_aXVQjKQv7csNrAorIFwxVWlHYLQE,,,,,
2025-12-24 17:45:11,1766598311108,cryptosignal-ai-ap05shsgh-hadayalab-projects-projects.vercel.app/api/cron,GET,,200,pj999-1766598311068-66996d8bb1bc,vercel-cron/1.0,info,production,main,MISS,serverless,/api/cron,cryptosignal-ai-ap05shsgh-hadayalab-projects-projects.vercel.app,cryptosignal-ai-ap05shsgh-hadayalab-projects-projects.vercel.app,dpl_AAnKoonheaRbtT2xpLVuNVJgtPCL,,,,,"Slot check => utcHour=17, utcMinute=45, isRegularSlot=false, force=false",prj_aXVQjKQv7csNrAorIFwxVWlHYLQE,,,,,
2025-12-24 17:45:11,1766598311108,cryptosignal-ai-ap05shsgh-hadayalab-projects-projects.vercel.app/api/cron,GET,,200,pj999-1766598311068-66996d8bb1bc,vercel-cron/1.0,info,production,main,MISS,serverless,/api/cron,cryptosignal-ai-ap05shsgh-hadayalab-projects-projects.vercel.app,cryptosignal-ai-ap05shsgh-hadayalab-projects-projects.vercel.app,dpl_AAnKoonheaRbtT2xpLVuNVJgtPCL,,,,,🌐 Fetching: https://api.cryptoquant.com/v1/btc/exchange-flows/netflow?exchange=all_exchange&window=day&limit=1,prj_aXVQjKQv7csNrAorIFwxVWlHYLQE,,,,,
2025-12-24 17:45:11,1766598311110,cryptosignal-ai-ap05shsgh-hadayalab-projects-projects.vercel.app/api/cron,GET,,200,pj999-1766598311068-66996d8bb1bc,vercel-cron/1.0,info,production,main,MISS,serverless,/api/cron,cryptosignal-ai-ap05shsgh-hadayalab-projects-projects.vercel.app,cryptosignal-ai-ap05shsgh-hadayalab-projects-projects.vercel.app,dpl_AAnKoonheaRbtT2xpLVuNVJgtPCL,,,,,🌐 Fetching: https://api.cryptoquant.com/v1/btc/flow-indicator/mpi?window=day&limit=1,prj_aXVQjKQv7csNrAorIFwxVWlHYLQE,,,,,
2025-12-24 17:45:11,1766598311299,cryptosignal-ai-ap05shsgh-hadayalab-projects-projects.vercel.app/api/cron,GET,,200,pj999-1766598311068-66996d8bb1bc,vercel-cron/1.0,info,production,main,MISS,serverless,/api/cron,cryptosignal-ai-ap05shsgh-hadayalab-projects-projects.vercel.app,cryptosignal-ai-ap05shsgh-hadayalab-projects-projects.vercel.app,dpl_AAnKoonheaRbtT2xpLVuNVJgtPCL,,,,,"📊 Exchange Netflow (BTC): -11379.222587299999 raw: {""date"":""2025-12-23"",""netflow_total"":-11379.222587299999}",prj_aXVQjKQv7csNrAorIFwxVWlHYLQE,,,,,
2025-12-24 17:45:11,1766598311361,cryptosignal-ai-ap05shsgh-hadayalab-projects-projects.vercel.app/api/cron,GET,,200,pj999-1766598311068-66996d8bb1bc,vercel-cron/1.0,info,production,main,MISS,serverless,/api/cron,cryptosignal-ai-ap05shsgh-hadayalab-projects-projects.vercel.app,cryptosignal-ai-ap05shsgh-hadayalab-projects-projects.vercel.app,dpl_AAnKoonheaRbtT2xpLVuNVJgtPCL,,,,,"📊 Miner Position Index (BTC): -0.5211564700986901 raw: {""date"":""2025-12-23"",""mpi"":-0.5211564700986901}",prj_aXVQjKQv7csNrAorIFwxVWlHYLQE,,,,,
2025-12-24 17:45:11,1766598311068,cryptosignal-ai-ap05shsgh-hadayalab-projects-projects.vercel.app/api/cron,GET,,200,pj999-1766598311068-66996d8bb1bc,vercel-cron/1.0,,production,main,MISS,serverless,/api/cron,cryptosignal-ai-ap05shsgh-hadayalab-projects-projects.vercel.app,cryptosignal-ai-ap05shsgh-hadayalab-projects-projects.vercel.app,dpl_AAnKoonheaRbtT2xpLVuNVJgtPCL,324,iad1,267,2048,,prj_aXVQjKQv7csNrAorIFwxVWlHYLQE,,,01KD8QDZ5BB5N8PE2WYAV5B13F,yiDyndtlheEN,1
2025-12-24 17:30:11,1766597411411,cryptosignal-ai-ap05shsgh-hadayalab-projects-projects.vercel.app/api/cron,GET,,200,7xv6g-1766597411332-30946aa8cd6e,vercel-cron/1.0,info,production,main,MISS,serverless,/api/cron,cryptosignal-ai-ap05shsgh-hadayalab-projects-projects.vercel.app,cryptosignal-ai-ap05shsgh-hadayalab-projects-projects.vercel.app,dpl_AAnKoonheaRbtT2xpLVuNVJgtPCL,,,,,🚀 Cron Job Started: Whale Monitor,prj_aXVQjKQv7csNrAorIFwxVWlHYLQE,,,,,
2025-12-24 17:30:11,1766597411411,cryptosignal-ai-ap05shsgh-hadayalab-projects-projects.vercel.app/api/cron,GET,,200,7xv6g-1766597411332-30946aa8cd6e,vercel-cron/1.0,info,production,main,MISS,serverless,/api/cron,cryptosignal-ai-ap05shsgh-hadayalab-projects-projects.vercel.app,cryptosignal-ai-ap05shsgh-hadayalab-projects-projects.vercel.app,dpl_AAnKoonheaRbtT2xpLVuNVJgtPCL,,,,,"Slot check => utcHour=17, utcMinute=30, isRegularSlot=false, force=false",prj_aXVQjKQv7csNrAorIFwxVWlHYLQE,,,,,
2025-12-24 17:30:11,1766597411411,cryptosignal-ai-ap05shsgh-hadayalab-projects-projects.vercel.app/api/cron,GET,,200,7xv6g-1766597411332-30946aa8cd6e,vercel-cron/1.0,info,production,main,MISS,serverless,/api/cron,cryptosignal-ai-ap05shsgh-hadayalab-projects-projects.vercel.app,cryptosignal-ai-ap05shsgh-hadayalab-projects-projects.vercel.app,dpl_AAnKoonheaRbtT2xpLVuNVJgtPCL,,,,,🌐 Fetching: https://api.cryptoquant.com/v1/btc/exchange-flows/netflow?exchange=all_exchange&window=day&limit=1,prj_aXVQjKQv7csNrAorIFwxVWlHYLQE,,,,,
2025-12-24 17:30:11,1766597411412,cryptosignal-ai-ap05shsgh-hadayalab-projects-projects.vercel.app/api/cron,GET,,200,7xv6g-1766597411332-30946aa8cd6e,vercel-cron/1.0,info,production,main,MISS,serverless,/api/cron,cryptosignal-ai-ap05shsgh-hadayalab-projects-projects.vercel.app,cryptosignal-ai-ap05shsgh-hadayalab-projects-projects.vercel.app,dpl_AAnKoonheaRbtT2xpLVuNVJgtPCL,,,,,🌐 Fetching: https://api.cryptoquant.com/v1/btc/flow-indicator/mpi?window=day&limit=1,prj_aXVQjKQv7csNrAorIFwxVWlHYLQE,,,,,
2025-12-24 17:30:11,1766597411612,cryptosignal-ai-ap05shsgh-hadayalab-projects-projects.vercel.app/api/cron,GET,,200,7xv6g-1766597411332-30946aa8cd6e,vercel-cron/1.0,info,production,main,MISS,serverless,/api/cron,cryptosignal-ai-ap05shsgh-hadayalab-projects-projects.vercel.app,cryptosignal-ai-ap05shsgh-hadayalab-projects-projects.vercel.app,dpl_AAnKoonheaRbtT2xpLVuNVJgtPCL,,,,,"📊 Exchange Netflow (BTC): -11379.222587299999 raw: {""date"":""2025-12-23"",""netflow_total"":-11379.222587299999}",prj_aXVQjKQv7csNrAorIFwxVWlHYLQE,,,,,
2025-12-24 17:30:11,1766597411629,cryptosignal-ai-ap05shsgh-hadayalab-projects-projects.vercel.app/api/cron,GET,,200,7xv6g-1766597411332-30946aa8cd6e,vercel-cron/1.0,info,production,main,MISS,serverless,/api/cron,cryptosignal-ai-ap05shsgh-hadayalab-projects-projects.vercel.app,cryptosignal-ai-ap05shsgh-hadayalab-projects-projects.vercel.app,dpl_AAnKoonheaRbtT2xpLVuNVJgtPCL,,,,,"📊 Miner Position Index (BTC): -0.5211564700986901 raw: {""date"":""2025-12-23"",""mpi"":-0.5211564700986901}",prj_aXVQjKQv7csNrAorIFwxVWlHYLQE,,,,,
2025-12-24 17:30:11,1766597411332,cryptosignal-ai-ap05shsgh-hadayalab-projects-projects.vercel.app/api/cron,GET,,200,7xv6g-1766597411332-30946aa8cd6e,vercel-cron/1.0,,production,main,MISS,serverless,/api/cron,cryptosignal-ai-ap05shsgh-hadayalab-projects-projects.vercel.app,cryptosignal-ai-ap05shsgh-hadayalab-projects-projects.vercel.app,dpl_AAnKoonheaRbtT2xpLVuNVJgtPCL,325,iad1,264,2048,,prj_aXVQjKQv7csNrAorIFwxVWlHYLQE,,,01KD8PJGHBWMS17DR6BDHQWB5Q,yiDyndtlheEN,1
2025-12-24 17:15:11,1766596511298,cryptosignal-ai-ap05shsgh-hadayalab-projects-projects.vercel.app/api/cron,GET,,200,w4rmk-1766596511258-42a6d2cd5d04,vercel-cron/1.0,info,production,main,MISS,serverless,/api/cron,cryptosignal-ai-ap05shsgh-hadayalab-projects-projects.vercel.app,cryptosignal-ai-ap05shsgh-hadayalab-projects-projects.vercel.app,dpl_AAnKoonheaRbtT2xpLVuNVJgtPCL,,,,,🚀 Cron Job Started: Whale Monitor,prj_aXVQjKQv7csNrAorIFwxVWlHYLQE,,,,,
2025-12-24 17:15:11,1766596511298,cryptosignal-ai-ap05shsgh-hadayalab-projects-projects.vercel.app/api/cron,GET,,200,w4rmk-1766596511258-42a6d2cd5d04,vercel-cron/1.0,info,production,main,MISS,serverless,/api/cron,cryptosignal-ai-ap05shsgh-hadayalab-projects-projects.vercel.app,cryptosignal-ai-ap05shsgh-hadayalab-projects-projects.vercel.app,dpl_AAnKoonheaRbtT2xpLVuNVJgtPCL,,,,,"Slot check => utcHour=17, utcMinute=15, isRegularSlot=false, force=false",prj_aXVQjKQv7csNrAorIFwxVWlHYLQE,,,,,
2025-12-24 17:15:11,1766596511299,cryptosignal-ai-ap05shsgh-hadayalab-projects-projects.vercel.app/api/cron,GET,,200,w4rmk-1766596511258-42a6d2cd5d04,vercel-cron/1.0,info,production,main,MISS,serverless,/api/cron,cryptosignal-ai-ap05shsgh-hadayalab-projects-projects.vercel.app,cryptosignal-ai-ap05shsgh-hadayalab-projects-projects.vercel.app,dpl_AAnKoonheaRbtT2xpLVuNVJgtPCL,,,,,🌐 Fetching: https://api.cryptoquant.com/v1/btc/exchange-flows/netflow?exchange=all_exchange&window=day&limit=1,prj_aXVQjKQv7csNrAorIFwxVWlHYLQE,,,,,
2025-12-24 17:15:11,1766596511390,cryptosignal-ai-ap05shsgh-hadayalab-projects-projects.vercel.app/api/cron,GET,,200,w4rmk-1766596511258-42a6d2cd5d04,vercel-cron/1.0,info,production,main,MISS,serverless,/api/cron,cryptosignal-ai-ap05shsgh-hadayalab-projects-projects.vercel.app,cryptosignal-ai-ap05shsgh-hadayalab-projects-projects.vercel.app,dpl_AAnKoonheaRbtT2xpLVuNVJgtPCL,,,,,🌐 Fetching: https://api.cryptoquant.com/v1/btc/flow-indicator/mpi?window=day&limit=1,prj_aXVQjKQv7csNrAorIFwxVWlHYLQE,,,,,
2025-12-24 17:15:11,1766596511391,cryptosignal-ai-ap05shsgh-hadayalab-projects-projects.vercel.app/api/cron,GET,,200,w4rmk-1766596511258-42a6d2cd5d04,vercel-cron/1.0,error,production,main,MISS,serverless,/api/cron,cryptosignal-ai-ap05shsgh-hadayalab-projects-projects.vercel.app,cryptosignal-ai-ap05shsgh-hadayalab-projects-projects.vercel.app,dpl_AAnKoonheaRbtT2xpLVuNVJgtPCL,,,,,"(node:5) [DEP0169] DeprecationWarning: `url.parse()` behavior is not standardized and prone to errors that have security implications. Use the WHATWG URL API instead. CVEs are not issued for `url.parse()` vulnerabilities.
(Use `node --trace-deprecation ...` to show where the warning was created)",prj_aXVQjKQv7csNrAorIFwxVWlHYLQE,,,,,
2025-12-24 17:15:11,1766596511625,cryptosignal-ai-ap05shsgh-hadayalab-projects-projects.vercel.app/api/cron,GET,,200,w4rmk-1766596511258-42a6d2cd5d04,vercel-cron/1.0,info,production,main,MISS,serverless,/api/cron,cryptosignal-ai-ap05shsgh-hadayalab-projects-projects.vercel.app,cryptosignal-ai-ap05shsgh-hadayalab-projects-projects.vercel.app,dpl_AAnKoonheaRbtT2xpLVuNVJgtPCL,,,,,"📊 Exchange Netflow (BTC): -11379.222587299999 raw: {""date"":""2025-12-23"",""netflow_total"":-11379.222587299999}",prj_aXVQjKQv7csNrAorIFwxVWlHYLQE,,,,,
2025-12-24 17:15:11,1766596511646,cryptosignal-ai-ap05shsgh-hadayalab-projects-projects.vercel.app/api/cron,GET,,200,w4rmk-1766596511258-42a6d2cd5d04,vercel-cron/1.0,info,production,main,MISS,serverless,/api/cron,cryptosignal-ai-ap05shsgh-hadayalab-projects-projects.vercel.app,cryptosignal-ai-ap05shsgh-hadayalab-projects-projects.vercel.app,dpl_AAnKoonheaRbtT2xpLVuNVJgtPCL,,,,,"📊 Miner Position Index (BTC): -0.5211564700986901 raw: {""date"":""2025-12-23"",""mpi"":-0.5211564700986901}",prj_aXVQjKQv7csNrAorIFwxVWlHYLQE,,,,,
2025-12-24 17:15:11,1766596511258,cryptosignal-ai-ap05shsgh-hadayalab-projects-projects.vercel.app/api/cron,GET,,200,w4rmk-1766596511258-42a6d2cd5d04,vercel-cron/1.0,,production,main,MISS,serverless,/api/cron,cryptosignal-ai-ap05shsgh-hadayalab-projects-projects.vercel.app,cryptosignal-ai-ap05shsgh-hadayalab-projects-projects.vercel.app,dpl_AAnKoonheaRbtT2xpLVuNVJgtPCL,468,iad1,265,2048,,prj_aXVQjKQv7csNrAorIFwxVWlHYLQE,,,01KD8NQ1H7GJ6E8Y79TA4A6BX2,yiDyndtlheEN,1
2025-12-24 17:00:11,1766595611281,cryptosignal-ai-ap05shsgh-hadayalab-projects-projects.vercel.app/api/cron,GET,,200,mh6n2-1766595611235-b25b93b927c5,vercel-cron/1.0,info,production,main,MISS,serverless,/api/cron,cryptosignal-ai-ap05shsgh-hadayalab-projects-projects.vercel.app,cryptosignal-ai-ap05shsgh-hadayalab-projects-projects.vercel.app,dpl_AAnKoonheaRbtT2xpLVuNVJgtPCL,,,,,🚀 Cron Job Started: Whale Monitor,prj_aXVQjKQv7csNrAorIFwxVWlHYLQE,,,,,
2025-12-24 17:00:11,1766595611281,cryptosignal-ai-ap05shsgh-hadayalab-projects-projects.vercel.app/api/cron,GET,,200,mh6n2-1766595611235-b25b93b927c5,vercel-cron/1.0,info,production,main,MISS,serverless,/api/cron,cryptosignal-ai-ap05shsgh-hadayalab-projects-projects.vercel.app,cryptosignal-ai-ap05shsgh-hadayalab-projects-projects.vercel.app,dpl_AAnKoonheaRbtT2xpLVuNVJgtPCL,,,,,"Slot check => utcHour=17, utcMinute=0, isRegularSlot=false, force=false",prj_aXVQjKQv7csNrAorIFwxVWlHYLQE,,,,,
2025-12-24 17:00:11,1766595611281,cryptosignal-ai-ap05shsgh-hadayalab-projects-projects.vercel.app/api/cron,GET,,200,mh6n2-1766595611235-b25b93b927c5,vercel-cron/1.0,info,production,main,MISS,serverless,/api/cron,cryptosignal-ai-ap05shsgh-hadayalab-projects-projects.vercel.app,cryptosignal-ai-ap05shsgh-hadayalab-projects-projects.vercel.app,dpl_AAnKoonheaRbtT2xpLVuNVJgtPCL,,,,,🌐 Fetching: https://api.cryptoquant.com/v1/btc/exchange-flows/netflow?exchange=all_exchange&window=day&limit=1,prj_aXVQjKQv7csNrAorIFwxVWlHYLQE,,,,,
2025-12-24 17:00:11,1766595611281,cryptosignal-ai-ap05shsgh-hadayalab-projects-projects.vercel.app/api/cron,GET,,200,mh6n2-1766595611235-b25b93b927c5,vercel-cron/1.0,info,production,main,MISS,serverless,/api/cron,cryptosignal-ai-ap05shsgh-hadayalab-projects-projects.vercel.app,cryptosignal-ai-ap05shsgh-hadayalab-projects-projects.vercel.app,dpl_AAnKoonheaRbtT2xpLVuNVJgtPCL,,,,,🌐 Fetching: https://api.cryptoquant.com/v1/btc/flow-indicator/mpi?window=day&limit=1,prj_aXVQjKQv7csNrAorIFwxVWlHYLQE,,,,,
2025-12-24 17:00:11,1766595611479,cryptosignal-ai-ap05shsgh-hadayalab-projects-projects.vercel.app/api/cron,GET,,200,mh6n2-1766595611235-b25b93b927c5,vercel-cron/1.0,info,production,main,MISS,serverless,/api/cron,cryptosignal-ai-ap05shsgh-hadayalab-projects-projects.vercel.app,cryptosignal-ai-ap05shsgh-hadayalab-projects-projects.vercel.app,dpl_AAnKoonheaRbtT2xpLVuNVJgtPCL,,,,,"📊 Exchange Netflow (BTC): -11379.222587299999 raw: {""date"":""2025-12-23"",""netflow_total"":-11379.222587299999}",prj_aXVQjKQv7csNrAorIFwxVWlHYLQE,,,,,
2025-12-24 17:00:11,1766595611522,cryptosignal-ai-ap05shsgh-hadayalab-projects-projects.vercel.app/api/cron,GET,,200,mh6n2-1766595611235-b25b93b927c5,vercel-cron/1.0,info,production,main,MISS,serverless,/api/cron,cryptosignal-ai-ap05shsgh-hadayalab-projects-projects.vercel.app,cryptosignal-ai-ap05shsgh-hadayalab-projects-projects.vercel.app,dpl_AAnKoonheaRbtT2xpLVuNVJgtPCL,,,,,"📊 Miner Position Index (BTC): -0.5211564700986901 raw: {""date"":""2025-12-23"",""mpi"":-0.5211564700986901}",prj_aXVQjKQv7csNrAorIFwxVWlHYLQE,,,,,
2025-12-24 17:00:11,1766595611235,cryptosignal-ai-ap05shsgh-hadayalab-projects-projects.vercel.app/api/cron,GET,,200,mh6n2-1766595611235-b25b93b927c5,vercel-cron/1.0,,production,main,MISS,serverless,/api/cron,cryptosignal-ai-ap05shsgh-hadayalab-projects-projects.vercel.app,cryptosignal-ai-ap05shsgh-hadayalab-projects-projects.vercel.app,dpl_AAnKoonheaRbtT2xpLVuNVJgtPCL,341,iad1,271,2048,,prj_aXVQjKQv7csNrAorIFwxVWlHYLQE,,,01KD8MVJKHYAXMM1GVHXKGES1V,ofGQAtPWhLyN,1
2025-12-24 16:45:11,1766594711150,cryptosignal-ai-ap05shsgh-hadayalab-projects-projects.vercel.app/api/cron,GET,,200,lxpq4-1766594711071-da2a20579929,vercel-cron/1.0,info,production,main,MISS,serverless,/api/cron,cryptosignal-ai-ap05shsgh-hadayalab-projects-projects.vercel.app,cryptosignal-ai-ap05shsgh-hadayalab-projects-projects.vercel.app,dpl_AAnKoonheaRbtT2xpLVuNVJgtPCL,,,,,🚀 Cron Job Started: Whale Monitor,prj_aXVQjKQv7csNrAorIFwxVWlHYLQE,,,,,
2025-12-24 16:45:11,1766594711150,cryptosignal-ai-ap05shsgh-hadayalab-projects-projects.vercel.app/api/cron,GET,,200,lxpq4-1766594711071-da2a20579929,vercel-cron/1.0,info,production,main,MISS,serverless,/api/cron,cryptosignal-ai-ap05shsgh-hadayalab-projects-projects.vercel.app,cryptosignal-ai-ap05shsgh-hadayalab-projects-projects.vercel.app,dpl_AAnKoonheaRbtT2xpLVuNVJgtPCL,,,,,"Slot check => utcHour=16, utcMinute=45, isRegularSlot=false, force=false",prj_aXVQjKQv7csNrAorIFwxVWlHYLQE,,,,,
2025-12-24 16:45:11,1766594711150,cryptosignal-ai-ap05shsgh-hadayalab-projects-projects.vercel.app/api/cron,GET,,200,lxpq4-1766594711071-da2a20579929,vercel-cron/1.0,info,production,main,MISS,serverless,/api/cron,cryptosignal-ai-ap05shsgh-hadayalab-projects-projects.vercel.app,cryptosignal-ai-ap05shsgh-hadayalab-projects-projects.vercel.app,dpl_AAnKoonheaRbtT2xpLVuNVJgtPCL,,,,,🌐 Fetching: https://api.cryptoquant.com/v1/btc/exchange-flows/netflow?exchange=all_exchange&window=day&limit=1,prj_aXVQjKQv7csNrAorIFwxVWlHYLQE,,,,,
2025-12-24 16:45:11,1766594711150,cryptosignal-ai-ap05shsgh-hadayalab-projects-projects.vercel.app/api/cron,GET,,200,lxpq4-1766594711071-da2a20579929,vercel-cron/1.0,info,production,main,MISS,serverless,/api/cron,cryptosignal-ai-ap05shsgh-hadayalab-projects-projects.vercel.app,cryptosignal-ai-ap05shsgh-hadayalab-projects-projects.vercel.app,dpl_AAnKoonheaRbtT2xpLVuNVJgtPCL,,,,,🌐 Fetching: https://api.cryptoquant.com/v1/btc/flow-indicator/mpi?window=day&limit=1,prj_aXVQjKQv7csNrAorIFwxVWlHYLQE,,,,,
2025-12-24 16:45:11,1766594711342,cryptosignal-ai-ap05shsgh-hadayalab-projects-projects.vercel.app/api/cron,GET,,200,lxpq4-1766594711071-da2a20579929,vercel-cron/1.0,info,production,main,MISS,serverless,/api/cron,cryptosignal-ai-ap05shsgh-hadayalab-projects-projects.vercel.app,cryptosignal-ai-ap05shsgh-hadayalab-projects-projects.vercel.app,dpl_AAnKoonheaRbtT2xpLVuNVJgtPCL,,,,,"📊 Miner Position Index (BTC): -0.5211564700986901 raw: {""date"":""2025-12-23"",""mpi"":-0.5211564700986901}",prj_aXVQjKQv7csNrAorIFwxVWlHYLQE,,,,,
2025-12-24 16:45:11,1766594711397,cryptosignal-ai-ap05shsgh-hadayalab-projects-projects.vercel.app/api/cron,GET,,200,lxpq4-1766594711071-da2a20579929,vercel-cron/1.0,info,production,main,MISS,serverless,/api/cron,cryptosignal-ai-ap05shsgh-hadayalab-projects-projects.vercel.app,cryptosignal-ai-ap05shsgh-hadayalab-projects-projects.vercel.app,dpl_AAnKoonheaRbtT2xpLVuNVJgtPCL,,,,,"📊 Exchange Netflow (BTC): -11379.222587299999 raw: {""date"":""2025-12-23"",""netflow_total"":-11379.222587299999}",prj_aXVQjKQv7csNrAorIFwxVWlHYLQE,,,,,
2025-12-24 16:45:11,1766594711071,cryptosignal-ai-ap05shsgh-hadayalab-projects-projects.vercel.app/api/cron,GET,,200,lxpq4-1766594711071-da2a20579929,vercel-cron/1.0,,production,main,MISS,serverless,/api/cron,cryptosignal-ai-ap05shsgh-hadayalab-projects-projects.vercel.app,cryptosignal-ai-ap05shsgh-hadayalab-projects-projects.vercel.app,dpl_AAnKoonheaRbtT2xpLVuNVJgtPCL,344,iad1,270,2048,,prj_aXVQjKQv7csNrAorIFwxVWlHYLQE,,,01KD8M03JBGJTW8325NJ07AWN3,ofGQAtPWhLyN,1
2025-12-24 16:30:11,1766593811251,cryptosignal-ai-ap05shsgh-hadayalab-projects-projects.vercel.app/api/cron,GET,,200,hjrgw-1766593811193-8307c19af874,vercel-cron/1.0,info,production,main,MISS,serverless,/api/cron,cryptosignal-ai-ap05shsgh-hadayalab-projects-projects.vercel.app,cryptosignal-ai-ap05shsgh-hadayalab-projects-projects.vercel.app,dpl_AAnKoonheaRbtT2xpLVuNVJgtPCL,,,,,🚀 Cron Job Started: Whale Monitor,prj_aXVQjKQv7csNrAorIFwxVWlHYLQE,,,,,
2025-12-24 16:30:11,1766593811251,cryptosignal-ai-ap05shsgh-hadayalab-projects-projects.vercel.app/api/cron,GET,,200,hjrgw-1766593811193-8307c19af874,vercel-cron/1.0,info,production,main,MISS,serverless,/api/cron,cryptosignal-ai-ap05shsgh-hadayalab-projects-projects.vercel.app,cryptosignal-ai-ap05shsgh-hadayalab-projects-projects.vercel.app,dpl_AAnKoonheaRbtT2xpLVuNVJgtPCL,,,,,"Slot check => utcHour=16, utcMinute=30, isRegularSlot=false, force=false",prj_aXVQjKQv7csNrAorIFwxVWlHYLQE,,,,,
2025-12-24 16:30:11,1766593811251,cryptosignal-ai-ap05shsgh-hadayalab-projects-projects.vercel.app/api/cron,GET,,200,hjrgw-1766593811193-8307c19af874,vercel-cron/1.0,info,production,main,MISS,serverless,/api/cron,cryptosignal-ai-ap05shsgh-hadayalab-projects-projects.vercel.app,cryptosignal-ai-ap05shsgh-hadayalab-projects-projects.vercel.app,dpl_AAnKoonheaRbtT2xpLVuNVJgtPCL,,,,,🌐 Fetching: https://api.cryptoquant.com/v1/btc/exchange-flows/netflow?exchange=all_exchange&window=day&limit=1,prj_aXVQjKQv7csNrAorIFwxVWlHYLQE,,,,,
2025-12-24 16:30:11,1766593811251,cryptosignal-ai-ap05shsgh-hadayalab-projects-projects.vercel.app/api/cron,GET,,200,hjrgw-1766593811193-8307c19af874,vercel-cron/1.0,info,production,main,MISS,serverless,/api/cron,cryptosignal-ai-ap05shsgh-hadayalab-projects-projects.vercel.app,cryptosignal-ai-ap05shsgh-hadayalab-projects-projects.vercel.app,dpl_AAnKoonheaRbtT2xpLVuNVJgtPCL,,,,,🌐 Fetching: https://api.cryptoquant.com/v1/btc/flow-indicator/mpi?window=day&limit=1,prj_aXVQjKQv7csNrAorIFwxVWlHYLQE,,,,,
2025-12-24 16:30:11,1766593811421,cryptosignal-ai-ap05shsgh-hadayalab-projects-projects.vercel.app/api/cron,GET,,200,hjrgw-1766593811193-8307c19af874,vercel-cron/1.0,info,production,main,MISS,serverless,/api/cron,cryptosignal-ai-ap05shsgh-hadayalab-projects-projects.vercel.app,cryptosignal-ai-ap05shsgh-hadayalab-projects-projects.vercel.app,dpl_AAnKoonheaRbtT2xpLVuNVJgtPCL,,,,,"📊 Exchange Netflow (BTC): -11379.222587299999 raw: {""date"":""2025-12-23"",""netflow_total"":-11379.222587299999}",prj_aXVQjKQv7csNrAorIFwxVWlHYLQE,,,,,
2025-12-24 16:30:11,1766593811633,cryptosignal-ai-ap05shsgh-hadayalab-projects-projects.vercel.app/api/cron,GET,,200,hjrgw-1766593811193-8307c19af874,vercel-cron/1.0,info,production,main,MISS,serverless,/api/cron,cryptosignal-ai-ap05shsgh-hadayalab-projects-projects.vercel.app,cryptosignal-ai-ap05shsgh-hadayalab-projects-projects.vercel.app,dpl_AAnKoonheaRbtT2xpLVuNVJgtPCL,,,,,"📊 Miner Position Index (BTC): -0.5211564700986901 raw: {""date"":""2025-12-23"",""mpi"":-0.5211564700986901}",prj_aXVQjKQv7csNrAorIFwxVWlHYLQE,,,,,
2025-12-24 16:30:11,1766593811193,cryptosignal-ai-ap05shsgh-hadayalab-projects-projects.vercel.app/api/cron,GET,,200,hjrgw-1766593811193-8307c19af874,vercel-cron/1.0,,production,main,MISS,serverless,/api/cron,cryptosignal-ai-ap05shsgh-hadayalab-projects-projects.vercel.app,cryptosignal-ai-ap05shsgh-hadayalab-projects-projects.vercel.app,dpl_AAnKoonheaRbtT2xpLVuNVJgtPCL,480,iad1,270,2048,,prj_aXVQjKQv7csNrAorIFwxVWlHYLQE,,,01KD8K4MR943CKD0QJ6FENX2ZR,ofGQAtPWhLyN,1
2025-12-24 16:15:11,1766592911135,cryptosignal-ai-ap05shsgh-hadayalab-projects-projects.vercel.app/api/cron,GET,,200,nl4qj-1766592911085-2b2251ef5086,vercel-cron/1.0,info,production,main,MISS,serverless,/api/cron,cryptosignal-ai-ap05shsgh-hadayalab-projects-projects.vercel.app,cryptosignal-ai-ap05shsgh-hadayalab-projects-projects.vercel.app,dpl_AAnKoonheaRbtT2xpLVuNVJgtPCL,,,,,🚀 Cron Job Started: Whale Monitor,prj_aXVQjKQv7csNrAorIFwxVWlHYLQE,,,,,
2025-12-24 16:15:11,1766592911136,cryptosignal-ai-ap05shsgh-hadayalab-projects-projects.vercel.app/api/cron,GET,,200,nl4qj-1766592911085-2b2251ef5086,vercel-cron/1.0,info,production,main,MISS,serverless,/api/cron,cryptosignal-ai-ap05shsgh-hadayalab-projects-projects.vercel.app,cryptosignal-ai-ap05shsgh-hadayalab-projects-projects.vercel.app,dpl_AAnKoonheaRbtT2xpLVuNVJgtPCL,,,,,"Slot check => utcHour=16, utcMinute=15, isRegularSlot=false, force=false",prj_aXVQjKQv7csNrAorIFwxVWlHYLQE,,,,,
2025-12-24 16:15:11,1766592911136,cryptosignal-ai-ap05shsgh-hadayalab-projects-projects.vercel.app/api/cron,GET,,200,nl4qj-1766592911085-2b2251ef5086,vercel-cron/1.0,info,production,main,MISS,serverless,/api/cron,cryptosignal-ai-ap05shsgh-hadayalab-projects-projects.vercel.app,cryptosignal-ai-ap05shsgh-hadayalab-projects-projects.vercel.app,dpl_AAnKoonheaRbtT2xpLVuNVJgtPCL,,,,,🌐 Fetching: https://api.cryptoquant.com/v1/btc/exchange-flows/netflow?exchange=all_exchange&window=day&limit=1,prj_aXVQjKQv7csNrAorIFwxVWlHYLQE,,,,,
2025-12-24 16:15:11,1766592911143,cryptosignal-ai-ap05shsgh-hadayalab-projects-projects.vercel.app/api/cron,GET,,200,nl4qj-1766592911085-2b2251ef5086,vercel-cron/1.0,info,production,main,MISS,serverless,/api/cron,cryptosignal-ai-ap05shsgh-hadayalab-projects-projects.vercel.app,cryptosignal-ai-ap05shsgh-hadayalab-projects-projects.vercel.app,dpl_AAnKoonheaRbtT2xpLVuNVJgtPCL,,,,,🌐 Fetching: https://api.cryptoquant.com/v1/btc/flow-indicator/mpi?window=day&limit=1,prj_aXVQjKQv7csNrAorIFwxVWlHYLQE,,,,,
2025-12-24 16:15:11,1766592911402,cryptosignal-ai-ap05shsgh-hadayalab-projects-projects.vercel.app/api/cron,GET,,200,nl4qj-1766592911085-2b2251ef5086,vercel-cron/1.0,info,production,main,MISS,serverless,/api/cron,cryptosignal-ai-ap05shsgh-hadayalab-projects-projects.vercel.app,cryptosignal-ai-ap05shsgh-hadayalab-projects-projects.vercel.app,dpl_AAnKoonheaRbtT2xpLVuNVJgtPCL,,,,,"📊 Exchange Netflow (BTC): -11379.222587299999 raw: {""date"":""2025-12-23"",""netflow_total"":-11379.222587299999}",prj_aXVQjKQv7csNrAorIFwxVWlHYLQE,,,,,
2025-12-24 16:15:11,1766592911439,cryptosignal-ai-ap05shsgh-hadayalab-projects-projects.vercel.app/api/cron,GET,,200,nl4qj-1766592911085-2b2251ef5086,vercel-cron/1.0,info,production,main,MISS,serverless,/api/cron,cryptosignal-ai-ap05shsgh-hadayalab-projects-projects.vercel.app,cryptosignal-ai-ap05shsgh-hadayalab-projects-projects.vercel.app,dpl_AAnKoonheaRbtT2xpLVuNVJgtPCL,,,,,"📊 Miner Position Index (BTC): -0.5211564700986901 raw: {""date"":""2025-12-23"",""mpi"":-0.5211564700986901}",prj_aXVQjKQv7csNrAorIFwxVWlHYLQE,,,,,
2025-12-24 16:15:11,1766592911085,cryptosignal-ai-ap05shsgh-hadayalab-projects-projects.vercel.app/api/cron,GET,,200,nl4qj-1766592911085-2b2251ef5086,vercel-cron/1.0,,production,main,MISS,serverless,/api/cron,cryptosignal-ai-ap05shsgh-hadayalab-projects-projects.vercel.app,cryptosignal-ai-ap05shsgh-hadayalab-projects-projects.vercel.app,dpl_AAnKoonheaRbtT2xpLVuNVJgtPCL,376,iad1,269,2048,,prj_aXVQjKQv7csNrAorIFwxVWlHYLQE,,,01KD8J95R475YX6P4DTYXG48V2,ofGQAtPWhLyN,1
2025-12-24 16:00:11,1766592011602,cryptosignal-ai-ap05shsgh-hadayalab-projects-projects.vercel.app/api/cron,GET,,200,bvlcl-1766592011518-dd75a9628ae8,vercel-cron/1.0,info,production,main,MISS,serverless,/api/cron,cryptosignal-ai-ap05shsgh-hadayalab-projects-projects.vercel.app,cryptosignal-ai-ap05shsgh-hadayalab-projects-projects.vercel.app,dpl_AAnKoonheaRbtT2xpLVuNVJgtPCL,,,,,🚀 Cron Job Started: Whale Monitor,prj_aXVQjKQv7csNrAorIFwxVWlHYLQE,,,,,
2025-12-24 16:00:11,1766592011602,cryptosignal-ai-ap05shsgh-hadayalab-projects-projects.vercel.app/api/cron,GET,,200,bvlcl-1766592011518-dd75a9628ae8,vercel-cron/1.0,info,production,main,MISS,serverless,/api/cron,cryptosignal-ai-ap05shsgh-hadayalab-projects-projects.vercel.app,cryptosignal-ai-ap05shsgh-hadayalab-projects-projects.vercel.app,dpl_AAnKoonheaRbtT2xpLVuNVJgtPCL,,,,,"Slot check => utcHour=16, utcMinute=0, isRegularSlot=true, force=false",prj_aXVQjKQv7csNrAorIFwxVWlHYLQE,,,,,
2025-12-24 16:00:11,1766592011602,cryptosignal-ai-ap05shsgh-hadayalab-projects-projects.vercel.app/api/cron,GET,,200,bvlcl-1766592011518-dd75a9628ae8,vercel-cron/1.0,info,production,main,MISS,serverless,/api/cron,cryptosignal-ai-ap05shsgh-hadayalab-projects-projects.vercel.app,cryptosignal-ai-ap05shsgh-hadayalab-projects-projects.vercel.app,dpl_AAnKoonheaRbtT2xpLVuNVJgtPCL,,,,,🌐 Fetching: https://api.cryptoquant.com/v1/btc/exchange-flows/netflow?exchange=all_exchange&window=day&limit=1,prj_aXVQjKQv7csNrAorIFwxVWlHYLQE,,,,,
2025-12-24 16:00:11,1766592011602,cryptosignal-ai-ap05shsgh-hadayalab-projects-projects.vercel.app/api/cron,GET,,200,bvlcl-1766592011518-dd75a9628ae8,vercel-cron/1.0,info,production,main,MISS,serverless,/api/cron,cryptosignal-ai-ap05shsgh-hadayalab-projects-projects.vercel.app,cryptosignal-ai-ap05shsgh-hadayalab-projects-projects.vercel.app,dpl_AAnKoonheaRbtT2xpLVuNVJgtPCL,,,,,🌐 Fetching: https://api.cryptoquant.com/v1/btc/flow-indicator/mpi?window=day&limit=1,prj_aXVQjKQv7csNrAorIFwxVWlHYLQE,,,,,
2025-12-24 16:00:11,1766592011807,cryptosignal-ai-ap05shsgh-hadayalab-projects-projects.vercel.app/api/cron,GET,,200,bvlcl-1766592011518-dd75a9628ae8,vercel-cron/1.0,info,production,main,MISS,serverless,/api/cron,cryptosignal-ai-ap05shsgh-hadayalab-projects-projects.vercel.app,cryptosignal-ai-ap05shsgh-hadayalab-projects-projects.vercel.app,dpl_AAnKoonheaRbtT2xpLVuNVJgtPCL,,,,,"📊 Exchange Netflow (BTC): -11379.222587299999 raw: {""date"":""2025-12-23"",""netflow_total"":-11379.222587299999}",prj_aXVQjKQv7csNrAorIFwxVWlHYLQE,,,,,
2025-12-24 16:00:11,1766592011824,cryptosignal-ai-ap05shsgh-hadayalab-projects-projects.vercel.app/api/cron,GET,,200,bvlcl-1766592011518-dd75a9628ae8,vercel-cron/1.0,info,production,main,MISS,serverless,/api/cron,cryptosignal-ai-ap05shsgh-hadayalab-projects-projects.vercel.app,cryptosignal-ai-ap05shsgh-hadayalab-projects-projects.vercel.app,dpl_AAnKoonheaRbtT2xpLVuNVJgtPCL,,,,,"📊 Miner Position Index (BTC): -0.5211564700986901 raw: {""date"":""2025-12-23"",""mpi"":-0.5211564700986901}",prj_aXVQjKQv7csNrAorIFwxVWlHYLQE,,,,,
2025-12-24 16:00:41,1766592041196,cryptosignal-ai-ap05shsgh-hadayalab-projects-projects.vercel.app/api/cron,GET,,200,bvlcl-1766592011518-dd75a9628ae8,vercel-cron/1.0,info,production,main,MISS,serverless,/api/cron,cryptosignal-ai-ap05shsgh-hadayalab-projects-projects.vercel.app,cryptosignal-ai-ap05shsgh-hadayalab-projects-projects.vercel.app,dpl_AAnKoonheaRbtT2xpLVuNVJgtPCL,,,,,Sending REGULAR message...,prj_aXVQjKQv7csNrAorIFwxVWlHYLQE,,,,,
2025-12-24 16:00:41,1766592041196,cryptosignal-ai-ap05shsgh-hadayalab-projects-projects.vercel.app/api/cron,GET,,200,bvlcl-1766592011518-dd75a9628ae8,vercel-cron/1.0,info,production,main,MISS,serverless,/api/cron,cryptosignal-ai-ap05shsgh-hadayalab-projects-projects.vercel.app,cryptosignal-ai-ap05shsgh-hadayalab-projects-projects.vercel.app,dpl_AAnKoonheaRbtT2xpLVuNVJgtPCL,,,,,🌐 Fetching: https://api.cryptoquant.com/v1/btc/exchange-flows/netflow?exchange=all_exchange&window=day&limit=1,prj_aXVQjKQv7csNrAorIFwxVWlHYLQE,,,,,
2025-12-24 16:00:41,1766592041198,cryptosignal-ai-ap05shsgh-hadayalab-projects-projects.vercel.app/api/cron,GET,,200,bvlcl-1766592011518-dd75a9628ae8,vercel-cron/1.0,info,production,main,MISS,serverless,/api/cron,cryptosignal-ai-ap05shsgh-hadayalab-projects-projects.vercel.app,cryptosignal-ai-ap05shsgh-hadayalab-projects-projects.vercel.app,dpl_AAnKoonheaRbtT2xpLVuNVJgtPCL,,,,,🌐 Fetching: https://api.cryptoquant.com/v1/btc/flow-indicator/mpi?window=day&limit=1,prj_aXVQjKQv7csNrAorIFwxVWlHYLQE,,,,,
2025-12-24 16:00:41,1766592041385,cryptosignal-ai-ap05shsgh-hadayalab-projects-projects.vercel.app/api/cron,GET,,200,bvlcl-1766592011518-dd75a9628ae8,vercel-cron/1.0,info,production,main,MISS,serverless,/api/cron,cryptosignal-ai-ap05shsgh-hadayalab-projects-projects.vercel.app,cryptosignal-ai-ap05shsgh-hadayalab-projects-projects.vercel.app,dpl_AAnKoonheaRbtT2xpLVuNVJgtPCL,,,,,"📊 Miner Position Index (BTC): -0.5211564700986901 raw: {""date"":""2025-12-23"",""mpi"":-0.5211564700986901}",prj_aXVQjKQv7csNrAorIFwxVWlHYLQE,,,,,
2025-12-24 16:00:41,1766592041387,cryptosignal-ai-ap05shsgh-hadayalab-projects-projects.vercel.app/api/cron,GET,,200,bvlcl-1766592011518-dd75a9628ae8,vercel-cron/1.0,info,production,main,MISS,serverless,/api/cron,cryptosignal-ai-ap05shsgh-hadayalab-projects-projects.vercel.app,cryptosignal-ai-ap05shsgh-hadayalab-projects-projects.vercel.app,dpl_AAnKoonheaRbtT2xpLVuNVJgtPCL,,,,,"📊 Exchange Netflow (BTC): -11379.222587299999 raw: {""date"":""2025-12-23"",""netflow_total"":-11379.222587299999}",prj_aXVQjKQv7csNrAorIFwxVWlHYLQE,,,,,
2025-12-24 16:00:41,1766592041942,cryptosignal-ai-ap05shsgh-hadayalab-projects-projects.vercel.app/api/cron,GET,,200,bvlcl-1766592011518-dd75a9628ae8,vercel-cron/1.0,info,production,main,MISS,serverless,/api/cron,cryptosignal-ai-ap05shsgh-hadayalab-projects-projects.vercel.app,cryptosignal-ai-ap05shsgh-hadayalab-projects-projects.vercel.app,dpl_AAnKoonheaRbtT2xpLVuNVJgtPCL,,,,,"📨 Telegram sent: {
  ""ok"": true,
  ""result"": {
    ""message_id"": 84,
    ""from"": {
      ""id"": 8308505214,
      ""is_bot"": true,
      ""first_name"": ""CryptoSignal AI ES"",
      ""username"": ""CryptoSignal_AI_ES_bot""
    },
    ""chat"": {
      ""id"": -1003486823408,
      ""title"": ""CryptoSignal AI – Starter Signals (ES)"",
      ""type"": ""supergroup""
    },
    ""date"": 1766592041,
    ""text"": ""📚 Dr. Grok Market Leak\nInforme de sesión @ 2025-12-24 16:00:11 UTC\n\n💰 Precio BTC: $86,913 (-0.51% / 24h)\n📊 Flujo neto de exchanges: Outflow 11379 BTC\n⛏ Miners' Position Index (MPI): -0.52\n🧠 Sentimiento: Extreme Fear\n\n📈 Puntuación de mercado: 19/100\n✅ Detector de trampas: No se detectan trampas críticas.\n\n🎯 Veredicto de trading\n🛡️ Señal: BUG STANDBY (Defense Active)\n• Entrada (spot ref.): $86,913\n• Modo: Bug Standby — sin ventaja clara. Mejor esperar y proteger capital.\n• Take Profit: n/a\n• Stop Loss: n/a\n\n🧬 Visión de Dr. Grok\nLo siguiente es una idea estratégica, no una señal oficial de entrada True Bug. Úsala solo si encaja con tu propio plan y gestión de riesgo.\n¡Ey trader! Soy Dr. Grok, tu coach de trading en BTC. Vamos al grano con estos datos: precio en $86,913, bajada ligera del -0.5% en 24h, inflow negativo masivo (-11k), MPI en rojo (-0.52), y sentimiento en \""Extreme Fear\"". Ballenas neutrales (whaleBias 0), retail con algo de FOMO (50), cero impacto de noticias.\n\nRiesgo primero: Mercado en pánico extremo, salida de capital fuerte – esto grita volatilidad y posible dump. No hay señal clara (NONE), ni TP/SL, y cero trampa detectada. Riesgo de whipsaw si entras ahora.\n\nTáctica: Siéntate en las manos. Espera confirmación de inflow positivo o MPI revirtiendo. Si eres long, aprieta stops por debajo de $85k para no quemarte. Short? Solo si rompe soportes clave, pero con fear extremo, rebote podría doler.\n\nMantén la calma, no FOMO. ¿Tu setup? Dime para afinar. 🚀🐂\n\nSolo para fines educativos. No constituye asesoramiento financiero.""
  }
}",prj_aXVQjKQv7csNrAorIFwxVWlHYLQE,,,,,
2025-12-24 16:00:11,1766592011518,cryptosignal-ai-ap05shsgh-hadayalab-projects-projects.vercel.app/api/cron,GET,,200,bvlcl-1766592011518-dd75a9628ae8,vercel-cron/1.0,,production,main,MISS,serverless,/api/cron,cryptosignal-ai-ap05shsgh-hadayalab-projects-projects.vercel.app,cryptosignal-ai-ap05shsgh-hadayalab-projects-projects.vercel.app,dpl_AAnKoonheaRbtT2xpLVuNVJgtPCL,30360,iad1,269,2048,,prj_aXVQjKQv7csNrAorIFwxVWlHYLQE,,,01KD8HDQ9BTKC7N1NGFGF7K5QK,ofGQAtPWhLyN,1
2025-12-24 15:45:11,1766591111246,cryptosignal-ai-ap05shsgh-hadayalab-projects-projects.vercel.app/api/cron,GET,,200,22gnc-1766591111196-746529aede49,vercel-cron/1.0,info,production,main,MISS,serverless,/api/cron,cryptosignal-ai-ap05shsgh-hadayalab-projects-projects.vercel.app,cryptosignal-ai-ap05shsgh-hadayalab-projects-projects.vercel.app,dpl_AAnKoonheaRbtT2xpLVuNVJgtPCL,,,,,🚀 Cron Job Started: Whale Monitor,prj_aXVQjKQv7csNrAorIFwxVWlHYLQE,,,,,
2025-12-24 15:45:11,1766591111246,cryptosignal-ai-ap05shsgh-hadayalab-projects-projects.vercel.app/api/cron,GET,,200,22gnc-1766591111196-746529aede49,vercel-cron/1.0,info,production,main,MISS,serverless,/api/cron,cryptosignal-ai-ap05shsgh-hadayalab-projects-projects.vercel.app,cryptosignal-ai-ap05shsgh-hadayalab-projects-projects.vercel.app,dpl_AAnKoonheaRbtT2xpLVuNVJgtPCL,,,,,"Slot check => utcHour=15, utcMinute=45, isRegularSlot=false, force=false",prj_aXVQjKQv7csNrAorIFwxVWlHYLQE,,,,,
2025-12-24 15:45:11,1766591111246,cryptosignal-ai-ap05shsgh-hadayalab-projects-projects.vercel.app/api/cron,GET,,200,22gnc-1766591111196-746529aede49,vercel-cron/1.0,info,production,main,MISS,serverless,/api/cron,cryptosignal-ai-ap05shsgh-hadayalab-projects-projects.vercel.app,cryptosignal-ai-ap05shsgh-hadayalab-projects-projects.vercel.app,dpl_AAnKoonheaRbtT2xpLVuNVJgtPCL,,,,,🌐 Fetching: https://api.cryptoquant.com/v1/btc/exchange-flows/netflow?exchange=all_exchange&window=day&limit=1,prj_aXVQjKQv7csNrAorIFwxVWlHYLQE,,,,,
2025-12-24 15:45:11,1766591111246,cryptosignal-ai-ap05shsgh-hadayalab-projects-projects.vercel.app/api/cron,GET,,200,22gnc-1766591111196-746529aede49,vercel-cron/1.0,info,production,main,MISS,serverless,/api/cron,cryptosignal-ai-ap05shsgh-hadayalab-projects-projects.vercel.app,cryptosignal-ai-ap05shsgh-hadayalab-projects-projects.vercel.app,dpl_AAnKoonheaRbtT2xpLVuNVJgtPCL,,,,,🌐 Fetching: https://api.cryptoquant.com/v1/btc/flow-indicator/mpi?window=day&limit=1,prj_aXVQjKQv7csNrAorIFwxVWlHYLQE,,,,,
2025-12-24 15:45:11,1766591111504,cryptosignal-ai-ap05shsgh-hadayalab-projects-projects.vercel.app/api/cron,GET,,200,22gnc-1766591111196-746529aede49,vercel-cron/1.0,info,production,main,MISS,serverless,/api/cron,cryptosignal-ai-ap05shsgh-hadayalab-projects-projects.vercel.app,cryptosignal-ai-ap05shsgh-hadayalab-projects-projects.vercel.app,dpl_AAnKoonheaRbtT2xpLVuNVJgtPCL,,,,,"📊 Miner Position Index (BTC): -0.5211564700986901 raw: {""date"":""2025-12-23"",""mpi"":-0.5211564700986901}",prj_aXVQjKQv7csNrAorIFwxVWlHYLQE,,,,,
2025-12-24 15:45:11,1766591111571,cryptosignal-ai-ap05shsgh-hadayalab-projects-projects.vercel.app/api/cron,GET,,200,22gnc-1766591111196-746529aede49,vercel-cron/1.0,info,production,main,MISS,serverless,/api/cron,cryptosignal-ai-ap05shsgh-hadayalab-projects-projects.vercel.app,cryptosignal-ai-ap05shsgh-hadayalab-projects-projects.vercel.app,dpl_AAnKoonheaRbtT2xpLVuNVJgtPCL,,,,,"📊 Exchange Netflow (BTC): -11379.222587299999 raw: {""date"":""2025-12-23"",""netflow_total"":-11379.222587299999}",prj_aXVQjKQv7csNrAorIFwxVWlHYLQE,,,,,
2025-12-24 15:45:11,1766591111196,cryptosignal-ai-ap05shsgh-hadayalab-projects-projects.vercel.app/api/cron,GET,,200,22gnc-1766591111196-746529aede49,vercel-cron/1.0,,production,main,MISS,serverless,/api/cron,cryptosignal-ai-ap05shsgh-hadayalab-projects-projects.vercel.app,cryptosignal-ai-ap05shsgh-hadayalab-projects-projects.vercel.app,dpl_AAnKoonheaRbtT2xpLVuNVJgtPCL,410,iad1,269,2048,,prj_aXVQjKQv7csNrAorIFwxVWlHYLQE,,,01KD8GJ819N8W9MGXN0W8GJ2WT,ofGQAtPWhLyN,1
2025-12-24 15:30:11,1766590211142,cryptosignal-ai-ap05shsgh-hadayalab-projects-projects.vercel.app/api/cron,GET,,200,x8mnq-1766590211080-c7631aab2b23,vercel-cron/1.0,info,production,main,MISS,serverless,/api/cron,cryptosignal-ai-ap05shsgh-hadayalab-projects-projects.vercel.app,cryptosignal-ai-ap05shsgh-hadayalab-projects-projects.vercel.app,dpl_AAnKoonheaRbtT2xpLVuNVJgtPCL,,,,,🚀 Cron Job Started: Whale Monitor,prj_aXVQjKQv7csNrAorIFwxVWlHYLQE,,,,,
2025-12-24 15:30:11,1766590211142,cryptosignal-ai-ap05shsgh-hadayalab-projects-projects.vercel.app/api/cron,GET,,200,x8mnq-1766590211080-c7631aab2b23,vercel-cron/1.0,info,production,main,MISS,serverless,/api/cron,cryptosignal-ai-ap05shsgh-hadayalab-projects-projects.vercel.app,cryptosignal-ai-ap05shsgh-hadayalab-projects-projects.vercel.app,dpl_AAnKoonheaRbtT2xpLVuNVJgtPCL,,,,,"Slot check => utcHour=15, utcMinute=30, isRegularSlot=false, force=false",prj_aXVQjKQv7csNrAorIFwxVWlHYLQE,,,,,
2025-12-24 15:30:11,1766590211142,cryptosignal-ai-ap05shsgh-hadayalab-projects-projects.vercel.app/api/cron,GET,,200,x8mnq-1766590211080-c7631aab2b23,vercel-cron/1.0,info,production,main,MISS,serverless,/api/cron,cryptosignal-ai-ap05shsgh-hadayalab-projects-projects.vercel.app,cryptosignal-ai-ap05shsgh-hadayalab-projects-projects.vercel.app,dpl_AAnKoonheaRbtT2xpLVuNVJgtPCL,,,,,🌐 Fetching: https://api.cryptoquant.com/v1/btc/exchange-flows/netflow?exchange=all_exchange&window=day&limit=1,prj_aXVQjKQv7csNrAorIFwxVWlHYLQE,,,,,
2025-12-24 15:30:11,1766590211147,cryptosignal-ai-ap05shsgh-hadayalab-projects-projects.vercel.app/api/cron,GET,,200,x8mnq-1766590211080-c7631aab2b23,vercel-cron/1.0,info,production,main,MISS,serverless,/api/cron,cryptosignal-ai-ap05shsgh-hadayalab-projects-projects.vercel.app,cryptosignal-ai-ap05shsgh-hadayalab-projects-projects.vercel.app,dpl_AAnKoonheaRbtT2xpLVuNVJgtPCL,,,,,🌐 Fetching: https://api.cryptoquant.com/v1/btc/flow-indicator/mpi?window=day&limit=1,prj_aXVQjKQv7csNrAorIFwxVWlHYLQE,,,,,
2025-12-24 15:30:11,1766590211361,cryptosignal-ai-ap05shsgh-hadayalab-projects-projects.vercel.app/api/cron,GET,,200,x8mnq-1766590211080-c7631aab2b23,vercel-cron/1.0,info,production,main,MISS,serverless,/api/cron,cryptosignal-ai-ap05shsgh-hadayalab-projects-projects.vercel.app,cryptosignal-ai-ap05shsgh-hadayalab-projects-projects.vercel.app,dpl_AAnKoonheaRbtT2xpLVuNVJgtPCL,,,,,"📊 Exchange Netflow (BTC): -11379.222587299999 raw: {""date"":""2025-12-23"",""netflow_total"":-11379.222587299999}",prj_aXVQjKQv7csNrAorIFwxVWlHYLQE,,,,,
2025-12-24 15:30:11,1766590211376,cryptosignal-ai-ap05shsgh-hadayalab-projects-projects.vercel.app/api/cron,GET,,200,x8mnq-1766590211080-c7631aab2b23,vercel-cron/1.0,info,production,main,MISS,serverless,/api/cron,cryptosignal-ai-ap05shsgh-hadayalab-projects-projects.vercel.app,cryptosignal-ai-ap05shsgh-hadayalab-projects-projects.vercel.app,dpl_AAnKoonheaRbtT2xpLVuNVJgtPCL,,,,,"📊 Miner Position Index (BTC): -0.5211564700986901 raw: {""date"":""2025-12-23"",""mpi"":-0.5211564700986901}",prj_aXVQjKQv7csNrAorIFwxVWlHYLQE,,,,,
2025-12-24 15:30:11,1766590211080,cryptosignal-ai-ap05shsgh-hadayalab-projects-projects.vercel.app/api/cron,GET,,200,x8mnq-1766590211080-c7631aab2b23,vercel-cron/1.0,,production,main,MISS,serverless,/api/cron,cryptosignal-ai-ap05shsgh-hadayalab-projects-projects.vercel.app,cryptosignal-ai-ap05shsgh-hadayalab-projects-projects.vercel.app,dpl_AAnKoonheaRbtT2xpLVuNVJgtPCL,340,iad1,269,2048,,prj_aXVQjKQv7csNrAorIFwxVWlHYLQE,,,01KD8FPS0SA67086ESSE094K4K,ofGQAtPWhLyN,1
2025-12-24 15:15:11,1766589311501,cryptosignal-ai-ap05shsgh-hadayalab-projects-projects.vercel.app/api/cron,GET,,200,rpznd-1766589311455-27cf5a4e87b5,vercel-cron/1.0,info,production,main,MISS,serverless,/api/cron,cryptosignal-ai-ap05shsgh-hadayalab-projects-projects.vercel.app,cryptosignal-ai-ap05shsgh-hadayalab-projects-projects.vercel.app,dpl_AAnKoonheaRbtT2xpLVuNVJgtPCL,,,,,🚀 Cron Job Started: Whale Monitor,prj_aXVQjKQv7csNrAorIFwxVWlHYLQE,,,,,
2025-12-24 15:15:11,1766589311501,cryptosignal-ai-ap05shsgh-hadayalab-projects-projects.vercel.app/api/cron,GET,,200,rpznd-1766589311455-27cf5a4e87b5,vercel-cron/1.0,info,production,main,MISS,serverless,/api/cron,cryptosignal-ai-ap05shsgh-hadayalab-projects-projects.vercel.app,cryptosignal-ai-ap05shsgh-hadayalab-projects-projects.vercel.app,dpl_AAnKoonheaRbtT2xpLVuNVJgtPCL,,,,,"Slot check => utcHour=15, utcMinute=15, isRegularSlot=false, force=false",prj_aXVQjKQv7csNrAorIFwxVWlHYLQE,,,,,
2025-12-24 15:15:11,1766589311501,cryptosignal-ai-ap05shsgh-hadayalab-projects-projects.vercel.app/api/cron,GET,,200,rpznd-1766589311455-27cf5a4e87b5,vercel-cron/1.0,info,production,main,MISS,serverless,/api/cron,cryptosignal-ai-ap05shsgh-hadayalab-projects-projects.vercel.app,cryptosignal-ai-ap05shsgh-hadayalab-projects-projects.vercel.app,dpl_AAnKoonheaRbtT2xpLVuNVJgtPCL,,,,,🌐 Fetching: https://api.cryptoquant.com/v1/btc/exchange-flows/netflow?exchange=all_exchange&window=day&limit=1,prj_aXVQjKQv7csNrAorIFwxVWlHYLQE,,,,,
2025-12-24 15:15:11,1766589311505,cryptosignal-ai-ap05shsgh-hadayalab-projects-projects.vercel.app/api/cron,GET,,200,rpznd-1766589311455-27cf5a4e87b5,vercel-cron/1.0,info,production,main,MISS,serverless,/api/cron,cryptosignal-ai-ap05shsgh-hadayalab-projects-projects.vercel.app,cryptosignal-ai-ap05shsgh-hadayalab-projects-projects.vercel.app,dpl_AAnKoonheaRbtT2xpLVuNVJgtPCL,,,,,🌐 Fetching: https://api.cryptoquant.com/v1/btc/flow-indicator/mpi?window=day&limit=1,prj_aXVQjKQv7csNrAorIFwxVWlHYLQE,,,,,
2025-12-24 15:15:11,1766589311742,cryptosignal-ai-ap05shsgh-hadayalab-projects-projects.vercel.app/api/cron,GET,,200,rpznd-1766589311455-27cf5a4e87b5,vercel-cron/1.0,info,production,main,MISS,serverless,/api/cron,cryptosignal-ai-ap05shsgh-hadayalab-projects-projects.vercel.app,cryptosignal-ai-ap05shsgh-hadayalab-projects-projects.vercel.app,dpl_AAnKoonheaRbtT2xpLVuNVJgtPCL,,,,,"📊 Miner Position Index (BTC): -0.5211564700986901 raw: {""date"":""2025-12-23"",""mpi"":-0.5211564700986901}",prj_aXVQjKQv7csNrAorIFwxVWlHYLQE,,,,,
2025-12-24 15:15:11,1766589311848,cryptosignal-ai-ap05shsgh-hadayalab-projects-projects.vercel.app/api/cron,GET,,200,rpznd-1766589311455-27cf5a4e87b5,vercel-cron/1.0,info,production,main,MISS,serverless,/api/cron,cryptosignal-ai-ap05shsgh-hadayalab-projects-projects.vercel.app,cryptosignal-ai-ap05shsgh-hadayalab-projects-projects.vercel.app,dpl_AAnKoonheaRbtT2xpLVuNVJgtPCL,,,,,"📊 Exchange Netflow (BTC): -11379.222587299999 raw: {""date"":""2025-12-23"",""netflow_total"":-11379.222587299999}",prj_aXVQjKQv7csNrAorIFwxVWlHYLQE,,,,,
2025-12-24 15:15:11,1766589311455,cryptosignal-ai-ap05shsgh-hadayalab-projects-projects.vercel.app/api/cron,GET,,200,rpznd-1766589311455-27cf5a4e87b5,vercel-cron/1.0,,production,main,MISS,serverless,/api/cron,cryptosignal-ai-ap05shsgh-hadayalab-projects-projects.vercel.app,cryptosignal-ai-ap05shsgh-hadayalab-projects-projects.vercel.app,dpl_AAnKoonheaRbtT2xpLVuNVJgtPCL,431,iad1,266,2048,,prj_aXVQjKQv7csNrAorIFwxVWlHYLQE,,,01KD8EVAFPMHMPQZ4KCV67YBZJ,ofGQAtPWhLyN,1
2025-12-24 15:00:11,1766588411757,cryptosignal-ai-ap05shsgh-hadayalab-projects-projects.vercel.app/api/cron,GET,,200,vv6r7-1766588411670-844f6ae88552,vercel-cron/1.0,info,production,main,MISS,serverless,/api/cron,cryptosignal-ai-ap05shsgh-hadayalab-projects-projects.vercel.app,cryptosignal-ai-ap05shsgh-hadayalab-projects-projects.vercel.app,dpl_AAnKoonheaRbtT2xpLVuNVJgtPCL,,,,,🚀 Cron Job Started: Whale Monitor,prj_aXVQjKQv7csNrAorIFwxVWlHYLQE,,,,,
2025-12-24 15:00:11,1766588411757,cryptosignal-ai-ap05shsgh-hadayalab-projects-projects.vercel.app/api/cron,GET,,200,vv6r7-1766588411670-844f6ae88552,vercel-cron/1.0,info,production,main,MISS,serverless,/api/cron,cryptosignal-ai-ap05shsgh-hadayalab-projects-projects.vercel.app,cryptosignal-ai-ap05shsgh-hadayalab-projects-projects.vercel.app,dpl_AAnKoonheaRbtT2xpLVuNVJgtPCL,,,,,"Slot check => utcHour=15, utcMinute=0, isRegularSlot=false, force=false",prj_aXVQjKQv7csNrAorIFwxVWlHYLQE,,,,,
2025-12-24 15:00:11,1766588411757,cryptosignal-ai-ap05shsgh-hadayalab-projects-projects.vercel.app/api/cron,GET,,200,vv6r7-1766588411670-844f6ae88552,vercel-cron/1.0,info,production,main,MISS,serverless,/api/cron,cryptosignal-ai-ap05shsgh-hadayalab-projects-projects.vercel.app,cryptosignal-ai-ap05shsgh-hadayalab-projects-projects.vercel.app,dpl_AAnKoonheaRbtT2xpLVuNVJgtPCL,,,,,🌐 Fetching: https://api.cryptoquant.com/v1/btc/exchange-flows/netflow?exchange=all_exchange&window=day&limit=1,prj_aXVQjKQv7csNrAorIFwxVWlHYLQE,,,,,
2025-12-24 15:00:11,1766588411856,cryptosignal-ai-ap05shsgh-hadayalab-projects-projects.vercel.app/api/cron,GET,,200,vv6r7-1766588411670-844f6ae88552,vercel-cron/1.0,info,production,main,MISS,serverless,/api/cron,cryptosignal-ai-ap05shsgh-hadayalab-projects-projects.vercel.app,cryptosignal-ai-ap05shsgh-hadayalab-projects-projects.vercel.app,dpl_AAnKoonheaRbtT2xpLVuNVJgtPCL,,,,,🌐 Fetching: https://api.cryptoquant.com/v1/btc/flow-indicator/mpi?window=day&limit=1,prj_aXVQjKQv7csNrAorIFwxVWlHYLQE,,,,,
2025-12-24 15:00:11,1766588411860,cryptosignal-ai-ap05shsgh-hadayalab-projects-projects.vercel.app/api/cron,GET,,200,vv6r7-1766588411670-844f6ae88552,vercel-cron/1.0,error,production,main,MISS,serverless,/api/cron,cryptosignal-ai-ap05shsgh-hadayalab-projects-projects.vercel.app,cryptosignal-ai-ap05shsgh-hadayalab-projects-projects.vercel.app,dpl_AAnKoonheaRbtT2xpLVuNVJgtPCL,,,,,"(node:4) [DEP0169] DeprecationWarning: `url.parse()` behavior is not standardized and prone to errors that have security implications. Use the WHATWG URL API instead. CVEs are not issued for `url.parse()` vulnerabilities.
(Use `node --trace-deprecation ...` to show where the warning was created)",prj_aXVQjKQv7csNrAorIFwxVWlHYLQE,,,,,
2025-12-24 15:00:12,1766588412107,cryptosignal-ai-ap05shsgh-hadayalab-projects-projects.vercel.app/api/cron,GET,,200,vv6r7-1766588411670-844f6ae88552,vercel-cron/1.0,info,production,main,MISS,serverless,/api/cron,cryptosignal-ai-ap05shsgh-hadayalab-projects-projects.vercel.app,cryptosignal-ai-ap05shsgh-hadayalab-projects-projects.vercel.app,dpl_AAnKoonheaRbtT2xpLVuNVJgtPCL,,,,,"📊 Exchange Netflow (BTC): -11379.222587299999 raw: {""date"":""2025-12-23"",""netflow_total"":-11379.222587299999}",prj_aXVQjKQv7csNrAorIFwxVWlHYLQE,,,,,
2025-12-24 15:00:12,1766588412142,cryptosignal-ai-ap05shsgh-hadayalab-projects-projects.vercel.app/api/cron,GET,,200,vv6r7-1766588411670-844f6ae88552,vercel-cron/1.0,info,production,main,MISS,serverless,/api/cron,cryptosignal-ai-ap05shsgh-hadayalab-projects-projects.vercel.app,cryptosignal-ai-ap05shsgh-hadayalab-projects-projects.vercel.app,dpl_AAnKoonheaRbtT2xpLVuNVJgtPCL,,,,,"📊 Miner Position Index (BTC): -0.5211564700986901 raw: {""date"":""2025-12-23"",""mpi"":-0.5211564700986901}",prj_aXVQjKQv7csNrAorIFwxVWlHYLQE,,,,,
2025-12-24 15:00:11,1766588411670,cryptosignal-ai-ap05shsgh-hadayalab-projects-projects.vercel.app/api/cron,GET,,200,vv6r7-1766588411670-844f6ae88552,vercel-cron/1.0,,production,main,MISS,serverless,/api/cron,cryptosignal-ai-ap05shsgh-hadayalab-projects-projects.vercel.app,cryptosignal-ai-ap05shsgh-hadayalab-projects-projects.vercel.app,dpl_AAnKoonheaRbtT2xpLVuNVJgtPCL,515,iad1,271,2048,,prj_aXVQjKQv7csNrAorIFwxVWlHYLQE,,,01KD8DZVS75CGHNS5KYPXB3X5T,ofGQAtPWhLyN,1
2025-12-24 14:45:11,1766587511246,cryptosignal-ai-ap05shsgh-hadayalab-projects-projects.vercel.app/api/cron,GET,,200,6h7g8-1766587511192-f5698926e694,vercel-cron/1.0,info,production,main,MISS,serverless,/api/cron,cryptosignal-ai-ap05shsgh-hadayalab-projects-projects.vercel.app,cryptosignal-ai-ap05shsgh-hadayalab-projects-projects.vercel.app,dpl_AAnKoonheaRbtT2xpLVuNVJgtPCL,,,,,🚀 Cron Job Started: Whale Monitor,prj_aXVQjKQv7csNrAorIFwxVWlHYLQE,,,,,
2025-12-24 14:45:11,1766587511246,cryptosignal-ai-ap05shsgh-hadayalab-projects-projects.vercel.app/api/cron,GET,,200,6h7g8-1766587511192-f5698926e694,vercel-cron/1.0,info,production,main,MISS,serverless,/api/cron,cryptosignal-ai-ap05shsgh-hadayalab-projects-projects.vercel.app,cryptosignal-ai-ap05shsgh-hadayalab-projects-projects.vercel.app,dpl_AAnKoonheaRbtT2xpLVuNVJgtPCL,,,,,"Slot check => utcHour=14, utcMinute=45, isRegularSlot=false, force=false",prj_aXVQjKQv7csNrAorIFwxVWlHYLQE,,,,,
2025-12-24 14:45:11,1766587511246,cryptosignal-ai-ap05shsgh-hadayalab-projects-projects.vercel.app/api/cron,GET,,200,6h7g8-1766587511192-f5698926e694,vercel-cron/1.0,info,production,main,MISS,serverless,/api/cron,cryptosignal-ai-ap05shsgh-hadayalab-projects-projects.vercel.app,cryptosignal-ai-ap05shsgh-hadayalab-projects-projects.vercel.app,dpl_AAnKoonheaRbtT2xpLVuNVJgtPCL,,,,,🌐 Fetching: https://api.cryptoquant.com/v1/btc/exchange-flows/netflow?exchange=all_exchange&window=day&limit=1,prj_aXVQjKQv7csNrAorIFwxVWlHYLQE,,,,,
2025-12-24 14:45:11,1766587511246,cryptosignal-ai-ap05shsgh-hadayalab-projects-projects.vercel.app/api/cron,GET,,200,6h7g8-1766587511192-f5698926e694,vercel-cron/1.0,info,production,main,MISS,serverless,/api/cron,cryptosignal-ai-ap05shsgh-hadayalab-projects-projects.vercel.app,cryptosignal-ai-ap05shsgh-hadayalab-projects-projects.vercel.app,dpl_AAnKoonheaRbtT2xpLVuNVJgtPCL,,,,,🌐 Fetching: https://api.cryptoquant.com/v1/btc/flow-indicator/mpi?window=day&limit=1,prj_aXVQjKQv7csNrAorIFwxVWlHYLQE,,,,,
2025-12-24 14:45:11,1766587511421,cryptosignal-ai-ap05shsgh-hadayalab-projects-projects.vercel.app/api/cron,GET,,200,6h7g8-1766587511192-f5698926e694,vercel-cron/1.0,info,production,main,MISS,serverless,/api/cron,cryptosignal-ai-ap05shsgh-hadayalab-projects-projects.vercel.app,cryptosignal-ai-ap05shsgh-hadayalab-projects-projects.vercel.app,dpl_AAnKoonheaRbtT2xpLVuNVJgtPCL,,,,,"📊 Exchange Netflow (BTC): -11379.222587299999 raw: {""date"":""2025-12-23"",""netflow_total"":-11379.222587299999}",prj_aXVQjKQv7csNrAorIFwxVWlHYLQE,,,,,
2025-12-24 14:45:11,1766587511424,cryptosignal-ai-ap05shsgh-hadayalab-projects-projects.vercel.app/api/cron,GET,,200,6h7g8-1766587511192-f5698926e694,vercel-cron/1.0,info,production,main,MISS,serverless,/api/cron,cryptosignal-ai-ap05shsgh-hadayalab-projects-projects.vercel.app,cryptosignal-ai-ap05shsgh-hadayalab-projects-projects.vercel.app,dpl_AAnKoonheaRbtT2xpLVuNVJgtPCL,,,,,"📊 Miner Position Index (BTC): -0.5211564700986901 raw: {""date"":""2025-12-23"",""mpi"":-0.5211564700986901}",prj_aXVQjKQv7csNrAorIFwxVWlHYLQE,,,,,
2025-12-24 14:45:11,1766587511192,cryptosignal-ai-ap05shsgh-hadayalab-projects-projects.vercel.app/api/cron,GET,,200,6h7g8-1766587511192-f5698926e694,vercel-cron/1.0,,production,main,MISS,serverless,/api/cron,cryptosignal-ai-ap05shsgh-hadayalab-projects-projects.vercel.app,cryptosignal-ai-ap05shsgh-hadayalab-projects-projects.vercel.app,dpl_AAnKoonheaRbtT2xpLVuNVJgtPCL,269,iad1,271,2048,,prj_aXVQjKQv7csNrAorIFwxVWlHYLQE,,,01KD8D4CDQWXFX7AJ30VZS27CB,H42u3jYftt2F,1
2025-12-24 14:30:11,1766586611208,cryptosignal-ai-ap05shsgh-hadayalab-projects-projects.vercel.app/api/cron,GET,,200,nhmt5-1766586611132-530cb159d4ff,vercel-cron/1.0,info,production,main,MISS,serverless,/api/cron,cryptosignal-ai-ap05shsgh-hadayalab-projects-projects.vercel.app,cryptosignal-ai-ap05shsgh-hadayalab-projects-projects.vercel.app,dpl_AAnKoonheaRbtT2xpLVuNVJgtPCL,,,,,🚀 Cron Job Started: Whale Monitor,prj_aXVQjKQv7csNrAorIFwxVWlHYLQE,,,,,
2025-12-24 14:30:11,1766586611209,cryptosignal-ai-ap05shsgh-hadayalab-projects-projects.vercel.app/api/cron,GET,,200,nhmt5-1766586611132-530cb159d4ff,vercel-cron/1.0,info,production,main,MISS,serverless,/api/cron,cryptosignal-ai-ap05shsgh-hadayalab-projects-projects.vercel.app,cryptosignal-ai-ap05shsgh-hadayalab-projects-projects.vercel.app,dpl_AAnKoonheaRbtT2xpLVuNVJgtPCL,,,,,"Slot check => utcHour=14, utcMinute=30, isRegularSlot=false, force=false",prj_aXVQjKQv7csNrAorIFwxVWlHYLQE,,,,,
2025-12-24 14:30:11,1766586611213,cryptosignal-ai-ap05shsgh-hadayalab-projects-projects.vercel.app/api/cron,GET,,200,nhmt5-1766586611132-530cb159d4ff,vercel-cron/1.0,info,production,main,MISS,serverless,/api/cron,cryptosignal-ai-ap05shsgh-hadayalab-projects-projects.vercel.app,cryptosignal-ai-ap05shsgh-hadayalab-projects-projects.vercel.app,dpl_AAnKoonheaRbtT2xpLVuNVJgtPCL,,,,,🌐 Fetching: https://api.cryptoquant.com/v1/btc/exchange-flows/netflow?exchange=all_exchange&window=day&limit=1,prj_aXVQjKQv7csNrAorIFwxVWlHYLQE,,,,,
2025-12-24 14:30:11,1766586611214,cryptosignal-ai-ap05shsgh-hadayalab-projects-projects.vercel.app/api/cron,GET,,200,nhmt5-1766586611132-530cb159d4ff,vercel-cron/1.0,info,production,main,MISS,serverless,/api/cron,cryptosignal-ai-ap05shsgh-hadayalab-projects-projects.vercel.app,cryptosignal-ai-ap05shsgh-hadayalab-projects-projects.vercel.app,dpl_AAnKoonheaRbtT2xpLVuNVJgtPCL,,,,,🌐 Fetching: https://api.cryptoquant.com/v1/btc/flow-indicator/mpi?window=day&limit=1,prj_aXVQjKQv7csNrAorIFwxVWlHYLQE,,,,,
2025-12-24 14:30:11,1766586611397,cryptosignal-ai-ap05shsgh-hadayalab-projects-projects.vercel.app/api/cron,GET,,200,nhmt5-1766586611132-530cb159d4ff,vercel-cron/1.0,info,production,main,MISS,serverless,/api/cron,cryptosignal-ai-ap05shsgh-hadayalab-projects-projects.vercel.app,cryptosignal-ai-ap05shsgh-hadayalab-projects-projects.vercel.app,dpl_AAnKoonheaRbtT2xpLVuNVJgtPCL,,,,,"📊 Exchange Netflow (BTC): -11379.222587299999 raw: {""date"":""2025-12-23"",""netflow_total"":-11379.222587299999}",prj_aXVQjKQv7csNrAorIFwxVWlHYLQE,,,,,
2025-12-24 14:30:11,1766586611450,cryptosignal-ai-ap05shsgh-hadayalab-projects-projects.vercel.app/api/cron,GET,,200,nhmt5-1766586611132-530cb159d4ff,vercel-cron/1.0,info,production,main,MISS,serverless,/api/cron,cryptosignal-ai-ap05shsgh-hadayalab-projects-projects.vercel.app,cryptosignal-ai-ap05shsgh-hadayalab-projects-projects.vercel.app,dpl_AAnKoonheaRbtT2xpLVuNVJgtPCL,,,,,"📊 Miner Position Index (BTC): -0.5211564700986901 raw: {""date"":""2025-12-23"",""mpi"":-0.5211564700986901}",prj_aXVQjKQv7csNrAorIFwxVWlHYLQE,,,,,
2025-12-24 14:30:11,1766586611132,cryptosignal-ai-ap05shsgh-hadayalab-projects-projects.vercel.app/api/cron,GET,,200,nhmt5-1766586611132-530cb159d4ff,vercel-cron/1.0,,production,main,MISS,serverless,/api/cron,cryptosignal-ai-ap05shsgh-hadayalab-projects-projects.vercel.app,cryptosignal-ai-ap05shsgh-hadayalab-projects-projects.vercel.app,dpl_AAnKoonheaRbtT2xpLVuNVJgtPCL,322,iad1,269,2048,,prj_aXVQjKQv7csNrAorIFwxVWlHYLQE,,,01KD8C8XF5AQFMT9RRFAZG3B5Z,H42u3jYftt2F,1
2025-12-24 14:15:11,1766585711212,cryptosignal-ai-ap05shsgh-hadayalab-projects-projects.vercel.app/api/cron,GET,,200,g2qwl-1766585711170-4fc6758e6b87,vercel-cron/1.0,info,production,main,MISS,serverless,/api/cron,cryptosignal-ai-ap05shsgh-hadayalab-projects-projects.vercel.app,cryptosignal-ai-ap05shsgh-hadayalab-projects-projects.vercel.app,dpl_AAnKoonheaRbtT2xpLVuNVJgtPCL,,,,,🚀 Cron Job Started: Whale Monitor,prj_aXVQjKQv7csNrAorIFwxVWlHYLQE,,,,,
2025-12-24 14:15:11,1766585711212,cryptosignal-ai-ap05shsgh-hadayalab-projects-projects.vercel.app/api/cron,GET,,200,g2qwl-1766585711170-4fc6758e6b87,vercel-cron/1.0,info,production,main,MISS,serverless,/api/cron,cryptosignal-ai-ap05shsgh-hadayalab-projects-projects.vercel.app,cryptosignal-ai-ap05shsgh-hadayalab-projects-projects.vercel.app,dpl_AAnKoonheaRbtT2xpLVuNVJgtPCL,,,,,"Slot check => utcHour=14, utcMinute=15, isRegularSlot=false, force=false",prj_aXVQjKQv7csNrAorIFwxVWlHYLQE,,,,,
2025-12-24 14:15:11,1766585711212,cryptosignal-ai-ap05shsgh-hadayalab-projects-projects.vercel.app/api/cron,GET,,200,g2qwl-1766585711170-4fc6758e6b87,vercel-cron/1.0,info,production,main,MISS,serverless,/api/cron,cryptosignal-ai-ap05shsgh-hadayalab-projects-projects.vercel.app,cryptosignal-ai-ap05shsgh-hadayalab-projects-projects.vercel.app,dpl_AAnKoonheaRbtT2xpLVuNVJgtPCL,,,,,🌐 Fetching: https://api.cryptoquant.com/v1/btc/exchange-flows/netflow?exchange=all_exchange&window=day&limit=1,prj_aXVQjKQv7csNrAorIFwxVWlHYLQE,,,,,
2025-12-24 14:15:11,1766585711212,cryptosignal-ai-ap05shsgh-hadayalab-projects-projects.vercel.app/api/cron,GET,,200,g2qwl-1766585711170-4fc6758e6b87,vercel-cron/1.0,info,production,main,MISS,serverless,/api/cron,cryptosignal-ai-ap05shsgh-hadayalab-projects-projects.vercel.app,cryptosignal-ai-ap05shsgh-hadayalab-projects-projects.vercel.app,dpl_AAnKoonheaRbtT2xpLVuNVJgtPCL,,,,,🌐 Fetching: https://api.cryptoquant.com/v1/btc/flow-indicator/mpi?window=day&limit=1,prj_aXVQjKQv7csNrAorIFwxVWlHYLQE,,,,,
2025-12-24 14:15:11,1766585711415,cryptosignal-ai-ap05shsgh-hadayalab-projects-projects.vercel.app/api/cron,GET,,200,g2qwl-1766585711170-4fc6758e6b87,vercel-cron/1.0,info,production,main,MISS,serverless,/api/cron,cryptosignal-ai-ap05shsgh-hadayalab-projects-projects.vercel.app,cryptosignal-ai-ap05shsgh-hadayalab-projects-projects.vercel.app,dpl_AAnKoonheaRbtT2xpLVuNVJgtPCL,,,,,"📊 Exchange Netflow (BTC): -11379.222587299999 raw: {""date"":""2025-12-23"",""netflow_total"":-11379.222587299999}",prj_aXVQjKQv7csNrAorIFwxVWlHYLQE,,,,,
2025-12-24 14:15:11,1766585711420,cryptosignal-ai-ap05shsgh-hadayalab-projects-projects.vercel.app/api/cron,GET,,200,g2qwl-1766585711170-4fc6758e6b87,vercel-cron/1.0,info,production,main,MISS,serverless,/api/cron,cryptosignal-ai-ap05shsgh-hadayalab-projects-projects.vercel.app,cryptosignal-ai-ap05shsgh-hadayalab-projects-projects.vercel.app,dpl_AAnKoonheaRbtT2xpLVuNVJgtPCL,,,,,"📊 Miner Position Index (BTC): -0.5211564700986901 raw: {""date"":""2025-12-23"",""mpi"":-0.5211564700986901}",prj_aXVQjKQv7csNrAorIFwxVWlHYLQE,,,,,
2025-12-24 14:15:11,1766585711170,cryptosignal-ai-ap05shsgh-hadayalab-projects-projects.vercel.app/api/cron,GET,,200,g2qwl-1766585711170-4fc6758e6b87,vercel-cron/1.0,,production,main,MISS,serverless,/api/cron,cryptosignal-ai-ap05shsgh-hadayalab-projects-projects.vercel.app,cryptosignal-ai-ap05shsgh-hadayalab-projects-projects.vercel.app,dpl_AAnKoonheaRbtT2xpLVuNVJgtPCL,283,iad1,269,2048,,prj_aXVQjKQv7csNrAorIFwxVWlHYLQE,,,01KD8BDEJHMNYYPTXSAHHS7F6J,H42u3jYftt2F,1
2025-12-24 14:00:11,1766584811598,cryptosignal-ai-ap05shsgh-hadayalab-projects-projects.vercel.app/api/cron,GET,,200,zldsl-1766584811535-e3107c0cb498,vercel-cron/1.0,info,production,main,MISS,serverless,/api/cron,cryptosignal-ai-ap05shsgh-hadayalab-projects-projects.vercel.app,cryptosignal-ai-ap05shsgh-hadayalab-projects-projects.vercel.app,dpl_AAnKoonheaRbtT2xpLVuNVJgtPCL,,,,,🚀 Cron Job Started: Whale Monitor,prj_aXVQjKQv7csNrAorIFwxVWlHYLQE,,,,,
2025-12-24 14:00:11,1766584811598,cryptosignal-ai-ap05shsgh-hadayalab-projects-projects.vercel.app/api/cron,GET,,200,zldsl-1766584811535-e3107c0cb498,vercel-cron/1.0,info,production,main,MISS,serverless,/api/cron,cryptosignal-ai-ap05shsgh-hadayalab-projects-projects.vercel.app,cryptosignal-ai-ap05shsgh-hadayalab-projects-projects.vercel.app,dpl_AAnKoonheaRbtT2xpLVuNVJgtPCL,,,,,"Slot check => utcHour=14, utcMinute=0, isRegularSlot=false, force=false",prj_aXVQjKQv7csNrAorIFwxVWlHYLQE,,,,,
2025-12-24 14:00:11,1766584811598,cryptosignal-ai-ap05shsgh-hadayalab-projects-projects.vercel.app/api/cron,GET,,200,zldsl-1766584811535-e3107c0cb498,vercel-cron/1.0,info,production,main,MISS,serverless,/api/cron,cryptosignal-ai-ap05shsgh-hadayalab-projects-projects.vercel.app,cryptosignal-ai-ap05shsgh-hadayalab-projects-projects.vercel.app,dpl_AAnKoonheaRbtT2xpLVuNVJgtPCL,,,,,🌐 Fetching: https://api.cryptoquant.com/v1/btc/exchange-flows/netflow?exchange=all_exchange&window=day&limit=1,prj_aXVQjKQv7csNrAorIFwxVWlHYLQE,,,,,
2025-12-24 14:00:11,1766584811598,cryptosignal-ai-ap05shsgh-hadayalab-projects-projects.vercel.app/api/cron,GET,,200,zldsl-1766584811535-e3107c0cb498,vercel-cron/1.0,info,production,main,MISS,serverless,/api/cron,cryptosignal-ai-ap05shsgh-hadayalab-projects-projects.vercel.app,cryptosignal-ai-ap05shsgh-hadayalab-projects-projects.vercel.app,dpl_AAnKoonheaRbtT2xpLVuNVJgtPCL,,,,,🌐 Fetching: https://api.cryptoquant.com/v1/btc/flow-indicator/mpi?window=day&limit=1,prj_aXVQjKQv7csNrAorIFwxVWlHYLQE,,,,,
2025-12-24 14:00:11,1766584811775,cryptosignal-ai-ap05shsgh-hadayalab-projects-projects.vercel.app/api/cron,GET,,200,zldsl-1766584811535-e3107c0cb498,vercel-cron/1.0,info,production,main,MISS,serverless,/api/cron,cryptosignal-ai-ap05shsgh-hadayalab-projects-projects.vercel.app,cryptosignal-ai-ap05shsgh-hadayalab-projects-projects.vercel.app,dpl_AAnKoonheaRbtT2xpLVuNVJgtPCL,,,,,"📊 Exchange Netflow (BTC): -11379.222587299999 raw: {""date"":""2025-12-23"",""netflow_total"":-11379.222587299999}",prj_aXVQjKQv7csNrAorIFwxVWlHYLQE,,,,,
2025-12-24 14:00:11,1766584811889,cryptosignal-ai-ap05shsgh-hadayalab-projects-projects.vercel.app/api/cron,GET,,200,zldsl-1766584811535-e3107c0cb498,vercel-cron/1.0,info,production,main,MISS,serverless,/api/cron,cryptosignal-ai-ap05shsgh-hadayalab-projects-projects.vercel.app,cryptosignal-ai-ap05shsgh-hadayalab-projects-projects.vercel.app,dpl_AAnKoonheaRbtT2xpLVuNVJgtPCL,,,,,"📊 Miner Position Index (BTC): -0.5211564700986901 raw: {""date"":""2025-12-23"",""mpi"":-0.5211564700986901}",prj_aXVQjKQv7csNrAorIFwxVWlHYLQE,,,,,
2025-12-24 14:00:11,1766584811535,cryptosignal-ai-ap05shsgh-hadayalab-projects-projects.vercel.app/api/cron,GET,,200,zldsl-1766584811535-e3107c0cb498,vercel-cron/1.0,,production,main,MISS,serverless,/api/cron,cryptosignal-ai-ap05shsgh-hadayalab-projects-projects.vercel.app,cryptosignal-ai-ap05shsgh-hadayalab-projects-projects.vercel.app,dpl_AAnKoonheaRbtT2xpLVuNVJgtPCL,360,iad1,269,2048,,prj_aXVQjKQv7csNrAorIFwxVWlHYLQE,,,01KD8AJ012Y7S2FMG4TQ2AAJG4,H42u3jYftt2F,1
2025-12-24 13:45:11,1766583911322,cryptosignal-ai-ap05shsgh-hadayalab-projects-projects.vercel.app/api/cron,GET,,200,ccq9w-1766583911257-d61739a28348,vercel-cron/1.0,info,production,main,MISS,serverless,/api/cron,cryptosignal-ai-ap05shsgh-hadayalab-projects-projects.vercel.app,cryptosignal-ai-ap05shsgh-hadayalab-projects-projects.vercel.app,dpl_AAnKoonheaRbtT2xpLVuNVJgtPCL,,,,,🚀 Cron Job Started: Whale Monitor,prj_aXVQjKQv7csNrAorIFwxVWlHYLQE,,,,,
2025-12-24 13:45:11,1766583911324,cryptosignal-ai-ap05shsgh-hadayalab-projects-projects.vercel.app/api/cron,GET,,200,ccq9w-1766583911257-d61739a28348,vercel-cron/1.0,info,production,main,MISS,serverless,/api/cron,cryptosignal-ai-ap05shsgh-hadayalab-projects-projects.vercel.app,cryptosignal-ai-ap05shsgh-hadayalab-projects-projects.vercel.app,dpl_AAnKoonheaRbtT2xpLVuNVJgtPCL,,,,,"Slot check => utcHour=13, utcMinute=45, isRegularSlot=false, force=false",prj_aXVQjKQv7csNrAorIFwxVWlHYLQE,,,,,
2025-12-24 13:45:11,1766583911325,cryptosignal-ai-ap05shsgh-hadayalab-projects-projects.vercel.app/api/cron,GET,,200,ccq9w-1766583911257-d61739a28348,vercel-cron/1.0,info,production,main,MISS,serverless,/api/cron,cryptosignal-ai-ap05shsgh-hadayalab-projects-projects.vercel.app,cryptosignal-ai-ap05shsgh-hadayalab-projects-projects.vercel.app,dpl_AAnKoonheaRbtT2xpLVuNVJgtPCL,,,,,🌐 Fetching: https://api.cryptoquant.com/v1/btc/exchange-flows/netflow?exchange=all_exchange&window=day&limit=1,prj_aXVQjKQv7csNrAorIFwxVWlHYLQE,,,,,
2025-12-24 13:45:11,1766583911326,cryptosignal-ai-ap05shsgh-hadayalab-projects-projects.vercel.app/api/cron,GET,,200,ccq9w-1766583911257-d61739a28348,vercel-cron/1.0,info,production,main,MISS,serverless,/api/cron,cryptosignal-ai-ap05shsgh-hadayalab-projects-projects.vercel.app,cryptosignal-ai-ap05shsgh-hadayalab-projects-projects.vercel.app,dpl_AAnKoonheaRbtT2xpLVuNVJgtPCL,,,,,🌐 Fetching: https://api.cryptoquant.com/v1/btc/flow-indicator/mpi?window=day&limit=1,prj_aXVQjKQv7csNrAorIFwxVWlHYLQE,,,,,
2025-12-24 13:45:11,1766583911515,cryptosignal-ai-ap05shsgh-hadayalab-projects-projects.vercel.app/api/cron,GET,,200,ccq9w-1766583911257-d61739a28348,vercel-cron/1.0,info,production,main,MISS,serverless,/api/cron,cryptosignal-ai-ap05shsgh-hadayalab-projects-projects.vercel.app,cryptosignal-ai-ap05shsgh-hadayalab-projects-projects.vercel.app,dpl_AAnKoonheaRbtT2xpLVuNVJgtPCL,,,,,"📊 Exchange Netflow (BTC): -11379.222587299999 raw: {""date"":""2025-12-23"",""netflow_total"":-11379.222587299999}",prj_aXVQjKQv7csNrAorIFwxVWlHYLQE,,,,,
2025-12-24 13:45:11,1766583911687,cryptosignal-ai-ap05shsgh-hadayalab-projects-projects.vercel.app/api/cron,GET,,200,ccq9w-1766583911257-d61739a28348,vercel-cron/1.0,info,production,main,MISS,serverless,/api/cron,cryptosignal-ai-ap05shsgh-hadayalab-projects-projects.vercel.app,cryptosignal-ai-ap05shsgh-hadayalab-projects-projects.vercel.app,dpl_AAnKoonheaRbtT2xpLVuNVJgtPCL,,,,,"📊 Miner Position Index (BTC): -0.5211564700986901 raw: {""date"":""2025-12-23"",""mpi"":-0.5211564700986901}",prj_aXVQjKQv7csNrAorIFwxVWlHYLQE,,,,,
2025-12-24 13:45:11,1766583911257,cryptosignal-ai-ap05shsgh-hadayalab-projects-projects.vercel.app/api/cron,GET,,200,ccq9w-1766583911257-d61739a28348,vercel-cron/1.0,,production,main,MISS,serverless,/api/cron,cryptosignal-ai-ap05shsgh-hadayalab-projects-projects.vercel.app,cryptosignal-ai-ap05shsgh-hadayalab-projects-projects.vercel.app,dpl_AAnKoonheaRbtT2xpLVuNVJgtPCL,434,iad1,269,2048,,prj_aXVQjKQv7csNrAorIFwxVWlHYLQE,,,01KD89PGVZGYC89BJ0T40NCN2X,H42u3jYftt2F,1
2025-12-24 13:30:11,1766583011146,cryptosignal-ai-ap05shsgh-hadayalab-projects-projects.vercel.app/api/cron,GET,,200,66d5n-1766583011104-6999aac22e3f,vercel-cron/1.0,info,production,main,MISS,serverless,/api/cron,cryptosignal-ai-ap05shsgh-hadayalab-projects-projects.vercel.app,cryptosignal-ai-ap05shsgh-hadayalab-projects-projects.vercel.app,dpl_AAnKoonheaRbtT2xpLVuNVJgtPCL,,,,,🚀 Cron Job Started: Whale Monitor,prj_aXVQjKQv7csNrAorIFwxVWlHYLQE,,,,,
2025-12-24 13:30:11,1766583011146,cryptosignal-ai-ap05shsgh-hadayalab-projects-projects.vercel.app/api/cron,GET,,200,66d5n-1766583011104-6999aac22e3f,vercel-cron/1.0,info,production,main,MISS,serverless,/api/cron,cryptosignal-ai-ap05shsgh-hadayalab-projects-projects.vercel.app,cryptosignal-ai-ap05shsgh-hadayalab-projects-projects.vercel.app,dpl_AAnKoonheaRbtT2xpLVuNVJgtPCL,,,,,"Slot check => utcHour=13, utcMinute=30, isRegularSlot=false, force=false",prj_aXVQjKQv7csNrAorIFwxVWlHYLQE,,,,,
2025-12-24 13:30:11,1766583011146,cryptosignal-ai-ap05shsgh-hadayalab-projects-projects.vercel.app/api/cron,GET,,200,66d5n-1766583011104-6999aac22e3f,vercel-cron/1.0,info,production,main,MISS,serverless,/api/cron,cryptosignal-ai-ap05shsgh-hadayalab-projects-projects.vercel.app,cryptosignal-ai-ap05shsgh-hadayalab-projects-projects.vercel.app,dpl_AAnKoonheaRbtT2xpLVuNVJgtPCL,,,,,🌐 Fetching: https://api.cryptoquant.com/v1/btc/exchange-flows/netflow?exchange=all_exchange&window=day&limit=1,prj_aXVQjKQv7csNrAorIFwxVWlHYLQE,,,,,
2025-12-24 13:30:11,1766583011151,cryptosignal-ai-ap05shsgh-hadayalab-projects-projects.vercel.app/api/cron,GET,,200,66d5n-1766583011104-6999aac22e3f,vercel-cron/1.0,info,production,main,MISS,serverless,/api/cron,cryptosignal-ai-ap05shsgh-hadayalab-projects-projects.vercel.app,cryptosignal-ai-ap05shsgh-hadayalab-projects-projects.vercel.app,dpl_AAnKoonheaRbtT2xpLVuNVJgtPCL,,,,,🌐 Fetching: https://api.cryptoquant.com/v1/btc/flow-indicator/mpi?window=day&limit=1,prj_aXVQjKQv7csNrAorIFwxVWlHYLQE,,,,,
2025-12-24 13:30:11,1766583011470,cryptosignal-ai-ap05shsgh-hadayalab-projects-projects.vercel.app/api/cron,GET,,200,66d5n-1766583011104-6999aac22e3f,vercel-cron/1.0,info,production,main,MISS,serverless,/api/cron,cryptosignal-ai-ap05shsgh-hadayalab-projects-projects.vercel.app,cryptosignal-ai-ap05shsgh-hadayalab-projects-projects.vercel.app,dpl_AAnKoonheaRbtT2xpLVuNVJgtPCL,,,,,"📊 Exchange Netflow (BTC): -11379.222587299999 raw: {""date"":""2025-12-23"",""netflow_total"":-11379.222587299999}",prj_aXVQjKQv7csNrAorIFwxVWlHYLQE,,,,,
2025-12-24 13:30:11,1766583011528,cryptosignal-ai-ap05shsgh-hadayalab-projects-projects.vercel.app/api/cron,GET,,200,66d5n-1766583011104-6999aac22e3f,vercel-cron/1.0,info,production,main,MISS,serverless,/api/cron,cryptosignal-ai-ap05shsgh-hadayalab-projects-projects.vercel.app,cryptosignal-ai-ap05shsgh-hadayalab-projects-projects.vercel.app,dpl_AAnKoonheaRbtT2xpLVuNVJgtPCL,,,,,"📊 Miner Position Index (BTC): -0.5211564700986901 raw: {""date"":""2025-12-23"",""mpi"":-0.5211564700986901}",prj_aXVQjKQv7csNrAorIFwxVWlHYLQE,,,,,
2025-12-24 13:30:11,1766583011104,cryptosignal-ai-ap05shsgh-hadayalab-projects-projects.vercel.app/api/cron,GET,,200,66d5n-1766583011104-6999aac22e3f,vercel-cron/1.0,,production,main,MISS,serverless,/api/cron,cryptosignal-ai-ap05shsgh-hadayalab-projects-projects.vercel.app,cryptosignal-ai-ap05shsgh-hadayalab-projects-projects.vercel.app,dpl_AAnKoonheaRbtT2xpLVuNVJgtPCL,473,iad1,269,2048,,prj_aXVQjKQv7csNrAorIFwxVWlHYLQE,,,01KD88V1SFM0MPX42E74XCNMBZ,H42u3jYftt2F,1
2025-12-24 13:15:11,1766582111171,cryptosignal-ai-ap05shsgh-hadayalab-projects-projects.vercel.app/api/cron,GET,,200,krgp2-1766582111109-af56be84deb3,vercel-cron/1.0,info,production,main,MISS,serverless,/api/cron,cryptosignal-ai-ap05shsgh-hadayalab-projects-projects.vercel.app,cryptosignal-ai-ap05shsgh-hadayalab-projects-projects.vercel.app,dpl_AAnKoonheaRbtT2xpLVuNVJgtPCL,,,,,🚀 Cron Job Started: Whale Monitor,prj_aXVQjKQv7csNrAorIFwxVWlHYLQE,,,,,
2025-12-24 13:15:11,1766582111171,cryptosignal-ai-ap05shsgh-hadayalab-projects-projects.vercel.app/api/cron,GET,,200,krgp2-1766582111109-af56be84deb3,vercel-cron/1.0,info,production,main,MISS,serverless,/api/cron,cryptosignal-ai-ap05shsgh-hadayalab-projects-projects.vercel.app,cryptosignal-ai-ap05shsgh-hadayalab-projects-projects.vercel.app,dpl_AAnKoonheaRbtT2xpLVuNVJgtPCL,,,,,"Slot check => utcHour=13, utcMinute=15, isRegularSlot=false, force=false",prj_aXVQjKQv7csNrAorIFwxVWlHYLQE,,,,,
2025-12-24 13:15:11,1766582111171,cryptosignal-ai-ap05shsgh-hadayalab-projects-projects.vercel.app/api/cron,GET,,200,krgp2-1766582111109-af56be84deb3,vercel-cron/1.0,info,production,main,MISS,serverless,/api/cron,cryptosignal-ai-ap05shsgh-hadayalab-projects-projects.vercel.app,cryptosignal-ai-ap05shsgh-hadayalab-projects-projects.vercel.app,dpl_AAnKoonheaRbtT2xpLVuNVJgtPCL,,,,,🌐 Fetching: https://api.cryptoquant.com/v1/btc/exchange-flows/netflow?exchange=all_exchange&window=day&limit=1,prj_aXVQjKQv7csNrAorIFwxVWlHYLQE,,,,,
2025-12-24 13:15:11,1766582111171,cryptosignal-ai-ap05shsgh-hadayalab-projects-projects.vercel.app/api/cron,GET,,200,krgp2-1766582111109-af56be84deb3,vercel-cron/1.0,info,production,main,MISS,serverless,/api/cron,cryptosignal-ai-ap05shsgh-hadayalab-projects-projects.vercel.app,cryptosignal-ai-ap05shsgh-hadayalab-projects-projects.vercel.app,dpl_AAnKoonheaRbtT2xpLVuNVJgtPCL,,,,,🌐 Fetching: https://api.cryptoquant.com/v1/btc/flow-indicator/mpi?window=day&limit=1,prj_aXVQjKQv7csNrAorIFwxVWlHYLQE,,,,,
2025-12-24 13:15:11,1766582111363,cryptosignal-ai-ap05shsgh-hadayalab-projects-projects.vercel.app/api/cron,GET,,200,krgp2-1766582111109-af56be84deb3,vercel-cron/1.0,info,production,main,MISS,serverless,/api/cron,cryptosignal-ai-ap05shsgh-hadayalab-projects-projects.vercel.app,cryptosignal-ai-ap05shsgh-hadayalab-projects-projects.vercel.app,dpl_AAnKoonheaRbtT2xpLVuNVJgtPCL,,,,,"📊 Exchange Netflow (BTC): -11379.222587299999 raw: {""date"":""2025-12-23"",""netflow_total"":-11379.222587299999}",prj_aXVQjKQv7csNrAorIFwxVWlHYLQE,,,,,
2025-12-24 13:15:11,1766582111363,cryptosignal-ai-ap05shsgh-hadayalab-projects-projects.vercel.app/api/cron,GET,,200,krgp2-1766582111109-af56be84deb3,vercel-cron/1.0,info,production,main,MISS,serverless,/api/cron,cryptosignal-ai-ap05shsgh-hadayalab-projects-projects.vercel.app,cryptosignal-ai-ap05shsgh-hadayalab-projects-projects.vercel.app,dpl_AAnKoonheaRbtT2xpLVuNVJgtPCL,,,,,"📊 Miner Position Index (BTC): -0.5211564700986901 raw: {""date"":""2025-12-23"",""mpi"":-0.5211564700986901}",prj_aXVQjKQv7csNrAorIFwxVWlHYLQE,,,,,
2025-12-24 13:15:11,1766582111109,cryptosignal-ai-ap05shsgh-hadayalab-projects-projects.vercel.app/api/cron,GET,,200,krgp2-1766582111109-af56be84deb3,vercel-cron/1.0,,production,main,MISS,serverless,/api/cron,cryptosignal-ai-ap05shsgh-hadayalab-projects-projects.vercel.app,cryptosignal-ai-ap05shsgh-hadayalab-projects-projects.vercel.app,dpl_AAnKoonheaRbtT2xpLVuNVJgtPCL,297,iad1,266,2048,,prj_aXVQjKQv7csNrAorIFwxVWlHYLQE,,,01KD87ZJWJGPZ7KN2M7TR72E7F,H42u3jYftt2F,1
2025-12-24 13:00:11,1766581211164,cryptosignal-ai-ap05shsgh-hadayalab-projects-projects.vercel.app/api/cron,GET,,200,h64s8-1766581211093-b413db46f4ef,vercel-cron/1.0,info,production,main,MISS,serverless,/api/cron,cryptosignal-ai-ap05shsgh-hadayalab-projects-projects.vercel.app,cryptosignal-ai-ap05shsgh-hadayalab-projects-projects.vercel.app,dpl_AAnKoonheaRbtT2xpLVuNVJgtPCL,,,,,🚀 Cron Job Started: Whale Monitor,prj_aXVQjKQv7csNrAorIFwxVWlHYLQE,,,,,
2025-12-24 13:00:11,1766581211164,cryptosignal-ai-ap05shsgh-hadayalab-projects-projects.vercel.app/api/cron,GET,,200,h64s8-1766581211093-b413db46f4ef,vercel-cron/1.0,info,production,main,MISS,serverless,/api/cron,cryptosignal-ai-ap05shsgh-hadayalab-projects-projects.vercel.app,cryptosignal-ai-ap05shsgh-hadayalab-projects-projects.vercel.app,dpl_AAnKoonheaRbtT2xpLVuNVJgtPCL,,,,,"Slot check => utcHour=13, utcMinute=0, isRegularSlot=false, force=false",prj_aXVQjKQv7csNrAorIFwxVWlHYLQE,,,,,
2025-12-24 13:00:11,1766581211164,cryptosignal-ai-ap05shsgh-hadayalab-projects-projects.vercel.app/api/cron,GET,,200,h64s8-1766581211093-b413db46f4ef,vercel-cron/1.0,info,production,main,MISS,serverless,/api/cron,cryptosignal-ai-ap05shsgh-hadayalab-projects-projects.vercel.app,cryptosignal-ai-ap05shsgh-hadayalab-projects-projects.vercel.app,dpl_AAnKoonheaRbtT2xpLVuNVJgtPCL,,,,,🌐 Fetching: https://api.cryptoquant.com/v1/btc/exchange-flows/netflow?exchange=all_exchange&window=day&limit=1,prj_aXVQjKQv7csNrAorIFwxVWlHYLQE,,,,,
2025-12-24 13:00:11,1766581211253,cryptosignal-ai-ap05shsgh-hadayalab-projects-projects.vercel.app/api/cron,GET,,200,h64s8-1766581211093-b413db46f4ef,vercel-cron/1.0,info,production,main,MISS,serverless,/api/cron,cryptosignal-ai-ap05shsgh-hadayalab-projects-projects.vercel.app,cryptosignal-ai-ap05shsgh-hadayalab-projects-projects.vercel.app,dpl_AAnKoonheaRbtT2xpLVuNVJgtPCL,,,,,🌐 Fetching: https://api.cryptoquant.com/v1/btc/flow-indicator/mpi?window=day&limit=1,prj_aXVQjKQv7csNrAorIFwxVWlHYLQE,,,,,
2025-12-24 13:00:11,1766581211255,cryptosignal-ai-ap05shsgh-hadayalab-projects-projects.vercel.app/api/cron,GET,,200,h64s8-1766581211093-b413db46f4ef,vercel-cron/1.0,error,production,main,MISS,serverless,/api/cron,cryptosignal-ai-ap05shsgh-hadayalab-projects-projects.vercel.app,cryptosignal-ai-ap05shsgh-hadayalab-projects-projects.vercel.app,dpl_AAnKoonheaRbtT2xpLVuNVJgtPCL,,,,,"(node:4) [DEP0169] DeprecationWarning: `url.parse()` behavior is not standardized and prone to errors that have security implications. Use the WHATWG URL API instead. CVEs are not issued for `url.parse()` vulnerabilities.
(Use `node --trace-deprecation ...` to show where the warning was created)",prj_aXVQjKQv7csNrAorIFwxVWlHYLQE,,,,,
2025-12-24 13:00:11,1766581211466,cryptosignal-ai-ap05shsgh-hadayalab-projects-projects.vercel.app/api/cron,GET,,200,h64s8-1766581211093-b413db46f4ef,vercel-cron/1.0,info,production,main,MISS,serverless,/api/cron,cryptosignal-ai-ap05shsgh-hadayalab-projects-projects.vercel.app,cryptosignal-ai-ap05shsgh-hadayalab-projects-projects.vercel.app,dpl_AAnKoonheaRbtT2xpLVuNVJgtPCL,,,,,"📊 Exchange Netflow (BTC): -11379.222587299999 raw: {""date"":""2025-12-23"",""netflow_total"":-11379.222587299999}",prj_aXVQjKQv7csNrAorIFwxVWlHYLQE,,,,,
2025-12-24 13:00:11,1766581211479,cryptosignal-ai-ap05shsgh-hadayalab-projects-projects.vercel.app/api/cron,GET,,200,h64s8-1766581211093-b413db46f4ef,vercel-cron/1.0,info,production,main,MISS,serverless,/api/cron,cryptosignal-ai-ap05shsgh-hadayalab-projects-projects.vercel.app,cryptosignal-ai-ap05shsgh-hadayalab-projects-projects.vercel.app,dpl_AAnKoonheaRbtT2xpLVuNVJgtPCL,,,,,"📊 Miner Position Index (BTC): -0.5211564700986901 raw: {""date"":""2025-12-23"",""mpi"":-0.5211564700986901}",prj_aXVQjKQv7csNrAorIFwxVWlHYLQE,,,,,
2025-12-24 13:00:11,1766581211093,cryptosignal-ai-ap05shsgh-hadayalab-projects-projects.vercel.app/api/cron,GET,,200,h64s8-1766581211093-b413db46f4ef,vercel-cron/1.0,,production,main,MISS,serverless,/api/cron,cryptosignal-ai-ap05shsgh-hadayalab-projects-projects.vercel.app,cryptosignal-ai-ap05shsgh-hadayalab-projects-projects.vercel.app,dpl_AAnKoonheaRbtT2xpLVuNVJgtPCL,425,iad1,270,2048,,prj_aXVQjKQv7csNrAorIFwxVWlHYLQE,,,01KD8743ZYWBT6N4WKS7PGVQKR,H42u3jYftt2F,1
2025-12-24 12:45:11,1766580311314,cryptosignal-ai-ap05shsgh-hadayalab-projects-projects.vercel.app/api/cron,GET,,200,psxg6-1766580311277-ca26f579d819,vercel-cron/1.0,info,production,main,MISS,serverless,/api/cron,cryptosignal-ai-ap05shsgh-hadayalab-projects-projects.vercel.app,cryptosignal-ai-ap05shsgh-hadayalab-projects-projects.vercel.app,dpl_AAnKoonheaRbtT2xpLVuNVJgtPCL,,,,,🚀 Cron Job Started: Whale Monitor,prj_aXVQjKQv7csNrAorIFwxVWlHYLQE,,,,,
2025-12-24 12:45:11,1766580311314,cryptosignal-ai-ap05shsgh-hadayalab-projects-projects.vercel.app/api/cron,GET,,200,psxg6-1766580311277-ca26f579d819,vercel-cron/1.0,info,production,main,MISS,serverless,/api/cron,cryptosignal-ai-ap05shsgh-hadayalab-projects-projects.vercel.app,cryptosignal-ai-ap05shsgh-hadayalab-projects-projects.vercel.app,dpl_AAnKoonheaRbtT2xpLVuNVJgtPCL,,,,,"Slot check => utcHour=12, utcMinute=45, isRegularSlot=false, force=false",prj_aXVQjKQv7csNrAorIFwxVWlHYLQE,,,,,
2025-12-24 12:45:11,1766580311314,cryptosignal-ai-ap05shsgh-hadayalab-projects-projects.vercel.app/api/cron,GET,,200,psxg6-1766580311277-ca26f579d819,vercel-cron/1.0,info,production,main,MISS,serverless,/api/cron,cryptosignal-ai-ap05shsgh-hadayalab-projects-projects.vercel.app,cryptosignal-ai-ap05shsgh-hadayalab-projects-projects.vercel.app,dpl_AAnKoonheaRbtT2xpLVuNVJgtPCL,,,,,🌐 Fetching: https://api.cryptoquant.com/v1/btc/exchange-flows/netflow?exchange=all_exchange&window=day&limit=1,prj_aXVQjKQv7csNrAorIFwxVWlHYLQE,,,,,
2025-12-24 12:45:11,1766580311316,cryptosignal-ai-ap05shsgh-hadayalab-projects-projects.vercel.app/api/cron,GET,,200,psxg6-1766580311277-ca26f579d819,vercel-cron/1.0,info,production,main,MISS,serverless,/api/cron,cryptosignal-ai-ap05shsgh-hadayalab-projects-projects.vercel.app,cryptosignal-ai-ap05shsgh-hadayalab-projects-projects.vercel.app,dpl_AAnKoonheaRbtT2xpLVuNVJgtPCL,,,,,🌐 Fetching: https://api.cryptoquant.com/v1/btc/flow-indicator/mpi?window=day&limit=1,prj_aXVQjKQv7csNrAorIFwxVWlHYLQE,,,,,
2025-12-24 12:45:11,1766580311493,cryptosignal-ai-ap05shsgh-hadayalab-projects-projects.vercel.app/api/cron,GET,,200,psxg6-1766580311277-ca26f579d819,vercel-cron/1.0,info,production,main,MISS,serverless,/api/cron,cryptosignal-ai-ap05shsgh-hadayalab-projects-projects.vercel.app,cryptosignal-ai-ap05shsgh-hadayalab-projects-projects.vercel.app,dpl_AAnKoonheaRbtT2xpLVuNVJgtPCL,,,,,"📊 Exchange Netflow (BTC): -11379.222587299999 raw: {""date"":""2025-12-23"",""netflow_total"":-11379.222587299999}",prj_aXVQjKQv7csNrAorIFwxVWlHYLQE,,,,,
2025-12-24 12:45:11,1766580311512,cryptosignal-ai-ap05shsgh-hadayalab-projects-projects.vercel.app/api/cron,GET,,200,psxg6-1766580311277-ca26f579d819,vercel-cron/1.0,info,production,main,MISS,serverless,/api/cron,cryptosignal-ai-ap05shsgh-hadayalab-projects-projects.vercel.app,cryptosignal-ai-ap05shsgh-hadayalab-projects-projects.vercel.app,dpl_AAnKoonheaRbtT2xpLVuNVJgtPCL,,,,,"📊 Miner Position Index (BTC): -0.5211564700986901 raw: {""date"":""2025-12-23"",""mpi"":-0.5211564700986901}",prj_aXVQjKQv7csNrAorIFwxVWlHYLQE,,,,,
2025-12-24 12:45:11,1766580311277,cryptosignal-ai-ap05shsgh-hadayalab-projects-projects.vercel.app/api/cron,GET,,200,psxg6-1766580311277-ca26f579d819,vercel-cron/1.0,,production,main,MISS,serverless,/api/cron,cryptosignal-ai-ap05shsgh-hadayalab-projects-projects.vercel.app,cryptosignal-ai-ap05shsgh-hadayalab-projects-projects.vercel.app,dpl_AAnKoonheaRbtT2xpLVuNVJgtPCL,269,iad1,276,2048,,prj_aXVQjKQv7csNrAorIFwxVWlHYLQE,,,01KD868N7V549GTNW6X3JECN1G,1bTnj3QySLt6,1