TimeUTC,timestampInMs,requestPath,requestMethod,requestQueryString,responseStatusCode,requestId,requestUserAgent,level,environment,branch,vercelCache,type,function,host,deploymentDomain,deploymentId,durationMs,region,maxMemoryUsed,memorySize,message,projectId,traceId,sessionId,invocationId,instanceId,concurrency
2025-12-25 00:15:05,1766621705119,cryptosignal-ai-ez86hcd7l-hadayalab-projects-projects.vercel.app/api/cron,GET,,200,9w2dh-1766621705060-a7bc9169adf6,vercel-cron/1.0,info,production,main,MISS,serverless,/api/cron,cryptosignal-ai-ez86hcd7l-hadayalab-projects-projects.vercel.app,cryptosignal-ai-ez86hcd7l-hadayalab-projects-projects.vercel.app,dpl_6nxGdqoB3HkFdwy28NkKAQVhZaVk,,,,,🚀 Cron Job Started: Whale Monitor,prj_77JNaNVINhdc4TNPoekLRbrWaBBU,,,,,
2025-12-25 00:15:05,1766621705119,cryptosignal-ai-ez86hcd7l-hadayalab-projects-projects.vercel.app/api/cron,GET,,200,9w2dh-1766621705060-a7bc9169adf6,vercel-cron/1.0,info,production,main,MISS,serverless,/api/cron,cryptosignal-ai-ez86hcd7l-hadayalab-projects-projects.vercel.app,cryptosignal-ai-ez86hcd7l-hadayalab-projects-projects.vercel.app,dpl_6nxGdqoB3HkFdwy28NkKAQVhZaVk,,,,,"Slot check => utcHour=0, utcMinute=15, isRegularSlot=false, force=false",prj_77JNaNVINhdc4TNPoekLRbrWaBBU,,,,,
2025-12-25 00:15:05,1766621705119,cryptosignal-ai-ez86hcd7l-hadayalab-projects-projects.vercel.app/api/cron,GET,,200,9w2dh-1766621705060-a7bc9169adf6,vercel-cron/1.0,info,production,main,MISS,serverless,/api/cron,cryptosignal-ai-ez86hcd7l-hadayalab-projects-projects.vercel.app,cryptosignal-ai-ez86hcd7l-hadayalab-projects-projects.vercel.app,dpl_6nxGdqoB3HkFdwy28NkKAQVhZaVk,,,,,🌐 Fetching: https://api.cryptoquant.com/v1/btc/exchange-flows/netflow?exchange=all_exchange&window=day&limit=1,prj_77JNaNVINhdc4TNPoekLRbrWaBBU,,,,,
2025-12-25 00:15:05,1766621705128,cryptosignal-ai-ez86hcd7l-hadayalab-projects-projects.vercel.app/api/cron,GET,,200,9w2dh-1766621705060-a7bc9169adf6,vercel-cron/1.0,info,production,main,MISS,serverless,/api/cron,cryptosignal-ai-ez86hcd7l-hadayalab-projects-projects.vercel.app,cryptosignal-ai-ez86hcd7l-hadayalab-projects-projects.vercel.app,dpl_6nxGdqoB3HkFdwy28NkKAQVhZaVk,,,,,🌐 Fetching: https://api.cryptoquant.com/v1/btc/flow-indicator/mpi?window=day&limit=1,prj_77JNaNVINhdc4TNPoekLRbrWaBBU,,,,,
2025-12-25 00:15:05,1766621705331,cryptosignal-ai-ez86hcd7l-hadayalab-projects-projects.vercel.app/api/cron,GET,,200,9w2dh-1766621705060-a7bc9169adf6,vercel-cron/1.0,info,production,main,MISS,serverless,/api/cron,cryptosignal-ai-ez86hcd7l-hadayalab-projects-projects.vercel.app,cryptosignal-ai-ez86hcd7l-hadayalab-projects-projects.vercel.app,dpl_6nxGdqoB3HkFdwy28NkKAQVhZaVk,,,,,"📊 Miner Position Index (BTC): -0.5211564700986901 raw: {""date"":""2025-12-23"",""mpi"":-0.5211564700986901}",prj_77JNaNVINhdc4TNPoekLRbrWaBBU,,,,,
2025-12-25 00:15:05,1766621705447,cryptosignal-ai-ez86hcd7l-hadayalab-projects-projects.vercel.app/api/cron,GET,,200,9w2dh-1766621705060-a7bc9169adf6,vercel-cron/1.0,info,production,main,MISS,serverless,/api/cron,cryptosignal-ai-ez86hcd7l-hadayalab-projects-projects.vercel.app,cryptosignal-ai-ez86hcd7l-hadayalab-projects-projects.vercel.app,dpl_6nxGdqoB3HkFdwy28NkKAQVhZaVk,,,,,"📊 Exchange Netflow (BTC): -11379.222587299999 raw: {""date"":""2025-12-23"",""netflow_total"":-11379.222587299999}",prj_77JNaNVINhdc4TNPoekLRbrWaBBU,,,,,
2025-12-25 00:15:05,1766621705060,cryptosignal-ai-ez86hcd7l-hadayalab-projects-projects.vercel.app/api/cron,GET,,200,9w2dh-1766621705060-a7bc9169adf6,vercel-cron/1.0,,production,main,MISS,serverless,/api/cron,cryptosignal-ai-ez86hcd7l-hadayalab-projects-projects.vercel.app,cryptosignal-ai-ez86hcd7l-hadayalab-projects-projects.vercel.app,dpl_6nxGdqoB3HkFdwy28NkKAQVhZaVk,420,iad1,269,2048,,prj_77JNaNVINhdc4TNPoekLRbrWaBBU,,,01KD9DQWW3AFAJ60T426CF5YQ8,Iv8LMGR0Kc3j,1
2025-12-25 00:00:05,1766620805217,cryptosignal-ai-ez86hcd7l-hadayalab-projects-projects.vercel.app/api/cron,GET,,200,5zvkv-1766620805181-33cbd0447cf1,vercel-cron/1.0,info,production,main,MISS,serverless,/api/cron,cryptosignal-ai-ez86hcd7l-hadayalab-projects-projects.vercel.app,cryptosignal-ai-ez86hcd7l-hadayalab-projects-projects.vercel.app,dpl_6nxGdqoB3HkFdwy28NkKAQVhZaVk,,,,,🚀 Cron Job Started: Whale Monitor,prj_77JNaNVINhdc4TNPoekLRbrWaBBU,,,,,
2025-12-25 00:00:05,1766620805217,cryptosignal-ai-ez86hcd7l-hadayalab-projects-projects.vercel.app/api/cron,GET,,200,5zvkv-1766620805181-33cbd0447cf1,vercel-cron/1.0,info,production,main,MISS,serverless,/api/cron,cryptosignal-ai-ez86hcd7l-hadayalab-projects-projects.vercel.app,cryptosignal-ai-ez86hcd7l-hadayalab-projects-projects.vercel.app,dpl_6nxGdqoB3HkFdwy28NkKAQVhZaVk,,,,,"Slot check => utcHour=0, utcMinute=0, isRegularSlot=true, force=false",prj_77JNaNVINhdc4TNPoekLRbrWaBBU,,,,,
2025-12-25 00:00:05,1766620805218,cryptosignal-ai-ez86hcd7l-hadayalab-projects-projects.vercel.app/api/cron,GET,,200,5zvkv-1766620805181-33cbd0447cf1,vercel-cron/1.0,info,production,main,MISS,serverless,/api/cron,cryptosignal-ai-ez86hcd7l-hadayalab-projects-projects.vercel.app,cryptosignal-ai-ez86hcd7l-hadayalab-projects-projects.vercel.app,dpl_6nxGdqoB3HkFdwy28NkKAQVhZaVk,,,,,🌐 Fetching: https://api.cryptoquant.com/v1/btc/exchange-flows/netflow?exchange=all_exchange&window=day&limit=1,prj_77JNaNVINhdc4TNPoekLRbrWaBBU,,,,,
2025-12-25 00:00:05,1766620805219,cryptosignal-ai-ez86hcd7l-hadayalab-projects-projects.vercel.app/api/cron,GET,,200,5zvkv-1766620805181-33cbd0447cf1,vercel-cron/1.0,info,production,main,MISS,serverless,/api/cron,cryptosignal-ai-ez86hcd7l-hadayalab-projects-projects.vercel.app,cryptosignal-ai-ez86hcd7l-hadayalab-projects-projects.vercel.app,dpl_6nxGdqoB3HkFdwy28NkKAQVhZaVk,,,,,🌐 Fetching: https://api.cryptoquant.com/v1/btc/flow-indicator/mpi?window=day&limit=1,prj_77JNaNVINhdc4TNPoekLRbrWaBBU,,,,,
2025-12-25 00:00:05,1766620805405,cryptosignal-ai-ez86hcd7l-hadayalab-projects-projects.vercel.app/api/cron,GET,,200,5zvkv-1766620805181-33cbd0447cf1,vercel-cron/1.0,info,production,main,MISS,serverless,/api/cron,cryptosignal-ai-ez86hcd7l-hadayalab-projects-projects.vercel.app,cryptosignal-ai-ez86hcd7l-hadayalab-projects-projects.vercel.app,dpl_6nxGdqoB3HkFdwy28NkKAQVhZaVk,,,,,"📊 Exchange Netflow (BTC): -11379.222587299999 raw: {""date"":""2025-12-23"",""netflow_total"":-11379.222587299999}",prj_77JNaNVINhdc4TNPoekLRbrWaBBU,,,,,
2025-12-25 00:00:05,1766620805424,cryptosignal-ai-ez86hcd7l-hadayalab-projects-projects.vercel.app/api/cron,GET,,200,5zvkv-1766620805181-33cbd0447cf1,vercel-cron/1.0,info,production,main,MISS,serverless,/api/cron,cryptosignal-ai-ez86hcd7l-hadayalab-projects-projects.vercel.app,cryptosignal-ai-ez86hcd7l-hadayalab-projects-projects.vercel.app,dpl_6nxGdqoB3HkFdwy28NkKAQVhZaVk,,,,,"📊 Miner Position Index (BTC): -0.5211564700986901 raw: {""date"":""2025-12-23"",""mpi"":-0.5211564700986901}",prj_77JNaNVINhdc4TNPoekLRbrWaBBU,,,,,
2025-12-25 00:00:55,1766620855249,cryptosignal-ai-ez86hcd7l-hadayalab-projects-projects.vercel.app/api/cron,GET,,200,5zvkv-1766620805181-33cbd0447cf1,vercel-cron/1.0,info,production,main,MISS,serverless,/api/cron,cryptosignal-ai-ez86hcd7l-hadayalab-projects-projects.vercel.app,cryptosignal-ai-ez86hcd7l-hadayalab-projects-projects.vercel.app,dpl_6nxGdqoB3HkFdwy28NkKAQVhZaVk,,,,,Sending REGULAR message...,prj_77JNaNVINhdc4TNPoekLRbrWaBBU,,,,,
2025-12-25 00:00:55,1766620855249,cryptosignal-ai-ez86hcd7l-hadayalab-projects-projects.vercel.app/api/cron,GET,,200,5zvkv-1766620805181-33cbd0447cf1,vercel-cron/1.0,info,production,main,MISS,serverless,/api/cron,cryptosignal-ai-ez86hcd7l-hadayalab-projects-projects.vercel.app,cryptosignal-ai-ez86hcd7l-hadayalab-projects-projects.vercel.app,dpl_6nxGdqoB3HkFdwy28NkKAQVhZaVk,,,,,🌐 Fetching: https://api.cryptoquant.com/v1/btc/exchange-flows/netflow?exchange=all_exchange&window=day&limit=1,prj_77JNaNVINhdc4TNPoekLRbrWaBBU,,,,,
2025-12-25 00:00:55,1766620855251,cryptosignal-ai-ez86hcd7l-hadayalab-projects-projects.vercel.app/api/cron,GET,,200,5zvkv-1766620805181-33cbd0447cf1,vercel-cron/1.0,info,production,main,MISS,serverless,/api/cron,cryptosignal-ai-ez86hcd7l-hadayalab-projects-projects.vercel.app,cryptosignal-ai-ez86hcd7l-hadayalab-projects-projects.vercel.app,dpl_6nxGdqoB3HkFdwy28NkKAQVhZaVk,,,,,🌐 Fetching: https://api.cryptoquant.com/v1/btc/flow-indicator/mpi?window=day&limit=1,prj_77JNaNVINhdc4TNPoekLRbrWaBBU,,,,,
2025-12-25 00:00:55,1766620855419,cryptosignal-ai-ez86hcd7l-hadayalab-projects-projects.vercel.app/api/cron,GET,,200,5zvkv-1766620805181-33cbd0447cf1,vercel-cron/1.0,info,production,main,MISS,serverless,/api/cron,cryptosignal-ai-ez86hcd7l-hadayalab-projects-projects.vercel.app,cryptosignal-ai-ez86hcd7l-hadayalab-projects-projects.vercel.app,dpl_6nxGdqoB3HkFdwy28NkKAQVhZaVk,,,,,"📊 Exchange Netflow (BTC): -11379.222587299999 raw: {""date"":""2025-12-23"",""netflow_total"":-11379.222587299999}",prj_77JNaNVINhdc4TNPoekLRbrWaBBU,,,,,
2025-12-25 00:00:55,1766620855447,cryptosignal-ai-ez86hcd7l-hadayalab-projects-projects.vercel.app/api/cron,GET,,200,5zvkv-1766620805181-33cbd0447cf1,vercel-cron/1.0,info,production,main,MISS,serverless,/api/cron,cryptosignal-ai-ez86hcd7l-hadayalab-projects-projects.vercel.app,cryptosignal-ai-ez86hcd7l-hadayalab-projects-projects.vercel.app,dpl_6nxGdqoB3HkFdwy28NkKAQVhZaVk,,,,,"📊 Miner Position Index (BTC): -0.5211564700986901 raw: {""date"":""2025-12-23"",""mpi"":-0.5211564700986901}",prj_77JNaNVINhdc4TNPoekLRbrWaBBU,,,,,
2025-12-25 00:00:55,1766620855941,cryptosignal-ai-ez86hcd7l-hadayalab-projects-projects.vercel.app/api/cron,GET,,200,5zvkv-1766620805181-33cbd0447cf1,vercel-cron/1.0,info,production,main,MISS,serverless,/api/cron,cryptosignal-ai-ez86hcd7l-hadayalab-projects-projects.vercel.app,cryptosignal-ai-ez86hcd7l-hadayalab-projects-projects.vercel.app,dpl_6nxGdqoB3HkFdwy28NkKAQVhZaVk,,,,,"📨 Telegram sent: {
  ""ok"": true,
  ""result"": {
    ""message_id"": 88,
    ""from"": {
      ""id"": 8314465371,
      ""is_bot"": true,
      ""first_name"": ""CryptoSignal AI AR"",
      ""username"": ""CryptoSignal_AI_AR_bot""
    },
    ""chat"": {
      ""id"": -1003306034633,
      ""title"": ""CryptoSignal AI – Starter Signals (AR)"",
      ""type"": ""supergroup""
    },
    ""date"": 1766620855,
    ""text"": ""📚 تسريب السوق من Dr. Grok\nتقرير الجلسة @ 2025-12-25 00:00:05 UTC\n\n💰 سعر BTC: $87,619 (+0.24% / 24h)\n📊 صافي تدفق البورصات: Outflow 11379 BTC\n⛏ مؤشر مراكز المعدّنين (MPI): -0.52\n🧠 حالة الشعور في السوق: Extreme Fear\n\n📈 درجة السوق: 19/100\n✅ كاشف الفخاخ: لا توجد فخاخ حرجة مكتشفة.\n\n🎯 حكم التداول\n🛡️ الإشارة: BUG STANDBY (Defense Active)\n• سعر الدخول (مرجع سبوت): $87,619\n• الوضع: Bug Standby — لا توجد أفضلية واضحة الآن. انتظر واحمِ رأس مالك.\n• Take Profit: n/a\n• Stop Loss: n/a\n\n🧬 رؤية Dr. Grok\nما يلي فكرة استراتيجية، وليست إشارة دخول رسمية من True Bug. استخدمها فقط إذا كانت متوافقة مع خطتك وإدارة المخاطر الخاصة بك.\nد. غروك هنا، مدرب تداول BTC المخضرم. دعنا نحلل البيانات بسرعة، مع التركيز على المخاطر أولاً:\n\nالوضع الحالي:\n- السعر: 87,619 دولار (ارتفاع طفيف 0.24% في 24 ساعة).\n- تدفق: خروج كبير (-11,379 دولار) – السيولة تتسرب، مخاطر هبوطية عالية.\n- MPI: -0.52 – زخم سلبي، لا حماس للشراء.\n- المعنويات: خوف شديد (Extreme Fear)، مع فومو تجزئة متوسط (50) ولا تأثير من الحيتان أو الأخبار.\n- النتيجة: 19/100، إشارة: NONE. لا فخ واضح.\n\nنصيحتي التكتيكية (مخاطر أولاً):\n- المخاطر: الخوف الشديد يعني تقلبات عنيفة محتملة. الخروج من السيولة يشير إلى ضغط بيعي، قد يؤدي إلى انهيار إذا انخفض تحت 85k. لا تتجاهل الخوف – يمكن أن يمحو أرباحك في دقائق.\n- الفرصة: إشارة محايدة، ابق على الهامش. راقب تدفق إيجابي أو MPI فوق الصفر للدخول طويل. إذا اشتريت، حدد SL تحت 86k للحماية.\n- خطة سريعة: كن حذراً، لا تطارد الارتفاع الطفيف. انتظر إشارة قوية. إذا كنت في صفقة، خفف المواقف.\n\nتداول ذكي، لا تتسرع. #BTC #CryptoTrading\n\nلأغراض تعليمية فقط. لا يُعدّ هذا نصيحة مالية أو استثمارية."",
    ""entities"": [
      {
        ""offset"": 204,
        ""length"": 12,
        ""type"": ""bold""
      },
      {
        ""offset"": 1485,
        ""length"": 4,
        ""type"": ""hashtag""
      },
      {
        ""offset"": 1490,
        ""length"": 14,
        ""type"": ""hashtag""
      }
    ]
  }
}",prj_77JNaNVINhdc4TNPoekLRbrWaBBU,,,,,
2025-12-25 00:00:05,1766620805181,cryptosignal-ai-ez86hcd7l-hadayalab-projects-projects.vercel.app/api/cron,GET,,200,5zvkv-1766620805181-33cbd0447cf1,vercel-cron/1.0,,production,main,MISS,serverless,/api/cron,cryptosignal-ai-ez86hcd7l-hadayalab-projects-projects.vercel.app,cryptosignal-ai-ez86hcd7l-hadayalab-projects-projects.vercel.app,dpl_6nxGdqoB3HkFdwy28NkKAQVhZaVk,50731,iad1,269,2048,,prj_77JNaNVINhdc4TNPoekLRbrWaBBU,,,01KD9CWE2C0M790C79H5S92VP3,Iv8LMGR0Kc3j,1
2025-12-24 23:45:05,1766619905096,cryptosignal-ai-ez86hcd7l-hadayalab-projects-projects.vercel.app/api/cron,GET,,200,fw746-1766619905061-5ee814699ef6,vercel-cron/1.0,info,production,main,MISS,serverless,/api/cron,cryptosignal-ai-ez86hcd7l-hadayalab-projects-projects.vercel.app,cryptosignal-ai-ez86hcd7l-hadayalab-projects-projects.vercel.app,dpl_6nxGdqoB3HkFdwy28NkKAQVhZaVk,,,,,🚀 Cron Job Started: Whale Monitor,prj_77JNaNVINhdc4TNPoekLRbrWaBBU,,,,,
2025-12-24 23:45:05,1766619905096,cryptosignal-ai-ez86hcd7l-hadayalab-projects-projects.vercel.app/api/cron,GET,,200,fw746-1766619905061-5ee814699ef6,vercel-cron/1.0,info,production,main,MISS,serverless,/api/cron,cryptosignal-ai-ez86hcd7l-hadayalab-projects-projects.vercel.app,cryptosignal-ai-ez86hcd7l-hadayalab-projects-projects.vercel.app,dpl_6nxGdqoB3HkFdwy28NkKAQVhZaVk,,,,,"Slot check => utcHour=23, utcMinute=45, isRegularSlot=false, force=false",prj_77JNaNVINhdc4TNPoekLRbrWaBBU,,,,,
2025-12-24 23:45:05,1766619905096,cryptosignal-ai-ez86hcd7l-hadayalab-projects-projects.vercel.app/api/cron,GET,,200,fw746-1766619905061-5ee814699ef6,vercel-cron/1.0,info,production,main,MISS,serverless,/api/cron,cryptosignal-ai-ez86hcd7l-hadayalab-projects-projects.vercel.app,cryptosignal-ai-ez86hcd7l-hadayalab-projects-projects.vercel.app,dpl_6nxGdqoB3HkFdwy28NkKAQVhZaVk,,,,,🌐 Fetching: https://api.cryptoquant.com/v1/btc/exchange-flows/netflow?exchange=all_exchange&window=day&limit=1,prj_77JNaNVINhdc4TNPoekLRbrWaBBU,,,,,
2025-12-24 23:45:05,1766619905096,cryptosignal-ai-ez86hcd7l-hadayalab-projects-projects.vercel.app/api/cron,GET,,200,fw746-1766619905061-5ee814699ef6,vercel-cron/1.0,info,production,main,MISS,serverless,/api/cron,cryptosignal-ai-ez86hcd7l-hadayalab-projects-projects.vercel.app,cryptosignal-ai-ez86hcd7l-hadayalab-projects-projects.vercel.app,dpl_6nxGdqoB3HkFdwy28NkKAQVhZaVk,,,,,🌐 Fetching: https://api.cryptoquant.com/v1/btc/flow-indicator/mpi?window=day&limit=1,prj_77JNaNVINhdc4TNPoekLRbrWaBBU,,,,,
2025-12-24 23:45:05,1766619905307,cryptosignal-ai-ez86hcd7l-hadayalab-projects-projects.vercel.app/api/cron,GET,,200,fw746-1766619905061-5ee814699ef6,vercel-cron/1.0,info,production,main,MISS,serverless,/api/cron,cryptosignal-ai-ez86hcd7l-hadayalab-projects-projects.vercel.app,cryptosignal-ai-ez86hcd7l-hadayalab-projects-projects.vercel.app,dpl_6nxGdqoB3HkFdwy28NkKAQVhZaVk,,,,,"📊 Miner Position Index (BTC): -0.5211564700986901 raw: {""date"":""2025-12-23"",""mpi"":-0.5211564700986901}",prj_77JNaNVINhdc4TNPoekLRbrWaBBU,,,,,
2025-12-24 23:45:05,1766619905309,cryptosignal-ai-ez86hcd7l-hadayalab-projects-projects.vercel.app/api/cron,GET,,200,fw746-1766619905061-5ee814699ef6,vercel-cron/1.0,info,production,main,MISS,serverless,/api/cron,cryptosignal-ai-ez86hcd7l-hadayalab-projects-projects.vercel.app,cryptosignal-ai-ez86hcd7l-hadayalab-projects-projects.vercel.app,dpl_6nxGdqoB3HkFdwy28NkKAQVhZaVk,,,,,"📊 Exchange Netflow (BTC): -11379.222587299999 raw: {""date"":""2025-12-23"",""netflow_total"":-11379.222587299999}",prj_77JNaNVINhdc4TNPoekLRbrWaBBU,,,,,
2025-12-24 23:45:05,1766619905061,cryptosignal-ai-ez86hcd7l-hadayalab-projects-projects.vercel.app/api/cron,GET,,200,fw746-1766619905061-5ee814699ef6,vercel-cron/1.0,,production,main,MISS,serverless,/api/cron,cryptosignal-ai-ez86hcd7l-hadayalab-projects-projects.vercel.app,cryptosignal-ai-ez86hcd7l-hadayalab-projects-projects.vercel.app,dpl_6nxGdqoB3HkFdwy28NkKAQVhZaVk,306,iad1,269,2048,,prj_77JNaNVINhdc4TNPoekLRbrWaBBU,,,01KD9C0Z1JH4H8RZTQQ9ZKMS6K,Iv8LMGR0Kc3j,1
2025-12-24 23:30:05,1766619005175,cryptosignal-ai-ez86hcd7l-hadayalab-projects-projects.vercel.app/api/cron,GET,,200,z4w2j-1766619005110-c241e1f85b2d,vercel-cron/1.0,info,production,main,MISS,serverless,/api/cron,cryptosignal-ai-ez86hcd7l-hadayalab-projects-projects.vercel.app,cryptosignal-ai-ez86hcd7l-hadayalab-projects-projects.vercel.app,dpl_6nxGdqoB3HkFdwy28NkKAQVhZaVk,,,,,🚀 Cron Job Started: Whale Monitor,prj_77JNaNVINhdc4TNPoekLRbrWaBBU,,,,,
2025-12-24 23:30:05,1766619005175,cryptosignal-ai-ez86hcd7l-hadayalab-projects-projects.vercel.app/api/cron,GET,,200,z4w2j-1766619005110-c241e1f85b2d,vercel-cron/1.0,info,production,main,MISS,serverless,/api/cron,cryptosignal-ai-ez86hcd7l-hadayalab-projects-projects.vercel.app,cryptosignal-ai-ez86hcd7l-hadayalab-projects-projects.vercel.app,dpl_6nxGdqoB3HkFdwy28NkKAQVhZaVk,,,,,"Slot check => utcHour=23, utcMinute=30, isRegularSlot=false, force=false",prj_77JNaNVINhdc4TNPoekLRbrWaBBU,,,,,
2025-12-24 23:30:05,1766619005175,cryptosignal-ai-ez86hcd7l-hadayalab-projects-projects.vercel.app/api/cron,GET,,200,z4w2j-1766619005110-c241e1f85b2d,vercel-cron/1.0,info,production,main,MISS,serverless,/api/cron,cryptosignal-ai-ez86hcd7l-hadayalab-projects-projects.vercel.app,cryptosignal-ai-ez86hcd7l-hadayalab-projects-projects.vercel.app,dpl_6nxGdqoB3HkFdwy28NkKAQVhZaVk,,,,,🌐 Fetching: https://api.cryptoquant.com/v1/btc/exchange-flows/netflow?exchange=all_exchange&window=day&limit=1,prj_77JNaNVINhdc4TNPoekLRbrWaBBU,,,,,
2025-12-24 23:30:05,1766619005175,cryptosignal-ai-ez86hcd7l-hadayalab-projects-projects.vercel.app/api/cron,GET,,200,z4w2j-1766619005110-c241e1f85b2d,vercel-cron/1.0,info,production,main,MISS,serverless,/api/cron,cryptosignal-ai-ez86hcd7l-hadayalab-projects-projects.vercel.app,cryptosignal-ai-ez86hcd7l-hadayalab-projects-projects.vercel.app,dpl_6nxGdqoB3HkFdwy28NkKAQVhZaVk,,,,,🌐 Fetching: https://api.cryptoquant.com/v1/btc/flow-indicator/mpi?window=day&limit=1,prj_77JNaNVINhdc4TNPoekLRbrWaBBU,,,,,
2025-12-24 23:30:05,1766619005381,cryptosignal-ai-ez86hcd7l-hadayalab-projects-projects.vercel.app/api/cron,GET,,200,z4w2j-1766619005110-c241e1f85b2d,vercel-cron/1.0,info,production,main,MISS,serverless,/api/cron,cryptosignal-ai-ez86hcd7l-hadayalab-projects-projects.vercel.app,cryptosignal-ai-ez86hcd7l-hadayalab-projects-projects.vercel.app,dpl_6nxGdqoB3HkFdwy28NkKAQVhZaVk,,,,,"📊 Exchange Netflow (BTC): -11379.222587299999 raw: {""date"":""2025-12-23"",""netflow_total"":-11379.222587299999}",prj_77JNaNVINhdc4TNPoekLRbrWaBBU,,,,,
2025-12-24 23:30:05,1766619005426,cryptosignal-ai-ez86hcd7l-hadayalab-projects-projects.vercel.app/api/cron,GET,,200,z4w2j-1766619005110-c241e1f85b2d,vercel-cron/1.0,info,production,main,MISS,serverless,/api/cron,cryptosignal-ai-ez86hcd7l-hadayalab-projects-projects.vercel.app,cryptosignal-ai-ez86hcd7l-hadayalab-projects-projects.vercel.app,dpl_6nxGdqoB3HkFdwy28NkKAQVhZaVk,,,,,"📊 Miner Position Index (BTC): -0.5211564700986901 raw: {""date"":""2025-12-23"",""mpi"":-0.5211564700986901}",prj_77JNaNVINhdc4TNPoekLRbrWaBBU,,,,,
2025-12-24 23:30:05,1766619005110,cryptosignal-ai-ez86hcd7l-hadayalab-projects-projects.vercel.app/api/cron,GET,,200,z4w2j-1766619005110-c241e1f85b2d,vercel-cron/1.0,,production,main,MISS,serverless,/api/cron,cryptosignal-ai-ez86hcd7l-hadayalab-projects-projects.vercel.app,cryptosignal-ai-ez86hcd7l-hadayalab-projects-projects.vercel.app,dpl_6nxGdqoB3HkFdwy28NkKAQVhZaVk,346,iad1,268,2048,,prj_77JNaNVINhdc4TNPoekLRbrWaBBU,,,01KD9B5G6TZ7AWGV9TZP9QRC09,Iv8LMGR0Kc3j,1
2025-12-24 23:15:05,1766618105251,cryptosignal-ai-ez86hcd7l-hadayalab-projects-projects.vercel.app/api/cron,GET,,200,pb5x8-1766618105206-7fb3ec844188,vercel-cron/1.0,info,production,main,MISS,serverless,/api/cron,cryptosignal-ai-ez86hcd7l-hadayalab-projects-projects.vercel.app,cryptosignal-ai-ez86hcd7l-hadayalab-projects-projects.vercel.app,dpl_6nxGdqoB3HkFdwy28NkKAQVhZaVk,,,,,🚀 Cron Job Started: Whale Monitor,prj_77JNaNVINhdc4TNPoekLRbrWaBBU,,,,,
2025-12-24 23:15:05,1766618105251,cryptosignal-ai-ez86hcd7l-hadayalab-projects-projects.vercel.app/api/cron,GET,,200,pb5x8-1766618105206-7fb3ec844188,vercel-cron/1.0,info,production,main,MISS,serverless,/api/cron,cryptosignal-ai-ez86hcd7l-hadayalab-projects-projects.vercel.app,cryptosignal-ai-ez86hcd7l-hadayalab-projects-projects.vercel.app,dpl_6nxGdqoB3HkFdwy28NkKAQVhZaVk,,,,,"Slot check => utcHour=23, utcMinute=15, isRegularSlot=false, force=false",prj_77JNaNVINhdc4TNPoekLRbrWaBBU,,,,,
2025-12-24 23:15:05,1766618105252,cryptosignal-ai-ez86hcd7l-hadayalab-projects-projects.vercel.app/api/cron,GET,,200,pb5x8-1766618105206-7fb3ec844188,vercel-cron/1.0,info,production,main,MISS,serverless,/api/cron,cryptosignal-ai-ez86hcd7l-hadayalab-projects-projects.vercel.app,cryptosignal-ai-ez86hcd7l-hadayalab-projects-projects.vercel.app,dpl_6nxGdqoB3HkFdwy28NkKAQVhZaVk,,,,,🌐 Fetching: https://api.cryptoquant.com/v1/btc/exchange-flows/netflow?exchange=all_exchange&window=day&limit=1,prj_77JNaNVINhdc4TNPoekLRbrWaBBU,,,,,
2025-12-24 23:15:05,1766618105254,cryptosignal-ai-ez86hcd7l-hadayalab-projects-projects.vercel.app/api/cron,GET,,200,pb5x8-1766618105206-7fb3ec844188,vercel-cron/1.0,info,production,main,MISS,serverless,/api/cron,cryptosignal-ai-ez86hcd7l-hadayalab-projects-projects.vercel.app,cryptosignal-ai-ez86hcd7l-hadayalab-projects-projects.vercel.app,dpl_6nxGdqoB3HkFdwy28NkKAQVhZaVk,,,,,🌐 Fetching: https://api.cryptoquant.com/v1/btc/flow-indicator/mpi?window=day&limit=1,prj_77JNaNVINhdc4TNPoekLRbrWaBBU,,,,,
2025-12-24 23:15:05,1766618105455,cryptosignal-ai-ez86hcd7l-hadayalab-projects-projects.vercel.app/api/cron,GET,,200,pb5x8-1766618105206-7fb3ec844188,vercel-cron/1.0,info,production,main,MISS,serverless,/api/cron,cryptosignal-ai-ez86hcd7l-hadayalab-projects-projects.vercel.app,cryptosignal-ai-ez86hcd7l-hadayalab-projects-projects.vercel.app,dpl_6nxGdqoB3HkFdwy28NkKAQVhZaVk,,,,,"📊 Exchange Netflow (BTC): -11379.222587299999 raw: {""date"":""2025-12-23"",""netflow_total"":-11379.222587299999}",prj_77JNaNVINhdc4TNPoekLRbrWaBBU,,,,,
2025-12-24 23:15:05,1766618105489,cryptosignal-ai-ez86hcd7l-hadayalab-projects-projects.vercel.app/api/cron,GET,,200,pb5x8-1766618105206-7fb3ec844188,vercel-cron/1.0,info,production,main,MISS,serverless,/api/cron,cryptosignal-ai-ez86hcd7l-hadayalab-projects-projects.vercel.app,cryptosignal-ai-ez86hcd7l-hadayalab-projects-projects.vercel.app,dpl_6nxGdqoB3HkFdwy28NkKAQVhZaVk,,,,,"📊 Miner Position Index (BTC): -0.5211564700986901 raw: {""date"":""2025-12-23"",""mpi"":-0.5211564700986901}",prj_77JNaNVINhdc4TNPoekLRbrWaBBU,,,,,
2025-12-24 23:15:05,1766618105206,cryptosignal-ai-ez86hcd7l-hadayalab-projects-projects.vercel.app/api/cron,GET,,200,pb5x8-1766618105206-7fb3ec844188,vercel-cron/1.0,,production,main,MISS,serverless,/api/cron,cryptosignal-ai-ez86hcd7l-hadayalab-projects-projects.vercel.app,cryptosignal-ai-ez86hcd7l-hadayalab-projects-projects.vercel.app,dpl_6nxGdqoB3HkFdwy28NkKAQVhZaVk,304,iad1,268,2048,,prj_77JNaNVINhdc4TNPoekLRbrWaBBU,,,01KD9AA1CHJ05H5NXD0N60JF9H,Iv8LMGR0Kc3j,1
2025-12-24 23:00:05,1766617205268,cryptosignal-ai-ez86hcd7l-hadayalab-projects-projects.vercel.app/api/cron,GET,,200,jcl7m-1766617205231-5ffb5837d9df,vercel-cron/1.0,info,production,main,MISS,serverless,/api/cron,cryptosignal-ai-ez86hcd7l-hadayalab-projects-projects.vercel.app,cryptosignal-ai-ez86hcd7l-hadayalab-projects-projects.vercel.app,dpl_6nxGdqoB3HkFdwy28NkKAQVhZaVk,,,,,🚀 Cron Job Started: Whale Monitor,prj_77JNaNVINhdc4TNPoekLRbrWaBBU,,,,,
2025-12-24 23:00:05,1766617205268,cryptosignal-ai-ez86hcd7l-hadayalab-projects-projects.vercel.app/api/cron,GET,,200,jcl7m-1766617205231-5ffb5837d9df,vercel-cron/1.0,info,production,main,MISS,serverless,/api/cron,cryptosignal-ai-ez86hcd7l-hadayalab-projects-projects.vercel.app,cryptosignal-ai-ez86hcd7l-hadayalab-projects-projects.vercel.app,dpl_6nxGdqoB3HkFdwy28NkKAQVhZaVk,,,,,"Slot check => utcHour=23, utcMinute=0, isRegularSlot=false, force=false",prj_77JNaNVINhdc4TNPoekLRbrWaBBU,,,,,
2025-12-24 23:00:05,1766617205268,cryptosignal-ai-ez86hcd7l-hadayalab-projects-projects.vercel.app/api/cron,GET,,200,jcl7m-1766617205231-5ffb5837d9df,vercel-cron/1.0,info,production,main,MISS,serverless,/api/cron,cryptosignal-ai-ez86hcd7l-hadayalab-projects-projects.vercel.app,cryptosignal-ai-ez86hcd7l-hadayalab-projects-projects.vercel.app,dpl_6nxGdqoB3HkFdwy28NkKAQVhZaVk,,,,,🌐 Fetching: https://api.cryptoquant.com/v1/btc/exchange-flows/netflow?exchange=all_exchange&window=day&limit=1,prj_77JNaNVINhdc4TNPoekLRbrWaBBU,,,,,
2025-12-24 23:00:05,1766617205270,cryptosignal-ai-ez86hcd7l-hadayalab-projects-projects.vercel.app/api/cron,GET,,200,jcl7m-1766617205231-5ffb5837d9df,vercel-cron/1.0,info,production,main,MISS,serverless,/api/cron,cryptosignal-ai-ez86hcd7l-hadayalab-projects-projects.vercel.app,cryptosignal-ai-ez86hcd7l-hadayalab-projects-projects.vercel.app,dpl_6nxGdqoB3HkFdwy28NkKAQVhZaVk,,,,,🌐 Fetching: https://api.cryptoquant.com/v1/btc/flow-indicator/mpi?window=day&limit=1,prj_77JNaNVINhdc4TNPoekLRbrWaBBU,,,,,
2025-12-24 23:00:05,1766617205456,cryptosignal-ai-ez86hcd7l-hadayalab-projects-projects.vercel.app/api/cron,GET,,200,jcl7m-1766617205231-5ffb5837d9df,vercel-cron/1.0,info,production,main,MISS,serverless,/api/cron,cryptosignal-ai-ez86hcd7l-hadayalab-projects-projects.vercel.app,cryptosignal-ai-ez86hcd7l-hadayalab-projects-projects.vercel.app,dpl_6nxGdqoB3HkFdwy28NkKAQVhZaVk,,,,,"📊 Exchange Netflow (BTC): -11379.222587299999 raw: {""date"":""2025-12-23"",""netflow_total"":-11379.222587299999}",prj_77JNaNVINhdc4TNPoekLRbrWaBBU,,,,,
2025-12-24 23:00:05,1766617205468,cryptosignal-ai-ez86hcd7l-hadayalab-projects-projects.vercel.app/api/cron,GET,,200,jcl7m-1766617205231-5ffb5837d9df,vercel-cron/1.0,info,production,main,MISS,serverless,/api/cron,cryptosignal-ai-ez86hcd7l-hadayalab-projects-projects.vercel.app,cryptosignal-ai-ez86hcd7l-hadayalab-projects-projects.vercel.app,dpl_6nxGdqoB3HkFdwy28NkKAQVhZaVk,,,,,"📊 Miner Position Index (BTC): -0.5211564700986901 raw: {""date"":""2025-12-23"",""mpi"":-0.5211564700986901}",prj_77JNaNVINhdc4TNPoekLRbrWaBBU,,,,,
2025-12-24 23:00:05,1766617205231,cryptosignal-ai-ez86hcd7l-hadayalab-projects-projects.vercel.app/api/cron,GET,,200,jcl7m-1766617205231-5ffb5837d9df,vercel-cron/1.0,,production,main,MISS,serverless,/api/cron,cryptosignal-ai-ez86hcd7l-hadayalab-projects-projects.vercel.app,cryptosignal-ai-ez86hcd7l-hadayalab-projects-projects.vercel.app,dpl_6nxGdqoB3HkFdwy28NkKAQVhZaVk,275,iad1,265,2048,,prj_77JNaNVINhdc4TNPoekLRbrWaBBU,,,01KD99EJFY15CH1Q1NVG80EPBM,Iv8LMGR0Kc3j,1
2025-12-24 22:45:05,1766616305338,cryptosignal-ai-ez86hcd7l-hadayalab-projects-projects.vercel.app/api/cron,GET,,200,kggw6-1766616305263-a4f2883ecd4a,vercel-cron/1.0,info,production,main,MISS,serverless,/api/cron,cryptosignal-ai-ez86hcd7l-hadayalab-projects-projects.vercel.app,cryptosignal-ai-ez86hcd7l-hadayalab-projects-projects.vercel.app,dpl_6nxGdqoB3HkFdwy28NkKAQVhZaVk,,,,,🚀 Cron Job Started: Whale Monitor,prj_77JNaNVINhdc4TNPoekLRbrWaBBU,,,,,
2025-12-24 22:45:05,1766616305338,cryptosignal-ai-ez86hcd7l-hadayalab-projects-projects.vercel.app/api/cron,GET,,200,kggw6-1766616305263-a4f2883ecd4a,vercel-cron/1.0,info,production,main,MISS,serverless,/api/cron,cryptosignal-ai-ez86hcd7l-hadayalab-projects-projects.vercel.app,cryptosignal-ai-ez86hcd7l-hadayalab-projects-projects.vercel.app,dpl_6nxGdqoB3HkFdwy28NkKAQVhZaVk,,,,,"Slot check => utcHour=22, utcMinute=45, isRegularSlot=false, force=false",prj_77JNaNVINhdc4TNPoekLRbrWaBBU,,,,,
2025-12-24 22:45:05,1766616305339,cryptosignal-ai-ez86hcd7l-hadayalab-projects-projects.vercel.app/api/cron,GET,,200,kggw6-1766616305263-a4f2883ecd4a,vercel-cron/1.0,info,production,main,MISS,serverless,/api/cron,cryptosignal-ai-ez86hcd7l-hadayalab-projects-projects.vercel.app,cryptosignal-ai-ez86hcd7l-hadayalab-projects-projects.vercel.app,dpl_6nxGdqoB3HkFdwy28NkKAQVhZaVk,,,,,🌐 Fetching: https://api.cryptoquant.com/v1/btc/exchange-flows/netflow?exchange=all_exchange&window=day&limit=1,prj_77JNaNVINhdc4TNPoekLRbrWaBBU,,,,,
2025-12-24 22:45:05,1766616305425,cryptosignal-ai-ez86hcd7l-hadayalab-projects-projects.vercel.app/api/cron,GET,,200,kggw6-1766616305263-a4f2883ecd4a,vercel-cron/1.0,info,production,main,MISS,serverless,/api/cron,cryptosignal-ai-ez86hcd7l-hadayalab-projects-projects.vercel.app,cryptosignal-ai-ez86hcd7l-hadayalab-projects-projects.vercel.app,dpl_6nxGdqoB3HkFdwy28NkKAQVhZaVk,,,,,🌐 Fetching: https://api.cryptoquant.com/v1/btc/flow-indicator/mpi?window=day&limit=1,prj_77JNaNVINhdc4TNPoekLRbrWaBBU,,,,,
2025-12-24 22:45:05,1766616305427,cryptosignal-ai-ez86hcd7l-hadayalab-projects-projects.vercel.app/api/cron,GET,,200,kggw6-1766616305263-a4f2883ecd4a,vercel-cron/1.0,error,production,main,MISS,serverless,/api/cron,cryptosignal-ai-ez86hcd7l-hadayalab-projects-projects.vercel.app,cryptosignal-ai-ez86hcd7l-hadayalab-projects-projects.vercel.app,dpl_6nxGdqoB3HkFdwy28NkKAQVhZaVk,,,,,"(node:4) [DEP0169] DeprecationWarning: `url.parse()` behavior is not standardized and prone to errors that have security implications. Use the WHATWG URL API instead. CVEs are not issued for `url.parse()` vulnerabilities.
(Use `node --trace-deprecation ...` to show where the warning was created)",prj_77JNaNVINhdc4TNPoekLRbrWaBBU,,,,,
2025-12-24 22:45:05,1766616305670,cryptosignal-ai-ez86hcd7l-hadayalab-projects-projects.vercel.app/api/cron,GET,,200,kggw6-1766616305263-a4f2883ecd4a,vercel-cron/1.0,info,production,main,MISS,serverless,/api/cron,cryptosignal-ai-ez86hcd7l-hadayalab-projects-projects.vercel.app,cryptosignal-ai-ez86hcd7l-hadayalab-projects-projects.vercel.app,dpl_6nxGdqoB3HkFdwy28NkKAQVhZaVk,,,,,"📊 Exchange Netflow (BTC): -11379.222587299999 raw: {""date"":""2025-12-23"",""netflow_total"":-11379.222587299999}",prj_77JNaNVINhdc4TNPoekLRbrWaBBU,,,,,
2025-12-24 22:45:05,1766616305760,cryptosignal-ai-ez86hcd7l-hadayalab-projects-projects.vercel.app/api/cron,GET,,200,kggw6-1766616305263-a4f2883ecd4a,vercel-cron/1.0,info,production,main,MISS,serverless,/api/cron,cryptosignal-ai-ez86hcd7l-hadayalab-projects-projects.vercel.app,cryptosignal-ai-ez86hcd7l-hadayalab-projects-projects.vercel.app,dpl_6nxGdqoB3HkFdwy28NkKAQVhZaVk,,,,,"📊 Miner Position Index (BTC): -0.5211564700986901 raw: {""date"":""2025-12-23"",""mpi"":-0.5211564700986901}",prj_77JNaNVINhdc4TNPoekLRbrWaBBU,,,,,
2025-12-24 22:45:05,1766616305263,cryptosignal-ai-ez86hcd7l-hadayalab-projects-projects.vercel.app/api/cron,GET,,200,kggw6-1766616305263-a4f2883ecd4a,vercel-cron/1.0,,production,main,MISS,serverless,/api/cron,cryptosignal-ai-ez86hcd7l-hadayalab-projects-projects.vercel.app,cryptosignal-ai-ez86hcd7l-hadayalab-projects-projects.vercel.app,dpl_6nxGdqoB3HkFdwy28NkKAQVhZaVk,505,iad1,267,2048,,prj_77JNaNVINhdc4TNPoekLRbrWaBBU,,,01KD98K3MHMSZQZ36AJPG4P61Q,Iv8LMGR0Kc3j,1
2025-12-24 22:30:05,1766615405168,cryptosignal-ai-ez86hcd7l-hadayalab-projects-projects.vercel.app/api/cron,GET,,200,vg9rp-1766615405124-d9c01df768a9,vercel-cron/1.0,info,production,main,MISS,serverless,/api/cron,cryptosignal-ai-ez86hcd7l-hadayalab-projects-projects.vercel.app,cryptosignal-ai-ez86hcd7l-hadayalab-projects-projects.vercel.app,dpl_6nxGdqoB3HkFdwy28NkKAQVhZaVk,,,,,🚀 Cron Job Started: Whale Monitor,prj_77JNaNVINhdc4TNPoekLRbrWaBBU,,,,,
2025-12-24 22:30:05,1766615405168,cryptosignal-ai-ez86hcd7l-hadayalab-projects-projects.vercel.app/api/cron,GET,,200,vg9rp-1766615405124-d9c01df768a9,vercel-cron/1.0,info,production,main,MISS,serverless,/api/cron,cryptosignal-ai-ez86hcd7l-hadayalab-projects-projects.vercel.app,cryptosignal-ai-ez86hcd7l-hadayalab-projects-projects.vercel.app,dpl_6nxGdqoB3HkFdwy28NkKAQVhZaVk,,,,,"Slot check => utcHour=22, utcMinute=30, isRegularSlot=false, force=false",prj_77JNaNVINhdc4TNPoekLRbrWaBBU,,,,,
2025-12-24 22:30:05,1766615405168,cryptosignal-ai-ez86hcd7l-hadayalab-projects-projects.vercel.app/api/cron,GET,,200,vg9rp-1766615405124-d9c01df768a9,vercel-cron/1.0,info,production,main,MISS,serverless,/api/cron,cryptosignal-ai-ez86hcd7l-hadayalab-projects-projects.vercel.app,cryptosignal-ai-ez86hcd7l-hadayalab-projects-projects.vercel.app,dpl_6nxGdqoB3HkFdwy28NkKAQVhZaVk,,,,,🌐 Fetching: https://api.cryptoquant.com/v1/btc/exchange-flows/netflow?exchange=all_exchange&window=day&limit=1,prj_77JNaNVINhdc4TNPoekLRbrWaBBU,,,,,
2025-12-24 22:30:05,1766615405168,cryptosignal-ai-ez86hcd7l-hadayalab-projects-projects.vercel.app/api/cron,GET,,200,vg9rp-1766615405124-d9c01df768a9,vercel-cron/1.0,info,production,main,MISS,serverless,/api/cron,cryptosignal-ai-ez86hcd7l-hadayalab-projects-projects.vercel.app,cryptosignal-ai-ez86hcd7l-hadayalab-projects-projects.vercel.app,dpl_6nxGdqoB3HkFdwy28NkKAQVhZaVk,,,,,🌐 Fetching: https://api.cryptoquant.com/v1/btc/flow-indicator/mpi?window=day&limit=1,prj_77JNaNVINhdc4TNPoekLRbrWaBBU,,,,,
2025-12-24 22:30:05,1766615405386,cryptosignal-ai-ez86hcd7l-hadayalab-projects-projects.vercel.app/api/cron,GET,,200,vg9rp-1766615405124-d9c01df768a9,vercel-cron/1.0,info,production,main,MISS,serverless,/api/cron,cryptosignal-ai-ez86hcd7l-hadayalab-projects-projects.vercel.app,cryptosignal-ai-ez86hcd7l-hadayalab-projects-projects.vercel.app,dpl_6nxGdqoB3HkFdwy28NkKAQVhZaVk,,,,,"📊 Exchange Netflow (BTC): -11379.222587299999 raw: {""date"":""2025-12-23"",""netflow_total"":-11379.222587299999}",prj_77JNaNVINhdc4TNPoekLRbrWaBBU,,,,,
2025-12-24 22:30:05,1766615405401,cryptosignal-ai-ez86hcd7l-hadayalab-projects-projects.vercel.app/api/cron,GET,,200,vg9rp-1766615405124-d9c01df768a9,vercel-cron/1.0,info,production,main,MISS,serverless,/api/cron,cryptosignal-ai-ez86hcd7l-hadayalab-projects-projects.vercel.app,cryptosignal-ai-ez86hcd7l-hadayalab-projects-projects.vercel.app,dpl_6nxGdqoB3HkFdwy28NkKAQVhZaVk,,,,,"📊 Miner Position Index (BTC): -0.5211564700986901 raw: {""date"":""2025-12-23"",""mpi"":-0.5211564700986901}",prj_77JNaNVINhdc4TNPoekLRbrWaBBU,,,,,
2025-12-24 22:30:05,1766615405124,cryptosignal-ai-ez86hcd7l-hadayalab-projects-projects.vercel.app/api/cron,GET,,200,vg9rp-1766615405124-d9c01df768a9,vercel-cron/1.0,,production,main,MISS,serverless,/api/cron,cryptosignal-ai-ez86hcd7l-hadayalab-projects-projects.vercel.app,cryptosignal-ai-ez86hcd7l-hadayalab-projects-projects.vercel.app,dpl_6nxGdqoB3HkFdwy28NkKAQVhZaVk,300,iad1,269,2048,,prj_77JNaNVINhdc4TNPoekLRbrWaBBU,,,01KD97QMJK2ESEEPTFK0CRYXAP,Ot8YGnJgXXsA,1
2025-12-24 22:15:05,1766614505106,cryptosignal-ai-ez86hcd7l-hadayalab-projects-projects.vercel.app/api/cron,GET,,200,4vjtr-1766614505068-55a7d4b71fb0,vercel-cron/1.0,info,production,main,MISS,serverless,/api/cron,cryptosignal-ai-ez86hcd7l-hadayalab-projects-projects.vercel.app,cryptosignal-ai-ez86hcd7l-hadayalab-projects-projects.vercel.app,dpl_6nxGdqoB3HkFdwy28NkKAQVhZaVk,,,,,🚀 Cron Job Started: Whale Monitor,prj_77JNaNVINhdc4TNPoekLRbrWaBBU,,,,,
2025-12-24 22:15:05,1766614505106,cryptosignal-ai-ez86hcd7l-hadayalab-projects-projects.vercel.app/api/cron,GET,,200,4vjtr-1766614505068-55a7d4b71fb0,vercel-cron/1.0,info,production,main,MISS,serverless,/api/cron,cryptosignal-ai-ez86hcd7l-hadayalab-projects-projects.vercel.app,cryptosignal-ai-ez86hcd7l-hadayalab-projects-projects.vercel.app,dpl_6nxGdqoB3HkFdwy28NkKAQVhZaVk,,,,,"Slot check => utcHour=22, utcMinute=15, isRegularSlot=false, force=false",prj_77JNaNVINhdc4TNPoekLRbrWaBBU,,,,,
2025-12-24 22:15:05,1766614505106,cryptosignal-ai-ez86hcd7l-hadayalab-projects-projects.vercel.app/api/cron,GET,,200,4vjtr-1766614505068-55a7d4b71fb0,vercel-cron/1.0,info,production,main,MISS,serverless,/api/cron,cryptosignal-ai-ez86hcd7l-hadayalab-projects-projects.vercel.app,cryptosignal-ai-ez86hcd7l-hadayalab-projects-projects.vercel.app,dpl_6nxGdqoB3HkFdwy28NkKAQVhZaVk,,,,,🌐 Fetching: https://api.cryptoquant.com/v1/btc/exchange-flows/netflow?exchange=all_exchange&window=day&limit=1,prj_77JNaNVINhdc4TNPoekLRbrWaBBU,,,,,
2025-12-24 22:15:05,1766614505117,cryptosignal-ai-ez86hcd7l-hadayalab-projects-projects.vercel.app/api/cron,GET,,200,4vjtr-1766614505068-55a7d4b71fb0,vercel-cron/1.0,info,production,main,MISS,serverless,/api/cron,cryptosignal-ai-ez86hcd7l-hadayalab-projects-projects.vercel.app,cryptosignal-ai-ez86hcd7l-hadayalab-projects-projects.vercel.app,dpl_6nxGdqoB3HkFdwy28NkKAQVhZaVk,,,,,🌐 Fetching: https://api.cryptoquant.com/v1/btc/flow-indicator/mpi?window=day&limit=1,prj_77JNaNVINhdc4TNPoekLRbrWaBBU,,,,,
2025-12-24 22:15:05,1766614505312,cryptosignal-ai-ez86hcd7l-hadayalab-projects-projects.vercel.app/api/cron,GET,,200,4vjtr-1766614505068-55a7d4b71fb0,vercel-cron/1.0,info,production,main,MISS,serverless,/api/cron,cryptosignal-ai-ez86hcd7l-hadayalab-projects-projects.vercel.app,cryptosignal-ai-ez86hcd7l-hadayalab-projects-projects.vercel.app,dpl_6nxGdqoB3HkFdwy28NkKAQVhZaVk,,,,,"📊 Exchange Netflow (BTC): -11379.222587299999 raw: {""date"":""2025-12-23"",""netflow_total"":-11379.222587299999}",prj_77JNaNVINhdc4TNPoekLRbrWaBBU,,,,,
2025-12-24 22:15:05,1766614505328,cryptosignal-ai-ez86hcd7l-hadayalab-projects-projects.vercel.app/api/cron,GET,,200,4vjtr-1766614505068-55a7d4b71fb0,vercel-cron/1.0,info,production,main,MISS,serverless,/api/cron,cryptosignal-ai-ez86hcd7l-hadayalab-projects-projects.vercel.app,cryptosignal-ai-ez86hcd7l-hadayalab-projects-projects.vercel.app,dpl_6nxGdqoB3HkFdwy28NkKAQVhZaVk,,,,,"📊 Miner Position Index (BTC): -0.5211564700986901 raw: {""date"":""2025-12-23"",""mpi"":-0.5211564700986901}",prj_77JNaNVINhdc4TNPoekLRbrWaBBU,,,,,
2025-12-24 22:15:05,1766614505068,cryptosignal-ai-ez86hcd7l-hadayalab-projects-projects.vercel.app/api/cron,GET,,200,4vjtr-1766614505068-55a7d4b71fb0,vercel-cron/1.0,,production,main,MISS,serverless,/api/cron,cryptosignal-ai-ez86hcd7l-hadayalab-projects-projects.vercel.app,cryptosignal-ai-ez86hcd7l-hadayalab-projects-projects.vercel.app,dpl_6nxGdqoB3HkFdwy28NkKAQVhZaVk,312,iad1,269,2048,,prj_77JNaNVINhdc4TNPoekLRbrWaBBU,,,01KD96W5KTJ1TFKVJ9VYZ50F45,Ot8YGnJgXXsA,1
2025-12-24 22:00:05,1766613605180,cryptosignal-ai-ez86hcd7l-hadayalab-projects-projects.vercel.app/api/cron,GET,,200,r6mvz-1766613605092-594c12585c87,vercel-cron/1.0,info,production,main,MISS,serverless,/api/cron,cryptosignal-ai-ez86hcd7l-hadayalab-projects-projects.vercel.app,cryptosignal-ai-ez86hcd7l-hadayalab-projects-projects.vercel.app,dpl_6nxGdqoB3HkFdwy28NkKAQVhZaVk,,,,,🚀 Cron Job Started: Whale Monitor,prj_77JNaNVINhdc4TNPoekLRbrWaBBU,,,,,
2025-12-24 22:00:05,1766613605180,cryptosignal-ai-ez86hcd7l-hadayalab-projects-projects.vercel.app/api/cron,GET,,200,r6mvz-1766613605092-594c12585c87,vercel-cron/1.0,info,production,main,MISS,serverless,/api/cron,cryptosignal-ai-ez86hcd7l-hadayalab-projects-projects.vercel.app,cryptosignal-ai-ez86hcd7l-hadayalab-projects-projects.vercel.app,dpl_6nxGdqoB3HkFdwy28NkKAQVhZaVk,,,,,"Slot check => utcHour=22, utcMinute=0, isRegularSlot=false, force=false",prj_77JNaNVINhdc4TNPoekLRbrWaBBU,,,,,
2025-12-24 22:00:05,1766613605181,cryptosignal-ai-ez86hcd7l-hadayalab-projects-projects.vercel.app/api/cron,GET,,200,r6mvz-1766613605092-594c12585c87,vercel-cron/1.0,info,production,main,MISS,serverless,/api/cron,cryptosignal-ai-ez86hcd7l-hadayalab-projects-projects.vercel.app,cryptosignal-ai-ez86hcd7l-hadayalab-projects-projects.vercel.app,dpl_6nxGdqoB3HkFdwy28NkKAQVhZaVk,,,,,🌐 Fetching: https://api.cryptoquant.com/v1/btc/exchange-flows/netflow?exchange=all_exchange&window=day&limit=1,prj_77JNaNVINhdc4TNPoekLRbrWaBBU,,,,,
2025-12-24 22:00:05,1766613605191,cryptosignal-ai-ez86hcd7l-hadayalab-projects-projects.vercel.app/api/cron,GET,,200,r6mvz-1766613605092-594c12585c87,vercel-cron/1.0,info,production,main,MISS,serverless,/api/cron,cryptosignal-ai-ez86hcd7l-hadayalab-projects-projects.vercel.app,cryptosignal-ai-ez86hcd7l-hadayalab-projects-projects.vercel.app,dpl_6nxGdqoB3HkFdwy28NkKAQVhZaVk,,,,,🌐 Fetching: https://api.cryptoquant.com/v1/btc/flow-indicator/mpi?window=day&limit=1,prj_77JNaNVINhdc4TNPoekLRbrWaBBU,,,,,
2025-12-24 22:00:05,1766613605373,cryptosignal-ai-ez86hcd7l-hadayalab-projects-projects.vercel.app/api/cron,GET,,200,r6mvz-1766613605092-594c12585c87,vercel-cron/1.0,info,production,main,MISS,serverless,/api/cron,cryptosignal-ai-ez86hcd7l-hadayalab-projects-projects.vercel.app,cryptosignal-ai-ez86hcd7l-hadayalab-projects-projects.vercel.app,dpl_6nxGdqoB3HkFdwy28NkKAQVhZaVk,,,,,"📊 Exchange Netflow (BTC): -11379.222587299999 raw: {""date"":""2025-12-23"",""netflow_total"":-11379.222587299999}",prj_77JNaNVINhdc4TNPoekLRbrWaBBU,,,,,
2025-12-24 22:00:05,1766613605408,cryptosignal-ai-ez86hcd7l-hadayalab-projects-projects.vercel.app/api/cron,GET,,200,r6mvz-1766613605092-594c12585c87,vercel-cron/1.0,info,production,main,MISS,serverless,/api/cron,cryptosignal-ai-ez86hcd7l-hadayalab-projects-projects.vercel.app,cryptosignal-ai-ez86hcd7l-hadayalab-projects-projects.vercel.app,dpl_6nxGdqoB3HkFdwy28NkKAQVhZaVk,,,,,"📊 Miner Position Index (BTC): -0.5211564700986901 raw: {""date"":""2025-12-23"",""mpi"":-0.5211564700986901}",prj_77JNaNVINhdc4TNPoekLRbrWaBBU,,,,,
2025-12-24 22:00:05,1766613605092,cryptosignal-ai-ez86hcd7l-hadayalab-projects-projects.vercel.app/api/cron,GET,,200,r6mvz-1766613605092-594c12585c87,vercel-cron/1.0,,production,main,MISS,serverless,/api/cron,cryptosignal-ai-ez86hcd7l-hadayalab-projects-projects.vercel.app,cryptosignal-ai-ez86hcd7l-hadayalab-projects-projects.vercel.app,dpl_6nxGdqoB3HkFdwy28NkKAQVhZaVk,301,iad1,269,2048,,prj_77JNaNVINhdc4TNPoekLRbrWaBBU,,,01KD960PS54HPRSW7C6WSNJFK3,Ot8YGnJgXXsA,1
2025-12-24 21:45:05,1766612705170,cryptosignal-ai-ez86hcd7l-hadayalab-projects-projects.vercel.app/api/cron,GET,,200,r4nlj-1766612705108-a671eff70d40,vercel-cron/1.0,info,production,main,MISS,serverless,/api/cron,cryptosignal-ai-ez86hcd7l-hadayalab-projects-projects.vercel.app,cryptosignal-ai-ez86hcd7l-hadayalab-projects-projects.vercel.app,dpl_6nxGdqoB3HkFdwy28NkKAQVhZaVk,,,,,🚀 Cron Job Started: Whale Monitor,prj_77JNaNVINhdc4TNPoekLRbrWaBBU,,,,,
2025-12-24 21:45:05,1766612705170,cryptosignal-ai-ez86hcd7l-hadayalab-projects-projects.vercel.app/api/cron,GET,,200,r4nlj-1766612705108-a671eff70d40,vercel-cron/1.0,info,production,main,MISS,serverless,/api/cron,cryptosignal-ai-ez86hcd7l-hadayalab-projects-projects.vercel.app,cryptosignal-ai-ez86hcd7l-hadayalab-projects-projects.vercel.app,dpl_6nxGdqoB3HkFdwy28NkKAQVhZaVk,,,,,"Slot check => utcHour=21, utcMinute=45, isRegularSlot=false, force=false",prj_77JNaNVINhdc4TNPoekLRbrWaBBU,,,,,
2025-12-24 21:45:05,1766612705170,cryptosignal-ai-ez86hcd7l-hadayalab-projects-projects.vercel.app/api/cron,GET,,200,r4nlj-1766612705108-a671eff70d40,vercel-cron/1.0,info,production,main,MISS,serverless,/api/cron,cryptosignal-ai-ez86hcd7l-hadayalab-projects-projects.vercel.app,cryptosignal-ai-ez86hcd7l-hadayalab-projects-projects.vercel.app,dpl_6nxGdqoB3HkFdwy28NkKAQVhZaVk,,,,,🌐 Fetching: https://api.cryptoquant.com/v1/btc/exchange-flows/netflow?exchange=all_exchange&window=day&limit=1,prj_77JNaNVINhdc4TNPoekLRbrWaBBU,,,,,
2025-12-24 21:45:05,1766612705171,cryptosignal-ai-ez86hcd7l-hadayalab-projects-projects.vercel.app/api/cron,GET,,200,r4nlj-1766612705108-a671eff70d40,vercel-cron/1.0,info,production,main,MISS,serverless,/api/cron,cryptosignal-ai-ez86hcd7l-hadayalab-projects-projects.vercel.app,cryptosignal-ai-ez86hcd7l-hadayalab-projects-projects.vercel.app,dpl_6nxGdqoB3HkFdwy28NkKAQVhZaVk,,,,,🌐 Fetching: https://api.cryptoquant.com/v1/btc/flow-indicator/mpi?window=day&limit=1,prj_77JNaNVINhdc4TNPoekLRbrWaBBU,,,,,
2025-12-24 21:45:05,1766612705328,cryptosignal-ai-ez86hcd7l-hadayalab-projects-projects.vercel.app/api/cron,GET,,200,r4nlj-1766612705108-a671eff70d40,vercel-cron/1.0,info,production,main,MISS,serverless,/api/cron,cryptosignal-ai-ez86hcd7l-hadayalab-projects-projects.vercel.app,cryptosignal-ai-ez86hcd7l-hadayalab-projects-projects.vercel.app,dpl_6nxGdqoB3HkFdwy28NkKAQVhZaVk,,,,,"📊 Exchange Netflow (BTC): -11379.222587299999 raw: {""date"":""2025-12-23"",""netflow_total"":-11379.222587299999}",prj_77JNaNVINhdc4TNPoekLRbrWaBBU,,,,,
2025-12-24 21:45:05,1766612705498,cryptosignal-ai-ez86hcd7l-hadayalab-projects-projects.vercel.app/api/cron,GET,,200,r4nlj-1766612705108-a671eff70d40,vercel-cron/1.0,info,production,main,MISS,serverless,/api/cron,cryptosignal-ai-ez86hcd7l-hadayalab-projects-projects.vercel.app,cryptosignal-ai-ez86hcd7l-hadayalab-projects-projects.vercel.app,dpl_6nxGdqoB3HkFdwy28NkKAQVhZaVk,,,,,"📊 Miner Position Index (BTC): -0.5211564700986901 raw: {""date"":""2025-12-23"",""mpi"":-0.5211564700986901}",prj_77JNaNVINhdc4TNPoekLRbrWaBBU,,,,,
2025-12-24 21:45:05,1766612705108,cryptosignal-ai-ez86hcd7l-hadayalab-projects-projects.vercel.app/api/cron,GET,,200,r4nlj-1766612705108-a671eff70d40,vercel-cron/1.0,,production,main,MISS,serverless,/api/cron,cryptosignal-ai-ez86hcd7l-hadayalab-projects-projects.vercel.app,cryptosignal-ai-ez86hcd7l-hadayalab-projects-projects.vercel.app,dpl_6nxGdqoB3HkFdwy28NkKAQVhZaVk,394,iad1,268,2048,,prj_77JNaNVINhdc4TNPoekLRbrWaBBU,,,01KD9557VRNRBCK2F1E5T6QCTW,Ot8YGnJgXXsA,1
2025-12-24 21:30:05,1766611805252,cryptosignal-ai-ez86hcd7l-hadayalab-projects-projects.vercel.app/api/cron,GET,,200,rrw98-1766611805209-1467fdf4cb9e,vercel-cron/1.0,info,production,main,MISS,serverless,/api/cron,cryptosignal-ai-ez86hcd7l-hadayalab-projects-projects.vercel.app,cryptosignal-ai-ez86hcd7l-hadayalab-projects-projects.vercel.app,dpl_6nxGdqoB3HkFdwy28NkKAQVhZaVk,,,,,🚀 Cron Job Started: Whale Monitor,prj_77JNaNVINhdc4TNPoekLRbrWaBBU,,,,,
2025-12-24 21:30:05,1766611805252,cryptosignal-ai-ez86hcd7l-hadayalab-projects-projects.vercel.app/api/cron,GET,,200,rrw98-1766611805209-1467fdf4cb9e,vercel-cron/1.0,info,production,main,MISS,serverless,/api/cron,cryptosignal-ai-ez86hcd7l-hadayalab-projects-projects.vercel.app,cryptosignal-ai-ez86hcd7l-hadayalab-projects-projects.vercel.app,dpl_6nxGdqoB3HkFdwy28NkKAQVhZaVk,,,,,"Slot check => utcHour=21, utcMinute=30, isRegularSlot=false, force=false",prj_77JNaNVINhdc4TNPoekLRbrWaBBU,,,,,
2025-12-24 21:30:05,1766611805252,cryptosignal-ai-ez86hcd7l-hadayalab-projects-projects.vercel.app/api/cron,GET,,200,rrw98-1766611805209-1467fdf4cb9e,vercel-cron/1.0,info,production,main,MISS,serverless,/api/cron,cryptosignal-ai-ez86hcd7l-hadayalab-projects-projects.vercel.app,cryptosignal-ai-ez86hcd7l-hadayalab-projects-projects.vercel.app,dpl_6nxGdqoB3HkFdwy28NkKAQVhZaVk,,,,,🌐 Fetching: https://api.cryptoquant.com/v1/btc/exchange-flows/netflow?exchange=all_exchange&window=day&limit=1,prj_77JNaNVINhdc4TNPoekLRbrWaBBU,,,,,
2025-12-24 21:30:05,1766611805262,cryptosignal-ai-ez86hcd7l-hadayalab-projects-projects.vercel.app/api/cron,GET,,200,rrw98-1766611805209-1467fdf4cb9e,vercel-cron/1.0,info,production,main,MISS,serverless,/api/cron,cryptosignal-ai-ez86hcd7l-hadayalab-projects-projects.vercel.app,cryptosignal-ai-ez86hcd7l-hadayalab-projects-projects.vercel.app,dpl_6nxGdqoB3HkFdwy28NkKAQVhZaVk,,,,,🌐 Fetching: https://api.cryptoquant.com/v1/btc/flow-indicator/mpi?window=day&limit=1,prj_77JNaNVINhdc4TNPoekLRbrWaBBU,,,,,
2025-12-24 21:30:05,1766611805478,cryptosignal-ai-ez86hcd7l-hadayalab-projects-projects.vercel.app/api/cron,GET,,200,rrw98-1766611805209-1467fdf4cb9e,vercel-cron/1.0,info,production,main,MISS,serverless,/api/cron,cryptosignal-ai-ez86hcd7l-hadayalab-projects-projects.vercel.app,cryptosignal-ai-ez86hcd7l-hadayalab-projects-projects.vercel.app,dpl_6nxGdqoB3HkFdwy28NkKAQVhZaVk,,,,,"📊 Miner Position Index (BTC): -0.5211564700986901 raw: {""date"":""2025-12-23"",""mpi"":-0.5211564700986901}",prj_77JNaNVINhdc4TNPoekLRbrWaBBU,,,,,
2025-12-24 21:30:05,1766611805499,cryptosignal-ai-ez86hcd7l-hadayalab-projects-projects.vercel.app/api/cron,GET,,200,rrw98-1766611805209-1467fdf4cb9e,vercel-cron/1.0,info,production,main,MISS,serverless,/api/cron,cryptosignal-ai-ez86hcd7l-hadayalab-projects-projects.vercel.app,cryptosignal-ai-ez86hcd7l-hadayalab-projects-projects.vercel.app,dpl_6nxGdqoB3HkFdwy28NkKAQVhZaVk,,,,,"📊 Exchange Netflow (BTC): -11379.222587299999 raw: {""date"":""2025-12-23"",""netflow_total"":-11379.222587299999}",prj_77JNaNVINhdc4TNPoekLRbrWaBBU,,,,,
2025-12-24 21:30:05,1766611805209,cryptosignal-ai-ez86hcd7l-hadayalab-projects-projects.vercel.app/api/cron,GET,,200,rrw98-1766611805209-1467fdf4cb9e,vercel-cron/1.0,,production,main,MISS,serverless,/api/cron,cryptosignal-ai-ez86hcd7l-hadayalab-projects-projects.vercel.app,cryptosignal-ai-ez86hcd7l-hadayalab-projects-projects.vercel.app,dpl_6nxGdqoB3HkFdwy28NkKAQVhZaVk,338,iad1,268,2048,,prj_77JNaNVINhdc4TNPoekLRbrWaBBU,,,01KD949S17VVSRYBQ8ZT11VC0Y,Ot8YGnJgXXsA,1
2025-12-24 21:15:05,1766610905220,cryptosignal-ai-ez86hcd7l-hadayalab-projects-projects.vercel.app/api/cron,GET,,200,w5z5m-1766610905156-77ee128416dc,vercel-cron/1.0,info,production,main,MISS,serverless,/api/cron,cryptosignal-ai-ez86hcd7l-hadayalab-projects-projects.vercel.app,cryptosignal-ai-ez86hcd7l-hadayalab-projects-projects.vercel.app,dpl_6nxGdqoB3HkFdwy28NkKAQVhZaVk,,,,,🚀 Cron Job Started: Whale Monitor,prj_77JNaNVINhdc4TNPoekLRbrWaBBU,,,,,
2025-12-24 21:15:05,1766610905220,cryptosignal-ai-ez86hcd7l-hadayalab-projects-projects.vercel.app/api/cron,GET,,200,w5z5m-1766610905156-77ee128416dc,vercel-cron/1.0,info,production,main,MISS,serverless,/api/cron,cryptosignal-ai-ez86hcd7l-hadayalab-projects-projects.vercel.app,cryptosignal-ai-ez86hcd7l-hadayalab-projects-projects.vercel.app,dpl_6nxGdqoB3HkFdwy28NkKAQVhZaVk,,,,,"Slot check => utcHour=21, utcMinute=15, isRegularSlot=false, force=false",prj_77JNaNVINhdc4TNPoekLRbrWaBBU,,,,,
2025-12-24 21:15:05,1766610905220,cryptosignal-ai-ez86hcd7l-hadayalab-projects-projects.vercel.app/api/cron,GET,,200,w5z5m-1766610905156-77ee128416dc,vercel-cron/1.0,info,production,main,MISS,serverless,/api/cron,cryptosignal-ai-ez86hcd7l-hadayalab-projects-projects.vercel.app,cryptosignal-ai-ez86hcd7l-hadayalab-projects-projects.vercel.app,dpl_6nxGdqoB3HkFdwy28NkKAQVhZaVk,,,,,🌐 Fetching: https://api.cryptoquant.com/v1/btc/exchange-flows/netflow?exchange=all_exchange&window=day&limit=1,prj_77JNaNVINhdc4TNPoekLRbrWaBBU,,,,,
2025-12-24 21:15:05,1766610905224,cryptosignal-ai-ez86hcd7l-hadayalab-projects-projects.vercel.app/api/cron,GET,,200,w5z5m-1766610905156-77ee128416dc,vercel-cron/1.0,info,production,main,MISS,serverless,/api/cron,cryptosignal-ai-ez86hcd7l-hadayalab-projects-projects.vercel.app,cryptosignal-ai-ez86hcd7l-hadayalab-projects-projects.vercel.app,dpl_6nxGdqoB3HkFdwy28NkKAQVhZaVk,,,,,🌐 Fetching: https://api.cryptoquant.com/v1/btc/flow-indicator/mpi?window=day&limit=1,prj_77JNaNVINhdc4TNPoekLRbrWaBBU,,,,,
2025-12-24 21:15:05,1766610905397,cryptosignal-ai-ez86hcd7l-hadayalab-projects-projects.vercel.app/api/cron,GET,,200,w5z5m-1766610905156-77ee128416dc,vercel-cron/1.0,info,production,main,MISS,serverless,/api/cron,cryptosignal-ai-ez86hcd7l-hadayalab-projects-projects.vercel.app,cryptosignal-ai-ez86hcd7l-hadayalab-projects-projects.vercel.app,dpl_6nxGdqoB3HkFdwy28NkKAQVhZaVk,,,,,"📊 Exchange Netflow (BTC): -11379.222587299999 raw: {""date"":""2025-12-23"",""netflow_total"":-11379.222587299999}",prj_77JNaNVINhdc4TNPoekLRbrWaBBU,,,,,
2025-12-24 21:15:05,1766610905424,cryptosignal-ai-ez86hcd7l-hadayalab-projects-projects.vercel.app/api/cron,GET,,200,w5z5m-1766610905156-77ee128416dc,vercel-cron/1.0,info,production,main,MISS,serverless,/api/cron,cryptosignal-ai-ez86hcd7l-hadayalab-projects-projects.vercel.app,cryptosignal-ai-ez86hcd7l-hadayalab-projects-projects.vercel.app,dpl_6nxGdqoB3HkFdwy28NkKAQVhZaVk,,,,,"📊 Miner Position Index (BTC): -0.5211564700986901 raw: {""date"":""2025-12-23"",""mpi"":-0.5211564700986901}",prj_77JNaNVINhdc4TNPoekLRbrWaBBU,,,,,
2025-12-24 21:15:05,1766610905156,cryptosignal-ai-ez86hcd7l-hadayalab-projects-projects.vercel.app/api/cron,GET,,200,w5z5m-1766610905156-77ee128416dc,vercel-cron/1.0,,production,main,MISS,serverless,/api/cron,cryptosignal-ai-ez86hcd7l-hadayalab-projects-projects.vercel.app,cryptosignal-ai-ez86hcd7l-hadayalab-projects-projects.vercel.app,dpl_6nxGdqoB3HkFdwy28NkKAQVhZaVk,299,iad1,266,2048,,prj_77JNaNVINhdc4TNPoekLRbrWaBBU,,,01KD93EA34XQTBP31KD17KRDDZ,Ot8YGnJgXXsA,1
2025-12-24 21:00:05,1766610005412,cryptosignal-ai-ez86hcd7l-hadayalab-projects-projects.vercel.app/api/cron,GET,,200,tjv5c-1766610005292-5712d3056036,vercel-cron/1.0,info,production,main,MISS,serverless,/api/cron,cryptosignal-ai-ez86hcd7l-hadayalab-projects-projects.vercel.app,cryptosignal-ai-ez86hcd7l-hadayalab-projects-projects.vercel.app,dpl_6nxGdqoB3HkFdwy28NkKAQVhZaVk,,,,,🚀 Cron Job Started: Whale Monitor,prj_77JNaNVINhdc4TNPoekLRbrWaBBU,,,,,
2025-12-24 21:00:05,1766610005412,cryptosignal-ai-ez86hcd7l-hadayalab-projects-projects.vercel.app/api/cron,GET,,200,tjv5c-1766610005292-5712d3056036,vercel-cron/1.0,info,production,main,MISS,serverless,/api/cron,cryptosignal-ai-ez86hcd7l-hadayalab-projects-projects.vercel.app,cryptosignal-ai-ez86hcd7l-hadayalab-projects-projects.vercel.app,dpl_6nxGdqoB3HkFdwy28NkKAQVhZaVk,,,,,"Slot check => utcHour=21, utcMinute=0, isRegularSlot=false, force=false",prj_77JNaNVINhdc4TNPoekLRbrWaBBU,,,,,
2025-12-24 21:00:05,1766610005414,cryptosignal-ai-ez86hcd7l-hadayalab-projects-projects.vercel.app/api/cron,GET,,200,tjv5c-1766610005292-5712d3056036,vercel-cron/1.0,info,production,main,MISS,serverless,/api/cron,cryptosignal-ai-ez86hcd7l-hadayalab-projects-projects.vercel.app,cryptosignal-ai-ez86hcd7l-hadayalab-projects-projects.vercel.app,dpl_6nxGdqoB3HkFdwy28NkKAQVhZaVk,,,,,🌐 Fetching: https://api.cryptoquant.com/v1/btc/exchange-flows/netflow?exchange=all_exchange&window=day&limit=1,prj_77JNaNVINhdc4TNPoekLRbrWaBBU,,,,,
2025-12-24 21:00:05,1766610005563,cryptosignal-ai-ez86hcd7l-hadayalab-projects-projects.vercel.app/api/cron,GET,,200,tjv5c-1766610005292-5712d3056036,vercel-cron/1.0,info,production,main,MISS,serverless,/api/cron,cryptosignal-ai-ez86hcd7l-hadayalab-projects-projects.vercel.app,cryptosignal-ai-ez86hcd7l-hadayalab-projects-projects.vercel.app,dpl_6nxGdqoB3HkFdwy28NkKAQVhZaVk,,,,,🌐 Fetching: https://api.cryptoquant.com/v1/btc/flow-indicator/mpi?window=day&limit=1,prj_77JNaNVINhdc4TNPoekLRbrWaBBU,,,,,
2025-12-24 21:00:05,1766610005566,cryptosignal-ai-ez86hcd7l-hadayalab-projects-projects.vercel.app/api/cron,GET,,200,tjv5c-1766610005292-5712d3056036,vercel-cron/1.0,error,production,main,MISS,serverless,/api/cron,cryptosignal-ai-ez86hcd7l-hadayalab-projects-projects.vercel.app,cryptosignal-ai-ez86hcd7l-hadayalab-projects-projects.vercel.app,dpl_6nxGdqoB3HkFdwy28NkKAQVhZaVk,,,,,"(node:4) [DEP0169] DeprecationWarning: `url.parse()` behavior is not standardized and prone to errors that have security implications. Use the WHATWG URL API instead. CVEs are not issued for `url.parse()` vulnerabilities.
(Use `node --trace-deprecation ...` to show where the warning was created)",prj_77JNaNVINhdc4TNPoekLRbrWaBBU,,,,,
2025-12-24 21:00:05,1766610005792,cryptosignal-ai-ez86hcd7l-hadayalab-projects-projects.vercel.app/api/cron,GET,,200,tjv5c-1766610005292-5712d3056036,vercel-cron/1.0,info,production,main,MISS,serverless,/api/cron,cryptosignal-ai-ez86hcd7l-hadayalab-projects-projects.vercel.app,cryptosignal-ai-ez86hcd7l-hadayalab-projects-projects.vercel.app,dpl_6nxGdqoB3HkFdwy28NkKAQVhZaVk,,,,,"📊 Miner Position Index (BTC): -0.5211564700986901 raw: {""date"":""2025-12-23"",""mpi"":-0.5211564700986901}",prj_77JNaNVINhdc4TNPoekLRbrWaBBU,,,,,
2025-12-24 21:00:05,1766610005796,cryptosignal-ai-ez86hcd7l-hadayalab-projects-projects.vercel.app/api/cron,GET,,200,tjv5c-1766610005292-5712d3056036,vercel-cron/1.0,info,production,main,MISS,serverless,/api/cron,cryptosignal-ai-ez86hcd7l-hadayalab-projects-projects.vercel.app,cryptosignal-ai-ez86hcd7l-hadayalab-projects-projects.vercel.app,dpl_6nxGdqoB3HkFdwy28NkKAQVhZaVk,,,,,"📊 Exchange Netflow (BTC): -11379.222587299999 raw: {""date"":""2025-12-23"",""netflow_total"":-11379.222587299999}",prj_77JNaNVINhdc4TNPoekLRbrWaBBU,,,,,
2025-12-24 21:00:05,1766610005292,cryptosignal-ai-ez86hcd7l-hadayalab-projects-projects.vercel.app/api/cron,GET,,200,tjv5c-1766610005292-5712d3056036,vercel-cron/1.0,,production,main,MISS,serverless,/api/cron,cryptosignal-ai-ez86hcd7l-hadayalab-projects-projects.vercel.app,cryptosignal-ai-ez86hcd7l-hadayalab-projects-projects.vercel.app,dpl_6nxGdqoB3HkFdwy28NkKAQVhZaVk,524,iad1,275,2048,,prj_77JNaNVINhdc4TNPoekLRbrWaBBU,,,01KD92JVAFDBQYM758DJ6R08BX,Ot8YGnJgXXsA,1
2025-12-24 20:45:05,1766609105134,cryptosignal-ai-ez86hcd7l-hadayalab-projects-projects.vercel.app/api/cron,GET,,200,2vdbq-1766609105097-0875fd8cfb81,vercel-cron/1.0,info,production,main,MISS,serverless,/api/cron,cryptosignal-ai-ez86hcd7l-hadayalab-projects-projects.vercel.app,cryptosignal-ai-ez86hcd7l-hadayalab-projects-projects.vercel.app,dpl_6nxGdqoB3HkFdwy28NkKAQVhZaVk,,,,,🚀 Cron Job Started: Whale Monitor,prj_77JNaNVINhdc4TNPoekLRbrWaBBU,,,,,
2025-12-24 20:45:05,1766609105134,cryptosignal-ai-ez86hcd7l-hadayalab-projects-projects.vercel.app/api/cron,GET,,200,2vdbq-1766609105097-0875fd8cfb81,vercel-cron/1.0,info,production,main,MISS,serverless,/api/cron,cryptosignal-ai-ez86hcd7l-hadayalab-projects-projects.vercel.app,cryptosignal-ai-ez86hcd7l-hadayalab-projects-projects.vercel.app,dpl_6nxGdqoB3HkFdwy28NkKAQVhZaVk,,,,,"Slot check => utcHour=20, utcMinute=45, isRegularSlot=false, force=false",prj_77JNaNVINhdc4TNPoekLRbrWaBBU,,,,,
2025-12-24 20:45:05,1766609105134,cryptosignal-ai-ez86hcd7l-hadayalab-projects-projects.vercel.app/api/cron,GET,,200,2vdbq-1766609105097-0875fd8cfb81,vercel-cron/1.0,info,production,main,MISS,serverless,/api/cron,cryptosignal-ai-ez86hcd7l-hadayalab-projects-projects.vercel.app,cryptosignal-ai-ez86hcd7l-hadayalab-projects-projects.vercel.app,dpl_6nxGdqoB3HkFdwy28NkKAQVhZaVk,,,,,🌐 Fetching: https://api.cryptoquant.com/v1/btc/exchange-flows/netflow?exchange=all_exchange&window=day&limit=1,prj_77JNaNVINhdc4TNPoekLRbrWaBBU,,,,,
2025-12-24 20:45:05,1766609105134,cryptosignal-ai-ez86hcd7l-hadayalab-projects-projects.vercel.app/api/cron,GET,,200,2vdbq-1766609105097-0875fd8cfb81,vercel-cron/1.0,info,production,main,MISS,serverless,/api/cron,cryptosignal-ai-ez86hcd7l-hadayalab-projects-projects.vercel.app,cryptosignal-ai-ez86hcd7l-hadayalab-projects-projects.vercel.app,dpl_6nxGdqoB3HkFdwy28NkKAQVhZaVk,,,,,🌐 Fetching: https://api.cryptoquant.com/v1/btc/flow-indicator/mpi?window=day&limit=1,prj_77JNaNVINhdc4TNPoekLRbrWaBBU,,,,,
2025-12-24 20:45:05,1766609105336,cryptosignal-ai-ez86hcd7l-hadayalab-projects-projects.vercel.app/api/cron,GET,,200,2vdbq-1766609105097-0875fd8cfb81,vercel-cron/1.0,info,production,main,MISS,serverless,/api/cron,cryptosignal-ai-ez86hcd7l-hadayalab-projects-projects.vercel.app,cryptosignal-ai-ez86hcd7l-hadayalab-projects-projects.vercel.app,dpl_6nxGdqoB3HkFdwy28NkKAQVhZaVk,,,,,"📊 Exchange Netflow (BTC): -11379.222587299999 raw: {""date"":""2025-12-23"",""netflow_total"":-11379.222587299999}",prj_77JNaNVINhdc4TNPoekLRbrWaBBU,,,,,
2025-12-24 20:45:05,1766609105375,cryptosignal-ai-ez86hcd7l-hadayalab-projects-projects.vercel.app/api/cron,GET,,200,2vdbq-1766609105097-0875fd8cfb81,vercel-cron/1.0,info,production,main,MISS,serverless,/api/cron,cryptosignal-ai-ez86hcd7l-hadayalab-projects-projects.vercel.app,cryptosignal-ai-ez86hcd7l-hadayalab-projects-projects.vercel.app,dpl_6nxGdqoB3HkFdwy28NkKAQVhZaVk,,,,,"📊 Miner Position Index (BTC): -0.5211564700986901 raw: {""date"":""2025-12-23"",""mpi"":-0.5211564700986901}",prj_77JNaNVINhdc4TNPoekLRbrWaBBU,,,,,
2025-12-24 20:45:05,1766609105097,cryptosignal-ai-ez86hcd7l-hadayalab-projects-projects.vercel.app/api/cron,GET,,200,2vdbq-1766609105097-0875fd8cfb81,vercel-cron/1.0,,production,main,MISS,serverless,/api/cron,cryptosignal-ai-ez86hcd7l-hadayalab-projects-projects.vercel.app,cryptosignal-ai-ez86hcd7l-hadayalab-projects-projects.vercel.app,dpl_6nxGdqoB3HkFdwy28NkKAQVhZaVk,307,iad1,270,2048,,prj_77JNaNVINhdc4TNPoekLRbrWaBBU,,,01KD91QC6VNABDMC7JTZDJF48Z,jVWaSchlU5Us,1
2025-12-24 20:30:05,1766608205331,cryptosignal-ai-ez86hcd7l-hadayalab-projects-projects.vercel.app/api/cron,GET,,200,fd2jr-1766608205244-cb27df80cf85,vercel-cron/1.0,info,production,main,MISS,serverless,/api/cron,cryptosignal-ai-ez86hcd7l-hadayalab-projects-projects.vercel.app,cryptosignal-ai-ez86hcd7l-hadayalab-projects-projects.vercel.app,dpl_6nxGdqoB3HkFdwy28NkKAQVhZaVk,,,,,🚀 Cron Job Started: Whale Monitor,prj_77JNaNVINhdc4TNPoekLRbrWaBBU,,,,,
2025-12-24 20:30:05,1766608205331,cryptosignal-ai-ez86hcd7l-hadayalab-projects-projects.vercel.app/api/cron,GET,,200,fd2jr-1766608205244-cb27df80cf85,vercel-cron/1.0,info,production,main,MISS,serverless,/api/cron,cryptosignal-ai-ez86hcd7l-hadayalab-projects-projects.vercel.app,cryptosignal-ai-ez86hcd7l-hadayalab-projects-projects.vercel.app,dpl_6nxGdqoB3HkFdwy28NkKAQVhZaVk,,,,,"Slot check => utcHour=20, utcMinute=30, isRegularSlot=false, force=false",prj_77JNaNVINhdc4TNPoekLRbrWaBBU,,,,,
2025-12-24 20:30:05,1766608205331,cryptosignal-ai-ez86hcd7l-hadayalab-projects-projects.vercel.app/api/cron,GET,,200,fd2jr-1766608205244-cb27df80cf85,vercel-cron/1.0,info,production,main,MISS,serverless,/api/cron,cryptosignal-ai-ez86hcd7l-hadayalab-projects-projects.vercel.app,cryptosignal-ai-ez86hcd7l-hadayalab-projects-projects.vercel.app,dpl_6nxGdqoB3HkFdwy28NkKAQVhZaVk,,,,,🌐 Fetching: https://api.cryptoquant.com/v1/btc/exchange-flows/netflow?exchange=all_exchange&window=day&limit=1,prj_77JNaNVINhdc4TNPoekLRbrWaBBU,,,,,
2025-12-24 20:30:05,1766608205331,cryptosignal-ai-ez86hcd7l-hadayalab-projects-projects.vercel.app/api/cron,GET,,200,fd2jr-1766608205244-cb27df80cf85,vercel-cron/1.0,info,production,main,MISS,serverless,/api/cron,cryptosignal-ai-ez86hcd7l-hadayalab-projects-projects.vercel.app,cryptosignal-ai-ez86hcd7l-hadayalab-projects-projects.vercel.app,dpl_6nxGdqoB3HkFdwy28NkKAQVhZaVk,,,,,🌐 Fetching: https://api.cryptoquant.com/v1/btc/flow-indicator/mpi?window=day&limit=1,prj_77JNaNVINhdc4TNPoekLRbrWaBBU,,,,,
2025-12-24 20:30:05,1766608205558,cryptosignal-ai-ez86hcd7l-hadayalab-projects-projects.vercel.app/api/cron,GET,,200,fd2jr-1766608205244-cb27df80cf85,vercel-cron/1.0,info,production,main,MISS,serverless,/api/cron,cryptosignal-ai-ez86hcd7l-hadayalab-projects-projects.vercel.app,cryptosignal-ai-ez86hcd7l-hadayalab-projects-projects.vercel.app,dpl_6nxGdqoB3HkFdwy28NkKAQVhZaVk,,,,,"📊 Exchange Netflow (BTC): -11379.222587299999 raw: {""date"":""2025-12-23"",""netflow_total"":-11379.222587299999}",prj_77JNaNVINhdc4TNPoekLRbrWaBBU,,,,,
2025-12-24 20:30:05,1766608205607,cryptosignal-ai-ez86hcd7l-hadayalab-projects-projects.vercel.app/api/cron,GET,,200,fd2jr-1766608205244-cb27df80cf85,vercel-cron/1.0,info,production,main,MISS,serverless,/api/cron,cryptosignal-ai-ez86hcd7l-hadayalab-projects-projects.vercel.app,cryptosignal-ai-ez86hcd7l-hadayalab-projects-projects.vercel.app,dpl_6nxGdqoB3HkFdwy28NkKAQVhZaVk,,,,,"📊 Miner Position Index (BTC): -0.5211564700986901 raw: {""date"":""2025-12-23"",""mpi"":-0.5211564700986901}",prj_77JNaNVINhdc4TNPoekLRbrWaBBU,,,,,
2025-12-24 20:30:05,1766608205244,cryptosignal-ai-ez86hcd7l-hadayalab-projects-projects.vercel.app/api/cron,GET,,200,fd2jr-1766608205244-cb27df80cf85,vercel-cron/1.0,,production,main,MISS,serverless,/api/cron,cryptosignal-ai-ez86hcd7l-hadayalab-projects-projects.vercel.app,cryptosignal-ai-ez86hcd7l-hadayalab-projects-projects.vercel.app,dpl_6nxGdqoB3HkFdwy28NkKAQVhZaVk,363,iad1,270,2048,,prj_77JNaNVINhdc4TNPoekLRbrWaBBU,,,01KD90VXF45PS58KPCB7TATFBV,jVWaSchlU5Us,1
2025-12-24 20:15:05,1766607305290,cryptosignal-ai-ez86hcd7l-hadayalab-projects-projects.vercel.app/api/cron,GET,,200,67hzx-1766607305248-68f95d795ca6,vercel-cron/1.0,info,production,main,MISS,serverless,/api/cron,cryptosignal-ai-ez86hcd7l-hadayalab-projects-projects.vercel.app,cryptosignal-ai-ez86hcd7l-hadayalab-projects-projects.vercel.app,dpl_6nxGdqoB3HkFdwy28NkKAQVhZaVk,,,,,🚀 Cron Job Started: Whale Monitor,prj_77JNaNVINhdc4TNPoekLRbrWaBBU,,,,,
2025-12-24 20:15:05,1766607305290,cryptosignal-ai-ez86hcd7l-hadayalab-projects-projects.vercel.app/api/cron,GET,,200,67hzx-1766607305248-68f95d795ca6,vercel-cron/1.0,info,production,main,MISS,serverless,/api/cron,cryptosignal-ai-ez86hcd7l-hadayalab-projects-projects.vercel.app,cryptosignal-ai-ez86hcd7l-hadayalab-projects-projects.vercel.app,dpl_6nxGdqoB3HkFdwy28NkKAQVhZaVk,,,,,"Slot check => utcHour=20, utcMinute=15, isRegularSlot=false, force=false",prj_77JNaNVINhdc4TNPoekLRbrWaBBU,,,,,
2025-12-24 20:15:05,1766607305290,cryptosignal-ai-ez86hcd7l-hadayalab-projects-projects.vercel.app/api/cron,GET,,200,67hzx-1766607305248-68f95d795ca6,vercel-cron/1.0,info,production,main,MISS,serverless,/api/cron,cryptosignal-ai-ez86hcd7l-hadayalab-projects-projects.vercel.app,cryptosignal-ai-ez86hcd7l-hadayalab-projects-projects.vercel.app,dpl_6nxGdqoB3HkFdwy28NkKAQVhZaVk,,,,,🌐 Fetching: https://api.cryptoquant.com/v1/btc/exchange-flows/netflow?exchange=all_exchange&window=day&limit=1,prj_77JNaNVINhdc4TNPoekLRbrWaBBU,,,,,
2025-12-24 20:15:05,1766607305290,cryptosignal-ai-ez86hcd7l-hadayalab-projects-projects.vercel.app/api/cron,GET,,200,67hzx-1766607305248-68f95d795ca6,vercel-cron/1.0,info,production,main,MISS,serverless,/api/cron,cryptosignal-ai-ez86hcd7l-hadayalab-projects-projects.vercel.app,cryptosignal-ai-ez86hcd7l-hadayalab-projects-projects.vercel.app,dpl_6nxGdqoB3HkFdwy28NkKAQVhZaVk,,,,,🌐 Fetching: https://api.cryptoquant.com/v1/btc/flow-indicator/mpi?window=day&limit=1,prj_77JNaNVINhdc4TNPoekLRbrWaBBU,,,,,
2025-12-24 20:15:05,1766607305543,cryptosignal-ai-ez86hcd7l-hadayalab-projects-projects.vercel.app/api/cron,GET,,200,67hzx-1766607305248-68f95d795ca6,vercel-cron/1.0,info,production,main,MISS,serverless,/api/cron,cryptosignal-ai-ez86hcd7l-hadayalab-projects-projects.vercel.app,cryptosignal-ai-ez86hcd7l-hadayalab-projects-projects.vercel.app,dpl_6nxGdqoB3HkFdwy28NkKAQVhZaVk,,,,,"📊 Exchange Netflow (BTC): -11379.222587299999 raw: {""date"":""2025-12-23"",""netflow_total"":-11379.222587299999}",prj_77JNaNVINhdc4TNPoekLRbrWaBBU,,,,,
2025-12-24 20:15:05,1766607305573,cryptosignal-ai-ez86hcd7l-hadayalab-projects-projects.vercel.app/api/cron,GET,,200,67hzx-1766607305248-68f95d795ca6,vercel-cron/1.0,info,production,main,MISS,serverless,/api/cron,cryptosignal-ai-ez86hcd7l-hadayalab-projects-projects.vercel.app,cryptosignal-ai-ez86hcd7l-hadayalab-projects-projects.vercel.app,dpl_6nxGdqoB3HkFdwy28NkKAQVhZaVk,,,,,"📊 Miner Position Index (BTC): -0.5211564700986901 raw: {""date"":""2025-12-23"",""mpi"":-0.5211564700986901}",prj_77JNaNVINhdc4TNPoekLRbrWaBBU,,,,,
2025-12-24 20:15:05,1766607305248,cryptosignal-ai-ez86hcd7l-hadayalab-projects-projects.vercel.app/api/cron,GET,,200,67hzx-1766607305248-68f95d795ca6,vercel-cron/1.0,,production,main,MISS,serverless,/api/cron,cryptosignal-ai-ez86hcd7l-hadayalab-projects-projects.vercel.app,cryptosignal-ai-ez86hcd7l-hadayalab-projects-projects.vercel.app,dpl_6nxGdqoB3HkFdwy28NkKAQVhZaVk,346,iad1,269,2048,,prj_77JNaNVINhdc4TNPoekLRbrWaBBU,,,01KD900EHFWRHSKDEP81Z2KS78,jVWaSchlU5Us,1
2025-12-24 20:00:05,1766606405133,cryptosignal-ai-ez86hcd7l-hadayalab-projects-projects.vercel.app/api/cron,GET,,200,nmfgv-1766606405098-a6b333530b04,vercel-cron/1.0,info,production,main,MISS,serverless,/api/cron,cryptosignal-ai-ez86hcd7l-hadayalab-projects-projects.vercel.app,cryptosignal-ai-ez86hcd7l-hadayalab-projects-projects.vercel.app,dpl_6nxGdqoB3HkFdwy28NkKAQVhZaVk,,,,,🚀 Cron Job Started: Whale Monitor,prj_77JNaNVINhdc4TNPoekLRbrWaBBU,,,,,
2025-12-24 20:00:05,1766606405133,cryptosignal-ai-ez86hcd7l-hadayalab-projects-projects.vercel.app/api/cron,GET,,200,nmfgv-1766606405098-a6b333530b04,vercel-cron/1.0,info,production,main,MISS,serverless,/api/cron,cryptosignal-ai-ez86hcd7l-hadayalab-projects-projects.vercel.app,cryptosignal-ai-ez86hcd7l-hadayalab-projects-projects.vercel.app,dpl_6nxGdqoB3HkFdwy28NkKAQVhZaVk,,,,,"Slot check => utcHour=20, utcMinute=0, isRegularSlot=true, force=false",prj_77JNaNVINhdc4TNPoekLRbrWaBBU,,,,,
2025-12-24 20:00:05,1766606405133,cryptosignal-ai-ez86hcd7l-hadayalab-projects-projects.vercel.app/api/cron,GET,,200,nmfgv-1766606405098-a6b333530b04,vercel-cron/1.0,info,production,main,MISS,serverless,/api/cron,cryptosignal-ai-ez86hcd7l-hadayalab-projects-projects.vercel.app,cryptosignal-ai-ez86hcd7l-hadayalab-projects-projects.vercel.app,dpl_6nxGdqoB3HkFdwy28NkKAQVhZaVk,,,,,🌐 Fetching: https://api.cryptoquant.com/v1/btc/exchange-flows/netflow?exchange=all_exchange&window=day&limit=1,prj_77JNaNVINhdc4TNPoekLRbrWaBBU,,,,,
2025-12-24 20:00:05,1766606405133,cryptosignal-ai-ez86hcd7l-hadayalab-projects-projects.vercel.app/api/cron,GET,,200,nmfgv-1766606405098-a6b333530b04,vercel-cron/1.0,info,production,main,MISS,serverless,/api/cron,cryptosignal-ai-ez86hcd7l-hadayalab-projects-projects.vercel.app,cryptosignal-ai-ez86hcd7l-hadayalab-projects-projects.vercel.app,dpl_6nxGdqoB3HkFdwy28NkKAQVhZaVk,,,,,🌐 Fetching: https://api.cryptoquant.com/v1/btc/flow-indicator/mpi?window=day&limit=1,prj_77JNaNVINhdc4TNPoekLRbrWaBBU,,,,,
2025-12-24 20:00:05,1766606405404,cryptosignal-ai-ez86hcd7l-hadayalab-projects-projects.vercel.app/api/cron,GET,,200,nmfgv-1766606405098-a6b333530b04,vercel-cron/1.0,info,production,main,MISS,serverless,/api/cron,cryptosignal-ai-ez86hcd7l-hadayalab-projects-projects.vercel.app,cryptosignal-ai-ez86hcd7l-hadayalab-projects-projects.vercel.app,dpl_6nxGdqoB3HkFdwy28NkKAQVhZaVk,,,,,"📊 Exchange Netflow (BTC): -11379.222587299999 raw: {""date"":""2025-12-23"",""netflow_total"":-11379.222587299999}",prj_77JNaNVINhdc4TNPoekLRbrWaBBU,,,,,
2025-12-24 20:00:05,1766606405420,cryptosignal-ai-ez86hcd7l-hadayalab-projects-projects.vercel.app/api/cron,GET,,200,nmfgv-1766606405098-a6b333530b04,vercel-cron/1.0,info,production,main,MISS,serverless,/api/cron,cryptosignal-ai-ez86hcd7l-hadayalab-projects-projects.vercel.app,cryptosignal-ai-ez86hcd7l-hadayalab-projects-projects.vercel.app,dpl_6nxGdqoB3HkFdwy28NkKAQVhZaVk,,,,,"📊 Miner Position Index (BTC): -0.5211564700986901 raw: {""date"":""2025-12-23"",""mpi"":-0.5211564700986901}",prj_77JNaNVINhdc4TNPoekLRbrWaBBU,,,,,
2025-12-24 20:00:56,1766606456967,cryptosignal-ai-ez86hcd7l-hadayalab-projects-projects.vercel.app/api/cron,GET,,200,nmfgv-1766606405098-a6b333530b04,vercel-cron/1.0,info,production,main,MISS,serverless,/api/cron,cryptosignal-ai-ez86hcd7l-hadayalab-projects-projects.vercel.app,cryptosignal-ai-ez86hcd7l-hadayalab-projects-projects.vercel.app,dpl_6nxGdqoB3HkFdwy28NkKAQVhZaVk,,,,,Sending REGULAR message...,prj_77JNaNVINhdc4TNPoekLRbrWaBBU,,,,,
2025-12-24 20:00:56,1766606456967,cryptosignal-ai-ez86hcd7l-hadayalab-projects-projects.vercel.app/api/cron,GET,,200,nmfgv-1766606405098-a6b333530b04,vercel-cron/1.0,info,production,main,MISS,serverless,/api/cron,cryptosignal-ai-ez86hcd7l-hadayalab-projects-projects.vercel.app,cryptosignal-ai-ez86hcd7l-hadayalab-projects-projects.vercel.app,dpl_6nxGdqoB3HkFdwy28NkKAQVhZaVk,,,,,🌐 Fetching: https://api.cryptoquant.com/v1/btc/exchange-flows/netflow?exchange=all_exchange&window=day&limit=1,prj_77JNaNVINhdc4TNPoekLRbrWaBBU,,,,,
2025-12-24 20:00:56,1766606456969,cryptosignal-ai-ez86hcd7l-hadayalab-projects-projects.vercel.app/api/cron,GET,,200,nmfgv-1766606405098-a6b333530b04,vercel-cron/1.0,info,production,main,MISS,serverless,/api/cron,cryptosignal-ai-ez86hcd7l-hadayalab-projects-projects.vercel.app,cryptosignal-ai-ez86hcd7l-hadayalab-projects-projects.vercel.app,dpl_6nxGdqoB3HkFdwy28NkKAQVhZaVk,,,,,🌐 Fetching: https://api.cryptoquant.com/v1/btc/flow-indicator/mpi?window=day&limit=1,prj_77JNaNVINhdc4TNPoekLRbrWaBBU,,,,,
2025-12-24 20:00:57,1766606457151,cryptosignal-ai-ez86hcd7l-hadayalab-projects-projects.vercel.app/api/cron,GET,,200,nmfgv-1766606405098-a6b333530b04,vercel-cron/1.0,info,production,main,MISS,serverless,/api/cron,cryptosignal-ai-ez86hcd7l-hadayalab-projects-projects.vercel.app,cryptosignal-ai-ez86hcd7l-hadayalab-projects-projects.vercel.app,dpl_6nxGdqoB3HkFdwy28NkKAQVhZaVk,,,,,"📊 Exchange Netflow (BTC): -11379.222587299999 raw: {""date"":""2025-12-23"",""netflow_total"":-11379.222587299999}",prj_77JNaNVINhdc4TNPoekLRbrWaBBU,,,,,
2025-12-24 20:00:57,1766606457196,cryptosignal-ai-ez86hcd7l-hadayalab-projects-projects.vercel.app/api/cron,GET,,200,nmfgv-1766606405098-a6b333530b04,vercel-cron/1.0,info,production,main,MISS,serverless,/api/cron,cryptosignal-ai-ez86hcd7l-hadayalab-projects-projects.vercel.app,cryptosignal-ai-ez86hcd7l-hadayalab-projects-projects.vercel.app,dpl_6nxGdqoB3HkFdwy28NkKAQVhZaVk,,,,,"📊 Miner Position Index (BTC): -0.5211564700986901 raw: {""date"":""2025-12-23"",""mpi"":-0.5211564700986901}",prj_77JNaNVINhdc4TNPoekLRbrWaBBU,,,,,
2025-12-24 20:00:57,1766606457687,cryptosignal-ai-ez86hcd7l-hadayalab-projects-projects.vercel.app/api/cron,GET,,200,nmfgv-1766606405098-a6b333530b04,vercel-cron/1.0,info,production,main,MISS,serverless,/api/cron,cryptosignal-ai-ez86hcd7l-hadayalab-projects-projects.vercel.app,cryptosignal-ai-ez86hcd7l-hadayalab-projects-projects.vercel.app,dpl_6nxGdqoB3HkFdwy28NkKAQVhZaVk,,,,,"📨 Telegram sent: {
  ""ok"": true,
  ""result"": {
    ""message_id"": 87,
    ""from"": {
      ""id"": 8314465371,
      ""is_bot"": true,
      ""first_name"": ""CryptoSignal AI AR"",
      ""username"": ""CryptoSignal_AI_AR_bot""
    },
    ""chat"": {
      ""id"": -1003306034633,
      ""title"": ""CryptoSignal AI – Starter Signals (AR)"",
      ""type"": ""supergroup""
    },
    ""date"": 1766606457,
    ""text"": ""📚 تسريب السوق من Dr. Grok\nتقرير الجلسة @ 2025-12-24 20:00:05 UTC\n\n💰 سعر BTC: $87,497 (-0.25% / 24h)\n📊 صافي تدفق البورصات: Outflow 11379 BTC\n⛏ مؤشر مراكز المعدّنين (MPI): -0.52\n🧠 حالة الشعور في السوق: Extreme Fear\n\n📈 درجة السوق: 19/100\n✅ كاشف الفخاخ: لا توجد فخاخ حرجة مكتشفة.\n\n🎯 حكم التداول\n🛡️ الإشارة: BUG STANDBY (Defense Active)\n• سعر الدخول (مرجع سبوت): $87,497\n• الوضع: Bug Standby — لا توجد أفضلية واضحة الآن. انتظر واحمِ رأس مالك.\n• Take Profit: n/a\n• Stop Loss: n/a\n\n🧬 رؤية Dr. Grok\nما يلي فكرة استراتيجية، وليست إشارة دخول رسمية من True Bug. استخدمها فقط إذا كانت متوافقة مع خطتك وإدارة المخاطر الخاصة بك.\n### تحليل سريع لـ BTC كـ Dr. Grok:\n\nالوضع الحالي: السعر عند 87,497 دولار، انخفاض طفيف بنسبة -0.24% في 24 ساعة. تدفق خارجي قوي (-11,379 دولار)، MPI سلبي (-0.52) يشير إلى ضغط بيع. الشعور العام: \""خوف شديد\"" – فرصة شراء محتملة لكن مخاطر عالية. \n\nتحيز الحيتان: 0 (محايد تمامًا، لا يتحركون كثيرًا).  \nفومو التجزئة: 50 (متوسط، الناس يشعرون بالفومو لكن ليس جنونيًا).  \nتأثير الأخبار: 0 (لا شيء يدفع السوق).  \n\nالإشارة: NONE – لا إشارة واضحة، السوق هادئ نسبيًا. لا فخ مرصود (no trap). النتيجة: 19/100، ضعيفة.\n\nنصيحتي التكتيكية (أولوية المخاطر أولاً):  \n- المخاطر: خوف شديد يعني تقلبات عالية – قد ينخفض أكثر إذا استمر التدفق الخارجي. لا تدخل بدون وقف خسارة صارم (SL تحت 85k إذا كنت طويلًا). الحيتان محايدة، فلا تعتمد على دعمهم.  \n- التكتيك: انتظر. إذا رأيت تدفق داخلي إيجابي أو ارتفاع في فومو التجزئة فوق 70، فكر في شراء قصير الأمد مع هدف ربح (TP) عند 90k. إلا إذا كنت محترف، ابق خارجًا – السوق يبدو كأنه يختبر الدعم.  \n- نصيحة عامة: ركز على الرسوم البيانية اليومية، تجاهل الضجيج. إدارة المخاطر أولاً، لا تطارد الخسائر. #BTC #CryptoTrading\n\nلأغراض تعليمية فقط. لا يُعدّ هذا نصيحة مالية أو استثمارية."",
    ""entities"": [
      {
        ""offset"": 204,
        ""length"": 12,
        ""type"": ""bold""
      },
      {
        ""offset"": 1632,
        ""length"": 4,
        ""type"": ""hashtag""
      },
      {
        ""offset"": 1637,
        ""length"": 14,
        ""type"": ""hashtag""
      }
    ]
  }
}",prj_77JNaNVINhdc4TNPoekLRbrWaBBU,,,,,
2025-12-24 20:00:05,1766606405098,cryptosignal-ai-ez86hcd7l-hadayalab-projects-projects.vercel.app/api/cron,GET,,200,nmfgv-1766606405098-a6b333530b04,vercel-cron/1.0,,production,main,MISS,serverless,/api/cron,cryptosignal-ai-ez86hcd7l-hadayalab-projects-projects.vercel.app,cryptosignal-ai-ez86hcd7l-hadayalab-projects-projects.vercel.app,dpl_6nxGdqoB3HkFdwy28NkKAQVhZaVk,52566,iad1,270,2048,,prj_77JNaNVINhdc4TNPoekLRbrWaBBU,,,01KD8Z4ZFRWXAZK95ZM28WBXJ9,jVWaSchlU5Us,1
2025-12-24 19:45:05,1766605505267,cryptosignal-ai-ez86hcd7l-hadayalab-projects-projects.vercel.app/api/cron,GET,,200,pzs6v-1766605505190-a4cdbcc85057,vercel-cron/1.0,info,production,main,MISS,serverless,/api/cron,cryptosignal-ai-ez86hcd7l-hadayalab-projects-projects.vercel.app,cryptosignal-ai-ez86hcd7l-hadayalab-projects-projects.vercel.app,dpl_6nxGdqoB3HkFdwy28NkKAQVhZaVk,,,,,🚀 Cron Job Started: Whale Monitor,prj_77JNaNVINhdc4TNPoekLRbrWaBBU,,,,,
2025-12-24 19:45:05,1766605505267,cryptosignal-ai-ez86hcd7l-hadayalab-projects-projects.vercel.app/api/cron,GET,,200,pzs6v-1766605505190-a4cdbcc85057,vercel-cron/1.0,info,production,main,MISS,serverless,/api/cron,cryptosignal-ai-ez86hcd7l-hadayalab-projects-projects.vercel.app,cryptosignal-ai-ez86hcd7l-hadayalab-projects-projects.vercel.app,dpl_6nxGdqoB3HkFdwy28NkKAQVhZaVk,,,,,"Slot check => utcHour=19, utcMinute=45, isRegularSlot=false, force=false",prj_77JNaNVINhdc4TNPoekLRbrWaBBU,,,,,
2025-12-24 19:45:05,1766605505267,cryptosignal-ai-ez86hcd7l-hadayalab-projects-projects.vercel.app/api/cron,GET,,200,pzs6v-1766605505190-a4cdbcc85057,vercel-cron/1.0,info,production,main,MISS,serverless,/api/cron,cryptosignal-ai-ez86hcd7l-hadayalab-projects-projects.vercel.app,cryptosignal-ai-ez86hcd7l-hadayalab-projects-projects.vercel.app,dpl_6nxGdqoB3HkFdwy28NkKAQVhZaVk,,,,,🌐 Fetching: https://api.cryptoquant.com/v1/btc/exchange-flows/netflow?exchange=all_exchange&window=day&limit=1,prj_77JNaNVINhdc4TNPoekLRbrWaBBU,,,,,
2025-12-24 19:45:05,1766605505267,cryptosignal-ai-ez86hcd7l-hadayalab-projects-projects.vercel.app/api/cron,GET,,200,pzs6v-1766605505190-a4cdbcc85057,vercel-cron/1.0,info,production,main,MISS,serverless,/api/cron,cryptosignal-ai-ez86hcd7l-hadayalab-projects-projects.vercel.app,cryptosignal-ai-ez86hcd7l-hadayalab-projects-projects.vercel.app,dpl_6nxGdqoB3HkFdwy28NkKAQVhZaVk,,,,,🌐 Fetching: https://api.cryptoquant.com/v1/btc/flow-indicator/mpi?window=day&limit=1,prj_77JNaNVINhdc4TNPoekLRbrWaBBU,,,,,
2025-12-24 19:45:05,1766605505472,cryptosignal-ai-ez86hcd7l-hadayalab-projects-projects.vercel.app/api/cron,GET,,200,pzs6v-1766605505190-a4cdbcc85057,vercel-cron/1.0,info,production,main,MISS,serverless,/api/cron,cryptosignal-ai-ez86hcd7l-hadayalab-projects-projects.vercel.app,cryptosignal-ai-ez86hcd7l-hadayalab-projects-projects.vercel.app,dpl_6nxGdqoB3HkFdwy28NkKAQVhZaVk,,,,,"📊 Exchange Netflow (BTC): -11379.222587299999 raw: {""date"":""2025-12-23"",""netflow_total"":-11379.222587299999}",prj_77JNaNVINhdc4TNPoekLRbrWaBBU,,,,,
2025-12-24 19:45:05,1766605505660,cryptosignal-ai-ez86hcd7l-hadayalab-projects-projects.vercel.app/api/cron,GET,,200,pzs6v-1766605505190-a4cdbcc85057,vercel-cron/1.0,info,production,main,MISS,serverless,/api/cron,cryptosignal-ai-ez86hcd7l-hadayalab-projects-projects.vercel.app,cryptosignal-ai-ez86hcd7l-hadayalab-projects-projects.vercel.app,dpl_6nxGdqoB3HkFdwy28NkKAQVhZaVk,,,,,"📊 Miner Position Index (BTC): -0.5211564700986901 raw: {""date"":""2025-12-23"",""mpi"":-0.5211564700986901}",prj_77JNaNVINhdc4TNPoekLRbrWaBBU,,,,,
2025-12-24 19:45:05,1766605505190,cryptosignal-ai-ez86hcd7l-hadayalab-projects-projects.vercel.app/api/cron,GET,,200,pzs6v-1766605505190-a4cdbcc85057,vercel-cron/1.0,,production,main,MISS,serverless,/api/cron,cryptosignal-ai-ez86hcd7l-hadayalab-projects-projects.vercel.app,cryptosignal-ai-ez86hcd7l-hadayalab-projects-projects.vercel.app,dpl_6nxGdqoB3HkFdwy28NkKAQVhZaVk,463,iad1,269,2048,,prj_77JNaNVINhdc4TNPoekLRbrWaBBU,,,01KD8Y9GPMGY70AC0W0PJ9HTJC,jVWaSchlU5Us,1
2025-12-24 19:30:05,1766604605309,cryptosignal-ai-ez86hcd7l-hadayalab-projects-projects.vercel.app/api/cron,GET,,200,q4xf8-1766604605263-5648d0296a3a,vercel-cron/1.0,info,production,main,MISS,serverless,/api/cron,cryptosignal-ai-ez86hcd7l-hadayalab-projects-projects.vercel.app,cryptosignal-ai-ez86hcd7l-hadayalab-projects-projects.vercel.app,dpl_6nxGdqoB3HkFdwy28NkKAQVhZaVk,,,,,🚀 Cron Job Started: Whale Monitor,prj_77JNaNVINhdc4TNPoekLRbrWaBBU,,,,,
2025-12-24 19:30:05,1766604605309,cryptosignal-ai-ez86hcd7l-hadayalab-projects-projects.vercel.app/api/cron,GET,,200,q4xf8-1766604605263-5648d0296a3a,vercel-cron/1.0,info,production,main,MISS,serverless,/api/cron,cryptosignal-ai-ez86hcd7l-hadayalab-projects-projects.vercel.app,cryptosignal-ai-ez86hcd7l-hadayalab-projects-projects.vercel.app,dpl_6nxGdqoB3HkFdwy28NkKAQVhZaVk,,,,,"Slot check => utcHour=19, utcMinute=30, isRegularSlot=false, force=false",prj_77JNaNVINhdc4TNPoekLRbrWaBBU,,,,,
2025-12-24 19:30:05,1766604605309,cryptosignal-ai-ez86hcd7l-hadayalab-projects-projects.vercel.app/api/cron,GET,,200,q4xf8-1766604605263-5648d0296a3a,vercel-cron/1.0,info,production,main,MISS,serverless,/api/cron,cryptosignal-ai-ez86hcd7l-hadayalab-projects-projects.vercel.app,cryptosignal-ai-ez86hcd7l-hadayalab-projects-projects.vercel.app,dpl_6nxGdqoB3HkFdwy28NkKAQVhZaVk,,,,,🌐 Fetching: https://api.cryptoquant.com/v1/btc/exchange-flows/netflow?exchange=all_exchange&window=day&limit=1,prj_77JNaNVINhdc4TNPoekLRbrWaBBU,,,,,
2025-12-24 19:30:05,1766604605309,cryptosignal-ai-ez86hcd7l-hadayalab-projects-projects.vercel.app/api/cron,GET,,200,q4xf8-1766604605263-5648d0296a3a,vercel-cron/1.0,info,production,main,MISS,serverless,/api/cron,cryptosignal-ai-ez86hcd7l-hadayalab-projects-projects.vercel.app,cryptosignal-ai-ez86hcd7l-hadayalab-projects-projects.vercel.app,dpl_6nxGdqoB3HkFdwy28NkKAQVhZaVk,,,,,🌐 Fetching: https://api.cryptoquant.com/v1/btc/flow-indicator/mpi?window=day&limit=1,prj_77JNaNVINhdc4TNPoekLRbrWaBBU,,,,,
2025-12-24 19:30:05,1766604605517,cryptosignal-ai-ez86hcd7l-hadayalab-projects-projects.vercel.app/api/cron,GET,,200,q4xf8-1766604605263-5648d0296a3a,vercel-cron/1.0,info,production,main,MISS,serverless,/api/cron,cryptosignal-ai-ez86hcd7l-hadayalab-projects-projects.vercel.app,cryptosignal-ai-ez86hcd7l-hadayalab-projects-projects.vercel.app,dpl_6nxGdqoB3HkFdwy28NkKAQVhZaVk,,,,,"📊 Exchange Netflow (BTC): -11379.222587299999 raw: {""date"":""2025-12-23"",""netflow_total"":-11379.222587299999}",prj_77JNaNVINhdc4TNPoekLRbrWaBBU,,,,,
2025-12-24 19:30:05,1766604605554,cryptosignal-ai-ez86hcd7l-hadayalab-projects-projects.vercel.app/api/cron,GET,,200,q4xf8-1766604605263-5648d0296a3a,vercel-cron/1.0,info,production,main,MISS,serverless,/api/cron,cryptosignal-ai-ez86hcd7l-hadayalab-projects-projects.vercel.app,cryptosignal-ai-ez86hcd7l-hadayalab-projects-projects.vercel.app,dpl_6nxGdqoB3HkFdwy28NkKAQVhZaVk,,,,,"📊 Miner Position Index (BTC): -0.5211564700986901 raw: {""date"":""2025-12-23"",""mpi"":-0.5211564700986901}",prj_77JNaNVINhdc4TNPoekLRbrWaBBU,,,,,
2025-12-24 19:30:05,1766604605263,cryptosignal-ai-ez86hcd7l-hadayalab-projects-projects.vercel.app/api/cron,GET,,200,q4xf8-1766604605263-5648d0296a3a,vercel-cron/1.0,,production,main,MISS,serverless,/api/cron,cryptosignal-ai-ez86hcd7l-hadayalab-projects-projects.vercel.app,cryptosignal-ai-ez86hcd7l-hadayalab-projects-projects.vercel.app,dpl_6nxGdqoB3HkFdwy28NkKAQVhZaVk,322,iad1,268,2048,,prj_77JNaNVINhdc4TNPoekLRbrWaBBU,,,01KD8XE1TXY6JVWDEWA91RRB1V,jVWaSchlU5Us,1
2025-12-24 19:15:05,1766603705257,cryptosignal-ai-ez86hcd7l-hadayalab-projects-projects.vercel.app/api/cron,GET,,200,jl77n-1766603705207-ae4e2d68f4b9,vercel-cron/1.0,info,production,main,MISS,serverless,/api/cron,cryptosignal-ai-ez86hcd7l-hadayalab-projects-projects.vercel.app,cryptosignal-ai-ez86hcd7l-hadayalab-projects-projects.vercel.app,dpl_6nxGdqoB3HkFdwy28NkKAQVhZaVk,,,,,🚀 Cron Job Started: Whale Monitor,prj_77JNaNVINhdc4TNPoekLRbrWaBBU,,,,,
2025-12-24 19:15:05,1766603705257,cryptosignal-ai-ez86hcd7l-hadayalab-projects-projects.vercel.app/api/cron,GET,,200,jl77n-1766603705207-ae4e2d68f4b9,vercel-cron/1.0,info,production,main,MISS,serverless,/api/cron,cryptosignal-ai-ez86hcd7l-hadayalab-projects-projects.vercel.app,cryptosignal-ai-ez86hcd7l-hadayalab-projects-projects.vercel.app,dpl_6nxGdqoB3HkFdwy28NkKAQVhZaVk,,,,,"Slot check => utcHour=19, utcMinute=15, isRegularSlot=false, force=false",prj_77JNaNVINhdc4TNPoekLRbrWaBBU,,,,,
2025-12-24 19:15:05,1766603705257,cryptosignal-ai-ez86hcd7l-hadayalab-projects-projects.vercel.app/api/cron,GET,,200,jl77n-1766603705207-ae4e2d68f4b9,vercel-cron/1.0,info,production,main,MISS,serverless,/api/cron,cryptosignal-ai-ez86hcd7l-hadayalab-projects-projects.vercel.app,cryptosignal-ai-ez86hcd7l-hadayalab-projects-projects.vercel.app,dpl_6nxGdqoB3HkFdwy28NkKAQVhZaVk,,,,,🌐 Fetching: https://api.cryptoquant.com/v1/btc/exchange-flows/netflow?exchange=all_exchange&window=day&limit=1,prj_77JNaNVINhdc4TNPoekLRbrWaBBU,,,,,
2025-12-24 19:15:05,1766603705257,cryptosignal-ai-ez86hcd7l-hadayalab-projects-projects.vercel.app/api/cron,GET,,200,jl77n-1766603705207-ae4e2d68f4b9,vercel-cron/1.0,info,production,main,MISS,serverless,/api/cron,cryptosignal-ai-ez86hcd7l-hadayalab-projects-projects.vercel.app,cryptosignal-ai-ez86hcd7l-hadayalab-projects-projects.vercel.app,dpl_6nxGdqoB3HkFdwy28NkKAQVhZaVk,,,,,🌐 Fetching: https://api.cryptoquant.com/v1/btc/flow-indicator/mpi?window=day&limit=1,prj_77JNaNVINhdc4TNPoekLRbrWaBBU,,,,,
2025-12-24 19:15:05,1766603705452,cryptosignal-ai-ez86hcd7l-hadayalab-projects-projects.vercel.app/api/cron,GET,,200,jl77n-1766603705207-ae4e2d68f4b9,vercel-cron/1.0,info,production,main,MISS,serverless,/api/cron,cryptosignal-ai-ez86hcd7l-hadayalab-projects-projects.vercel.app,cryptosignal-ai-ez86hcd7l-hadayalab-projects-projects.vercel.app,dpl_6nxGdqoB3HkFdwy28NkKAQVhZaVk,,,,,"📊 Miner Position Index (BTC): -0.5211564700986901 raw: {""date"":""2025-12-23"",""mpi"":-0.5211564700986901}",prj_77JNaNVINhdc4TNPoekLRbrWaBBU,,,,,
2025-12-24 19:15:05,1766603705465,cryptosignal-ai-ez86hcd7l-hadayalab-projects-projects.vercel.app/api/cron,GET,,200,jl77n-1766603705207-ae4e2d68f4b9,vercel-cron/1.0,info,production,main,MISS,serverless,/api/cron,cryptosignal-ai-ez86hcd7l-hadayalab-projects-projects.vercel.app,cryptosignal-ai-ez86hcd7l-hadayalab-projects-projects.vercel.app,dpl_6nxGdqoB3HkFdwy28NkKAQVhZaVk,,,,,"📊 Exchange Netflow (BTC): -11379.222587299999 raw: {""date"":""2025-12-23"",""netflow_total"":-11379.222587299999}",prj_77JNaNVINhdc4TNPoekLRbrWaBBU,,,,,
2025-12-24 19:15:05,1766603705207,cryptosignal-ai-ez86hcd7l-hadayalab-projects-projects.vercel.app/api/cron,GET,,200,jl77n-1766603705207-ae4e2d68f4b9,vercel-cron/1.0,,production,main,MISS,serverless,/api/cron,cryptosignal-ai-ez86hcd7l-hadayalab-projects-projects.vercel.app,cryptosignal-ai-ez86hcd7l-hadayalab-projects-projects.vercel.app,dpl_6nxGdqoB3HkFdwy28NkKAQVhZaVk,325,iad1,268,2048,,prj_77JNaNVINhdc4TNPoekLRbrWaBBU,,,01KD8WJJW81T8G1Z1GRWJWS37S,jVWaSchlU5Us,1
2025-12-24 19:00:05,1766602805209,cryptosignal-ai-ez86hcd7l-hadayalab-projects-projects.vercel.app/api/cron,GET,,200,djtvz-1766602805135-3be815e4b0d6,vercel-cron/1.0,info,production,main,MISS,serverless,/api/cron,cryptosignal-ai-ez86hcd7l-hadayalab-projects-projects.vercel.app,cryptosignal-ai-ez86hcd7l-hadayalab-projects-projects.vercel.app,dpl_6nxGdqoB3HkFdwy28NkKAQVhZaVk,,,,,🚀 Cron Job Started: Whale Monitor,prj_77JNaNVINhdc4TNPoekLRbrWaBBU,,,,,
2025-12-24 19:00:05,1766602805209,cryptosignal-ai-ez86hcd7l-hadayalab-projects-projects.vercel.app/api/cron,GET,,200,djtvz-1766602805135-3be815e4b0d6,vercel-cron/1.0,info,production,main,MISS,serverless,/api/cron,cryptosignal-ai-ez86hcd7l-hadayalab-projects-projects.vercel.app,cryptosignal-ai-ez86hcd7l-hadayalab-projects-projects.vercel.app,dpl_6nxGdqoB3HkFdwy28NkKAQVhZaVk,,,,,"Slot check => utcHour=19, utcMinute=0, isRegularSlot=false, force=false",prj_77JNaNVINhdc4TNPoekLRbrWaBBU,,,,,
2025-12-24 19:00:05,1766602805209,cryptosignal-ai-ez86hcd7l-hadayalab-projects-projects.vercel.app/api/cron,GET,,200,djtvz-1766602805135-3be815e4b0d6,vercel-cron/1.0,info,production,main,MISS,serverless,/api/cron,cryptosignal-ai-ez86hcd7l-hadayalab-projects-projects.vercel.app,cryptosignal-ai-ez86hcd7l-hadayalab-projects-projects.vercel.app,dpl_6nxGdqoB3HkFdwy28NkKAQVhZaVk,,,,,🌐 Fetching: https://api.cryptoquant.com/v1/btc/exchange-flows/netflow?exchange=all_exchange&window=day&limit=1,prj_77JNaNVINhdc4TNPoekLRbrWaBBU,,,,,
2025-12-24 19:00:05,1766602805209,cryptosignal-ai-ez86hcd7l-hadayalab-projects-projects.vercel.app/api/cron,GET,,200,djtvz-1766602805135-3be815e4b0d6,vercel-cron/1.0,info,production,main,MISS,serverless,/api/cron,cryptosignal-ai-ez86hcd7l-hadayalab-projects-projects.vercel.app,cryptosignal-ai-ez86hcd7l-hadayalab-projects-projects.vercel.app,dpl_6nxGdqoB3HkFdwy28NkKAQVhZaVk,,,,,🌐 Fetching: https://api.cryptoquant.com/v1/btc/flow-indicator/mpi?window=day&limit=1,prj_77JNaNVINhdc4TNPoekLRbrWaBBU,,,,,
2025-12-24 19:00:05,1766602805395,cryptosignal-ai-ez86hcd7l-hadayalab-projects-projects.vercel.app/api/cron,GET,,200,djtvz-1766602805135-3be815e4b0d6,vercel-cron/1.0,info,production,main,MISS,serverless,/api/cron,cryptosignal-ai-ez86hcd7l-hadayalab-projects-projects.vercel.app,cryptosignal-ai-ez86hcd7l-hadayalab-projects-projects.vercel.app,dpl_6nxGdqoB3HkFdwy28NkKAQVhZaVk,,,,,"📊 Exchange Netflow (BTC): -11379.222587299999 raw: {""date"":""2025-12-23"",""netflow_total"":-11379.222587299999}",prj_77JNaNVINhdc4TNPoekLRbrWaBBU,,,,,
2025-12-24 19:00:05,1766602805429,cryptosignal-ai-ez86hcd7l-hadayalab-projects-projects.vercel.app/api/cron,GET,,200,djtvz-1766602805135-3be815e4b0d6,vercel-cron/1.0,info,production,main,MISS,serverless,/api/cron,cryptosignal-ai-ez86hcd7l-hadayalab-projects-projects.vercel.app,cryptosignal-ai-ez86hcd7l-hadayalab-projects-projects.vercel.app,dpl_6nxGdqoB3HkFdwy28NkKAQVhZaVk,,,,,"📊 Miner Position Index (BTC): -0.5211564700986901 raw: {""date"":""2025-12-23"",""mpi"":-0.5211564700986901}",prj_77JNaNVINhdc4TNPoekLRbrWaBBU,,,,,
2025-12-24 19:00:05,1766602805135,cryptosignal-ai-ez86hcd7l-hadayalab-projects-projects.vercel.app/api/cron,GET,,200,djtvz-1766602805135-3be815e4b0d6,vercel-cron/1.0,,production,main,MISS,serverless,/api/cron,cryptosignal-ai-ez86hcd7l-hadayalab-projects-projects.vercel.app,cryptosignal-ai-ez86hcd7l-hadayalab-projects-projects.vercel.app,dpl_6nxGdqoB3HkFdwy28NkKAQVhZaVk,304,iad1,265,2048,,prj_77JNaNVINhdc4TNPoekLRbrWaBBU,,,01KD8VQ3XWE1JTM4G7KMJRKGA2,jVWaSchlU5Us,1
2025-12-24 18:45:05,1766601905436,cryptosignal-ai-ez86hcd7l-hadayalab-projects-projects.vercel.app/api/cron,GET,,200,98mnb-1766601905383-c86ce3f050c5,vercel-cron/1.0,info,production,main,MISS,serverless,/api/cron,cryptosignal-ai-ez86hcd7l-hadayalab-projects-projects.vercel.app,cryptosignal-ai-ez86hcd7l-hadayalab-projects-projects.vercel.app,dpl_6nxGdqoB3HkFdwy28NkKAQVhZaVk,,,,,🚀 Cron Job Started: Whale Monitor,prj_77JNaNVINhdc4TNPoekLRbrWaBBU,,,,,
2025-12-24 18:45:05,1766601905436,cryptosignal-ai-ez86hcd7l-hadayalab-projects-projects.vercel.app/api/cron,GET,,200,98mnb-1766601905383-c86ce3f050c5,vercel-cron/1.0,info,production,main,MISS,serverless,/api/cron,cryptosignal-ai-ez86hcd7l-hadayalab-projects-projects.vercel.app,cryptosignal-ai-ez86hcd7l-hadayalab-projects-projects.vercel.app,dpl_6nxGdqoB3HkFdwy28NkKAQVhZaVk,,,,,"Slot check => utcHour=18, utcMinute=45, isRegularSlot=false, force=false",prj_77JNaNVINhdc4TNPoekLRbrWaBBU,,,,,
2025-12-24 18:45:05,1766601905436,cryptosignal-ai-ez86hcd7l-hadayalab-projects-projects.vercel.app/api/cron,GET,,200,98mnb-1766601905383-c86ce3f050c5,vercel-cron/1.0,info,production,main,MISS,serverless,/api/cron,cryptosignal-ai-ez86hcd7l-hadayalab-projects-projects.vercel.app,cryptosignal-ai-ez86hcd7l-hadayalab-projects-projects.vercel.app,dpl_6nxGdqoB3HkFdwy28NkKAQVhZaVk,,,,,🌐 Fetching: https://api.cryptoquant.com/v1/btc/exchange-flows/netflow?exchange=all_exchange&window=day&limit=1,prj_77JNaNVINhdc4TNPoekLRbrWaBBU,,,,,
2025-12-24 18:45:05,1766601905525,cryptosignal-ai-ez86hcd7l-hadayalab-projects-projects.vercel.app/api/cron,GET,,200,98mnb-1766601905383-c86ce3f050c5,vercel-cron/1.0,info,production,main,MISS,serverless,/api/cron,cryptosignal-ai-ez86hcd7l-hadayalab-projects-projects.vercel.app,cryptosignal-ai-ez86hcd7l-hadayalab-projects-projects.vercel.app,dpl_6nxGdqoB3HkFdwy28NkKAQVhZaVk,,,,,🌐 Fetching: https://api.cryptoquant.com/v1/btc/flow-indicator/mpi?window=day&limit=1,prj_77JNaNVINhdc4TNPoekLRbrWaBBU,,,,,
2025-12-24 18:45:05,1766601905525,cryptosignal-ai-ez86hcd7l-hadayalab-projects-projects.vercel.app/api/cron,GET,,200,98mnb-1766601905383-c86ce3f050c5,vercel-cron/1.0,error,production,main,MISS,serverless,/api/cron,cryptosignal-ai-ez86hcd7l-hadayalab-projects-projects.vercel.app,cryptosignal-ai-ez86hcd7l-hadayalab-projects-projects.vercel.app,dpl_6nxGdqoB3HkFdwy28NkKAQVhZaVk,,,,,"(node:4) [DEP0169] DeprecationWarning: `url.parse()` behavior is not standardized and prone to errors that have security implications. Use the WHATWG URL API instead. CVEs are not issued for `url.parse()` vulnerabilities.
(Use `node --trace-deprecation ...` to show where the warning was created)",prj_77JNaNVINhdc4TNPoekLRbrWaBBU,,,,,
2025-12-24 18:45:05,1766601905743,cryptosignal-ai-ez86hcd7l-hadayalab-projects-projects.vercel.app/api/cron,GET,,200,98mnb-1766601905383-c86ce3f050c5,vercel-cron/1.0,info,production,main,MISS,serverless,/api/cron,cryptosignal-ai-ez86hcd7l-hadayalab-projects-projects.vercel.app,cryptosignal-ai-ez86hcd7l-hadayalab-projects-projects.vercel.app,dpl_6nxGdqoB3HkFdwy28NkKAQVhZaVk,,,,,"📊 Exchange Netflow (BTC): -11379.222587299999 raw: {""date"":""2025-12-23"",""netflow_total"":-11379.222587299999}",prj_77JNaNVINhdc4TNPoekLRbrWaBBU,,,,,
2025-12-24 18:45:05,1766601905769,cryptosignal-ai-ez86hcd7l-hadayalab-projects-projects.vercel.app/api/cron,GET,,200,98mnb-1766601905383-c86ce3f050c5,vercel-cron/1.0,info,production,main,MISS,serverless,/api/cron,cryptosignal-ai-ez86hcd7l-hadayalab-projects-projects.vercel.app,cryptosignal-ai-ez86hcd7l-hadayalab-projects-projects.vercel.app,dpl_6nxGdqoB3HkFdwy28NkKAQVhZaVk,,,,,"📊 Miner Position Index (BTC): -0.5211564700986901 raw: {""date"":""2025-12-23"",""mpi"":-0.5211564700986901}",prj_77JNaNVINhdc4TNPoekLRbrWaBBU,,,,,
2025-12-24 18:45:05,1766601905383,cryptosignal-ai-ez86hcd7l-hadayalab-projects-projects.vercel.app/api/cron,GET,,200,98mnb-1766601905383-c86ce3f050c5,vercel-cron/1.0,,production,main,MISS,serverless,/api/cron,cryptosignal-ai-ez86hcd7l-hadayalab-projects-projects.vercel.app,cryptosignal-ai-ez86hcd7l-hadayalab-projects-projects.vercel.app,dpl_6nxGdqoB3HkFdwy28NkKAQVhZaVk,444,iad1,269,2048,,prj_77JNaNVINhdc4TNPoekLRbrWaBBU,,,01KD8TVN7T5BKH754STF0PS0PB,jVWaSchlU5Us,1
2025-12-24 18:30:05,1766601005487,cryptosignal-ai-ez86hcd7l-hadayalab-projects-projects.vercel.app/api/cron,GET,,200,r2ptb-1766601005438-db0f9b493240,vercel-cron/1.0,info,production,main,MISS,serverless,/api/cron,cryptosignal-ai-ez86hcd7l-hadayalab-projects-projects.vercel.app,cryptosignal-ai-ez86hcd7l-hadayalab-projects-projects.vercel.app,dpl_6nxGdqoB3HkFdwy28NkKAQVhZaVk,,,,,🚀 Cron Job Started: Whale Monitor,prj_77JNaNVINhdc4TNPoekLRbrWaBBU,,,,,
2025-12-24 18:30:05,1766601005489,cryptosignal-ai-ez86hcd7l-hadayalab-projects-projects.vercel.app/api/cron,GET,,200,r2ptb-1766601005438-db0f9b493240,vercel-cron/1.0,info,production,main,MISS,serverless,/api/cron,cryptosignal-ai-ez86hcd7l-hadayalab-projects-projects.vercel.app,cryptosignal-ai-ez86hcd7l-hadayalab-projects-projects.vercel.app,dpl_6nxGdqoB3HkFdwy28NkKAQVhZaVk,,,,,"Slot check => utcHour=18, utcMinute=30, isRegularSlot=false, force=false",prj_77JNaNVINhdc4TNPoekLRbrWaBBU,,,,,
2025-12-24 18:30:05,1766601005489,cryptosignal-ai-ez86hcd7l-hadayalab-projects-projects.vercel.app/api/cron,GET,,200,r2ptb-1766601005438-db0f9b493240,vercel-cron/1.0,info,production,main,MISS,serverless,/api/cron,cryptosignal-ai-ez86hcd7l-hadayalab-projects-projects.vercel.app,cryptosignal-ai-ez86hcd7l-hadayalab-projects-projects.vercel.app,dpl_6nxGdqoB3HkFdwy28NkKAQVhZaVk,,,,,🌐 Fetching: https://api.cryptoquant.com/v1/btc/exchange-flows/netflow?exchange=all_exchange&window=day&limit=1,prj_77JNaNVINhdc4TNPoekLRbrWaBBU,,,,,
2025-12-24 18:30:05,1766601005489,cryptosignal-ai-ez86hcd7l-hadayalab-projects-projects.vercel.app/api/cron,GET,,200,r2ptb-1766601005438-db0f9b493240,vercel-cron/1.0,info,production,main,MISS,serverless,/api/cron,cryptosignal-ai-ez86hcd7l-hadayalab-projects-projects.vercel.app,cryptosignal-ai-ez86hcd7l-hadayalab-projects-projects.vercel.app,dpl_6nxGdqoB3HkFdwy28NkKAQVhZaVk,,,,,🌐 Fetching: https://api.cryptoquant.com/v1/btc/flow-indicator/mpi?window=day&limit=1,prj_77JNaNVINhdc4TNPoekLRbrWaBBU,,,,,
2025-12-24 18:30:05,1766601005716,cryptosignal-ai-ez86hcd7l-hadayalab-projects-projects.vercel.app/api/cron,GET,,200,r2ptb-1766601005438-db0f9b493240,vercel-cron/1.0,info,production,main,MISS,serverless,/api/cron,cryptosignal-ai-ez86hcd7l-hadayalab-projects-projects.vercel.app,cryptosignal-ai-ez86hcd7l-hadayalab-projects-projects.vercel.app,dpl_6nxGdqoB3HkFdwy28NkKAQVhZaVk,,,,,"📊 Exchange Netflow (BTC): -11379.222587299999 raw: {""date"":""2025-12-23"",""netflow_total"":-11379.222587299999}",prj_77JNaNVINhdc4TNPoekLRbrWaBBU,,,,,
2025-12-24 18:30:05,1766601005752,cryptosignal-ai-ez86hcd7l-hadayalab-projects-projects.vercel.app/api/cron,GET,,200,r2ptb-1766601005438-db0f9b493240,vercel-cron/1.0,info,production,main,MISS,serverless,/api/cron,cryptosignal-ai-ez86hcd7l-hadayalab-projects-projects.vercel.app,cryptosignal-ai-ez86hcd7l-hadayalab-projects-projects.vercel.app,dpl_6nxGdqoB3HkFdwy28NkKAQVhZaVk,,,,,"📊 Miner Position Index (BTC): -0.5211564700986901 raw: {""date"":""2025-12-23"",""mpi"":-0.5211564700986901}",prj_77JNaNVINhdc4TNPoekLRbrWaBBU,,,,,
2025-12-24 18:30:05,1766601005438,cryptosignal-ai-ez86hcd7l-hadayalab-projects-projects.vercel.app/api/cron,GET,,200,r2ptb-1766601005438-db0f9b493240,vercel-cron/1.0,,production,main,MISS,serverless,/api/cron,cryptosignal-ai-ez86hcd7l-hadayalab-projects-projects.vercel.app,cryptosignal-ai-ez86hcd7l-hadayalab-projects-projects.vercel.app,dpl_6nxGdqoB3HkFdwy28NkKAQVhZaVk,342,iad1,270,2048,,prj_77JNaNVINhdc4TNPoekLRbrWaBBU,,,01KD8T06CFXSV52DAC5Z8D4KZN,6Ch5IoPhdNuR,1
2025-12-24 18:15:05,1766600105326,cryptosignal-ai-ez86hcd7l-hadayalab-projects-projects.vercel.app/api/cron,GET,,200,lxpq4-1766600105244-9b1128dc4ada,vercel-cron/1.0,info,production,main,MISS,serverless,/api/cron,cryptosignal-ai-ez86hcd7l-hadayalab-projects-projects.vercel.app,cryptosignal-ai-ez86hcd7l-hadayalab-projects-projects.vercel.app,dpl_6nxGdqoB3HkFdwy28NkKAQVhZaVk,,,,,🚀 Cron Job Started: Whale Monitor,prj_77JNaNVINhdc4TNPoekLRbrWaBBU,,,,,
2025-12-24 18:15:05,1766600105326,cryptosignal-ai-ez86hcd7l-hadayalab-projects-projects.vercel.app/api/cron,GET,,200,lxpq4-1766600105244-9b1128dc4ada,vercel-cron/1.0,info,production,main,MISS,serverless,/api/cron,cryptosignal-ai-ez86hcd7l-hadayalab-projects-projects.vercel.app,cryptosignal-ai-ez86hcd7l-hadayalab-projects-projects.vercel.app,dpl_6nxGdqoB3HkFdwy28NkKAQVhZaVk,,,,,"Slot check => utcHour=18, utcMinute=15, isRegularSlot=false, force=false",prj_77JNaNVINhdc4TNPoekLRbrWaBBU,,,,,
2025-12-24 18:15:05,1766600105326,cryptosignal-ai-ez86hcd7l-hadayalab-projects-projects.vercel.app/api/cron,GET,,200,lxpq4-1766600105244-9b1128dc4ada,vercel-cron/1.0,info,production,main,MISS,serverless,/api/cron,cryptosignal-ai-ez86hcd7l-hadayalab-projects-projects.vercel.app,cryptosignal-ai-ez86hcd7l-hadayalab-projects-projects.vercel.app,dpl_6nxGdqoB3HkFdwy28NkKAQVhZaVk,,,,,🌐 Fetching: https://api.cryptoquant.com/v1/btc/exchange-flows/netflow?exchange=all_exchange&window=day&limit=1,prj_77JNaNVINhdc4TNPoekLRbrWaBBU,,,,,
2025-12-24 18:15:05,1766600105326,cryptosignal-ai-ez86hcd7l-hadayalab-projects-projects.vercel.app/api/cron,GET,,200,lxpq4-1766600105244-9b1128dc4ada,vercel-cron/1.0,info,production,main,MISS,serverless,/api/cron,cryptosignal-ai-ez86hcd7l-hadayalab-projects-projects.vercel.app,cryptosignal-ai-ez86hcd7l-hadayalab-projects-projects.vercel.app,dpl_6nxGdqoB3HkFdwy28NkKAQVhZaVk,,,,,🌐 Fetching: https://api.cryptoquant.com/v1/btc/flow-indicator/mpi?window=day&limit=1,prj_77JNaNVINhdc4TNPoekLRbrWaBBU,,,,,
2025-12-24 18:15:05,1766600105523,cryptosignal-ai-ez86hcd7l-hadayalab-projects-projects.vercel.app/api/cron,GET,,200,lxpq4-1766600105244-9b1128dc4ada,vercel-cron/1.0,info,production,main,MISS,serverless,/api/cron,cryptosignal-ai-ez86hcd7l-hadayalab-projects-projects.vercel.app,cryptosignal-ai-ez86hcd7l-hadayalab-projects-projects.vercel.app,dpl_6nxGdqoB3HkFdwy28NkKAQVhZaVk,,,,,"📊 Exchange Netflow (BTC): -11379.222587299999 raw: {""date"":""2025-12-23"",""netflow_total"":-11379.222587299999}",prj_77JNaNVINhdc4TNPoekLRbrWaBBU,,,,,
2025-12-24 18:15:05,1766600105552,cryptosignal-ai-ez86hcd7l-hadayalab-projects-projects.vercel.app/api/cron,GET,,200,lxpq4-1766600105244-9b1128dc4ada,vercel-cron/1.0,info,production,main,MISS,serverless,/api/cron,cryptosignal-ai-ez86hcd7l-hadayalab-projects-projects.vercel.app,cryptosignal-ai-ez86hcd7l-hadayalab-projects-projects.vercel.app,dpl_6nxGdqoB3HkFdwy28NkKAQVhZaVk,,,,,"📊 Miner Position Index (BTC): -0.5211564700986901 raw: {""date"":""2025-12-23"",""mpi"":-0.5211564700986901}",prj_77JNaNVINhdc4TNPoekLRbrWaBBU,,,,,
2025-12-24 18:15:05,1766600105244,cryptosignal-ai-ez86hcd7l-hadayalab-projects-projects.vercel.app/api/cron,GET,,200,lxpq4-1766600105244-9b1128dc4ada,vercel-cron/1.0,,production,main,MISS,serverless,/api/cron,cryptosignal-ai-ez86hcd7l-hadayalab-projects-projects.vercel.app,cryptosignal-ai-ez86hcd7l-hadayalab-projects-projects.vercel.app,dpl_6nxGdqoB3HkFdwy28NkKAQVhZaVk,326,iad1,270,2048,,prj_77JNaNVINhdc4TNPoekLRbrWaBBU,,,01KD8S4QAJJKRP5WA6MDQYVEH9,6Ch5IoPhdNuR,1
2025-12-24 18:00:05,1766599205368,cryptosignal-ai-ez86hcd7l-hadayalab-projects-projects.vercel.app/api/cron,GET,,200,66kqq-1766599205327-b8dc02f94eb4,vercel-cron/1.0,info,production,main,MISS,serverless,/api/cron,cryptosignal-ai-ez86hcd7l-hadayalab-projects-projects.vercel.app,cryptosignal-ai-ez86hcd7l-hadayalab-projects-projects.vercel.app,dpl_6nxGdqoB3HkFdwy28NkKAQVhZaVk,,,,,🚀 Cron Job Started: Whale Monitor,prj_77JNaNVINhdc4TNPoekLRbrWaBBU,,,,,
2025-12-24 18:00:05,1766599205369,cryptosignal-ai-ez86hcd7l-hadayalab-projects-projects.vercel.app/api/cron,GET,,200,66kqq-1766599205327-b8dc02f94eb4,vercel-cron/1.0,info,production,main,MISS,serverless,/api/cron,cryptosignal-ai-ez86hcd7l-hadayalab-projects-projects.vercel.app,cryptosignal-ai-ez86hcd7l-hadayalab-projects-projects.vercel.app,dpl_6nxGdqoB3HkFdwy28NkKAQVhZaVk,,,,,"Slot check => utcHour=18, utcMinute=0, isRegularSlot=false, force=false",prj_77JNaNVINhdc4TNPoekLRbrWaBBU,,,,,
2025-12-24 18:00:05,1766599205370,cryptosignal-ai-ez86hcd7l-hadayalab-projects-projects.vercel.app/api/cron,GET,,200,66kqq-1766599205327-b8dc02f94eb4,vercel-cron/1.0,info,production,main,MISS,serverless,/api/cron,cryptosignal-ai-ez86hcd7l-hadayalab-projects-projects.vercel.app,cryptosignal-ai-ez86hcd7l-hadayalab-projects-projects.vercel.app,dpl_6nxGdqoB3HkFdwy28NkKAQVhZaVk,,,,,🌐 Fetching: https://api.cryptoquant.com/v1/btc/exchange-flows/netflow?exchange=all_exchange&window=day&limit=1,prj_77JNaNVINhdc4TNPoekLRbrWaBBU,,,,,
2025-12-24 18:00:05,1766599205374,cryptosignal-ai-ez86hcd7l-hadayalab-projects-projects.vercel.app/api/cron,GET,,200,66kqq-1766599205327-b8dc02f94eb4,vercel-cron/1.0,info,production,main,MISS,serverless,/api/cron,cryptosignal-ai-ez86hcd7l-hadayalab-projects-projects.vercel.app,cryptosignal-ai-ez86hcd7l-hadayalab-projects-projects.vercel.app,dpl_6nxGdqoB3HkFdwy28NkKAQVhZaVk,,,,,🌐 Fetching: https://api.cryptoquant.com/v1/btc/flow-indicator/mpi?window=day&limit=1,prj_77JNaNVINhdc4TNPoekLRbrWaBBU,,,,,
2025-12-24 18:00:05,1766599205552,cryptosignal-ai-ez86hcd7l-hadayalab-projects-projects.vercel.app/api/cron,GET,,200,66kqq-1766599205327-b8dc02f94eb4,vercel-cron/1.0,info,production,main,MISS,serverless,/api/cron,cryptosignal-ai-ez86hcd7l-hadayalab-projects-projects.vercel.app,cryptosignal-ai-ez86hcd7l-hadayalab-projects-projects.vercel.app,dpl_6nxGdqoB3HkFdwy28NkKAQVhZaVk,,,,,"📊 Exchange Netflow (BTC): -11379.222587299999 raw: {""date"":""2025-12-23"",""netflow_total"":-11379.222587299999}",prj_77JNaNVINhdc4TNPoekLRbrWaBBU,,,,,
2025-12-24 18:00:05,1766599205660,cryptosignal-ai-ez86hcd7l-hadayalab-projects-projects.vercel.app/api/cron,GET,,200,66kqq-1766599205327-b8dc02f94eb4,vercel-cron/1.0,info,production,main,MISS,serverless,/api/cron,cryptosignal-ai-ez86hcd7l-hadayalab-projects-projects.vercel.app,cryptosignal-ai-ez86hcd7l-hadayalab-projects-projects.vercel.app,dpl_6nxGdqoB3HkFdwy28NkKAQVhZaVk,,,,,"📊 Miner Position Index (BTC): -0.5211564700986901 raw: {""date"":""2025-12-23"",""mpi"":-0.5211564700986901}",prj_77JNaNVINhdc4TNPoekLRbrWaBBU,,,,,
2025-12-24 18:00:05,1766599205327,cryptosignal-ai-ez86hcd7l-hadayalab-projects-projects.vercel.app/api/cron,GET,,200,66kqq-1766599205327-b8dc02f94eb4,vercel-cron/1.0,,production,main,MISS,serverless,/api/cron,cryptosignal-ai-ez86hcd7l-hadayalab-projects-projects.vercel.app,cryptosignal-ai-ez86hcd7l-hadayalab-projects-projects.vercel.app,dpl_6nxGdqoB3HkFdwy28NkKAQVhZaVk,362,iad1,269,2048,,prj_77JNaNVINhdc4TNPoekLRbrWaBBU,,,01KD8R98EY3FSQHJZWV4982ZAD,6Ch5IoPhdNuR,1
2025-12-24 17:45:05,1766598305419,cryptosignal-ai-ez86hcd7l-hadayalab-projects-projects.vercel.app/api/cron,GET,,200,qwrx8-1766598305377-c48c100019f9,vercel-cron/1.0,info,production,main,MISS,serverless,/api/cron,cryptosignal-ai-ez86hcd7l-hadayalab-projects-projects.vercel.app,cryptosignal-ai-ez86hcd7l-hadayalab-projects-projects.vercel.app,dpl_6nxGdqoB3HkFdwy28NkKAQVhZaVk,,,,,🚀 Cron Job Started: Whale Monitor,prj_77JNaNVINhdc4TNPoekLRbrWaBBU,,,,,
2025-12-24 17:45:05,1766598305419,cryptosignal-ai-ez86hcd7l-hadayalab-projects-projects.vercel.app/api/cron,GET,,200,qwrx8-1766598305377-c48c100019f9,vercel-cron/1.0,info,production,main,MISS,serverless,/api/cron,cryptosignal-ai-ez86hcd7l-hadayalab-projects-projects.vercel.app,cryptosignal-ai-ez86hcd7l-hadayalab-projects-projects.vercel.app,dpl_6nxGdqoB3HkFdwy28NkKAQVhZaVk,,,,,"Slot check => utcHour=17, utcMinute=45, isRegularSlot=false, force=false",prj_77JNaNVINhdc4TNPoekLRbrWaBBU,,,,,
2025-12-24 17:45:05,1766598305419,cryptosignal-ai-ez86hcd7l-hadayalab-projects-projects.vercel.app/api/cron,GET,,200,qwrx8-1766598305377-c48c100019f9,vercel-cron/1.0,info,production,main,MISS,serverless,/api/cron,cryptosignal-ai-ez86hcd7l-hadayalab-projects-projects.vercel.app,cryptosignal-ai-ez86hcd7l-hadayalab-projects-projects.vercel.app,dpl_6nxGdqoB3HkFdwy28NkKAQVhZaVk,,,,,🌐 Fetching: https://api.cryptoquant.com/v1/btc/exchange-flows/netflow?exchange=all_exchange&window=day&limit=1,prj_77JNaNVINhdc4TNPoekLRbrWaBBU,,,,,
2025-12-24 17:45:05,1766598305419,cryptosignal-ai-ez86hcd7l-hadayalab-projects-projects.vercel.app/api/cron,GET,,200,qwrx8-1766598305377-c48c100019f9,vercel-cron/1.0,info,production,main,MISS,serverless,/api/cron,cryptosignal-ai-ez86hcd7l-hadayalab-projects-projects.vercel.app,cryptosignal-ai-ez86hcd7l-hadayalab-projects-projects.vercel.app,dpl_6nxGdqoB3HkFdwy28NkKAQVhZaVk,,,,,🌐 Fetching: https://api.cryptoquant.com/v1/btc/flow-indicator/mpi?window=day&limit=1,prj_77JNaNVINhdc4TNPoekLRbrWaBBU,,,,,
2025-12-24 17:45:05,1766598305610,cryptosignal-ai-ez86hcd7l-hadayalab-projects-projects.vercel.app/api/cron,GET,,200,qwrx8-1766598305377-c48c100019f9,vercel-cron/1.0,info,production,main,MISS,serverless,/api/cron,cryptosignal-ai-ez86hcd7l-hadayalab-projects-projects.vercel.app,cryptosignal-ai-ez86hcd7l-hadayalab-projects-projects.vercel.app,dpl_6nxGdqoB3HkFdwy28NkKAQVhZaVk,,,,,"📊 Exchange Netflow (BTC): -11379.222587299999 raw: {""date"":""2025-12-23"",""netflow_total"":-11379.222587299999}",prj_77JNaNVINhdc4TNPoekLRbrWaBBU,,,,,
2025-12-24 17:45:05,1766598305651,cryptosignal-ai-ez86hcd7l-hadayalab-projects-projects.vercel.app/api/cron,GET,,200,qwrx8-1766598305377-c48c100019f9,vercel-cron/1.0,info,production,main,MISS,serverless,/api/cron,cryptosignal-ai-ez86hcd7l-hadayalab-projects-projects.vercel.app,cryptosignal-ai-ez86hcd7l-hadayalab-projects-projects.vercel.app,dpl_6nxGdqoB3HkFdwy28NkKAQVhZaVk,,,,,"📊 Miner Position Index (BTC): -0.5211564700986901 raw: {""date"":""2025-12-23"",""mpi"":-0.5211564700986901}",prj_77JNaNVINhdc4TNPoekLRbrWaBBU,,,,,
2025-12-24 17:45:05,1766598305377,cryptosignal-ai-ez86hcd7l-hadayalab-projects-projects.vercel.app/api/cron,GET,,200,qwrx8-1766598305377-c48c100019f9,vercel-cron/1.0,,production,main,MISS,serverless,/api/cron,cryptosignal-ai-ez86hcd7l-hadayalab-projects-projects.vercel.app,cryptosignal-ai-ez86hcd7l-hadayalab-projects-projects.vercel.app,dpl_6nxGdqoB3HkFdwy28NkKAQVhZaVk,317,iad1,268,2048,,prj_77JNaNVINhdc4TNPoekLRbrWaBBU,,,01KD8QDSKG39FVXRNR3C4YVV44,6Ch5IoPhdNuR,1
2025-12-24 17:30:05,1766597405173,cryptosignal-ai-ez86hcd7l-hadayalab-projects-projects.vercel.app/api/cron,GET,,200,7rjms-1766597405088-65c29b2a7688,vercel-cron/1.0,info,production,main,MISS,serverless,/api/cron,cryptosignal-ai-ez86hcd7l-hadayalab-projects-projects.vercel.app,cryptosignal-ai-ez86hcd7l-hadayalab-projects-projects.vercel.app,dpl_6nxGdqoB3HkFdwy28NkKAQVhZaVk,,,,,🚀 Cron Job Started: Whale Monitor,prj_77JNaNVINhdc4TNPoekLRbrWaBBU,,,,,
2025-12-24 17:30:05,1766597405173,cryptosignal-ai-ez86hcd7l-hadayalab-projects-projects.vercel.app/api/cron,GET,,200,7rjms-1766597405088-65c29b2a7688,vercel-cron/1.0,info,production,main,MISS,serverless,/api/cron,cryptosignal-ai-ez86hcd7l-hadayalab-projects-projects.vercel.app,cryptosignal-ai-ez86hcd7l-hadayalab-projects-projects.vercel.app,dpl_6nxGdqoB3HkFdwy28NkKAQVhZaVk,,,,,"Slot check => utcHour=17, utcMinute=30, isRegularSlot=false, force=false",prj_77JNaNVINhdc4TNPoekLRbrWaBBU,,,,,
2025-12-24 17:30:05,1766597405173,cryptosignal-ai-ez86hcd7l-hadayalab-projects-projects.vercel.app/api/cron,GET,,200,7rjms-1766597405088-65c29b2a7688,vercel-cron/1.0,info,production,main,MISS,serverless,/api/cron,cryptosignal-ai-ez86hcd7l-hadayalab-projects-projects.vercel.app,cryptosignal-ai-ez86hcd7l-hadayalab-projects-projects.vercel.app,dpl_6nxGdqoB3HkFdwy28NkKAQVhZaVk,,,,,🌐 Fetching: https://api.cryptoquant.com/v1/btc/exchange-flows/netflow?exchange=all_exchange&window=day&limit=1,prj_77JNaNVINhdc4TNPoekLRbrWaBBU,,,,,
2025-12-24 17:30:05,1766597405173,cryptosignal-ai-ez86hcd7l-hadayalab-projects-projects.vercel.app/api/cron,GET,,200,7rjms-1766597405088-65c29b2a7688,vercel-cron/1.0,info,production,main,MISS,serverless,/api/cron,cryptosignal-ai-ez86hcd7l-hadayalab-projects-projects.vercel.app,cryptosignal-ai-ez86hcd7l-hadayalab-projects-projects.vercel.app,dpl_6nxGdqoB3HkFdwy28NkKAQVhZaVk,,,,,🌐 Fetching: https://api.cryptoquant.com/v1/btc/flow-indicator/mpi?window=day&limit=1,prj_77JNaNVINhdc4TNPoekLRbrWaBBU,,,,,
2025-12-24 17:30:05,1766597405391,cryptosignal-ai-ez86hcd7l-hadayalab-projects-projects.vercel.app/api/cron,GET,,200,7rjms-1766597405088-65c29b2a7688,vercel-cron/1.0,info,production,main,MISS,serverless,/api/cron,cryptosignal-ai-ez86hcd7l-hadayalab-projects-projects.vercel.app,cryptosignal-ai-ez86hcd7l-hadayalab-projects-projects.vercel.app,dpl_6nxGdqoB3HkFdwy28NkKAQVhZaVk,,,,,"📊 Miner Position Index (BTC): -0.5211564700986901 raw: {""date"":""2025-12-23"",""mpi"":-0.5211564700986901}",prj_77JNaNVINhdc4TNPoekLRbrWaBBU,,,,,
2025-12-24 17:30:05,1766597405492,cryptosignal-ai-ez86hcd7l-hadayalab-projects-projects.vercel.app/api/cron,GET,,200,7rjms-1766597405088-65c29b2a7688,vercel-cron/1.0,info,production,main,MISS,serverless,/api/cron,cryptosignal-ai-ez86hcd7l-hadayalab-projects-projects.vercel.app,cryptosignal-ai-ez86hcd7l-hadayalab-projects-projects.vercel.app,dpl_6nxGdqoB3HkFdwy28NkKAQVhZaVk,,,,,"📊 Exchange Netflow (BTC): -11379.222587299999 raw: {""date"":""2025-12-23"",""netflow_total"":-11379.222587299999}",prj_77JNaNVINhdc4TNPoekLRbrWaBBU,,,,,
2025-12-24 17:30:05,1766597405088,cryptosignal-ai-ez86hcd7l-hadayalab-projects-projects.vercel.app/api/cron,GET,,200,7rjms-1766597405088-65c29b2a7688,vercel-cron/1.0,,production,main,MISS,serverless,/api/cron,cryptosignal-ai-ez86hcd7l-hadayalab-projects-projects.vercel.app,cryptosignal-ai-ez86hcd7l-hadayalab-projects-projects.vercel.app,dpl_6nxGdqoB3HkFdwy28NkKAQVhZaVk,391,iad1,269,2048,,prj_77JNaNVINhdc4TNPoekLRbrWaBBU,,,01KD8PJAEKKPT192V533PT10ZN,6Ch5IoPhdNuR,1
2025-12-24 17:15:05,1766596505125,cryptosignal-ai-ez86hcd7l-hadayalab-projects-projects.vercel.app/api/cron,GET,,200,stjs2-1766596505085-1821599940a7,vercel-cron/1.0,info,production,main,MISS,serverless,/api/cron,cryptosignal-ai-ez86hcd7l-hadayalab-projects-projects.vercel.app,cryptosignal-ai-ez86hcd7l-hadayalab-projects-projects.vercel.app,dpl_6nxGdqoB3HkFdwy28NkKAQVhZaVk,,,,,🚀 Cron Job Started: Whale Monitor,prj_77JNaNVINhdc4TNPoekLRbrWaBBU,,,,,
2025-12-24 17:15:05,1766596505130,cryptosignal-ai-ez86hcd7l-hadayalab-projects-projects.vercel.app/api/cron,GET,,200,stjs2-1766596505085-1821599940a7,vercel-cron/1.0,info,production,main,MISS,serverless,/api/cron,cryptosignal-ai-ez86hcd7l-hadayalab-projects-projects.vercel.app,cryptosignal-ai-ez86hcd7l-hadayalab-projects-projects.vercel.app,dpl_6nxGdqoB3HkFdwy28NkKAQVhZaVk,,,,,"Slot check => utcHour=17, utcMinute=15, isRegularSlot=false, force=false",prj_77JNaNVINhdc4TNPoekLRbrWaBBU,,,,,
2025-12-24 17:15:05,1766596505130,cryptosignal-ai-ez86hcd7l-hadayalab-projects-projects.vercel.app/api/cron,GET,,200,stjs2-1766596505085-1821599940a7,vercel-cron/1.0,info,production,main,MISS,serverless,/api/cron,cryptosignal-ai-ez86hcd7l-hadayalab-projects-projects.vercel.app,cryptosignal-ai-ez86hcd7l-hadayalab-projects-projects.vercel.app,dpl_6nxGdqoB3HkFdwy28NkKAQVhZaVk,,,,,🌐 Fetching: https://api.cryptoquant.com/v1/btc/exchange-flows/netflow?exchange=all_exchange&window=day&limit=1,prj_77JNaNVINhdc4TNPoekLRbrWaBBU,,,,,
2025-12-24 17:15:05,1766596505130,cryptosignal-ai-ez86hcd7l-hadayalab-projects-projects.vercel.app/api/cron,GET,,200,stjs2-1766596505085-1821599940a7,vercel-cron/1.0,info,production,main,MISS,serverless,/api/cron,cryptosignal-ai-ez86hcd7l-hadayalab-projects-projects.vercel.app,cryptosignal-ai-ez86hcd7l-hadayalab-projects-projects.vercel.app,dpl_6nxGdqoB3HkFdwy28NkKAQVhZaVk,,,,,🌐 Fetching: https://api.cryptoquant.com/v1/btc/flow-indicator/mpi?window=day&limit=1,prj_77JNaNVINhdc4TNPoekLRbrWaBBU,,,,,
2025-12-24 17:15:05,1766596505328,cryptosignal-ai-ez86hcd7l-hadayalab-projects-projects.vercel.app/api/cron,GET,,200,stjs2-1766596505085-1821599940a7,vercel-cron/1.0,info,production,main,MISS,serverless,/api/cron,cryptosignal-ai-ez86hcd7l-hadayalab-projects-projects.vercel.app,cryptosignal-ai-ez86hcd7l-hadayalab-projects-projects.vercel.app,dpl_6nxGdqoB3HkFdwy28NkKAQVhZaVk,,,,,"📊 Exchange Netflow (BTC): -11379.222587299999 raw: {""date"":""2025-12-23"",""netflow_total"":-11379.222587299999}",prj_77JNaNVINhdc4TNPoekLRbrWaBBU,,,,,
2025-12-24 17:15:05,1766596505367,cryptosignal-ai-ez86hcd7l-hadayalab-projects-projects.vercel.app/api/cron,GET,,200,stjs2-1766596505085-1821599940a7,vercel-cron/1.0,info,production,main,MISS,serverless,/api/cron,cryptosignal-ai-ez86hcd7l-hadayalab-projects-projects.vercel.app,cryptosignal-ai-ez86hcd7l-hadayalab-projects-projects.vercel.app,dpl_6nxGdqoB3HkFdwy28NkKAQVhZaVk,,,,,"📊 Miner Position Index (BTC): -0.5211564700986901 raw: {""date"":""2025-12-23"",""mpi"":-0.5211564700986901}",prj_77JNaNVINhdc4TNPoekLRbrWaBBU,,,,,
2025-12-24 17:15:05,1766596505085,cryptosignal-ai-ez86hcd7l-hadayalab-projects-projects.vercel.app/api/cron,GET,,200,stjs2-1766596505085-1821599940a7,vercel-cron/1.0,,production,main,MISS,serverless,/api/cron,cryptosignal-ai-ez86hcd7l-hadayalab-projects-projects.vercel.app,cryptosignal-ai-ez86hcd7l-hadayalab-projects-projects.vercel.app,dpl_6nxGdqoB3HkFdwy28NkKAQVhZaVk,340,iad1,269,2048,,prj_77JNaNVINhdc4TNPoekLRbrWaBBU,,,01KD8NPVGEJBZ3DKBAW0Q1AEVN,6Ch5IoPhdNuR,1
2025-12-24 17:00:05,1766595605366,cryptosignal-ai-ez86hcd7l-hadayalab-projects-projects.vercel.app/api/cron,GET,,200,qst7t-1766595605325-e8d6591edc49,vercel-cron/1.0,info,production,main,MISS,serverless,/api/cron,cryptosignal-ai-ez86hcd7l-hadayalab-projects-projects.vercel.app,cryptosignal-ai-ez86hcd7l-hadayalab-projects-projects.vercel.app,dpl_6nxGdqoB3HkFdwy28NkKAQVhZaVk,,,,,🚀 Cron Job Started: Whale Monitor,prj_77JNaNVINhdc4TNPoekLRbrWaBBU,,,,,
2025-12-24 17:00:05,1766595605366,cryptosignal-ai-ez86hcd7l-hadayalab-projects-projects.vercel.app/api/cron,GET,,200,qst7t-1766595605325-e8d6591edc49,vercel-cron/1.0,info,production,main,MISS,serverless,/api/cron,cryptosignal-ai-ez86hcd7l-hadayalab-projects-projects.vercel.app,cryptosignal-ai-ez86hcd7l-hadayalab-projects-projects.vercel.app,dpl_6nxGdqoB3HkFdwy28NkKAQVhZaVk,,,,,"Slot check => utcHour=17, utcMinute=0, isRegularSlot=false, force=false",prj_77JNaNVINhdc4TNPoekLRbrWaBBU,,,,,
2025-12-24 17:00:05,1766595605366,cryptosignal-ai-ez86hcd7l-hadayalab-projects-projects.vercel.app/api/cron,GET,,200,qst7t-1766595605325-e8d6591edc49,vercel-cron/1.0,info,production,main,MISS,serverless,/api/cron,cryptosignal-ai-ez86hcd7l-hadayalab-projects-projects.vercel.app,cryptosignal-ai-ez86hcd7l-hadayalab-projects-projects.vercel.app,dpl_6nxGdqoB3HkFdwy28NkKAQVhZaVk,,,,,🌐 Fetching: https://api.cryptoquant.com/v1/btc/exchange-flows/netflow?exchange=all_exchange&window=day&limit=1,prj_77JNaNVINhdc4TNPoekLRbrWaBBU,,,,,
2025-12-24 17:00:05,1766595605367,cryptosignal-ai-ez86hcd7l-hadayalab-projects-projects.vercel.app/api/cron,GET,,200,qst7t-1766595605325-e8d6591edc49,vercel-cron/1.0,info,production,main,MISS,serverless,/api/cron,cryptosignal-ai-ez86hcd7l-hadayalab-projects-projects.vercel.app,cryptosignal-ai-ez86hcd7l-hadayalab-projects-projects.vercel.app,dpl_6nxGdqoB3HkFdwy28NkKAQVhZaVk,,,,,🌐 Fetching: https://api.cryptoquant.com/v1/btc/flow-indicator/mpi?window=day&limit=1,prj_77JNaNVINhdc4TNPoekLRbrWaBBU,,,,,
2025-12-24 17:00:05,1766595605564,cryptosignal-ai-ez86hcd7l-hadayalab-projects-projects.vercel.app/api/cron,GET,,200,qst7t-1766595605325-e8d6591edc49,vercel-cron/1.0,info,production,main,MISS,serverless,/api/cron,cryptosignal-ai-ez86hcd7l-hadayalab-projects-projects.vercel.app,cryptosignal-ai-ez86hcd7l-hadayalab-projects-projects.vercel.app,dpl_6nxGdqoB3HkFdwy28NkKAQVhZaVk,,,,,"📊 Miner Position Index (BTC): -0.5211564700986901 raw: {""date"":""2025-12-23"",""mpi"":-0.5211564700986901}",prj_77JNaNVINhdc4TNPoekLRbrWaBBU,,,,,
2025-12-24 17:00:05,1766595605564,cryptosignal-ai-ez86hcd7l-hadayalab-projects-projects.vercel.app/api/cron,GET,,200,qst7t-1766595605325-e8d6591edc49,vercel-cron/1.0,info,production,main,MISS,serverless,/api/cron,cryptosignal-ai-ez86hcd7l-hadayalab-projects-projects.vercel.app,cryptosignal-ai-ez86hcd7l-hadayalab-projects-projects.vercel.app,dpl_6nxGdqoB3HkFdwy28NkKAQVhZaVk,,,,,"📊 Exchange Netflow (BTC): -11379.222587299999 raw: {""date"":""2025-12-23"",""netflow_total"":-11379.222587299999}",prj_77JNaNVINhdc4TNPoekLRbrWaBBU,,,,,
2025-12-24 17:00:05,1766595605325,cryptosignal-ai-ez86hcd7l-hadayalab-projects-projects.vercel.app/api/cron,GET,,200,qst7t-1766595605325-e8d6591edc49,vercel-cron/1.0,,production,main,MISS,serverless,/api/cron,cryptosignal-ai-ez86hcd7l-hadayalab-projects-projects.vercel.app,cryptosignal-ai-ez86hcd7l-hadayalab-projects-projects.vercel.app,dpl_6nxGdqoB3HkFdwy28NkKAQVhZaVk,270,iad1,266,2048,,prj_77JNaNVINhdc4TNPoekLRbrWaBBU,,,01KD8MVCTXR681QRXVY7ZA0866,6Ch5IoPhdNuR,1
2025-12-24 16:45:05,1766594705167,cryptosignal-ai-ez86hcd7l-hadayalab-projects-projects.vercel.app/api/cron,GET,,200,pkqhj-1766594705097-f5aedef19b97,vercel-cron/1.0,info,production,main,MISS,serverless,/api/cron,cryptosignal-ai-ez86hcd7l-hadayalab-projects-projects.vercel.app,cryptosignal-ai-ez86hcd7l-hadayalab-projects-projects.vercel.app,dpl_6nxGdqoB3HkFdwy28NkKAQVhZaVk,,,,,🚀 Cron Job Started: Whale Monitor,prj_77JNaNVINhdc4TNPoekLRbrWaBBU,,,,,
2025-12-24 16:45:05,1766594705167,cryptosignal-ai-ez86hcd7l-hadayalab-projects-projects.vercel.app/api/cron,GET,,200,pkqhj-1766594705097-f5aedef19b97,vercel-cron/1.0,info,production,main,MISS,serverless,/api/cron,cryptosignal-ai-ez86hcd7l-hadayalab-projects-projects.vercel.app,cryptosignal-ai-ez86hcd7l-hadayalab-projects-projects.vercel.app,dpl_6nxGdqoB3HkFdwy28NkKAQVhZaVk,,,,,"Slot check => utcHour=16, utcMinute=45, isRegularSlot=false, force=false",prj_77JNaNVINhdc4TNPoekLRbrWaBBU,,,,,
2025-12-24 16:45:05,1766594705169,cryptosignal-ai-ez86hcd7l-hadayalab-projects-projects.vercel.app/api/cron,GET,,200,pkqhj-1766594705097-f5aedef19b97,vercel-cron/1.0,info,production,main,MISS,serverless,/api/cron,cryptosignal-ai-ez86hcd7l-hadayalab-projects-projects.vercel.app,cryptosignal-ai-ez86hcd7l-hadayalab-projects-projects.vercel.app,dpl_6nxGdqoB3HkFdwy28NkKAQVhZaVk,,,,,🌐 Fetching: https://api.cryptoquant.com/v1/btc/exchange-flows/netflow?exchange=all_exchange&window=day&limit=1,prj_77JNaNVINhdc4TNPoekLRbrWaBBU,,,,,
2025-12-24 16:45:05,1766594705254,cryptosignal-ai-ez86hcd7l-hadayalab-projects-projects.vercel.app/api/cron,GET,,200,pkqhj-1766594705097-f5aedef19b97,vercel-cron/1.0,info,production,main,MISS,serverless,/api/cron,cryptosignal-ai-ez86hcd7l-hadayalab-projects-projects.vercel.app,cryptosignal-ai-ez86hcd7l-hadayalab-projects-projects.vercel.app,dpl_6nxGdqoB3HkFdwy28NkKAQVhZaVk,,,,,🌐 Fetching: https://api.cryptoquant.com/v1/btc/flow-indicator/mpi?window=day&limit=1,prj_77JNaNVINhdc4TNPoekLRbrWaBBU,,,,,
2025-12-24 16:45:05,1766594705255,cryptosignal-ai-ez86hcd7l-hadayalab-projects-projects.vercel.app/api/cron,GET,,200,pkqhj-1766594705097-f5aedef19b97,vercel-cron/1.0,error,production,main,MISS,serverless,/api/cron,cryptosignal-ai-ez86hcd7l-hadayalab-projects-projects.vercel.app,cryptosignal-ai-ez86hcd7l-hadayalab-projects-projects.vercel.app,dpl_6nxGdqoB3HkFdwy28NkKAQVhZaVk,,,,,"(node:4) [DEP0169] DeprecationWarning: `url.parse()` behavior is not standardized and prone to errors that have security implications. Use the WHATWG URL API instead. CVEs are not issued for `url.parse()` vulnerabilities.
(Use `node --trace-deprecation ...` to show where the warning was created)",prj_77JNaNVINhdc4TNPoekLRbrWaBBU,,,,,
2025-12-24 16:45:05,1766594705510,cryptosignal-ai-ez86hcd7l-hadayalab-projects-projects.vercel.app/api/cron,GET,,200,pkqhj-1766594705097-f5aedef19b97,vercel-cron/1.0,info,production,main,MISS,serverless,/api/cron,cryptosignal-ai-ez86hcd7l-hadayalab-projects-projects.vercel.app,cryptosignal-ai-ez86hcd7l-hadayalab-projects-projects.vercel.app,dpl_6nxGdqoB3HkFdwy28NkKAQVhZaVk,,,,,"📊 Miner Position Index (BTC): -0.5211564700986901 raw: {""date"":""2025-12-23"",""mpi"":-0.5211564700986901}",prj_77JNaNVINhdc4TNPoekLRbrWaBBU,,,,,
2025-12-24 16:45:05,1766594705511,cryptosignal-ai-ez86hcd7l-hadayalab-projects-projects.vercel.app/api/cron,GET,,200,pkqhj-1766594705097-f5aedef19b97,vercel-cron/1.0,info,production,main,MISS,serverless,/api/cron,cryptosignal-ai-ez86hcd7l-hadayalab-projects-projects.vercel.app,cryptosignal-ai-ez86hcd7l-hadayalab-projects-projects.vercel.app,dpl_6nxGdqoB3HkFdwy28NkKAQVhZaVk,,,,,"📊 Exchange Netflow (BTC): -11379.222587299999 raw: {""date"":""2025-12-23"",""netflow_total"":-11379.222587299999}",prj_77JNaNVINhdc4TNPoekLRbrWaBBU,,,,,
2025-12-24 16:45:05,1766594705097,cryptosignal-ai-ez86hcd7l-hadayalab-projects-projects.vercel.app/api/cron,GET,,200,pkqhj-1766594705097-f5aedef19b97,vercel-cron/1.0,,production,main,MISS,serverless,/api/cron,cryptosignal-ai-ez86hcd7l-hadayalab-projects-projects.vercel.app,cryptosignal-ai-ez86hcd7l-hadayalab-projects-projects.vercel.app,dpl_6nxGdqoB3HkFdwy28NkKAQVhZaVk,464,iad1,263,2048,,prj_77JNaNVINhdc4TNPoekLRbrWaBBU,,,01KD8KZXQJAKC2AWEVK6BZTH0Z,6Ch5IoPhdNuR,1
2025-12-24 16:30:05,1766593805150,cryptosignal-ai-ez86hcd7l-hadayalab-projects-projects.vercel.app/api/cron,GET,,200,bcp2p-1766593805092-b78f1234520d,vercel-cron/1.0,info,production,main,MISS,serverless,/api/cron,cryptosignal-ai-ez86hcd7l-hadayalab-projects-projects.vercel.app,cryptosignal-ai-ez86hcd7l-hadayalab-projects-projects.vercel.app,dpl_6nxGdqoB3HkFdwy28NkKAQVhZaVk,,,,,🚀 Cron Job Started: Whale Monitor,prj_77JNaNVINhdc4TNPoekLRbrWaBBU,,,,,
2025-12-24 16:30:05,1766593805150,cryptosignal-ai-ez86hcd7l-hadayalab-projects-projects.vercel.app/api/cron,GET,,200,bcp2p-1766593805092-b78f1234520d,vercel-cron/1.0,info,production,main,MISS,serverless,/api/cron,cryptosignal-ai-ez86hcd7l-hadayalab-projects-projects.vercel.app,cryptosignal-ai-ez86hcd7l-hadayalab-projects-projects.vercel.app,dpl_6nxGdqoB3HkFdwy28NkKAQVhZaVk,,,,,"Slot check => utcHour=16, utcMinute=30, isRegularSlot=false, force=false",prj_77JNaNVINhdc4TNPoekLRbrWaBBU,,,,,
2025-12-24 16:30:05,1766593805150,cryptosignal-ai-ez86hcd7l-hadayalab-projects-projects.vercel.app/api/cron,GET,,200,bcp2p-1766593805092-b78f1234520d,vercel-cron/1.0,info,production,main,MISS,serverless,/api/cron,cryptosignal-ai-ez86hcd7l-hadayalab-projects-projects.vercel.app,cryptosignal-ai-ez86hcd7l-hadayalab-projects-projects.vercel.app,dpl_6nxGdqoB3HkFdwy28NkKAQVhZaVk,,,,,🌐 Fetching: https://api.cryptoquant.com/v1/btc/exchange-flows/netflow?exchange=all_exchange&window=day&limit=1,prj_77JNaNVINhdc4TNPoekLRbrWaBBU,,,,,
2025-12-24 16:30:05,1766593805150,cryptosignal-ai-ez86hcd7l-hadayalab-projects-projects.vercel.app/api/cron,GET,,200,bcp2p-1766593805092-b78f1234520d,vercel-cron/1.0,info,production,main,MISS,serverless,/api/cron,cryptosignal-ai-ez86hcd7l-hadayalab-projects-projects.vercel.app,cryptosignal-ai-ez86hcd7l-hadayalab-projects-projects.vercel.app,dpl_6nxGdqoB3HkFdwy28NkKAQVhZaVk,,,,,🌐 Fetching: https://api.cryptoquant.com/v1/btc/flow-indicator/mpi?window=day&limit=1,prj_77JNaNVINhdc4TNPoekLRbrWaBBU,,,,,
2025-12-24 16:30:05,1766593805340,cryptosignal-ai-ez86hcd7l-hadayalab-projects-projects.vercel.app/api/cron,GET,,200,bcp2p-1766593805092-b78f1234520d,vercel-cron/1.0,info,production,main,MISS,serverless,/api/cron,cryptosignal-ai-ez86hcd7l-hadayalab-projects-projects.vercel.app,cryptosignal-ai-ez86hcd7l-hadayalab-projects-projects.vercel.app,dpl_6nxGdqoB3HkFdwy28NkKAQVhZaVk,,,,,"📊 Exchange Netflow (BTC): -11379.222587299999 raw: {""date"":""2025-12-23"",""netflow_total"":-11379.222587299999}",prj_77JNaNVINhdc4TNPoekLRbrWaBBU,,,,,
2025-12-24 16:30:05,1766593805372,cryptosignal-ai-ez86hcd7l-hadayalab-projects-projects.vercel.app/api/cron,GET,,200,bcp2p-1766593805092-b78f1234520d,vercel-cron/1.0,info,production,main,MISS,serverless,/api/cron,cryptosignal-ai-ez86hcd7l-hadayalab-projects-projects.vercel.app,cryptosignal-ai-ez86hcd7l-hadayalab-projects-projects.vercel.app,dpl_6nxGdqoB3HkFdwy28NkKAQVhZaVk,,,,,"📊 Miner Position Index (BTC): -0.5211564700986901 raw: {""date"":""2025-12-23"",""mpi"":-0.5211564700986901}",prj_77JNaNVINhdc4TNPoekLRbrWaBBU,,,,,
2025-12-24 16:30:05,1766593805092,cryptosignal-ai-ez86hcd7l-hadayalab-projects-projects.vercel.app/api/cron,GET,,200,bcp2p-1766593805092-b78f1234520d,vercel-cron/1.0,,production,main,MISS,serverless,/api/cron,cryptosignal-ai-ez86hcd7l-hadayalab-projects-projects.vercel.app,cryptosignal-ai-ez86hcd7l-hadayalab-projects-projects.vercel.app,dpl_6nxGdqoB3HkFdwy28NkKAQVhZaVk,296,iad1,271,2048,,prj_77JNaNVINhdc4TNPoekLRbrWaBBU,,,01KD8K4ET0ZER3YRG5PAN140F8,05isMJwaYmvp,1
2025-12-24 16:15:05,1766592905418,cryptosignal-ai-ez86hcd7l-hadayalab-projects-projects.vercel.app/api/cron,GET,,200,h95xp-1766592905376-96d1a52ccf88,vercel-cron/1.0,info,production,main,MISS,serverless,/api/cron,cryptosignal-ai-ez86hcd7l-hadayalab-projects-projects.vercel.app,cryptosignal-ai-ez86hcd7l-hadayalab-projects-projects.vercel.app,dpl_6nxGdqoB3HkFdwy28NkKAQVhZaVk,,,,,🚀 Cron Job Started: Whale Monitor,prj_77JNaNVINhdc4TNPoekLRbrWaBBU,,,,,
2025-12-24 16:15:05,1766592905418,cryptosignal-ai-ez86hcd7l-hadayalab-projects-projects.vercel.app/api/cron,GET,,200,h95xp-1766592905376-96d1a52ccf88,vercel-cron/1.0,info,production,main,MISS,serverless,/api/cron,cryptosignal-ai-ez86hcd7l-hadayalab-projects-projects.vercel.app,cryptosignal-ai-ez86hcd7l-hadayalab-projects-projects.vercel.app,dpl_6nxGdqoB3HkFdwy28NkKAQVhZaVk,,,,,"Slot check => utcHour=16, utcMinute=15, isRegularSlot=false, force=false",prj_77JNaNVINhdc4TNPoekLRbrWaBBU,,,,,
2025-12-24 16:15:05,1766592905418,cryptosignal-ai-ez86hcd7l-hadayalab-projects-projects.vercel.app/api/cron,GET,,200,h95xp-1766592905376-96d1a52ccf88,vercel-cron/1.0,info,production,main,MISS,serverless,/api/cron,cryptosignal-ai-ez86hcd7l-hadayalab-projects-projects.vercel.app,cryptosignal-ai-ez86hcd7l-hadayalab-projects-projects.vercel.app,dpl_6nxGdqoB3HkFdwy28NkKAQVhZaVk,,,,,🌐 Fetching: https://api.cryptoquant.com/v1/btc/exchange-flows/netflow?exchange=all_exchange&window=day&limit=1,prj_77JNaNVINhdc4TNPoekLRbrWaBBU,,,,,
2025-12-24 16:15:05,1766592905420,cryptosignal-ai-ez86hcd7l-hadayalab-projects-projects.vercel.app/api/cron,GET,,200,h95xp-1766592905376-96d1a52ccf88,vercel-cron/1.0,info,production,main,MISS,serverless,/api/cron,cryptosignal-ai-ez86hcd7l-hadayalab-projects-projects.vercel.app,cryptosignal-ai-ez86hcd7l-hadayalab-projects-projects.vercel.app,dpl_6nxGdqoB3HkFdwy28NkKAQVhZaVk,,,,,🌐 Fetching: https://api.cryptoquant.com/v1/btc/flow-indicator/mpi?window=day&limit=1,prj_77JNaNVINhdc4TNPoekLRbrWaBBU,,,,,
2025-12-24 16:15:05,1766592905608,cryptosignal-ai-ez86hcd7l-hadayalab-projects-projects.vercel.app/api/cron,GET,,200,h95xp-1766592905376-96d1a52ccf88,vercel-cron/1.0,info,production,main,MISS,serverless,/api/cron,cryptosignal-ai-ez86hcd7l-hadayalab-projects-projects.vercel.app,cryptosignal-ai-ez86hcd7l-hadayalab-projects-projects.vercel.app,dpl_6nxGdqoB3HkFdwy28NkKAQVhZaVk,,,,,"📊 Exchange Netflow (BTC): -11379.222587299999 raw: {""date"":""2025-12-23"",""netflow_total"":-11379.222587299999}",prj_77JNaNVINhdc4TNPoekLRbrWaBBU,,,,,
2025-12-24 16:15:05,1766592905614,cryptosignal-ai-ez86hcd7l-hadayalab-projects-projects.vercel.app/api/cron,GET,,200,h95xp-1766592905376-96d1a52ccf88,vercel-cron/1.0,info,production,main,MISS,serverless,/api/cron,cryptosignal-ai-ez86hcd7l-hadayalab-projects-projects.vercel.app,cryptosignal-ai-ez86hcd7l-hadayalab-projects-projects.vercel.app,dpl_6nxGdqoB3HkFdwy28NkKAQVhZaVk,,,,,"📊 Miner Position Index (BTC): -0.5211564700986901 raw: {""date"":""2025-12-23"",""mpi"":-0.5211564700986901}",prj_77JNaNVINhdc4TNPoekLRbrWaBBU,,,,,
2025-12-24 16:15:05,1766592905376,cryptosignal-ai-ez86hcd7l-hadayalab-projects-projects.vercel.app/api/cron,GET,,200,h95xp-1766592905376-96d1a52ccf88,vercel-cron/1.0,,production,main,MISS,serverless,/api/cron,cryptosignal-ai-ez86hcd7l-hadayalab-projects-projects.vercel.app,cryptosignal-ai-ez86hcd7l-hadayalab-projects-projects.vercel.app,dpl_6nxGdqoB3HkFdwy28NkKAQVhZaVk,296,iad1,270,2048,,prj_77JNaNVINhdc4TNPoekLRbrWaBBU,,,01KD8J905EMYP1KSDB5Z02Z596,05isMJwaYmvp,1
2025-12-24 16:00:05,1766592005133,cryptosignal-ai-ez86hcd7l-hadayalab-projects-projects.vercel.app/api/cron,GET,,200,d7vz4-1766592005072-2e611637ded8,vercel-cron/1.0,info,production,main,MISS,serverless,/api/cron,cryptosignal-ai-ez86hcd7l-hadayalab-projects-projects.vercel.app,cryptosignal-ai-ez86hcd7l-hadayalab-projects-projects.vercel.app,dpl_6nxGdqoB3HkFdwy28NkKAQVhZaVk,,,,,🚀 Cron Job Started: Whale Monitor,prj_77JNaNVINhdc4TNPoekLRbrWaBBU,,,,,
2025-12-24 16:00:05,1766592005133,cryptosignal-ai-ez86hcd7l-hadayalab-projects-projects.vercel.app/api/cron,GET,,200,d7vz4-1766592005072-2e611637ded8,vercel-cron/1.0,info,production,main,MISS,serverless,/api/cron,cryptosignal-ai-ez86hcd7l-hadayalab-projects-projects.vercel.app,cryptosignal-ai-ez86hcd7l-hadayalab-projects-projects.vercel.app,dpl_6nxGdqoB3HkFdwy28NkKAQVhZaVk,,,,,"Slot check => utcHour=16, utcMinute=0, isRegularSlot=true, force=false",prj_77JNaNVINhdc4TNPoekLRbrWaBBU,,,,,
2025-12-24 16:00:05,1766592005133,cryptosignal-ai-ez86hcd7l-hadayalab-projects-projects.vercel.app/api/cron,GET,,200,d7vz4-1766592005072-2e611637ded8,vercel-cron/1.0,info,production,main,MISS,serverless,/api/cron,cryptosignal-ai-ez86hcd7l-hadayalab-projects-projects.vercel.app,cryptosignal-ai-ez86hcd7l-hadayalab-projects-projects.vercel.app,dpl_6nxGdqoB3HkFdwy28NkKAQVhZaVk,,,,,🌐 Fetching: https://api.cryptoquant.com/v1/btc/exchange-flows/netflow?exchange=all_exchange&window=day&limit=1,prj_77JNaNVINhdc4TNPoekLRbrWaBBU,,,,,
2025-12-24 16:00:05,1766592005133,cryptosignal-ai-ez86hcd7l-hadayalab-projects-projects.vercel.app/api/cron,GET,,200,d7vz4-1766592005072-2e611637ded8,vercel-cron/1.0,info,production,main,MISS,serverless,/api/cron,cryptosignal-ai-ez86hcd7l-hadayalab-projects-projects.vercel.app,cryptosignal-ai-ez86hcd7l-hadayalab-projects-projects.vercel.app,dpl_6nxGdqoB3HkFdwy28NkKAQVhZaVk,,,,,🌐 Fetching: https://api.cryptoquant.com/v1/btc/flow-indicator/mpi?window=day&limit=1,prj_77JNaNVINhdc4TNPoekLRbrWaBBU,,,,,
2025-12-24 16:00:05,1766592005378,cryptosignal-ai-ez86hcd7l-hadayalab-projects-projects.vercel.app/api/cron,GET,,200,d7vz4-1766592005072-2e611637ded8,vercel-cron/1.0,info,production,main,MISS,serverless,/api/cron,cryptosignal-ai-ez86hcd7l-hadayalab-projects-projects.vercel.app,cryptosignal-ai-ez86hcd7l-hadayalab-projects-projects.vercel.app,dpl_6nxGdqoB3HkFdwy28NkKAQVhZaVk,,,,,"📊 Miner Position Index (BTC): -0.5211564700986901 raw: {""date"":""2025-12-23"",""mpi"":-0.5211564700986901}",prj_77JNaNVINhdc4TNPoekLRbrWaBBU,,,,,
2025-12-24 16:00:05,1766592005522,cryptosignal-ai-ez86hcd7l-hadayalab-projects-projects.vercel.app/api/cron,GET,,200,d7vz4-1766592005072-2e611637ded8,vercel-cron/1.0,info,production,main,MISS,serverless,/api/cron,cryptosignal-ai-ez86hcd7l-hadayalab-projects-projects.vercel.app,cryptosignal-ai-ez86hcd7l-hadayalab-projects-projects.vercel.app,dpl_6nxGdqoB3HkFdwy28NkKAQVhZaVk,,,,,"📊 Exchange Netflow (BTC): -11379.222587299999 raw: {""date"":""2025-12-23"",""netflow_total"":-11379.222587299999}",prj_77JNaNVINhdc4TNPoekLRbrWaBBU,,,,,
2025-12-24 16:00:41,1766592041172,cryptosignal-ai-ez86hcd7l-hadayalab-projects-projects.vercel.app/api/cron,GET,,200,d7vz4-1766592005072-2e611637ded8,vercel-cron/1.0,info,production,main,MISS,serverless,/api/cron,cryptosignal-ai-ez86hcd7l-hadayalab-projects-projects.vercel.app,cryptosignal-ai-ez86hcd7l-hadayalab-projects-projects.vercel.app,dpl_6nxGdqoB3HkFdwy28NkKAQVhZaVk,,,,,Sending REGULAR message...,prj_77JNaNVINhdc4TNPoekLRbrWaBBU,,,,,
2025-12-24 16:00:41,1766592041173,cryptosignal-ai-ez86hcd7l-hadayalab-projects-projects.vercel.app/api/cron,GET,,200,d7vz4-1766592005072-2e611637ded8,vercel-cron/1.0,info,production,main,MISS,serverless,/api/cron,cryptosignal-ai-ez86hcd7l-hadayalab-projects-projects.vercel.app,cryptosignal-ai-ez86hcd7l-hadayalab-projects-projects.vercel.app,dpl_6nxGdqoB3HkFdwy28NkKAQVhZaVk,,,,,🌐 Fetching: https://api.cryptoquant.com/v1/btc/exchange-flows/netflow?exchange=all_exchange&window=day&limit=1,prj_77JNaNVINhdc4TNPoekLRbrWaBBU,,,,,
2025-12-24 16:00:41,1766592041174,cryptosignal-ai-ez86hcd7l-hadayalab-projects-projects.vercel.app/api/cron,GET,,200,d7vz4-1766592005072-2e611637ded8,vercel-cron/1.0,info,production,main,MISS,serverless,/api/cron,cryptosignal-ai-ez86hcd7l-hadayalab-projects-projects.vercel.app,cryptosignal-ai-ez86hcd7l-hadayalab-projects-projects.vercel.app,dpl_6nxGdqoB3HkFdwy28NkKAQVhZaVk,,,,,🌐 Fetching: https://api.cryptoquant.com/v1/btc/flow-indicator/mpi?window=day&limit=1,prj_77JNaNVINhdc4TNPoekLRbrWaBBU,,,,,
2025-12-24 16:00:41,1766592041344,cryptosignal-ai-ez86hcd7l-hadayalab-projects-projects.vercel.app/api/cron,GET,,200,d7vz4-1766592005072-2e611637ded8,vercel-cron/1.0,info,production,main,MISS,serverless,/api/cron,cryptosignal-ai-ez86hcd7l-hadayalab-projects-projects.vercel.app,cryptosignal-ai-ez86hcd7l-hadayalab-projects-projects.vercel.app,dpl_6nxGdqoB3HkFdwy28NkKAQVhZaVk,,,,,"📊 Exchange Netflow (BTC): -11379.222587299999 raw: {""date"":""2025-12-23"",""netflow_total"":-11379.222587299999}",prj_77JNaNVINhdc4TNPoekLRbrWaBBU,,,,,
2025-12-24 16:00:41,1766592041376,cryptosignal-ai-ez86hcd7l-hadayalab-projects-projects.vercel.app/api/cron,GET,,200,d7vz4-1766592005072-2e611637ded8,vercel-cron/1.0,info,production,main,MISS,serverless,/api/cron,cryptosignal-ai-ez86hcd7l-hadayalab-projects-projects.vercel.app,cryptosignal-ai-ez86hcd7l-hadayalab-projects-projects.vercel.app,dpl_6nxGdqoB3HkFdwy28NkKAQVhZaVk,,,,,"📊 Miner Position Index (BTC): -0.5211564700986901 raw: {""date"":""2025-12-23"",""mpi"":-0.5211564700986901}",prj_77JNaNVINhdc4TNPoekLRbrWaBBU,,,,,
2025-12-24 16:00:41,1766592041888,cryptosignal-ai-ez86hcd7l-hadayalab-projects-projects.vercel.app/api/cron,GET,,200,d7vz4-1766592005072-2e611637ded8,vercel-cron/1.0,info,production,main,MISS,serverless,/api/cron,cryptosignal-ai-ez86hcd7l-hadayalab-projects-projects.vercel.app,cryptosignal-ai-ez86hcd7l-hadayalab-projects-projects.vercel.app,dpl_6nxGdqoB3HkFdwy28NkKAQVhZaVk,,,,,"📨 Telegram sent: {
  ""ok"": true,
  ""result"": {
    ""message_id"": 86,
    ""from"": {
      ""id"": 8314465371,
      ""is_bot"": true,
      ""first_name"": ""CryptoSignal AI AR"",
      ""username"": ""CryptoSignal_AI_AR_bot""
    },
    ""chat"": {
      ""id"": -1003306034633,
      ""title"": ""CryptoSignal AI – Starter Signals (AR)"",
      ""type"": ""supergroup""
    },
    ""date"": 1766592041,
    ""text"": ""📚 تسريب السوق من Dr. Grok\nتقرير الجلسة @ 2025-12-24 16:00:05 UTC\n\n💰 سعر BTC: $86,913 (-0.51% / 24h)\n📊 صافي تدفق البورصات: Outflow 11379 BTC\n⛏ مؤشر مراكز المعدّنين (MPI): -0.52\n🧠 حالة الشعور في السوق: Extreme Fear\n\n📈 درجة السوق: 19/100\n✅ كاشف الفخاخ: لا توجد فخاخ حرجة مكتشفة.\n\n🎯 حكم التداول\n🛡️ الإشارة: BUG STANDBY (Defense Active)\n• سعر الدخول (مرجع سبوت): $86,913\n• الوضع: Bug Standby — لا توجد أفضلية واضحة الآن. انتظر واحمِ رأس مالك.\n• Take Profit: n/a\n• Stop Loss: n/a\n\n🧬 رؤية Dr. Grok\nما يلي فكرة استراتيجية، وليست إشارة دخول رسمية من True Bug. استخدمها فقط إذا كانت متوافقة مع خطتك وإدارة المخاطر الخاصة بك.\nيا تجار البيتكوين، السوق في خوف شديد مع سعر 86,913 دولار وانخفاض طفيف بنسبة -0.5% في 24 ساعة. تدفق سلبي (-11,379)، MPI سلبي (-0.52)، بدون تحيز من الحيتان (0)، فومو التجزئة متوسط (50)، بدون تأثير أخبار.\n\nالإشارة: NONE – اجلس هادئًا. لا فخ واضح.\n\nالخطر أولاً: مزيد من الهبوط إذا زاد الخوف. تكتيك: راقب علامات الانعكاس فوق 87k. لا تندفع، انتظر إشارة قوية. #BTC #CryptoTrading\n\nلأغراض تعليمية فقط. لا يُعدّ هذا نصيحة مالية أو استثمارية."",
    ""entities"": [
      {
        ""offset"": 204,
        ""length"": 12,
        ""type"": ""bold""
      },
      {
        ""offset"": 976,
        ""length"": 4,
        ""type"": ""hashtag""
      },
      {
        ""offset"": 981,
        ""length"": 14,
        ""type"": ""hashtag""
      }
    ]
  }
}",prj_77JNaNVINhdc4TNPoekLRbrWaBBU,,,,,
2025-12-24 16:00:05,1766592005072,cryptosignal-ai-ez86hcd7l-hadayalab-projects-projects.vercel.app/api/cron,GET,,200,d7vz4-1766592005072-2e611637ded8,vercel-cron/1.0,,production,main,MISS,serverless,/api/cron,cryptosignal-ai-ez86hcd7l-hadayalab-projects-projects.vercel.app,cryptosignal-ai-ez86hcd7l-hadayalab-projects-projects.vercel.app,dpl_6nxGdqoB3HkFdwy28NkKAQVhZaVk,36763,iad1,270,2048,,prj_77JNaNVINhdc4TNPoekLRbrWaBBU,,,01KD8HDGZKQX1B38JXT9GJQ6BM,05isMJwaYmvp,1
2025-12-24 15:45:05,1766591105260,cryptosignal-ai-ez86hcd7l-hadayalab-projects-projects.vercel.app/api/cron,GET,,200,w6vgl-1766591105209-174ce7c7ef4b,vercel-cron/1.0,info,production,main,MISS,serverless,/api/cron,cryptosignal-ai-ez86hcd7l-hadayalab-projects-projects.vercel.app,cryptosignal-ai-ez86hcd7l-hadayalab-projects-projects.vercel.app,dpl_6nxGdqoB3HkFdwy28NkKAQVhZaVk,,,,,🚀 Cron Job Started: Whale Monitor,prj_77JNaNVINhdc4TNPoekLRbrWaBBU,,,,,
2025-12-24 15:45:05,1766591105260,cryptosignal-ai-ez86hcd7l-hadayalab-projects-projects.vercel.app/api/cron,GET,,200,w6vgl-1766591105209-174ce7c7ef4b,vercel-cron/1.0,info,production,main,MISS,serverless,/api/cron,cryptosignal-ai-ez86hcd7l-hadayalab-projects-projects.vercel.app,cryptosignal-ai-ez86hcd7l-hadayalab-projects-projects.vercel.app,dpl_6nxGdqoB3HkFdwy28NkKAQVhZaVk,,,,,"Slot check => utcHour=15, utcMinute=45, isRegularSlot=false, force=false",prj_77JNaNVINhdc4TNPoekLRbrWaBBU,,,,,
2025-12-24 15:45:05,1766591105260,cryptosignal-ai-ez86hcd7l-hadayalab-projects-projects.vercel.app/api/cron,GET,,200,w6vgl-1766591105209-174ce7c7ef4b,vercel-cron/1.0,info,production,main,MISS,serverless,/api/cron,cryptosignal-ai-ez86hcd7l-hadayalab-projects-projects.vercel.app,cryptosignal-ai-ez86hcd7l-hadayalab-projects-projects.vercel.app,dpl_6nxGdqoB3HkFdwy28NkKAQVhZaVk,,,,,🌐 Fetching: https://api.cryptoquant.com/v1/btc/exchange-flows/netflow?exchange=all_exchange&window=day&limit=1,prj_77JNaNVINhdc4TNPoekLRbrWaBBU,,,,,
2025-12-24 15:45:05,1766591105260,cryptosignal-ai-ez86hcd7l-hadayalab-projects-projects.vercel.app/api/cron,GET,,200,w6vgl-1766591105209-174ce7c7ef4b,vercel-cron/1.0,info,production,main,MISS,serverless,/api/cron,cryptosignal-ai-ez86hcd7l-hadayalab-projects-projects.vercel.app,cryptosignal-ai-ez86hcd7l-hadayalab-projects-projects.vercel.app,dpl_6nxGdqoB3HkFdwy28NkKAQVhZaVk,,,,,🌐 Fetching: https://api.cryptoquant.com/v1/btc/flow-indicator/mpi?window=day&limit=1,prj_77JNaNVINhdc4TNPoekLRbrWaBBU,,,,,
2025-12-24 15:45:05,1766591105471,cryptosignal-ai-ez86hcd7l-hadayalab-projects-projects.vercel.app/api/cron,GET,,200,w6vgl-1766591105209-174ce7c7ef4b,vercel-cron/1.0,info,production,main,MISS,serverless,/api/cron,cryptosignal-ai-ez86hcd7l-hadayalab-projects-projects.vercel.app,cryptosignal-ai-ez86hcd7l-hadayalab-projects-projects.vercel.app,dpl_6nxGdqoB3HkFdwy28NkKAQVhZaVk,,,,,"📊 Exchange Netflow (BTC): -11379.222587299999 raw: {""date"":""2025-12-23"",""netflow_total"":-11379.222587299999}",prj_77JNaNVINhdc4TNPoekLRbrWaBBU,,,,,
2025-12-24 15:45:05,1766591105501,cryptosignal-ai-ez86hcd7l-hadayalab-projects-projects.vercel.app/api/cron,GET,,200,w6vgl-1766591105209-174ce7c7ef4b,vercel-cron/1.0,info,production,main,MISS,serverless,/api/cron,cryptosignal-ai-ez86hcd7l-hadayalab-projects-projects.vercel.app,cryptosignal-ai-ez86hcd7l-hadayalab-projects-projects.vercel.app,dpl_6nxGdqoB3HkFdwy28NkKAQVhZaVk,,,,,"📊 Miner Position Index (BTC): -0.5211564700986901 raw: {""date"":""2025-12-23"",""mpi"":-0.5211564700986901}",prj_77JNaNVINhdc4TNPoekLRbrWaBBU,,,,,
2025-12-24 15:45:05,1766591105209,cryptosignal-ai-ez86hcd7l-hadayalab-projects-projects.vercel.app/api/cron,GET,,200,w6vgl-1766591105209-174ce7c7ef4b,vercel-cron/1.0,,production,main,MISS,serverless,/api/cron,cryptosignal-ai-ez86hcd7l-hadayalab-projects-projects.vercel.app,cryptosignal-ai-ez86hcd7l-hadayalab-projects-projects.vercel.app,dpl_6nxGdqoB3HkFdwy28NkKAQVhZaVk,348,iad1,269,2048,,prj_77JNaNVINhdc4TNPoekLRbrWaBBU,,,01KD8GJ26EV845Q9HMDBF2BYBB,05isMJwaYmvp,1
2025-12-24 15:30:05,1766590205213,cryptosignal-ai-ez86hcd7l-hadayalab-projects-projects.vercel.app/api/cron,GET,,200,j2xl5-1766590205180-72b0c5570fac,vercel-cron/1.0,info,production,main,MISS,serverless,/api/cron,cryptosignal-ai-ez86hcd7l-hadayalab-projects-projects.vercel.app,cryptosignal-ai-ez86hcd7l-hadayalab-projects-projects.vercel.app,dpl_6nxGdqoB3HkFdwy28NkKAQVhZaVk,,,,,🚀 Cron Job Started: Whale Monitor,prj_77JNaNVINhdc4TNPoekLRbrWaBBU,,,,,
2025-12-24 15:30:05,1766590205213,cryptosignal-ai-ez86hcd7l-hadayalab-projects-projects.vercel.app/api/cron,GET,,200,j2xl5-1766590205180-72b0c5570fac,vercel-cron/1.0,info,production,main,MISS,serverless,/api/cron,cryptosignal-ai-ez86hcd7l-hadayalab-projects-projects.vercel.app,cryptosignal-ai-ez86hcd7l-hadayalab-projects-projects.vercel.app,dpl_6nxGdqoB3HkFdwy28NkKAQVhZaVk,,,,,"Slot check => utcHour=15, utcMinute=30, isRegularSlot=false, force=false",prj_77JNaNVINhdc4TNPoekLRbrWaBBU,,,,,
2025-12-24 15:30:05,1766590205213,cryptosignal-ai-ez86hcd7l-hadayalab-projects-projects.vercel.app/api/cron,GET,,200,j2xl5-1766590205180-72b0c5570fac,vercel-cron/1.0,info,production,main,MISS,serverless,/api/cron,cryptosignal-ai-ez86hcd7l-hadayalab-projects-projects.vercel.app,cryptosignal-ai-ez86hcd7l-hadayalab-projects-projects.vercel.app,dpl_6nxGdqoB3HkFdwy28NkKAQVhZaVk,,,,,🌐 Fetching: https://api.cryptoquant.com/v1/btc/exchange-flows/netflow?exchange=all_exchange&window=day&limit=1,prj_77JNaNVINhdc4TNPoekLRbrWaBBU,,,,,
2025-12-24 15:30:05,1766590205216,cryptosignal-ai-ez86hcd7l-hadayalab-projects-projects.vercel.app/api/cron,GET,,200,j2xl5-1766590205180-72b0c5570fac,vercel-cron/1.0,info,production,main,MISS,serverless,/api/cron,cryptosignal-ai-ez86hcd7l-hadayalab-projects-projects.vercel.app,cryptosignal-ai-ez86hcd7l-hadayalab-projects-projects.vercel.app,dpl_6nxGdqoB3HkFdwy28NkKAQVhZaVk,,,,,🌐 Fetching: https://api.cryptoquant.com/v1/btc/flow-indicator/mpi?window=day&limit=1,prj_77JNaNVINhdc4TNPoekLRbrWaBBU,,,,,
2025-12-24 15:30:05,1766590205437,cryptosignal-ai-ez86hcd7l-hadayalab-projects-projects.vercel.app/api/cron,GET,,200,j2xl5-1766590205180-72b0c5570fac,vercel-cron/1.0,info,production,main,MISS,serverless,/api/cron,cryptosignal-ai-ez86hcd7l-hadayalab-projects-projects.vercel.app,cryptosignal-ai-ez86hcd7l-hadayalab-projects-projects.vercel.app,dpl_6nxGdqoB3HkFdwy28NkKAQVhZaVk,,,,,"📊 Exchange Netflow (BTC): -11379.222587299999 raw: {""date"":""2025-12-23"",""netflow_total"":-11379.222587299999}",prj_77JNaNVINhdc4TNPoekLRbrWaBBU,,,,,
2025-12-24 15:30:05,1766590205494,cryptosignal-ai-ez86hcd7l-hadayalab-projects-projects.vercel.app/api/cron,GET,,200,j2xl5-1766590205180-72b0c5570fac,vercel-cron/1.0,info,production,main,MISS,serverless,/api/cron,cryptosignal-ai-ez86hcd7l-hadayalab-projects-projects.vercel.app,cryptosignal-ai-ez86hcd7l-hadayalab-projects-projects.vercel.app,dpl_6nxGdqoB3HkFdwy28NkKAQVhZaVk,,,,,"📊 Miner Position Index (BTC): -0.5211564700986901 raw: {""date"":""2025-12-23"",""mpi"":-0.5211564700986901}",prj_77JNaNVINhdc4TNPoekLRbrWaBBU,,,,,
2025-12-24 15:30:05,1766590205180,cryptosignal-ai-ez86hcd7l-hadayalab-projects-projects.vercel.app/api/cron,GET,,200,j2xl5-1766590205180-72b0c5570fac,vercel-cron/1.0,,production,main,MISS,serverless,/api/cron,cryptosignal-ai-ez86hcd7l-hadayalab-projects-projects.vercel.app,cryptosignal-ai-ez86hcd7l-hadayalab-projects-projects.vercel.app,dpl_6nxGdqoB3HkFdwy28NkKAQVhZaVk,375,iad1,269,2048,,prj_77JNaNVINhdc4TNPoekLRbrWaBBU,,,01KD8FPK8A30FCK1KZ6N05HH6S,05isMJwaYmvp,1
2025-12-24 15:15:05,1766589305259,cryptosignal-ai-ez86hcd7l-hadayalab-projects-projects.vercel.app/api/cron,GET,,200,48kr4-1766589305205-f3f54b0d043e,vercel-cron/1.0,info,production,main,MISS,serverless,/api/cron,cryptosignal-ai-ez86hcd7l-hadayalab-projects-projects.vercel.app,cryptosignal-ai-ez86hcd7l-hadayalab-projects-projects.vercel.app,dpl_6nxGdqoB3HkFdwy28NkKAQVhZaVk,,,,,🚀 Cron Job Started: Whale Monitor,prj_77JNaNVINhdc4TNPoekLRbrWaBBU,,,,,
2025-12-24 15:15:05,1766589305259,cryptosignal-ai-ez86hcd7l-hadayalab-projects-projects.vercel.app/api/cron,GET,,200,48kr4-1766589305205-f3f54b0d043e,vercel-cron/1.0,info,production,main,MISS,serverless,/api/cron,cryptosignal-ai-ez86hcd7l-hadayalab-projects-projects.vercel.app,cryptosignal-ai-ez86hcd7l-hadayalab-projects-projects.vercel.app,dpl_6nxGdqoB3HkFdwy28NkKAQVhZaVk,,,,,"Slot check => utcHour=15, utcMinute=15, isRegularSlot=false, force=false",prj_77JNaNVINhdc4TNPoekLRbrWaBBU,,,,,
2025-12-24 15:15:05,1766589305259,cryptosignal-ai-ez86hcd7l-hadayalab-projects-projects.vercel.app/api/cron,GET,,200,48kr4-1766589305205-f3f54b0d043e,vercel-cron/1.0,info,production,main,MISS,serverless,/api/cron,cryptosignal-ai-ez86hcd7l-hadayalab-projects-projects.vercel.app,cryptosignal-ai-ez86hcd7l-hadayalab-projects-projects.vercel.app,dpl_6nxGdqoB3HkFdwy28NkKAQVhZaVk,,,,,🌐 Fetching: https://api.cryptoquant.com/v1/btc/exchange-flows/netflow?exchange=all_exchange&window=day&limit=1,prj_77JNaNVINhdc4TNPoekLRbrWaBBU,,,,,
2025-12-24 15:15:05,1766589305262,cryptosignal-ai-ez86hcd7l-hadayalab-projects-projects.vercel.app/api/cron,GET,,200,48kr4-1766589305205-f3f54b0d043e,vercel-cron/1.0,info,production,main,MISS,serverless,/api/cron,cryptosignal-ai-ez86hcd7l-hadayalab-projects-projects.vercel.app,cryptosignal-ai-ez86hcd7l-hadayalab-projects-projects.vercel.app,dpl_6nxGdqoB3HkFdwy28NkKAQVhZaVk,,,,,🌐 Fetching: https://api.cryptoquant.com/v1/btc/flow-indicator/mpi?window=day&limit=1,prj_77JNaNVINhdc4TNPoekLRbrWaBBU,,,,,
2025-12-24 15:15:05,1766589305472,cryptosignal-ai-ez86hcd7l-hadayalab-projects-projects.vercel.app/api/cron,GET,,200,48kr4-1766589305205-f3f54b0d043e,vercel-cron/1.0,info,production,main,MISS,serverless,/api/cron,cryptosignal-ai-ez86hcd7l-hadayalab-projects-projects.vercel.app,cryptosignal-ai-ez86hcd7l-hadayalab-projects-projects.vercel.app,dpl_6nxGdqoB3HkFdwy28NkKAQVhZaVk,,,,,"📊 Exchange Netflow (BTC): -11379.222587299999 raw: {""date"":""2025-12-23"",""netflow_total"":-11379.222587299999}",prj_77JNaNVINhdc4TNPoekLRbrWaBBU,,,,,
2025-12-24 15:15:05,1766589305534,cryptosignal-ai-ez86hcd7l-hadayalab-projects-projects.vercel.app/api/cron,GET,,200,48kr4-1766589305205-f3f54b0d043e,vercel-cron/1.0,info,production,main,MISS,serverless,/api/cron,cryptosignal-ai-ez86hcd7l-hadayalab-projects-projects.vercel.app,cryptosignal-ai-ez86hcd7l-hadayalab-projects-projects.vercel.app,dpl_6nxGdqoB3HkFdwy28NkKAQVhZaVk,,,,,"📊 Miner Position Index (BTC): -0.5211564700986901 raw: {""date"":""2025-12-23"",""mpi"":-0.5211564700986901}",prj_77JNaNVINhdc4TNPoekLRbrWaBBU,,,,,
2025-12-24 15:15:05,1766589305205,cryptosignal-ai-ez86hcd7l-hadayalab-projects-projects.vercel.app/api/cron,GET,,200,48kr4-1766589305205-f3f54b0d043e,vercel-cron/1.0,,production,main,MISS,serverless,/api/cron,cryptosignal-ai-ez86hcd7l-hadayalab-projects-projects.vercel.app,cryptosignal-ai-ez86hcd7l-hadayalab-projects-projects.vercel.app,dpl_6nxGdqoB3HkFdwy28NkKAQVhZaVk,364,iad1,268,2048,,prj_77JNaNVINhdc4TNPoekLRbrWaBBU,,,01KD8EV4CBQTZYXB617PPG7TWX,05isMJwaYmvp,1
2025-12-24 15:00:05,1766588405416,cryptosignal-ai-ez86hcd7l-hadayalab-projects-projects.vercel.app/api/cron,GET,,200,knwxm-1766588405359-9b65d8e44302,vercel-cron/1.0,info,production,main,MISS,serverless,/api/cron,cryptosignal-ai-ez86hcd7l-hadayalab-projects-projects.vercel.app,cryptosignal-ai-ez86hcd7l-hadayalab-projects-projects.vercel.app,dpl_6nxGdqoB3HkFdwy28NkKAQVhZaVk,,,,,🚀 Cron Job Started: Whale Monitor,prj_77JNaNVINhdc4TNPoekLRbrWaBBU,,,,,
2025-12-24 15:00:05,1766588405416,cryptosignal-ai-ez86hcd7l-hadayalab-projects-projects.vercel.app/api/cron,GET,,200,knwxm-1766588405359-9b65d8e44302,vercel-cron/1.0,info,production,main,MISS,serverless,/api/cron,cryptosignal-ai-ez86hcd7l-hadayalab-projects-projects.vercel.app,cryptosignal-ai-ez86hcd7l-hadayalab-projects-projects.vercel.app,dpl_6nxGdqoB3HkFdwy28NkKAQVhZaVk,,,,,"Slot check => utcHour=15, utcMinute=0, isRegularSlot=false, force=false",prj_77JNaNVINhdc4TNPoekLRbrWaBBU,,,,,
2025-12-24 15:00:05,1766588405416,cryptosignal-ai-ez86hcd7l-hadayalab-projects-projects.vercel.app/api/cron,GET,,200,knwxm-1766588405359-9b65d8e44302,vercel-cron/1.0,info,production,main,MISS,serverless,/api/cron,cryptosignal-ai-ez86hcd7l-hadayalab-projects-projects.vercel.app,cryptosignal-ai-ez86hcd7l-hadayalab-projects-projects.vercel.app,dpl_6nxGdqoB3HkFdwy28NkKAQVhZaVk,,,,,🌐 Fetching: https://api.cryptoquant.com/v1/btc/exchange-flows/netflow?exchange=all_exchange&window=day&limit=1,prj_77JNaNVINhdc4TNPoekLRbrWaBBU,,,,,
2025-12-24 15:00:05,1766588405416,cryptosignal-ai-ez86hcd7l-hadayalab-projects-projects.vercel.app/api/cron,GET,,200,knwxm-1766588405359-9b65d8e44302,vercel-cron/1.0,info,production,main,MISS,serverless,/api/cron,cryptosignal-ai-ez86hcd7l-hadayalab-projects-projects.vercel.app,cryptosignal-ai-ez86hcd7l-hadayalab-projects-projects.vercel.app,dpl_6nxGdqoB3HkFdwy28NkKAQVhZaVk,,,,,🌐 Fetching: https://api.cryptoquant.com/v1/btc/flow-indicator/mpi?window=day&limit=1,prj_77JNaNVINhdc4TNPoekLRbrWaBBU,,,,,
2025-12-24 15:00:05,1766588405618,cryptosignal-ai-ez86hcd7l-hadayalab-projects-projects.vercel.app/api/cron,GET,,200,knwxm-1766588405359-9b65d8e44302,vercel-cron/1.0,info,production,main,MISS,serverless,/api/cron,cryptosignal-ai-ez86hcd7l-hadayalab-projects-projects.vercel.app,cryptosignal-ai-ez86hcd7l-hadayalab-projects-projects.vercel.app,dpl_6nxGdqoB3HkFdwy28NkKAQVhZaVk,,,,,"📊 Exchange Netflow (BTC): -11379.222587299999 raw: {""date"":""2025-12-23"",""netflow_total"":-11379.222587299999}",prj_77JNaNVINhdc4TNPoekLRbrWaBBU,,,,,
2025-12-24 15:00:05,1766588405618,cryptosignal-ai-ez86hcd7l-hadayalab-projects-projects.vercel.app/api/cron,GET,,200,knwxm-1766588405359-9b65d8e44302,vercel-cron/1.0,info,production,main,MISS,serverless,/api/cron,cryptosignal-ai-ez86hcd7l-hadayalab-projects-projects.vercel.app,cryptosignal-ai-ez86hcd7l-hadayalab-projects-projects.vercel.app,dpl_6nxGdqoB3HkFdwy28NkKAQVhZaVk,,,,,"📊 Miner Position Index (BTC): -0.5211564700986901 raw: {""date"":""2025-12-23"",""mpi"":-0.5211564700986901}",prj_77JNaNVINhdc4TNPoekLRbrWaBBU,,,,,
2025-12-24 15:00:05,1766588405359,cryptosignal-ai-ez86hcd7l-hadayalab-projects-projects.vercel.app/api/cron,GET,,200,knwxm-1766588405359-9b65d8e44302,vercel-cron/1.0,,production,main,MISS,serverless,/api/cron,cryptosignal-ai-ez86hcd7l-hadayalab-projects-projects.vercel.app,cryptosignal-ai-ez86hcd7l-hadayalab-projects-projects.vercel.app,dpl_6nxGdqoB3HkFdwy28NkKAQVhZaVk,284,iad1,266,2048,,prj_77JNaNVINhdc4TNPoekLRbrWaBBU,,,01KD8DZNKYDZGQWB7Y1PTA6M2X,05isMJwaYmvp,1
2025-12-24 14:45:05,1766587505178,cryptosignal-ai-ez86hcd7l-hadayalab-projects-projects.vercel.app/api/cron,GET,,200,89nl7-1766587505136-70b4216b7ebe,vercel-cron/1.0,info,production,main,MISS,serverless,/api/cron,cryptosignal-ai-ez86hcd7l-hadayalab-projects-projects.vercel.app,cryptosignal-ai-ez86hcd7l-hadayalab-projects-projects.vercel.app,dpl_6nxGdqoB3HkFdwy28NkKAQVhZaVk,,,,,🚀 Cron Job Started: Whale Monitor,prj_77JNaNVINhdc4TNPoekLRbrWaBBU,,,,,
2025-12-24 14:45:05,1766587505178,cryptosignal-ai-ez86hcd7l-hadayalab-projects-projects.vercel.app/api/cron,GET,,200,89nl7-1766587505136-70b4216b7ebe,vercel-cron/1.0,info,production,main,MISS,serverless,/api/cron,cryptosignal-ai-ez86hcd7l-hadayalab-projects-projects.vercel.app,cryptosignal-ai-ez86hcd7l-hadayalab-projects-projects.vercel.app,dpl_6nxGdqoB3HkFdwy28NkKAQVhZaVk,,,,,"Slot check => utcHour=14, utcMinute=45, isRegularSlot=false, force=false",prj_77JNaNVINhdc4TNPoekLRbrWaBBU,,,,,
2025-12-24 14:45:05,1766587505179,cryptosignal-ai-ez86hcd7l-hadayalab-projects-projects.vercel.app/api/cron,GET,,200,89nl7-1766587505136-70b4216b7ebe,vercel-cron/1.0,info,production,main,MISS,serverless,/api/cron,cryptosignal-ai-ez86hcd7l-hadayalab-projects-projects.vercel.app,cryptosignal-ai-ez86hcd7l-hadayalab-projects-projects.vercel.app,dpl_6nxGdqoB3HkFdwy28NkKAQVhZaVk,,,,,🌐 Fetching: https://api.cryptoquant.com/v1/btc/exchange-flows/netflow?exchange=all_exchange&window=day&limit=1,prj_77JNaNVINhdc4TNPoekLRbrWaBBU,,,,,
2025-12-24 14:45:05,1766587505265,cryptosignal-ai-ez86hcd7l-hadayalab-projects-projects.vercel.app/api/cron,GET,,200,89nl7-1766587505136-70b4216b7ebe,vercel-cron/1.0,info,production,main,MISS,serverless,/api/cron,cryptosignal-ai-ez86hcd7l-hadayalab-projects-projects.vercel.app,cryptosignal-ai-ez86hcd7l-hadayalab-projects-projects.vercel.app,dpl_6nxGdqoB3HkFdwy28NkKAQVhZaVk,,,,,🌐 Fetching: https://api.cryptoquant.com/v1/btc/flow-indicator/mpi?window=day&limit=1,prj_77JNaNVINhdc4TNPoekLRbrWaBBU,,,,,
2025-12-24 14:45:05,1766587505267,cryptosignal-ai-ez86hcd7l-hadayalab-projects-projects.vercel.app/api/cron,GET,,200,89nl7-1766587505136-70b4216b7ebe,vercel-cron/1.0,error,production,main,MISS,serverless,/api/cron,cryptosignal-ai-ez86hcd7l-hadayalab-projects-projects.vercel.app,cryptosignal-ai-ez86hcd7l-hadayalab-projects-projects.vercel.app,dpl_6nxGdqoB3HkFdwy28NkKAQVhZaVk,,,,,"(node:4) [DEP0169] DeprecationWarning: `url.parse()` behavior is not standardized and prone to errors that have security implications. Use the WHATWG URL API instead. CVEs are not issued for `url.parse()` vulnerabilities.
(Use `node --trace-deprecation ...` to show where the warning was created)",prj_77JNaNVINhdc4TNPoekLRbrWaBBU,,,,,
2025-12-24 14:45:05,1766587505480,cryptosignal-ai-ez86hcd7l-hadayalab-projects-projects.vercel.app/api/cron,GET,,200,89nl7-1766587505136-70b4216b7ebe,vercel-cron/1.0,info,production,main,MISS,serverless,/api/cron,cryptosignal-ai-ez86hcd7l-hadayalab-projects-projects.vercel.app,cryptosignal-ai-ez86hcd7l-hadayalab-projects-projects.vercel.app,dpl_6nxGdqoB3HkFdwy28NkKAQVhZaVk,,,,,"📊 Exchange Netflow (BTC): -11379.222587299999 raw: {""date"":""2025-12-23"",""netflow_total"":-11379.222587299999}",prj_77JNaNVINhdc4TNPoekLRbrWaBBU,,,,,
2025-12-24 14:45:05,1766587505651,cryptosignal-ai-ez86hcd7l-hadayalab-projects-projects.vercel.app/api/cron,GET,,200,89nl7-1766587505136-70b4216b7ebe,vercel-cron/1.0,info,production,main,MISS,serverless,/api/cron,cryptosignal-ai-ez86hcd7l-hadayalab-projects-projects.vercel.app,cryptosignal-ai-ez86hcd7l-hadayalab-projects-projects.vercel.app,dpl_6nxGdqoB3HkFdwy28NkKAQVhZaVk,,,,,"📊 Miner Position Index (BTC): -0.5211564700986901 raw: {""date"":""2025-12-23"",""mpi"":-0.5211564700986901}",prj_77JNaNVINhdc4TNPoekLRbrWaBBU,,,,,
2025-12-24 14:45:05,1766587505136,cryptosignal-ai-ez86hcd7l-hadayalab-projects-projects.vercel.app/api/cron,GET,,200,89nl7-1766587505136-70b4216b7ebe,vercel-cron/1.0,,production,main,MISS,serverless,/api/cron,cryptosignal-ai-ez86hcd7l-hadayalab-projects-projects.vercel.app,cryptosignal-ai-ez86hcd7l-hadayalab-projects-projects.vercel.app,dpl_6nxGdqoB3HkFdwy28NkKAQVhZaVk,584,iad1,272,2048,,prj_77JNaNVINhdc4TNPoekLRbrWaBBU,,,01KD8D46FYAQ3P9PQDZ54RX0HW,05isMJwaYmvp,1
2025-12-24 14:30:05,1766586605246,cryptosignal-ai-ez86hcd7l-hadayalab-projects-projects.vercel.app/api/cron,GET,,200,ftgsk-1766586605095-0530f3bf17e9,vercel-cron/1.0,info,production,main,MISS,serverless,/api/cron,cryptosignal-ai-ez86hcd7l-hadayalab-projects-projects.vercel.app,cryptosignal-ai-ez86hcd7l-hadayalab-projects-projects.vercel.app,dpl_6nxGdqoB3HkFdwy28NkKAQVhZaVk,,,,,🚀 Cron Job Started: Whale Monitor,prj_77JNaNVINhdc4TNPoekLRbrWaBBU,,,,,
2025-12-24 14:30:05,1766586605246,cryptosignal-ai-ez86hcd7l-hadayalab-projects-projects.vercel.app/api/cron,GET,,200,ftgsk-1766586605095-0530f3bf17e9,vercel-cron/1.0,info,production,main,MISS,serverless,/api/cron,cryptosignal-ai-ez86hcd7l-hadayalab-projects-projects.vercel.app,cryptosignal-ai-ez86hcd7l-hadayalab-projects-projects.vercel.app,dpl_6nxGdqoB3HkFdwy28NkKAQVhZaVk,,,,,"Slot check => utcHour=14, utcMinute=30, isRegularSlot=false, force=false",prj_77JNaNVINhdc4TNPoekLRbrWaBBU,,,,,
2025-12-24 14:30:05,1766586605248,cryptosignal-ai-ez86hcd7l-hadayalab-projects-projects.vercel.app/api/cron,GET,,200,ftgsk-1766586605095-0530f3bf17e9,vercel-cron/1.0,info,production,main,MISS,serverless,/api/cron,cryptosignal-ai-ez86hcd7l-hadayalab-projects-projects.vercel.app,cryptosignal-ai-ez86hcd7l-hadayalab-projects-projects.vercel.app,dpl_6nxGdqoB3HkFdwy28NkKAQVhZaVk,,,,,🌐 Fetching: https://api.cryptoquant.com/v1/btc/exchange-flows/netflow?exchange=all_exchange&window=day&limit=1,prj_77JNaNVINhdc4TNPoekLRbrWaBBU,,,,,
2025-12-24 14:30:05,1766586605248,cryptosignal-ai-ez86hcd7l-hadayalab-projects-projects.vercel.app/api/cron,GET,,200,ftgsk-1766586605095-0530f3bf17e9,vercel-cron/1.0,info,production,main,MISS,serverless,/api/cron,cryptosignal-ai-ez86hcd7l-hadayalab-projects-projects.vercel.app,cryptosignal-ai-ez86hcd7l-hadayalab-projects-projects.vercel.app,dpl_6nxGdqoB3HkFdwy28NkKAQVhZaVk,,,,,🌐 Fetching: https://api.cryptoquant.com/v1/btc/flow-indicator/mpi?window=day&limit=1,prj_77JNaNVINhdc4TNPoekLRbrWaBBU,,,,,
2025-12-24 14:30:05,1766586605466,cryptosignal-ai-ez86hcd7l-hadayalab-projects-projects.vercel.app/api/cron,GET,,200,ftgsk-1766586605095-0530f3bf17e9,vercel-cron/1.0,info,production,main,MISS,serverless,/api/cron,cryptosignal-ai-ez86hcd7l-hadayalab-projects-projects.vercel.app,cryptosignal-ai-ez86hcd7l-hadayalab-projects-projects.vercel.app,dpl_6nxGdqoB3HkFdwy28NkKAQVhZaVk,,,,,"📊 Exchange Netflow (BTC): -11379.222587299999 raw: {""date"":""2025-12-23"",""netflow_total"":-11379.222587299999}",prj_77JNaNVINhdc4TNPoekLRbrWaBBU,,,,,
2025-12-24 14:30:05,1766586605475,cryptosignal-ai-ez86hcd7l-hadayalab-projects-projects.vercel.app/api/cron,GET,,200,ftgsk-1766586605095-0530f3bf17e9,vercel-cron/1.0,info,production,main,MISS,serverless,/api/cron,cryptosignal-ai-ez86hcd7l-hadayalab-projects-projects.vercel.app,cryptosignal-ai-ez86hcd7l-hadayalab-projects-projects.vercel.app,dpl_6nxGdqoB3HkFdwy28NkKAQVhZaVk,,,,,"📊 Miner Position Index (BTC): -0.5211564700986901 raw: {""date"":""2025-12-23"",""mpi"":-0.5211564700986901}",prj_77JNaNVINhdc4TNPoekLRbrWaBBU,,,,,
2025-12-24 14:30:05,1766586605095,cryptosignal-ai-ez86hcd7l-hadayalab-projects-projects.vercel.app/api/cron,GET,,200,ftgsk-1766586605095-0530f3bf17e9,vercel-cron/1.0,,production,main,MISS,serverless,/api/cron,cryptosignal-ai-ez86hcd7l-hadayalab-projects-projects.vercel.app,cryptosignal-ai-ez86hcd7l-hadayalab-projects-projects.vercel.app,dpl_6nxGdqoB3HkFdwy28NkKAQVhZaVk,321,iad1,268,2048,,prj_77JNaNVINhdc4TNPoekLRbrWaBBU,,,01KD8C8QMYZ16HFCH08YWMT1CR,n6jbapLY8KSU,1
2025-12-24 14:15:05,1766585705530,cryptosignal-ai-ez86hcd7l-hadayalab-projects-projects.vercel.app/api/cron,GET,,200,bslmg-1766585705494-fffa5dbc26cd,vercel-cron/1.0,info,production,main,MISS,serverless,/api/cron,cryptosignal-ai-ez86hcd7l-hadayalab-projects-projects.vercel.app,cryptosignal-ai-ez86hcd7l-hadayalab-projects-projects.vercel.app,dpl_6nxGdqoB3HkFdwy28NkKAQVhZaVk,,,,,🚀 Cron Job Started: Whale Monitor,prj_77JNaNVINhdc4TNPoekLRbrWaBBU,,,,,
2025-12-24 14:15:05,1766585705530,cryptosignal-ai-ez86hcd7l-hadayalab-projects-projects.vercel.app/api/cron,GET,,200,bslmg-1766585705494-fffa5dbc26cd,vercel-cron/1.0,info,production,main,MISS,serverless,/api/cron,cryptosignal-ai-ez86hcd7l-hadayalab-projects-projects.vercel.app,cryptosignal-ai-ez86hcd7l-hadayalab-projects-projects.vercel.app,dpl_6nxGdqoB3HkFdwy28NkKAQVhZaVk,,,,,"Slot check => utcHour=14, utcMinute=15, isRegularSlot=false, force=false",prj_77JNaNVINhdc4TNPoekLRbrWaBBU,,,,,
2025-12-24 14:15:05,1766585705531,cryptosignal-ai-ez86hcd7l-hadayalab-projects-projects.vercel.app/api/cron,GET,,200,bslmg-1766585705494-fffa5dbc26cd,vercel-cron/1.0,info,production,main,MISS,serverless,/api/cron,cryptosignal-ai-ez86hcd7l-hadayalab-projects-projects.vercel.app,cryptosignal-ai-ez86hcd7l-hadayalab-projects-projects.vercel.app,dpl_6nxGdqoB3HkFdwy28NkKAQVhZaVk,,,,,🌐 Fetching: https://api.cryptoquant.com/v1/btc/exchange-flows/netflow?exchange=all_exchange&window=day&limit=1,prj_77JNaNVINhdc4TNPoekLRbrWaBBU,,,,,
2025-12-24 14:15:05,1766585705533,cryptosignal-ai-ez86hcd7l-hadayalab-projects-projects.vercel.app/api/cron,GET,,200,bslmg-1766585705494-fffa5dbc26cd,vercel-cron/1.0,info,production,main,MISS,serverless,/api/cron,cryptosignal-ai-ez86hcd7l-hadayalab-projects-projects.vercel.app,cryptosignal-ai-ez86hcd7l-hadayalab-projects-projects.vercel.app,dpl_6nxGdqoB3HkFdwy28NkKAQVhZaVk,,,,,🌐 Fetching: https://api.cryptoquant.com/v1/btc/flow-indicator/mpi?window=day&limit=1,prj_77JNaNVINhdc4TNPoekLRbrWaBBU,,,,,
2025-12-24 14:15:05,1766585705716,cryptosignal-ai-ez86hcd7l-hadayalab-projects-projects.vercel.app/api/cron,GET,,200,bslmg-1766585705494-fffa5dbc26cd,vercel-cron/1.0,info,production,main,MISS,serverless,/api/cron,cryptosignal-ai-ez86hcd7l-hadayalab-projects-projects.vercel.app,cryptosignal-ai-ez86hcd7l-hadayalab-projects-projects.vercel.app,dpl_6nxGdqoB3HkFdwy28NkKAQVhZaVk,,,,,"📊 Exchange Netflow (BTC): -11379.222587299999 raw: {""date"":""2025-12-23"",""netflow_total"":-11379.222587299999}",prj_77JNaNVINhdc4TNPoekLRbrWaBBU,,,,,
2025-12-24 14:15:05,1766585705740,cryptosignal-ai-ez86hcd7l-hadayalab-projects-projects.vercel.app/api/cron,GET,,200,bslmg-1766585705494-fffa5dbc26cd,vercel-cron/1.0,info,production,main,MISS,serverless,/api/cron,cryptosignal-ai-ez86hcd7l-hadayalab-projects-projects.vercel.app,cryptosignal-ai-ez86hcd7l-hadayalab-projects-projects.vercel.app,dpl_6nxGdqoB3HkFdwy28NkKAQVhZaVk,,,,,"📊 Miner Position Index (BTC): -0.5211564700986901 raw: {""date"":""2025-12-23"",""mpi"":-0.5211564700986901}",prj_77JNaNVINhdc4TNPoekLRbrWaBBU,,,,,
2025-12-24 14:15:05,1766585705494,cryptosignal-ai-ez86hcd7l-hadayalab-projects-projects.vercel.app/api/cron,GET,,200,bslmg-1766585705494-fffa5dbc26cd,vercel-cron/1.0,,production,main,MISS,serverless,/api/cron,cryptosignal-ai-ez86hcd7l-hadayalab-projects-projects.vercel.app,cryptosignal-ai-ez86hcd7l-hadayalab-projects-projects.vercel.app,dpl_6nxGdqoB3HkFdwy28NkKAQVhZaVk,304,iad1,265,2048,,prj_77JNaNVINhdc4TNPoekLRbrWaBBU,,,01KD8BD915TBXFAV42XAZ6VFX4,n6jbapLY8KSU,1
2025-12-24 14:00:05,1766584805231,cryptosignal-ai-ez86hcd7l-hadayalab-projects-projects.vercel.app/api/cron,GET,,200,fcps4-1766584805176-e3a0d7714a73,vercel-cron/1.0,info,production,main,MISS,serverless,/api/cron,cryptosignal-ai-ez86hcd7l-hadayalab-projects-projects.vercel.app,cryptosignal-ai-ez86hcd7l-hadayalab-projects-projects.vercel.app,dpl_6nxGdqoB3HkFdwy28NkKAQVhZaVk,,,,,🚀 Cron Job Started: Whale Monitor,prj_77JNaNVINhdc4TNPoekLRbrWaBBU,,,,,
2025-12-24 14:00:05,1766584805231,cryptosignal-ai-ez86hcd7l-hadayalab-projects-projects.vercel.app/api/cron,GET,,200,fcps4-1766584805176-e3a0d7714a73,vercel-cron/1.0,info,production,main,MISS,serverless,/api/cron,cryptosignal-ai-ez86hcd7l-hadayalab-projects-projects.vercel.app,cryptosignal-ai-ez86hcd7l-hadayalab-projects-projects.vercel.app,dpl_6nxGdqoB3HkFdwy28NkKAQVhZaVk,,,,,"Slot check => utcHour=14, utcMinute=0, isRegularSlot=false, force=false",prj_77JNaNVINhdc4TNPoekLRbrWaBBU,,,,,
2025-12-24 14:00:05,1766584805231,cryptosignal-ai-ez86hcd7l-hadayalab-projects-projects.vercel.app/api/cron,GET,,200,fcps4-1766584805176-e3a0d7714a73,vercel-cron/1.0,info,production,main,MISS,serverless,/api/cron,cryptosignal-ai-ez86hcd7l-hadayalab-projects-projects.vercel.app,cryptosignal-ai-ez86hcd7l-hadayalab-projects-projects.vercel.app,dpl_6nxGdqoB3HkFdwy28NkKAQVhZaVk,,,,,🌐 Fetching: https://api.cryptoquant.com/v1/btc/exchange-flows/netflow?exchange=all_exchange&window=day&limit=1,prj_77JNaNVINhdc4TNPoekLRbrWaBBU,,,,,
2025-12-24 14:00:05,1766584805324,cryptosignal-ai-ez86hcd7l-hadayalab-projects-projects.vercel.app/api/cron,GET,,200,fcps4-1766584805176-e3a0d7714a73,vercel-cron/1.0,info,production,main,MISS,serverless,/api/cron,cryptosignal-ai-ez86hcd7l-hadayalab-projects-projects.vercel.app,cryptosignal-ai-ez86hcd7l-hadayalab-projects-projects.vercel.app,dpl_6nxGdqoB3HkFdwy28NkKAQVhZaVk,,,,,🌐 Fetching: https://api.cryptoquant.com/v1/btc/flow-indicator/mpi?window=day&limit=1,prj_77JNaNVINhdc4TNPoekLRbrWaBBU,,,,,
2025-12-24 14:00:05,1766584805325,cryptosignal-ai-ez86hcd7l-hadayalab-projects-projects.vercel.app/api/cron,GET,,200,fcps4-1766584805176-e3a0d7714a73,vercel-cron/1.0,error,production,main,MISS,serverless,/api/cron,cryptosignal-ai-ez86hcd7l-hadayalab-projects-projects.vercel.app,cryptosignal-ai-ez86hcd7l-hadayalab-projects-projects.vercel.app,dpl_6nxGdqoB3HkFdwy28NkKAQVhZaVk,,,,,"(node:4) [DEP0169] DeprecationWarning: `url.parse()` behavior is not standardized and prone to errors that have security implications. Use the WHATWG URL API instead. CVEs are not issued for `url.parse()` vulnerabilities.
(Use `node --trace-deprecation ...` to show where the warning was created)",prj_77JNaNVINhdc4TNPoekLRbrWaBBU,,,,,
2025-12-24 14:00:05,1766584805507,cryptosignal-ai-ez86hcd7l-hadayalab-projects-projects.vercel.app/api/cron,GET,,200,fcps4-1766584805176-e3a0d7714a73,vercel-cron/1.0,info,production,main,MISS,serverless,/api/cron,cryptosignal-ai-ez86hcd7l-hadayalab-projects-projects.vercel.app,cryptosignal-ai-ez86hcd7l-hadayalab-projects-projects.vercel.app,dpl_6nxGdqoB3HkFdwy28NkKAQVhZaVk,,,,,"📊 Exchange Netflow (BTC): -11379.222587299999 raw: {""date"":""2025-12-23"",""netflow_total"":-11379.222587299999}",prj_77JNaNVINhdc4TNPoekLRbrWaBBU,,,,,
2025-12-24 14:00:05,1766584805535,cryptosignal-ai-ez86hcd7l-hadayalab-projects-projects.vercel.app/api/cron,GET,,200,fcps4-1766584805176-e3a0d7714a73,vercel-cron/1.0,info,production,main,MISS,serverless,/api/cron,cryptosignal-ai-ez86hcd7l-hadayalab-projects-projects.vercel.app,cryptosignal-ai-ez86hcd7l-hadayalab-projects-projects.vercel.app,dpl_6nxGdqoB3HkFdwy28NkKAQVhZaVk,,,,,"📊 Miner Position Index (BTC): -0.5211564700986901 raw: {""date"":""2025-12-23"",""mpi"":-0.5211564700986901}",prj_77JNaNVINhdc4TNPoekLRbrWaBBU,,,,,
2025-12-24 14:00:05,1766584805176,cryptosignal-ai-ez86hcd7l-hadayalab-projects-projects.vercel.app/api/cron,GET,,200,fcps4-1766584805176-e3a0d7714a73,vercel-cron/1.0,,production,main,MISS,serverless,/api/cron,cryptosignal-ai-ez86hcd7l-hadayalab-projects-projects.vercel.app,cryptosignal-ai-ez86hcd7l-hadayalab-projects-projects.vercel.app,dpl_6nxGdqoB3HkFdwy28NkKAQVhZaVk,409,iad1,271,2048,,prj_77JNaNVINhdc4TNPoekLRbrWaBBU,,,01KD8AHSTAXMJ3G1HGZNF86EYA,n6jbapLY8KSU,1
2025-12-24 13:45:05,1766583905259,cryptosignal-ai-ez86hcd7l-hadayalab-projects-projects.vercel.app/api/cron,GET,,200,jrcb7-1766583905195-877239de25bb,vercel-cron/1.0,info,production,main,MISS,serverless,/api/cron,cryptosignal-ai-ez86hcd7l-hadayalab-projects-projects.vercel.app,cryptosignal-ai-ez86hcd7l-hadayalab-projects-projects.vercel.app,dpl_6nxGdqoB3HkFdwy28NkKAQVhZaVk,,,,,🚀 Cron Job Started: Whale Monitor,prj_77JNaNVINhdc4TNPoekLRbrWaBBU,,,,,
2025-12-24 13:45:05,1766583905259,cryptosignal-ai-ez86hcd7l-hadayalab-projects-projects.vercel.app/api/cron,GET,,200,jrcb7-1766583905195-877239de25bb,vercel-cron/1.0,info,production,main,MISS,serverless,/api/cron,cryptosignal-ai-ez86hcd7l-hadayalab-projects-projects.vercel.app,cryptosignal-ai-ez86hcd7l-hadayalab-projects-projects.vercel.app,dpl_6nxGdqoB3HkFdwy28NkKAQVhZaVk,,,,,"Slot check => utcHour=13, utcMinute=45, isRegularSlot=false, force=false",prj_77JNaNVINhdc4TNPoekLRbrWaBBU,,,,,
2025-12-24 13:45:05,1766583905259,cryptosignal-ai-ez86hcd7l-hadayalab-projects-projects.vercel.app/api/cron,GET,,200,jrcb7-1766583905195-877239de25bb,vercel-cron/1.0,info,production,main,MISS,serverless,/api/cron,cryptosignal-ai-ez86hcd7l-hadayalab-projects-projects.vercel.app,cryptosignal-ai-ez86hcd7l-hadayalab-projects-projects.vercel.app,dpl_6nxGdqoB3HkFdwy28NkKAQVhZaVk,,,,,🌐 Fetching: https://api.cryptoquant.com/v1/btc/exchange-flows/netflow?exchange=all_exchange&window=day&limit=1,prj_77JNaNVINhdc4TNPoekLRbrWaBBU,,,,,
2025-12-24 13:45:05,1766583905259,cryptosignal-ai-ez86hcd7l-hadayalab-projects-projects.vercel.app/api/cron,GET,,200,jrcb7-1766583905195-877239de25bb,vercel-cron/1.0,info,production,main,MISS,serverless,/api/cron,cryptosignal-ai-ez86hcd7l-hadayalab-projects-projects.vercel.app,cryptosignal-ai-ez86hcd7l-hadayalab-projects-projects.vercel.app,dpl_6nxGdqoB3HkFdwy28NkKAQVhZaVk,,,,,🌐 Fetching: https://api.cryptoquant.com/v1/btc/flow-indicator/mpi?window=day&limit=1,prj_77JNaNVINhdc4TNPoekLRbrWaBBU,,,,,
2025-12-24 13:45:05,1766583905436,cryptosignal-ai-ez86hcd7l-hadayalab-projects-projects.vercel.app/api/cron,GET,,200,jrcb7-1766583905195-877239de25bb,vercel-cron/1.0,info,production,main,MISS,serverless,/api/cron,cryptosignal-ai-ez86hcd7l-hadayalab-projects-projects.vercel.app,cryptosignal-ai-ez86hcd7l-hadayalab-projects-projects.vercel.app,dpl_6nxGdqoB3HkFdwy28NkKAQVhZaVk,,,,,"📊 Miner Position Index (BTC): -0.5211564700986901 raw: {""date"":""2025-12-23"",""mpi"":-0.5211564700986901}",prj_77JNaNVINhdc4TNPoekLRbrWaBBU,,,,,
2025-12-24 13:45:05,1766583905492,cryptosignal-ai-ez86hcd7l-hadayalab-projects-projects.vercel.app/api/cron,GET,,200,jrcb7-1766583905195-877239de25bb,vercel-cron/1.0,info,production,main,MISS,serverless,/api/cron,cryptosignal-ai-ez86hcd7l-hadayalab-projects-projects.vercel.app,cryptosignal-ai-ez86hcd7l-hadayalab-projects-projects.vercel.app,dpl_6nxGdqoB3HkFdwy28NkKAQVhZaVk,,,,,"📊 Exchange Netflow (BTC): -11379.222587299999 raw: {""date"":""2025-12-23"",""netflow_total"":-11379.222587299999}",prj_77JNaNVINhdc4TNPoekLRbrWaBBU,,,,,
2025-12-24 13:45:05,1766583905195,cryptosignal-ai-ez86hcd7l-hadayalab-projects-projects.vercel.app/api/cron,GET,,200,jrcb7-1766583905195-877239de25bb,vercel-cron/1.0,,production,main,MISS,serverless,/api/cron,cryptosignal-ai-ez86hcd7l-hadayalab-projects-projects.vercel.app,cryptosignal-ai-ez86hcd7l-hadayalab-projects-projects.vercel.app,dpl_6nxGdqoB3HkFdwy28NkKAQVhZaVk,299,iad1,271,2048,,prj_77JNaNVINhdc4TNPoekLRbrWaBBU,,,01KD89PAYM8B4YT24J8S47F2VS,5sljffSCmufy,1
2025-12-24 13:30:05,1766583005262,cryptosignal-ai-ez86hcd7l-hadayalab-projects-projects.vercel.app/api/cron,GET,,200,f8fmx-1766583005223-5c03da6f6053,vercel-cron/1.0,info,production,main,MISS,serverless,/api/cron,cryptosignal-ai-ez86hcd7l-hadayalab-projects-projects.vercel.app,cryptosignal-ai-ez86hcd7l-hadayalab-projects-projects.vercel.app,dpl_6nxGdqoB3HkFdwy28NkKAQVhZaVk,,,,,🚀 Cron Job Started: Whale Monitor,prj_77JNaNVINhdc4TNPoekLRbrWaBBU,,,,,
2025-12-24 13:30:05,1766583005262,cryptosignal-ai-ez86hcd7l-hadayalab-projects-projects.vercel.app/api/cron,GET,,200,f8fmx-1766583005223-5c03da6f6053,vercel-cron/1.0,info,production,main,MISS,serverless,/api/cron,cryptosignal-ai-ez86hcd7l-hadayalab-projects-projects.vercel.app,cryptosignal-ai-ez86hcd7l-hadayalab-projects-projects.vercel.app,dpl_6nxGdqoB3HkFdwy28NkKAQVhZaVk,,,,,"Slot check => utcHour=13, utcMinute=30, isRegularSlot=false, force=false",prj_77JNaNVINhdc4TNPoekLRbrWaBBU,,,,,
2025-12-24 13:30:05,1766583005262,cryptosignal-ai-ez86hcd7l-hadayalab-projects-projects.vercel.app/api/cron,GET,,200,f8fmx-1766583005223-5c03da6f6053,vercel-cron/1.0,info,production,main,MISS,serverless,/api/cron,cryptosignal-ai-ez86hcd7l-hadayalab-projects-projects.vercel.app,cryptosignal-ai-ez86hcd7l-hadayalab-projects-projects.vercel.app,dpl_6nxGdqoB3HkFdwy28NkKAQVhZaVk,,,,,🌐 Fetching: https://api.cryptoquant.com/v1/btc/exchange-flows/netflow?exchange=all_exchange&window=day&limit=1,prj_77JNaNVINhdc4TNPoekLRbrWaBBU,,,,,
2025-12-24 13:30:05,1766583005262,cryptosignal-ai-ez86hcd7l-hadayalab-projects-projects.vercel.app/api/cron,GET,,200,f8fmx-1766583005223-5c03da6f6053,vercel-cron/1.0,info,production,main,MISS,serverless,/api/cron,cryptosignal-ai-ez86hcd7l-hadayalab-projects-projects.vercel.app,cryptosignal-ai-ez86hcd7l-hadayalab-projects-projects.vercel.app,dpl_6nxGdqoB3HkFdwy28NkKAQVhZaVk,,,,,🌐 Fetching: https://api.cryptoquant.com/v1/btc/flow-indicator/mpi?window=day&limit=1,prj_77JNaNVINhdc4TNPoekLRbrWaBBU,,,,,
2025-12-24 13:30:05,1766583005451,cryptosignal-ai-ez86hcd7l-hadayalab-projects-projects.vercel.app/api/cron,GET,,200,f8fmx-1766583005223-5c03da6f6053,vercel-cron/1.0,info,production,main,MISS,serverless,/api/cron,cryptosignal-ai-ez86hcd7l-hadayalab-projects-projects.vercel.app,cryptosignal-ai-ez86hcd7l-hadayalab-projects-projects.vercel.app,dpl_6nxGdqoB3HkFdwy28NkKAQVhZaVk,,,,,"📊 Exchange Netflow (BTC): -11379.222587299999 raw: {""date"":""2025-12-23"",""netflow_total"":-11379.222587299999}",prj_77JNaNVINhdc4TNPoekLRbrWaBBU,,,,,
2025-12-24 13:30:05,1766583005455,cryptosignal-ai-ez86hcd7l-hadayalab-projects-projects.vercel.app/api/cron,GET,,200,f8fmx-1766583005223-5c03da6f6053,vercel-cron/1.0,info,production,main,MISS,serverless,/api/cron,cryptosignal-ai-ez86hcd7l-hadayalab-projects-projects.vercel.app,cryptosignal-ai-ez86hcd7l-hadayalab-projects-projects.vercel.app,dpl_6nxGdqoB3HkFdwy28NkKAQVhZaVk,,,,,"📊 Miner Position Index (BTC): -0.5211564700986901 raw: {""date"":""2025-12-23"",""mpi"":-0.5211564700986901}",prj_77JNaNVINhdc4TNPoekLRbrWaBBU,,,,,
2025-12-24 13:30:05,1766583005223,cryptosignal-ai-ez86hcd7l-hadayalab-projects-projects.vercel.app/api/cron,GET,,200,f8fmx-1766583005223-5c03da6f6053,vercel-cron/1.0,,production,main,MISS,serverless,/api/cron,cryptosignal-ai-ez86hcd7l-hadayalab-projects-projects.vercel.app,cryptosignal-ai-ez86hcd7l-hadayalab-projects-projects.vercel.app,dpl_6nxGdqoB3HkFdwy28NkKAQVhZaVk,264,iad1,270,2048,,prj_77JNaNVINhdc4TNPoekLRbrWaBBU,,,01KD88TW1NMEYN1Q1CD75EM13J,5sljffSCmufy,1
2025-12-24 13:15:05,1766582105204,cryptosignal-ai-ez86hcd7l-hadayalab-projects-projects.vercel.app/api/cron,GET,,200,mlz87-1766582105151-e1a0b18f923f,vercel-cron/1.0,info,production,main,MISS,serverless,/api/cron,cryptosignal-ai-ez86hcd7l-hadayalab-projects-projects.vercel.app,cryptosignal-ai-ez86hcd7l-hadayalab-projects-projects.vercel.app,dpl_6nxGdqoB3HkFdwy28NkKAQVhZaVk,,,,,🚀 Cron Job Started: Whale Monitor,prj_77JNaNVINhdc4TNPoekLRbrWaBBU,,,,,
2025-12-24 13:15:05,1766582105204,cryptosignal-ai-ez86hcd7l-hadayalab-projects-projects.vercel.app/api/cron,GET,,200,mlz87-1766582105151-e1a0b18f923f,vercel-cron/1.0,info,production,main,MISS,serverless,/api/cron,cryptosignal-ai-ez86hcd7l-hadayalab-projects-projects.vercel.app,cryptosignal-ai-ez86hcd7l-hadayalab-projects-projects.vercel.app,dpl_6nxGdqoB3HkFdwy28NkKAQVhZaVk,,,,,"Slot check => utcHour=13, utcMinute=15, isRegularSlot=false, force=false",prj_77JNaNVINhdc4TNPoekLRbrWaBBU,,,,,
2025-12-24 13:15:05,1766582105204,cryptosignal-ai-ez86hcd7l-hadayalab-projects-projects.vercel.app/api/cron,GET,,200,mlz87-1766582105151-e1a0b18f923f,vercel-cron/1.0,info,production,main,MISS,serverless,/api/cron,cryptosignal-ai-ez86hcd7l-hadayalab-projects-projects.vercel.app,cryptosignal-ai-ez86hcd7l-hadayalab-projects-projects.vercel.app,dpl_6nxGdqoB3HkFdwy28NkKAQVhZaVk,,,,,🌐 Fetching: https://api.cryptoquant.com/v1/btc/exchange-flows/netflow?exchange=all_exchange&window=day&limit=1,prj_77JNaNVINhdc4TNPoekLRbrWaBBU,,,,,
2025-12-24 13:15:05,1766582105204,cryptosignal-ai-ez86hcd7l-hadayalab-projects-projects.vercel.app/api/cron,GET,,200,mlz87-1766582105151-e1a0b18f923f,vercel-cron/1.0,info,production,main,MISS,serverless,/api/cron,cryptosignal-ai-ez86hcd7l-hadayalab-projects-projects.vercel.app,cryptosignal-ai-ez86hcd7l-hadayalab-projects-projects.vercel.app,dpl_6nxGdqoB3HkFdwy28NkKAQVhZaVk,,,,,🌐 Fetching: https://api.cryptoquant.com/v1/btc/flow-indicator/mpi?window=day&limit=1,prj_77JNaNVINhdc4TNPoekLRbrWaBBU,,,,,
2025-12-24 13:15:05,1766582105373,cryptosignal-ai-ez86hcd7l-hadayalab-projects-projects.vercel.app/api/cron,GET,,200,mlz87-1766582105151-e1a0b18f923f,vercel-cron/1.0,info,production,main,MISS,serverless,/api/cron,cryptosignal-ai-ez86hcd7l-hadayalab-projects-projects.vercel.app,cryptosignal-ai-ez86hcd7l-hadayalab-projects-projects.vercel.app,dpl_6nxGdqoB3HkFdwy28NkKAQVhZaVk,,,,,"📊 Exchange Netflow (BTC): -11379.222587299999 raw: {""date"":""2025-12-23"",""netflow_total"":-11379.222587299999}",prj_77JNaNVINhdc4TNPoekLRbrWaBBU,,,,,
2025-12-24 13:15:05,1766582105405,cryptosignal-ai-ez86hcd7l-hadayalab-projects-projects.vercel.app/api/cron,GET,,200,mlz87-1766582105151-e1a0b18f923f,vercel-cron/1.0,info,production,main,MISS,serverless,/api/cron,cryptosignal-ai-ez86hcd7l-hadayalab-projects-projects.vercel.app,cryptosignal-ai-ez86hcd7l-hadayalab-projects-projects.vercel.app,dpl_6nxGdqoB3HkFdwy28NkKAQVhZaVk,,,,,"📊 Miner Position Index (BTC): -0.5211564700986901 raw: {""date"":""2025-12-23"",""mpi"":-0.5211564700986901}",prj_77JNaNVINhdc4TNPoekLRbrWaBBU,,,,,
2025-12-24 13:15:05,1766582105151,cryptosignal-ai-ez86hcd7l-hadayalab-projects-projects.vercel.app/api/cron,GET,,200,mlz87-1766582105151-e1a0b18f923f,vercel-cron/1.0,,production,main,MISS,serverless,/api/cron,cryptosignal-ai-ez86hcd7l-hadayalab-projects-projects.vercel.app,cryptosignal-ai-ez86hcd7l-hadayalab-projects-projects.vercel.app,dpl_6nxGdqoB3HkFdwy28NkKAQVhZaVk,273,iad1,270,2048,,prj_77JNaNVINhdc4TNPoekLRbrWaBBU,,,01KD87ZD2TRYDVS2GY936Q92NV,5sljffSCmufy,1
2025-12-24 13:00:05,1766581205823,cryptosignal-ai-ez86hcd7l-hadayalab-projects-projects.vercel.app/api/cron,GET,,200,jkcjc-1766581205770-7c6c9daba742,vercel-cron/1.0,info,production,main,MISS,serverless,/api/cron,cryptosignal-ai-ez86hcd7l-hadayalab-projects-projects.vercel.app,cryptosignal-ai-ez86hcd7l-hadayalab-projects-projects.vercel.app,dpl_6nxGdqoB3HkFdwy28NkKAQVhZaVk,,,,,🚀 Cron Job Started: Whale Monitor,prj_77JNaNVINhdc4TNPoekLRbrWaBBU,,,,,
2025-12-24 13:00:05,1766581205823,cryptosignal-ai-ez86hcd7l-hadayalab-projects-projects.vercel.app/api/cron,GET,,200,jkcjc-1766581205770-7c6c9daba742,vercel-cron/1.0,info,production,main,MISS,serverless,/api/cron,cryptosignal-ai-ez86hcd7l-hadayalab-projects-projects.vercel.app,cryptosignal-ai-ez86hcd7l-hadayalab-projects-projects.vercel.app,dpl_6nxGdqoB3HkFdwy28NkKAQVhZaVk,,,,,"Slot check => utcHour=13, utcMinute=0, isRegularSlot=false, force=false",prj_77JNaNVINhdc4TNPoekLRbrWaBBU,,,,,
2025-12-24 13:00:05,1766581205823,cryptosignal-ai-ez86hcd7l-hadayalab-projects-projects.vercel.app/api/cron,GET,,200,jkcjc-1766581205770-7c6c9daba742,vercel-cron/1.0,info,production,main,MISS,serverless,/api/cron,cryptosignal-ai-ez86hcd7l-hadayalab-projects-projects.vercel.app,cryptosignal-ai-ez86hcd7l-hadayalab-projects-projects.vercel.app,dpl_6nxGdqoB3HkFdwy28NkKAQVhZaVk,,,,,🌐 Fetching: https://api.cryptoquant.com/v1/btc/exchange-flows/netflow?exchange=all_exchange&window=day&limit=1,prj_77JNaNVINhdc4TNPoekLRbrWaBBU,,,,,
2025-12-24 13:00:05,1766581205825,cryptosignal-ai-ez86hcd7l-hadayalab-projects-projects.vercel.app/api/cron,GET,,200,jkcjc-1766581205770-7c6c9daba742,vercel-cron/1.0,info,production,main,MISS,serverless,/api/cron,cryptosignal-ai-ez86hcd7l-hadayalab-projects-projects.vercel.app,cryptosignal-ai-ez86hcd7l-hadayalab-projects-projects.vercel.app,dpl_6nxGdqoB3HkFdwy28NkKAQVhZaVk,,,,,🌐 Fetching: https://api.cryptoquant.com/v1/btc/flow-indicator/mpi?window=day&limit=1,prj_77JNaNVINhdc4TNPoekLRbrWaBBU,,,,,
2025-12-24 13:00:05,1766581205989,cryptosignal-ai-ez86hcd7l-hadayalab-projects-projects.vercel.app/api/cron,GET,,200,jkcjc-1766581205770-7c6c9daba742,vercel-cron/1.0,info,production,main,MISS,serverless,/api/cron,cryptosignal-ai-ez86hcd7l-hadayalab-projects-projects.vercel.app,cryptosignal-ai-ez86hcd7l-hadayalab-projects-projects.vercel.app,dpl_6nxGdqoB3HkFdwy28NkKAQVhZaVk,,,,,"📊 Exchange Netflow (BTC): -11379.222587299999 raw: {""date"":""2025-12-23"",""netflow_total"":-11379.222587299999}",prj_77JNaNVINhdc4TNPoekLRbrWaBBU,,,,,
2025-12-24 13:00:06,1766581206115,cryptosignal-ai-ez86hcd7l-hadayalab-projects-projects.vercel.app/api/cron,GET,,200,jkcjc-1766581205770-7c6c9daba742,vercel-cron/1.0,info,production,main,MISS,serverless,/api/cron,cryptosignal-ai-ez86hcd7l-hadayalab-projects-projects.vercel.app,cryptosignal-ai-ez86hcd7l-hadayalab-projects-projects.vercel.app,dpl_6nxGdqoB3HkFdwy28NkKAQVhZaVk,,,,,"📊 Miner Position Index (BTC): -0.5211564700986901 raw: {""date"":""2025-12-23"",""mpi"":-0.5211564700986901}",prj_77JNaNVINhdc4TNPoekLRbrWaBBU,,,,,
2025-12-24 13:00:05,1766581205770,cryptosignal-ai-ez86hcd7l-hadayalab-projects-projects.vercel.app/api/cron,GET,,200,jkcjc-1766581205770-7c6c9daba742,vercel-cron/1.0,,production,main,MISS,serverless,/api/cron,cryptosignal-ai-ez86hcd7l-hadayalab-projects-projects.vercel.app,cryptosignal-ai-ez86hcd7l-hadayalab-projects-projects.vercel.app,dpl_6nxGdqoB3HkFdwy28NkKAQVhZaVk,387,iad1,270,2048,,prj_77JNaNVINhdc4TNPoekLRbrWaBBU,,,01KD873YS23ZB4E0J1CGBCWYYA,5sljffSCmufy,1
2025-12-24 12:45:05,1766580305128,cryptosignal-ai-ez86hcd7l-hadayalab-projects-projects.vercel.app/api/cron,GET,,200,rpm64-1766580305096-f318ab3b99a7,vercel-cron/1.0,info,production,main,MISS,serverless,/api/cron,cryptosignal-ai-ez86hcd7l-hadayalab-projects-projects.vercel.app,cryptosignal-ai-ez86hcd7l-hadayalab-projects-projects.vercel.app,dpl_6nxGdqoB3HkFdwy28NkKAQVhZaVk,,,,,🚀 Cron Job Started: Whale Monitor,prj_77JNaNVINhdc4TNPoekLRbrWaBBU,,,,,
2025-12-24 12:45:05,1766580305128,cryptosignal-ai-ez86hcd7l-hadayalab-projects-projects.vercel.app/api/cron,GET,,200,rpm64-1766580305096-f318ab3b99a7,vercel-cron/1.0,info,production,main,MISS,serverless,/api/cron,cryptosignal-ai-ez86hcd7l-hadayalab-projects-projects.vercel.app,cryptosignal-ai-ez86hcd7l-hadayalab-projects-projects.vercel.app,dpl_6nxGdqoB3HkFdwy28NkKAQVhZaVk,,,,,"Slot check => utcHour=12, utcMinute=45, isRegularSlot=false, force=false",prj_77JNaNVINhdc4TNPoekLRbrWaBBU,,,,,
2025-12-24 12:45:05,1766580305129,cryptosignal-ai-ez86hcd7l-hadayalab-projects-projects.vercel.app/api/cron,GET,,200,rpm64-1766580305096-f318ab3b99a7,vercel-cron/1.0,info,production,main,MISS,serverless,/api/cron,cryptosignal-ai-ez86hcd7l-hadayalab-projects-projects.vercel.app,cryptosignal-ai-ez86hcd7l-hadayalab-projects-projects.vercel.app,dpl_6nxGdqoB3HkFdwy28NkKAQVhZaVk,,,,,🌐 Fetching: https://api.cryptoquant.com/v1/btc/exchange-flows/netflow?exchange=all_exchange&window=day&limit=1,prj_77JNaNVINhdc4TNPoekLRbrWaBBU,,,,,
2025-12-24 12:45:05,1766580305132,cryptosignal-ai-ez86hcd7l-hadayalab-projects-projects.vercel.app/api/cron,GET,,200,rpm64-1766580305096-f318ab3b99a7,vercel-cron/1.0,info,production,main,MISS,serverless,/api/cron,cryptosignal-ai-ez86hcd7l-hadayalab-projects-projects.vercel.app,cryptosignal-ai-ez86hcd7l-hadayalab-projects-projects.vercel.app,dpl_6nxGdqoB3HkFdwy28NkKAQVhZaVk,,,,,🌐 Fetching: https://api.cryptoquant.com/v1/btc/flow-indicator/mpi?window=day&limit=1,prj_77JNaNVINhdc4TNPoekLRbrWaBBU,,,,,
2025-12-24 12:45:05,1766580305360,cryptosignal-ai-ez86hcd7l-hadayalab-projects-projects.vercel.app/api/cron,GET,,200,rpm64-1766580305096-f318ab3b99a7,vercel-cron/1.0,info,production,main,MISS,serverless,/api/cron,cryptosignal-ai-ez86hcd7l-hadayalab-projects-projects.vercel.app,cryptosignal-ai-ez86hcd7l-hadayalab-projects-projects.vercel.app,dpl_6nxGdqoB3HkFdwy28NkKAQVhZaVk,,,,,"📊 Miner Position Index (BTC): -0.5211564700986901 raw: {""date"":""2025-12-23"",""mpi"":-0.5211564700986901}",prj_77JNaNVINhdc4TNPoekLRbrWaBBU,,,,,
2025-12-24 12:45:05,1766580305505,cryptosignal-ai-ez86hcd7l-hadayalab-projects-projects.vercel.app/api/cron,GET,,200,rpm64-1766580305096-f318ab3b99a7,vercel-cron/1.0,info,production,main,MISS,serverless,/api/cron,cryptosignal-ai-ez86hcd7l-hadayalab-projects-projects.vercel.app,cryptosignal-ai-ez86hcd7l-hadayalab-projects-projects.vercel.app,dpl_6nxGdqoB3HkFdwy28NkKAQVhZaVk,,,,,"📊 Exchange Netflow (BTC): -11379.222587299999 raw: {""date"":""2025-12-23"",""netflow_total"":-11379.222587299999}",prj_77JNaNVINhdc4TNPoekLRbrWaBBU,,,,,
2025-12-24 12:45:05,1766580305096,cryptosignal-ai-ez86hcd7l-hadayalab-projects-projects.vercel.app/api/cron,GET,,200,rpm64-1766580305096-f318ab3b99a7,vercel-cron/1.0,,production,main,MISS,serverless,/api/cron,cryptosignal-ai-ez86hcd7l-hadayalab-projects-projects.vercel.app,cryptosignal-ai-ez86hcd7l-hadayalab-projects-projects.vercel.app,dpl_6nxGdqoB3HkFdwy28NkKAQVhZaVk,461,iad1,270,2048,,prj_77JNaNVINhdc4TNPoekLRbrWaBBU,,,01KD868F6PKT99WM3TZWDH6ZK4,5sljffSCmufy,1
2025-12-24 12:30:05,1766579405207,cryptosignal-ai-ez86hcd7l-hadayalab-projects-projects.vercel.app/api/cron,GET,,200,wvf8q-1766579405166-b0f57eac73cf,vercel-cron/1.0,info,production,main,MISS,serverless,/api/cron,cryptosignal-ai-ez86hcd7l-hadayalab-projects-projects.vercel.app,cryptosignal-ai-ez86hcd7l-hadayalab-projects-projects.vercel.app,dpl_6nxGdqoB3HkFdwy28NkKAQVhZaVk,,,,,🚀 Cron Job Started: Whale Monitor,prj_77JNaNVINhdc4TNPoekLRbrWaBBU,,,,,
2025-12-24 12:30:05,1766579405207,cryptosignal-ai-ez86hcd7l-hadayalab-projects-projects.vercel.app/api/cron,GET,,200,wvf8q-1766579405166-b0f57eac73cf,vercel-cron/1.0,info,production,main,MISS,serverless,/api/cron,cryptosignal-ai-ez86hcd7l-hadayalab-projects-projects.vercel.app,cryptosignal-ai-ez86hcd7l-hadayalab-projects-projects.vercel.app,dpl_6nxGdqoB3HkFdwy28NkKAQVhZaVk,,,,,"Slot check => utcHour=12, utcMinute=30, isRegularSlot=false, force=false",prj_77JNaNVINhdc4TNPoekLRbrWaBBU,,,,,
2025-12-24 12:30:05,1766579405207,cryptosignal-ai-ez86hcd7l-hadayalab-projects-projects.vercel.app/api/cron,GET,,200,wvf8q-1766579405166-b0f57eac73cf,vercel-cron/1.0,info,production,main,MISS,serverless,/api/cron,cryptosignal-ai-ez86hcd7l-hadayalab-projects-projects.vercel.app,cryptosignal-ai-ez86hcd7l-hadayalab-projects-projects.vercel.app,dpl_6nxGdqoB3HkFdwy28NkKAQVhZaVk,,,,,🌐 Fetching: https://api.cryptoquant.com/v1/btc/exchange-flows/netflow?exchange=all_exchange&window=day&limit=1,prj_77JNaNVINhdc4TNPoekLRbrWaBBU,,,,,
2025-12-24 12:30:05,1766579405207,cryptosignal-ai-ez86hcd7l-hadayalab-projects-projects.vercel.app/api/cron,GET,,200,wvf8q-1766579405166-b0f57eac73cf,vercel-cron/1.0,info,production,main,MISS,serverless,/api/cron,cryptosignal-ai-ez86hcd7l-hadayalab-projects-projects.vercel.app,cryptosignal-ai-ez86hcd7l-hadayalab-projects-projects.vercel.app,dpl_6nxGdqoB3HkFdwy28NkKAQVhZaVk,,,,,🌐 Fetching: https://api.cryptoquant.com/v1/btc/flow-indicator/mpi?window=day&limit=1,prj_77JNaNVINhdc4TNPoekLRbrWaBBU,,,,,
2025-12-24 12:30:05,1766579405351,cryptosignal-ai-ez86hcd7l-hadayalab-projects-projects.vercel.app/api/cron,GET,,200,wvf8q-1766579405166-b0f57eac73cf,vercel-cron/1.0,info,production,main,MISS,serverless,/api/cron,cryptosignal-ai-ez86hcd7l-hadayalab-projects-projects.vercel.app,cryptosignal-ai-ez86hcd7l-hadayalab-projects-projects.vercel.app,dpl_6nxGdqoB3HkFdwy28NkKAQVhZaVk,,,,,"📊 Exchange Netflow (BTC): -11379.222587299999 raw: {""date"":""2025-12-23"",""netflow_total"":-11379.222587299999}",prj_77JNaNVINhdc4TNPoekLRbrWaBBU,,,,,
2025-12-24 12:30:05,1766579405568,cryptosignal-ai-ez86hcd7l-hadayalab-projects-projects.vercel.app/api/cron,GET,,200,wvf8q-1766579405166-b0f57eac73cf,vercel-cron/1.0,info,production,main,MISS,serverless,/api/cron,cryptosignal-ai-ez86hcd7l-hadayalab-projects-projects.vercel.app,cryptosignal-ai-ez86hcd7l-hadayalab-projects-projects.vercel.app,dpl_6nxGdqoB3HkFdwy28NkKAQVhZaVk,,,,,"📊 Miner Position Index (BTC): -0.5211564700986901 raw: {""date"":""2025-12-23"",""mpi"":-0.5211564700986901}",prj_77JNaNVINhdc4TNPoekLRbrWaBBU,,,,,
2025-12-24 12:30:05,1766579405166,cryptosignal-ai-ez86hcd7l-hadayalab-projects-projects.vercel.app/api/cron,GET,,200,wvf8q-1766579405166-b0f57eac73cf,vercel-cron/1.0,,production,main,MISS,serverless,/api/cron,cryptosignal-ai-ez86hcd7l-hadayalab-projects-projects.vercel.app,cryptosignal-ai-ez86hcd7l-hadayalab-projects-projects.vercel.app,dpl_6nxGdqoB3HkFdwy28NkKAQVhZaVk,454,iad1,270,2048,,prj_77JNaNVINhdc4TNPoekLRbrWaBBU,,,01KD85D0BYY3C808H23CHMR0PY,5sljffSCmufy,1