TimeUTC,timestampInMs,requestPath,requestMethod,requestQueryString,responseStatusCode,requestId,requestUserAgent,level,environment,branch,vercelCache,type,function,host,deploymentDomain,deploymentId,durationMs,region,maxMemoryUsed,memorySize,message,projectId,traceId,sessionId,invocationId,instanceId,concurrency
2025-12-25 00:30:23,1766622623697,cryptosignal-ai-68mu4qxgd-hadayalab-projects-projects.vercel.app/api/cron,GET,,200,5h6g4-1766622623664-008195449a5e,vercel-cron/1.0,info,production,main,MISS,serverless,/api/cron,cryptosignal-ai-68mu4qxgd-hadayalab-projects-projects.vercel.app,cryptosignal-ai-68mu4qxgd-hadayalab-projects-projects.vercel.app,dpl_7xctBUeLMmAaeMQE2WZBJjJ4HKAe,,,,,🚀 Cron Job Started: Whale Monitor,prj_3ECsT5RqWymkjdfB0bXrqIH4TwFq,,,,,
2025-12-25 00:30:23,1766622623698,cryptosignal-ai-68mu4qxgd-hadayalab-projects-projects.vercel.app/api/cron,GET,,200,5h6g4-1766622623664-008195449a5e,vercel-cron/1.0,info,production,main,MISS,serverless,/api/cron,cryptosignal-ai-68mu4qxgd-hadayalab-projects-projects.vercel.app,cryptosignal-ai-68mu4qxgd-hadayalab-projects-projects.vercel.app,dpl_7xctBUeLMmAaeMQE2WZBJjJ4HKAe,,,,,"Slot check => utcHour=0, utcMinute=30, isRegularSlot=false, force=false",prj_3ECsT5RqWymkjdfB0bXrqIH4TwFq,,,,,
2025-12-25 00:30:23,1766622623698,cryptosignal-ai-68mu4qxgd-hadayalab-projects-projects.vercel.app/api/cron,GET,,200,5h6g4-1766622623664-008195449a5e,vercel-cron/1.0,info,production,main,MISS,serverless,/api/cron,cryptosignal-ai-68mu4qxgd-hadayalab-projects-projects.vercel.app,cryptosignal-ai-68mu4qxgd-hadayalab-projects-projects.vercel.app,dpl_7xctBUeLMmAaeMQE2WZBJjJ4HKAe,,,,,🌐 Fetching: https://api.cryptoquant.com/v1/btc/exchange-flows/netflow?exchange=all_exchange&window=day&limit=1,prj_3ECsT5RqWymkjdfB0bXrqIH4TwFq,,,,,
2025-12-25 00:30:23,1766622623698,cryptosignal-ai-68mu4qxgd-hadayalab-projects-projects.vercel.app/api/cron,GET,,200,5h6g4-1766622623664-008195449a5e,vercel-cron/1.0,info,production,main,MISS,serverless,/api/cron,cryptosignal-ai-68mu4qxgd-hadayalab-projects-projects.vercel.app,cryptosignal-ai-68mu4qxgd-hadayalab-projects-projects.vercel.app,dpl_7xctBUeLMmAaeMQE2WZBJjJ4HKAe,,,,,🌐 Fetching: https://api.cryptoquant.com/v1/btc/flow-indicator/mpi?window=day&limit=1,prj_3ECsT5RqWymkjdfB0bXrqIH4TwFq,,,,,
2025-12-25 00:30:23,1766622623863,cryptosignal-ai-68mu4qxgd-hadayalab-projects-projects.vercel.app/api/cron,GET,,200,5h6g4-1766622623664-008195449a5e,vercel-cron/1.0,info,production,main,MISS,serverless,/api/cron,cryptosignal-ai-68mu4qxgd-hadayalab-projects-projects.vercel.app,cryptosignal-ai-68mu4qxgd-hadayalab-projects-projects.vercel.app,dpl_7xctBUeLMmAaeMQE2WZBJjJ4HKAe,,,,,"📊 Exchange Netflow (BTC): -11379.222587299999 raw: {""date"":""2025-12-23"",""netflow_total"":-11379.222587299999}",prj_3ECsT5RqWymkjdfB0bXrqIH4TwFq,,,,,
2025-12-25 00:30:24,1766622624032,cryptosignal-ai-68mu4qxgd-hadayalab-projects-projects.vercel.app/api/cron,GET,,200,5h6g4-1766622623664-008195449a5e,vercel-cron/1.0,info,production,main,MISS,serverless,/api/cron,cryptosignal-ai-68mu4qxgd-hadayalab-projects-projects.vercel.app,cryptosignal-ai-68mu4qxgd-hadayalab-projects-projects.vercel.app,dpl_7xctBUeLMmAaeMQE2WZBJjJ4HKAe,,,,,"📊 Miner Position Index (BTC): -0.5211564700986901 raw: {""date"":""2025-12-23"",""mpi"":-0.5211564700986901}",prj_3ECsT5RqWymkjdfB0bXrqIH4TwFq,,,,,
2025-12-25 00:30:23,1766622623664,cryptosignal-ai-68mu4qxgd-hadayalab-projects-projects.vercel.app/api/cron,GET,,200,5h6g4-1766622623664-008195449a5e,vercel-cron/1.0,,production,main,MISS,serverless,/api/cron,cryptosignal-ai-68mu4qxgd-hadayalab-projects-projects.vercel.app,cryptosignal-ai-68mu4qxgd-hadayalab-projects-projects.vercel.app,dpl_7xctBUeLMmAaeMQE2WZBJjJ4HKAe,401,iad1,271,2048,,prj_3ECsT5RqWymkjdfB0bXrqIH4TwFq,,,01KD9EKXXXRPYE7FWDSG8H86AH,OAerazeojXP6,1
2025-12-25 00:15:23,1766621723153,cryptosignal-ai-68mu4qxgd-hadayalab-projects-projects.vercel.app/api/cron,GET,,200,jqm4l-1766621723078-da0c5c063420,vercel-cron/1.0,info,production,main,MISS,serverless,/api/cron,cryptosignal-ai-68mu4qxgd-hadayalab-projects-projects.vercel.app,cryptosignal-ai-68mu4qxgd-hadayalab-projects-projects.vercel.app,dpl_7xctBUeLMmAaeMQE2WZBJjJ4HKAe,,,,,🚀 Cron Job Started: Whale Monitor,prj_3ECsT5RqWymkjdfB0bXrqIH4TwFq,,,,,
2025-12-25 00:15:23,1766621723153,cryptosignal-ai-68mu4qxgd-hadayalab-projects-projects.vercel.app/api/cron,GET,,200,jqm4l-1766621723078-da0c5c063420,vercel-cron/1.0,info,production,main,MISS,serverless,/api/cron,cryptosignal-ai-68mu4qxgd-hadayalab-projects-projects.vercel.app,cryptosignal-ai-68mu4qxgd-hadayalab-projects-projects.vercel.app,dpl_7xctBUeLMmAaeMQE2WZBJjJ4HKAe,,,,,"Slot check => utcHour=0, utcMinute=15, isRegularSlot=false, force=false",prj_3ECsT5RqWymkjdfB0bXrqIH4TwFq,,,,,
2025-12-25 00:15:23,1766621723153,cryptosignal-ai-68mu4qxgd-hadayalab-projects-projects.vercel.app/api/cron,GET,,200,jqm4l-1766621723078-da0c5c063420,vercel-cron/1.0,info,production,main,MISS,serverless,/api/cron,cryptosignal-ai-68mu4qxgd-hadayalab-projects-projects.vercel.app,cryptosignal-ai-68mu4qxgd-hadayalab-projects-projects.vercel.app,dpl_7xctBUeLMmAaeMQE2WZBJjJ4HKAe,,,,,🌐 Fetching: https://api.cryptoquant.com/v1/btc/exchange-flows/netflow?exchange=all_exchange&window=day&limit=1,prj_3ECsT5RqWymkjdfB0bXrqIH4TwFq,,,,,
2025-12-25 00:15:23,1766621723153,cryptosignal-ai-68mu4qxgd-hadayalab-projects-projects.vercel.app/api/cron,GET,,200,jqm4l-1766621723078-da0c5c063420,vercel-cron/1.0,info,production,main,MISS,serverless,/api/cron,cryptosignal-ai-68mu4qxgd-hadayalab-projects-projects.vercel.app,cryptosignal-ai-68mu4qxgd-hadayalab-projects-projects.vercel.app,dpl_7xctBUeLMmAaeMQE2WZBJjJ4HKAe,,,,,🌐 Fetching: https://api.cryptoquant.com/v1/btc/flow-indicator/mpi?window=day&limit=1,prj_3ECsT5RqWymkjdfB0bXrqIH4TwFq,,,,,
2025-12-25 00:15:23,1766621723329,cryptosignal-ai-68mu4qxgd-hadayalab-projects-projects.vercel.app/api/cron,GET,,200,jqm4l-1766621723078-da0c5c063420,vercel-cron/1.0,info,production,main,MISS,serverless,/api/cron,cryptosignal-ai-68mu4qxgd-hadayalab-projects-projects.vercel.app,cryptosignal-ai-68mu4qxgd-hadayalab-projects-projects.vercel.app,dpl_7xctBUeLMmAaeMQE2WZBJjJ4HKAe,,,,,"📊 Exchange Netflow (BTC): -11379.222587299999 raw: {""date"":""2025-12-23"",""netflow_total"":-11379.222587299999}",prj_3ECsT5RqWymkjdfB0bXrqIH4TwFq,,,,,
2025-12-25 00:15:23,1766621723334,cryptosignal-ai-68mu4qxgd-hadayalab-projects-projects.vercel.app/api/cron,GET,,200,jqm4l-1766621723078-da0c5c063420,vercel-cron/1.0,info,production,main,MISS,serverless,/api/cron,cryptosignal-ai-68mu4qxgd-hadayalab-projects-projects.vercel.app,cryptosignal-ai-68mu4qxgd-hadayalab-projects-projects.vercel.app,dpl_7xctBUeLMmAaeMQE2WZBJjJ4HKAe,,,,,"📊 Miner Position Index (BTC): -0.5211564700986901 raw: {""date"":""2025-12-23"",""mpi"":-0.5211564700986901}",prj_3ECsT5RqWymkjdfB0bXrqIH4TwFq,,,,,
2025-12-25 00:15:23,1766621723078,cryptosignal-ai-68mu4qxgd-hadayalab-projects-projects.vercel.app/api/cron,GET,,200,jqm4l-1766621723078-da0c5c063420,vercel-cron/1.0,,production,main,MISS,serverless,/api/cron,cryptosignal-ai-68mu4qxgd-hadayalab-projects-projects.vercel.app,cryptosignal-ai-68mu4qxgd-hadayalab-projects-projects.vercel.app,dpl_7xctBUeLMmAaeMQE2WZBJjJ4HKAe,246,iad1,271,2048,,prj_3ECsT5RqWymkjdfB0bXrqIH4TwFq,,,01KD9DREFTBBTDT0NF7V6TM6PX,OAerazeojXP6,1
2025-12-25 00:00:23,1766620823432,cryptosignal-ai-68mu4qxgd-hadayalab-projects-projects.vercel.app/api/cron,GET,,200,27vnd-1766620823395-91e1d6aeeeae,vercel-cron/1.0,info,production,main,MISS,serverless,/api/cron,cryptosignal-ai-68mu4qxgd-hadayalab-projects-projects.vercel.app,cryptosignal-ai-68mu4qxgd-hadayalab-projects-projects.vercel.app,dpl_7xctBUeLMmAaeMQE2WZBJjJ4HKAe,,,,,🚀 Cron Job Started: Whale Monitor,prj_3ECsT5RqWymkjdfB0bXrqIH4TwFq,,,,,
2025-12-25 00:00:23,1766620823432,cryptosignal-ai-68mu4qxgd-hadayalab-projects-projects.vercel.app/api/cron,GET,,200,27vnd-1766620823395-91e1d6aeeeae,vercel-cron/1.0,info,production,main,MISS,serverless,/api/cron,cryptosignal-ai-68mu4qxgd-hadayalab-projects-projects.vercel.app,cryptosignal-ai-68mu4qxgd-hadayalab-projects-projects.vercel.app,dpl_7xctBUeLMmAaeMQE2WZBJjJ4HKAe,,,,,"Slot check => utcHour=0, utcMinute=0, isRegularSlot=true, force=false",prj_3ECsT5RqWymkjdfB0bXrqIH4TwFq,,,,,
2025-12-25 00:00:23,1766620823432,cryptosignal-ai-68mu4qxgd-hadayalab-projects-projects.vercel.app/api/cron,GET,,200,27vnd-1766620823395-91e1d6aeeeae,vercel-cron/1.0,info,production,main,MISS,serverless,/api/cron,cryptosignal-ai-68mu4qxgd-hadayalab-projects-projects.vercel.app,cryptosignal-ai-68mu4qxgd-hadayalab-projects-projects.vercel.app,dpl_7xctBUeLMmAaeMQE2WZBJjJ4HKAe,,,,,🌐 Fetching: https://api.cryptoquant.com/v1/btc/exchange-flows/netflow?exchange=all_exchange&window=day&limit=1,prj_3ECsT5RqWymkjdfB0bXrqIH4TwFq,,,,,
2025-12-25 00:00:23,1766620823433,cryptosignal-ai-68mu4qxgd-hadayalab-projects-projects.vercel.app/api/cron,GET,,200,27vnd-1766620823395-91e1d6aeeeae,vercel-cron/1.0,info,production,main,MISS,serverless,/api/cron,cryptosignal-ai-68mu4qxgd-hadayalab-projects-projects.vercel.app,cryptosignal-ai-68mu4qxgd-hadayalab-projects-projects.vercel.app,dpl_7xctBUeLMmAaeMQE2WZBJjJ4HKAe,,,,,🌐 Fetching: https://api.cryptoquant.com/v1/btc/flow-indicator/mpi?window=day&limit=1,prj_3ECsT5RqWymkjdfB0bXrqIH4TwFq,,,,,
2025-12-25 00:00:23,1766620823586,cryptosignal-ai-68mu4qxgd-hadayalab-projects-projects.vercel.app/api/cron,GET,,200,27vnd-1766620823395-91e1d6aeeeae,vercel-cron/1.0,info,production,main,MISS,serverless,/api/cron,cryptosignal-ai-68mu4qxgd-hadayalab-projects-projects.vercel.app,cryptosignal-ai-68mu4qxgd-hadayalab-projects-projects.vercel.app,dpl_7xctBUeLMmAaeMQE2WZBJjJ4HKAe,,,,,"📊 Exchange Netflow (BTC): -11379.222587299999 raw: {""date"":""2025-12-23"",""netflow_total"":-11379.222587299999}",prj_3ECsT5RqWymkjdfB0bXrqIH4TwFq,,,,,
2025-12-25 00:00:23,1766620823776,cryptosignal-ai-68mu4qxgd-hadayalab-projects-projects.vercel.app/api/cron,GET,,200,27vnd-1766620823395-91e1d6aeeeae,vercel-cron/1.0,info,production,main,MISS,serverless,/api/cron,cryptosignal-ai-68mu4qxgd-hadayalab-projects-projects.vercel.app,cryptosignal-ai-68mu4qxgd-hadayalab-projects-projects.vercel.app,dpl_7xctBUeLMmAaeMQE2WZBJjJ4HKAe,,,,,"📊 Miner Position Index (BTC): -0.5211564700986901 raw: {""date"":""2025-12-23"",""mpi"":-0.5211564700986901}",prj_3ECsT5RqWymkjdfB0bXrqIH4TwFq,,,,,
2025-12-25 00:00:57,1766620857156,cryptosignal-ai-68mu4qxgd-hadayalab-projects-projects.vercel.app/api/cron,GET,,200,27vnd-1766620823395-91e1d6aeeeae,vercel-cron/1.0,info,production,main,MISS,serverless,/api/cron,cryptosignal-ai-68mu4qxgd-hadayalab-projects-projects.vercel.app,cryptosignal-ai-68mu4qxgd-hadayalab-projects-projects.vercel.app,dpl_7xctBUeLMmAaeMQE2WZBJjJ4HKAe,,,,,Sending REGULAR message...,prj_3ECsT5RqWymkjdfB0bXrqIH4TwFq,,,,,
2025-12-25 00:00:57,1766620857157,cryptosignal-ai-68mu4qxgd-hadayalab-projects-projects.vercel.app/api/cron,GET,,200,27vnd-1766620823395-91e1d6aeeeae,vercel-cron/1.0,info,production,main,MISS,serverless,/api/cron,cryptosignal-ai-68mu4qxgd-hadayalab-projects-projects.vercel.app,cryptosignal-ai-68mu4qxgd-hadayalab-projects-projects.vercel.app,dpl_7xctBUeLMmAaeMQE2WZBJjJ4HKAe,,,,,🌐 Fetching: https://api.cryptoquant.com/v1/btc/exchange-flows/netflow?exchange=all_exchange&window=day&limit=1,prj_3ECsT5RqWymkjdfB0bXrqIH4TwFq,,,,,
2025-12-25 00:00:57,1766620857158,cryptosignal-ai-68mu4qxgd-hadayalab-projects-projects.vercel.app/api/cron,GET,,200,27vnd-1766620823395-91e1d6aeeeae,vercel-cron/1.0,info,production,main,MISS,serverless,/api/cron,cryptosignal-ai-68mu4qxgd-hadayalab-projects-projects.vercel.app,cryptosignal-ai-68mu4qxgd-hadayalab-projects-projects.vercel.app,dpl_7xctBUeLMmAaeMQE2WZBJjJ4HKAe,,,,,🌐 Fetching: https://api.cryptoquant.com/v1/btc/flow-indicator/mpi?window=day&limit=1,prj_3ECsT5RqWymkjdfB0bXrqIH4TwFq,,,,,
2025-12-25 00:00:57,1766620857335,cryptosignal-ai-68mu4qxgd-hadayalab-projects-projects.vercel.app/api/cron,GET,,200,27vnd-1766620823395-91e1d6aeeeae,vercel-cron/1.0,info,production,main,MISS,serverless,/api/cron,cryptosignal-ai-68mu4qxgd-hadayalab-projects-projects.vercel.app,cryptosignal-ai-68mu4qxgd-hadayalab-projects-projects.vercel.app,dpl_7xctBUeLMmAaeMQE2WZBJjJ4HKAe,,,,,"📊 Exchange Netflow (BTC): -11379.222587299999 raw: {""date"":""2025-12-23"",""netflow_total"":-11379.222587299999}",prj_3ECsT5RqWymkjdfB0bXrqIH4TwFq,,,,,
2025-12-25 00:00:57,1766620857335,cryptosignal-ai-68mu4qxgd-hadayalab-projects-projects.vercel.app/api/cron,GET,,200,27vnd-1766620823395-91e1d6aeeeae,vercel-cron/1.0,info,production,main,MISS,serverless,/api/cron,cryptosignal-ai-68mu4qxgd-hadayalab-projects-projects.vercel.app,cryptosignal-ai-68mu4qxgd-hadayalab-projects-projects.vercel.app,dpl_7xctBUeLMmAaeMQE2WZBJjJ4HKAe,,,,,"📊 Miner Position Index (BTC): -0.5211564700986901 raw: {""date"":""2025-12-23"",""mpi"":-0.5211564700986901}",prj_3ECsT5RqWymkjdfB0bXrqIH4TwFq,,,,,
2025-12-25 00:00:57,1766620857335,cryptosignal-ai-68mu4qxgd-hadayalab-projects-projects.vercel.app/api/cron,GET,,200,27vnd-1766620823395-91e1d6aeeeae,vercel-cron/1.0,info,production,main,MISS,serverless,/api/cron,cryptosignal-ai-68mu4qxgd-hadayalab-projects-projects.vercel.app,cryptosignal-ai-68mu4qxgd-hadayalab-projects-projects.vercel.app,dpl_7xctBUeLMmAaeMQE2WZBJjJ4HKAe,,,,,🌐 Fetching: https://api.cryptoquant.com/v1/btc/nupl/current?limit=1,prj_3ECsT5RqWymkjdfB0bXrqIH4TwFq,,,,,
2025-12-25 00:00:57,1766620857336,cryptosignal-ai-68mu4qxgd-hadayalab-projects-projects.vercel.app/api/cron,GET,,200,27vnd-1766620823395-91e1d6aeeeae,vercel-cron/1.0,info,production,main,MISS,serverless,/api/cron,cryptosignal-ai-68mu4qxgd-hadayalab-projects-projects.vercel.app,cryptosignal-ai-68mu4qxgd-hadayalab-projects-projects.vercel.app,dpl_7xctBUeLMmAaeMQE2WZBJjJ4HKAe,,,,,🌐 Fetching: https://api.cryptoquant.com/v1/btc/sopr?window=day&limit=30,prj_3ECsT5RqWymkjdfB0bXrqIH4TwFq,,,,,
2025-12-25 00:00:57,1766620857428,cryptosignal-ai-68mu4qxgd-hadayalab-projects-projects.vercel.app/api/cron,GET,,200,27vnd-1766620823395-91e1d6aeeeae,vercel-cron/1.0,error,production,main,MISS,serverless,/api/cron,cryptosignal-ai-68mu4qxgd-hadayalab-projects-projects.vercel.app,cryptosignal-ai-68mu4qxgd-hadayalab-projects-projects.vercel.app,dpl_7xctBUeLMmAaeMQE2WZBJjJ4HKAe,,,,,❌ CryptoQuant Request Failed: API Error: 404 Not Found,prj_3ECsT5RqWymkjdfB0bXrqIH4TwFq,,,,,
2025-12-25 00:00:57,1766620857428,cryptosignal-ai-68mu4qxgd-hadayalab-projects-projects.vercel.app/api/cron,GET,,200,27vnd-1766620823395-91e1d6aeeeae,vercel-cron/1.0,warning,production,main,MISS,serverless,/api/cron,cryptosignal-ai-68mu4qxgd-hadayalab-projects-projects.vercel.app,cryptosignal-ai-68mu4qxgd-hadayalab-projects-projects.vercel.app,dpl_7xctBUeLMmAaeMQE2WZBJjJ4HKAe,,,,,[deepMetrics] Error fetching SOPR 30d: API Error: 404 Not Found,prj_3ECsT5RqWymkjdfB0bXrqIH4TwFq,,,,,
2025-12-25 00:00:57,1766620857435,cryptosignal-ai-68mu4qxgd-hadayalab-projects-projects.vercel.app/api/cron,GET,,200,27vnd-1766620823395-91e1d6aeeeae,vercel-cron/1.0,error,production,main,MISS,serverless,/api/cron,cryptosignal-ai-68mu4qxgd-hadayalab-projects-projects.vercel.app,cryptosignal-ai-68mu4qxgd-hadayalab-projects-projects.vercel.app,dpl_7xctBUeLMmAaeMQE2WZBJjJ4HKAe,,,,,❌ CryptoQuant Request Failed: API Error: 404 Not Found,prj_3ECsT5RqWymkjdfB0bXrqIH4TwFq,,,,,
2025-12-25 00:00:57,1766620857435,cryptosignal-ai-68mu4qxgd-hadayalab-projects-projects.vercel.app/api/cron,GET,,200,27vnd-1766620823395-91e1d6aeeeae,vercel-cron/1.0,warning,production,main,MISS,serverless,/api/cron,cryptosignal-ai-68mu4qxgd-hadayalab-projects-projects.vercel.app,cryptosignal-ai-68mu4qxgd-hadayalab-projects-projects.vercel.app,dpl_7xctBUeLMmAaeMQE2WZBJjJ4HKAe,,,,,[deepMetrics] Error fetching NUPL: API Error: 404 Not Found,prj_3ECsT5RqWymkjdfB0bXrqIH4TwFq,,,,,
2025-12-25 00:00:57,1766620857912,cryptosignal-ai-68mu4qxgd-hadayalab-projects-projects.vercel.app/api/cron,GET,,200,27vnd-1766620823395-91e1d6aeeeae,vercel-cron/1.0,info,production,main,MISS,serverless,/api/cron,cryptosignal-ai-68mu4qxgd-hadayalab-projects-projects.vercel.app,cryptosignal-ai-68mu4qxgd-hadayalab-projects-projects.vercel.app,dpl_7xctBUeLMmAaeMQE2WZBJjJ4HKAe,,,,,"📨 Telegram sent: {
  ""ok"": true,
  ""result"": {
    ""message_id"": 85,
    ""from"": {
      ""id"": 8451748811,
      ""is_bot"": true,
      ""first_name"": ""CryptoSignal AI JA"",
      ""username"": ""CryptoSignal_AI_JP_bot""
    },
    ""chat"": {
      ""id"": -1003361901758,
      ""title"": ""CryptoSignal AI – Starter Signals (JA)"",
      ""type"": ""supergroup""
    },
    ""date"": 1766620857,
    ""text"": ""📚 Dr. Grok Market Leak\nセッションブリーフィング @ 2025-12-25 00:00:23 UTC\n\n💰 BTC 現在価格: $87,616 (+0.24% / 24h)\n📊 取引所ネットフロー: Outflow 11379 BTC\n⛏ Miners' Position Index (MPI): -0.52\n🧠 投資家センチメント: Extreme Fear\n\n📈 マーケットスコア: 19/100\n⚖️ リスクリワード比: 1.00 ❌ 低い\n• NUPL (含み損益): 0.000\n• SOPR 30日平均: 1.000\n✅ トラップ検知: 重大なトラップは検知されていません。\n\n🎯 トレード・ヴァーディクト\n🛡️ シグナル: BUG STANDBY (Defense Active)\n• 想定エントリー（スポット参考）: $87,616\n• モード: Bug Standby — 明確な優位性が出るまで待機。守りを優先。\n• Take Profit: n/a\n• Stop Loss: n/a\n\n🧬 Dr. Grok の見立て\n以下は戦略アイデアであり、公式な True Bug エントリーシグナルではありません。ご自身のトレードプランとリスク管理と整合するときにのみ活用してください。\nドクター・グロックだ。BTCのデータ見てみたぜ。極度の恐怖（Extreme Fear）で、資金流出（inflow -11k超え）、MPIもネガティブ。価格87kドルで24h微増だけど、クジラバイアスゼロ、リテールFOMO中途半端50、ニュースインパクトなし。スコア低め19でシグナルNONE。トラップなし。\n\nリスク優先のタクティクス： 恐怖市場はボラ激しいから、ポジ持ってるならタイトSL入れて様子見。エントリーは避けろ—クジラの動き待て。FOMO50はリテールがビビってるサイン、急落リスク高め。次のシグナルまでキャッシュポジで耐えろ。質問あるか？\n\n本情報は教育目的で提供されるものであり、投資助言・金融商品の勧誘を行うものではありません。"",
    ""entities"": [
      {
        ""offset"": 184,
        ""length"": 12,
        ""type"": ""bold""
      }
    ]
  }
}",prj_3ECsT5RqWymkjdfB0bXrqIH4TwFq,,,,,
2025-12-25 00:00:23,1766620823395,cryptosignal-ai-68mu4qxgd-hadayalab-projects-projects.vercel.app/api/cron,GET,,200,27vnd-1766620823395-91e1d6aeeeae,vercel-cron/1.0,,production,main,MISS,serverless,/api/cron,cryptosignal-ai-68mu4qxgd-hadayalab-projects-projects.vercel.app,cryptosignal-ai-68mu4qxgd-hadayalab-projects-projects.vercel.app,dpl_7xctBUeLMmAaeMQE2WZBJjJ4HKAe,34489,iad1,271,2048,,prj_3ECsT5RqWymkjdfB0bXrqIH4TwFq,,,01KD9CWZVHKPHGAYVX17R7QSB5,OAerazeojXP6,1
2025-12-24 23:45:23,1766619923119,cryptosignal-ai-68mu4qxgd-hadayalab-projects-projects.vercel.app/api/cron,GET,,200,pw9bt-1766619923073-34ec0d0992b4,vercel-cron/1.0,info,production,main,MISS,serverless,/api/cron,cryptosignal-ai-68mu4qxgd-hadayalab-projects-projects.vercel.app,cryptosignal-ai-68mu4qxgd-hadayalab-projects-projects.vercel.app,dpl_7xctBUeLMmAaeMQE2WZBJjJ4HKAe,,,,,🚀 Cron Job Started: Whale Monitor,prj_3ECsT5RqWymkjdfB0bXrqIH4TwFq,,,,,
2025-12-24 23:45:23,1766619923119,cryptosignal-ai-68mu4qxgd-hadayalab-projects-projects.vercel.app/api/cron,GET,,200,pw9bt-1766619923073-34ec0d0992b4,vercel-cron/1.0,info,production,main,MISS,serverless,/api/cron,cryptosignal-ai-68mu4qxgd-hadayalab-projects-projects.vercel.app,cryptosignal-ai-68mu4qxgd-hadayalab-projects-projects.vercel.app,dpl_7xctBUeLMmAaeMQE2WZBJjJ4HKAe,,,,,"Slot check => utcHour=23, utcMinute=45, isRegularSlot=false, force=false",prj_3ECsT5RqWymkjdfB0bXrqIH4TwFq,,,,,
2025-12-24 23:45:23,1766619923119,cryptosignal-ai-68mu4qxgd-hadayalab-projects-projects.vercel.app/api/cron,GET,,200,pw9bt-1766619923073-34ec0d0992b4,vercel-cron/1.0,info,production,main,MISS,serverless,/api/cron,cryptosignal-ai-68mu4qxgd-hadayalab-projects-projects.vercel.app,cryptosignal-ai-68mu4qxgd-hadayalab-projects-projects.vercel.app,dpl_7xctBUeLMmAaeMQE2WZBJjJ4HKAe,,,,,🌐 Fetching: https://api.cryptoquant.com/v1/btc/exchange-flows/netflow?exchange=all_exchange&window=day&limit=1,prj_3ECsT5RqWymkjdfB0bXrqIH4TwFq,,,,,
2025-12-24 23:45:23,1766619923120,cryptosignal-ai-68mu4qxgd-hadayalab-projects-projects.vercel.app/api/cron,GET,,200,pw9bt-1766619923073-34ec0d0992b4,vercel-cron/1.0,info,production,main,MISS,serverless,/api/cron,cryptosignal-ai-68mu4qxgd-hadayalab-projects-projects.vercel.app,cryptosignal-ai-68mu4qxgd-hadayalab-projects-projects.vercel.app,dpl_7xctBUeLMmAaeMQE2WZBJjJ4HKAe,,,,,🌐 Fetching: https://api.cryptoquant.com/v1/btc/flow-indicator/mpi?window=day&limit=1,prj_3ECsT5RqWymkjdfB0bXrqIH4TwFq,,,,,
2025-12-24 23:45:23,1766619923292,cryptosignal-ai-68mu4qxgd-hadayalab-projects-projects.vercel.app/api/cron,GET,,200,pw9bt-1766619923073-34ec0d0992b4,vercel-cron/1.0,info,production,main,MISS,serverless,/api/cron,cryptosignal-ai-68mu4qxgd-hadayalab-projects-projects.vercel.app,cryptosignal-ai-68mu4qxgd-hadayalab-projects-projects.vercel.app,dpl_7xctBUeLMmAaeMQE2WZBJjJ4HKAe,,,,,"📊 Exchange Netflow (BTC): -11379.222587299999 raw: {""date"":""2025-12-23"",""netflow_total"":-11379.222587299999}",prj_3ECsT5RqWymkjdfB0bXrqIH4TwFq,,,,,
2025-12-24 23:45:23,1766619923342,cryptosignal-ai-68mu4qxgd-hadayalab-projects-projects.vercel.app/api/cron,GET,,200,pw9bt-1766619923073-34ec0d0992b4,vercel-cron/1.0,info,production,main,MISS,serverless,/api/cron,cryptosignal-ai-68mu4qxgd-hadayalab-projects-projects.vercel.app,cryptosignal-ai-68mu4qxgd-hadayalab-projects-projects.vercel.app,dpl_7xctBUeLMmAaeMQE2WZBJjJ4HKAe,,,,,"📊 Miner Position Index (BTC): -0.5211564700986901 raw: {""date"":""2025-12-23"",""mpi"":-0.5211564700986901}",prj_3ECsT5RqWymkjdfB0bXrqIH4TwFq,,,,,
2025-12-24 23:45:23,1766619923073,cryptosignal-ai-68mu4qxgd-hadayalab-projects-projects.vercel.app/api/cron,GET,,200,pw9bt-1766619923073-34ec0d0992b4,vercel-cron/1.0,,production,main,MISS,serverless,/api/cron,cryptosignal-ai-68mu4qxgd-hadayalab-projects-projects.vercel.app,cryptosignal-ai-68mu4qxgd-hadayalab-projects-projects.vercel.app,dpl_7xctBUeLMmAaeMQE2WZBJjJ4HKAe,315,iad1,264,2048,,prj_3ECsT5RqWymkjdfB0bXrqIH4TwFq,,,01KD9C1GMKSXXR7A15K9D2GH5C,OAerazeojXP6,1
2025-12-24 23:30:23,1766619023134,cryptosignal-ai-68mu4qxgd-hadayalab-projects-projects.vercel.app/api/cron,GET,,200,4fpl6-1766619023084-aa526b50f616,vercel-cron/1.0,info,production,main,MISS,serverless,/api/cron,cryptosignal-ai-68mu4qxgd-hadayalab-projects-projects.vercel.app,cryptosignal-ai-68mu4qxgd-hadayalab-projects-projects.vercel.app,dpl_7xctBUeLMmAaeMQE2WZBJjJ4HKAe,,,,,🚀 Cron Job Started: Whale Monitor,prj_3ECsT5RqWymkjdfB0bXrqIH4TwFq,,,,,
2025-12-24 23:30:23,1766619023134,cryptosignal-ai-68mu4qxgd-hadayalab-projects-projects.vercel.app/api/cron,GET,,200,4fpl6-1766619023084-aa526b50f616,vercel-cron/1.0,info,production,main,MISS,serverless,/api/cron,cryptosignal-ai-68mu4qxgd-hadayalab-projects-projects.vercel.app,cryptosignal-ai-68mu4qxgd-hadayalab-projects-projects.vercel.app,dpl_7xctBUeLMmAaeMQE2WZBJjJ4HKAe,,,,,"Slot check => utcHour=23, utcMinute=30, isRegularSlot=false, force=false",prj_3ECsT5RqWymkjdfB0bXrqIH4TwFq,,,,,
2025-12-24 23:30:23,1766619023135,cryptosignal-ai-68mu4qxgd-hadayalab-projects-projects.vercel.app/api/cron,GET,,200,4fpl6-1766619023084-aa526b50f616,vercel-cron/1.0,info,production,main,MISS,serverless,/api/cron,cryptosignal-ai-68mu4qxgd-hadayalab-projects-projects.vercel.app,cryptosignal-ai-68mu4qxgd-hadayalab-projects-projects.vercel.app,dpl_7xctBUeLMmAaeMQE2WZBJjJ4HKAe,,,,,🌐 Fetching: https://api.cryptoquant.com/v1/btc/exchange-flows/netflow?exchange=all_exchange&window=day&limit=1,prj_3ECsT5RqWymkjdfB0bXrqIH4TwFq,,,,,
2025-12-24 23:30:23,1766619023204,cryptosignal-ai-68mu4qxgd-hadayalab-projects-projects.vercel.app/api/cron,GET,,200,4fpl6-1766619023084-aa526b50f616,vercel-cron/1.0,info,production,main,MISS,serverless,/api/cron,cryptosignal-ai-68mu4qxgd-hadayalab-projects-projects.vercel.app,cryptosignal-ai-68mu4qxgd-hadayalab-projects-projects.vercel.app,dpl_7xctBUeLMmAaeMQE2WZBJjJ4HKAe,,,,,🌐 Fetching: https://api.cryptoquant.com/v1/btc/flow-indicator/mpi?window=day&limit=1,prj_3ECsT5RqWymkjdfB0bXrqIH4TwFq,,,,,
2025-12-24 23:30:23,1766619023206,cryptosignal-ai-68mu4qxgd-hadayalab-projects-projects.vercel.app/api/cron,GET,,200,4fpl6-1766619023084-aa526b50f616,vercel-cron/1.0,error,production,main,MISS,serverless,/api/cron,cryptosignal-ai-68mu4qxgd-hadayalab-projects-projects.vercel.app,cryptosignal-ai-68mu4qxgd-hadayalab-projects-projects.vercel.app,dpl_7xctBUeLMmAaeMQE2WZBJjJ4HKAe,,,,,"(node:4) [DEP0169] DeprecationWarning: `url.parse()` behavior is not standardized and prone to errors that have security implications. Use the WHATWG URL API instead. CVEs are not issued for `url.parse()` vulnerabilities.
(Use `node --trace-deprecation ...` to show where the warning was created)",prj_3ECsT5RqWymkjdfB0bXrqIH4TwFq,,,,,
2025-12-24 23:30:23,1766619023431,cryptosignal-ai-68mu4qxgd-hadayalab-projects-projects.vercel.app/api/cron,GET,,200,4fpl6-1766619023084-aa526b50f616,vercel-cron/1.0,info,production,main,MISS,serverless,/api/cron,cryptosignal-ai-68mu4qxgd-hadayalab-projects-projects.vercel.app,cryptosignal-ai-68mu4qxgd-hadayalab-projects-projects.vercel.app,dpl_7xctBUeLMmAaeMQE2WZBJjJ4HKAe,,,,,"📊 Miner Position Index (BTC): -0.5211564700986901 raw: {""date"":""2025-12-23"",""mpi"":-0.5211564700986901}",prj_3ECsT5RqWymkjdfB0bXrqIH4TwFq,,,,,
2025-12-24 23:30:23,1766619023436,cryptosignal-ai-68mu4qxgd-hadayalab-projects-projects.vercel.app/api/cron,GET,,200,4fpl6-1766619023084-aa526b50f616,vercel-cron/1.0,info,production,main,MISS,serverless,/api/cron,cryptosignal-ai-68mu4qxgd-hadayalab-projects-projects.vercel.app,cryptosignal-ai-68mu4qxgd-hadayalab-projects-projects.vercel.app,dpl_7xctBUeLMmAaeMQE2WZBJjJ4HKAe,,,,,"📊 Exchange Netflow (BTC): -11379.222587299999 raw: {""date"":""2025-12-23"",""netflow_total"":-11379.222587299999}",prj_3ECsT5RqWymkjdfB0bXrqIH4TwFq,,,,,
2025-12-24 23:30:23,1766619023084,cryptosignal-ai-68mu4qxgd-hadayalab-projects-projects.vercel.app/api/cron,GET,,200,4fpl6-1766619023084-aa526b50f616,vercel-cron/1.0,,production,main,MISS,serverless,/api/cron,cryptosignal-ai-68mu4qxgd-hadayalab-projects-projects.vercel.app,cryptosignal-ai-68mu4qxgd-hadayalab-projects-projects.vercel.app,dpl_7xctBUeLMmAaeMQE2WZBJjJ4HKAe,378,iad1,264,2048,,prj_3ECsT5RqWymkjdfB0bXrqIH4TwFq,,,01KD9B61R0EX7P428M3VZ7NYT0,OAerazeojXP6,1
2025-12-24 23:15:23,1766618123217,cryptosignal-ai-68mu4qxgd-hadayalab-projects-projects.vercel.app/api/cron,GET,,200,f9tzj-1766618123185-ed3ac0501ded,vercel-cron/1.0,info,production,main,MISS,serverless,/api/cron,cryptosignal-ai-68mu4qxgd-hadayalab-projects-projects.vercel.app,cryptosignal-ai-68mu4qxgd-hadayalab-projects-projects.vercel.app,dpl_7xctBUeLMmAaeMQE2WZBJjJ4HKAe,,,,,🚀 Cron Job Started: Whale Monitor,prj_3ECsT5RqWymkjdfB0bXrqIH4TwFq,,,,,
2025-12-24 23:15:23,1766618123217,cryptosignal-ai-68mu4qxgd-hadayalab-projects-projects.vercel.app/api/cron,GET,,200,f9tzj-1766618123185-ed3ac0501ded,vercel-cron/1.0,info,production,main,MISS,serverless,/api/cron,cryptosignal-ai-68mu4qxgd-hadayalab-projects-projects.vercel.app,cryptosignal-ai-68mu4qxgd-hadayalab-projects-projects.vercel.app,dpl_7xctBUeLMmAaeMQE2WZBJjJ4HKAe,,,,,"Slot check => utcHour=23, utcMinute=15, isRegularSlot=false, force=false",prj_3ECsT5RqWymkjdfB0bXrqIH4TwFq,,,,,
2025-12-24 23:15:23,1766618123218,cryptosignal-ai-68mu4qxgd-hadayalab-projects-projects.vercel.app/api/cron,GET,,200,f9tzj-1766618123185-ed3ac0501ded,vercel-cron/1.0,info,production,main,MISS,serverless,/api/cron,cryptosignal-ai-68mu4qxgd-hadayalab-projects-projects.vercel.app,cryptosignal-ai-68mu4qxgd-hadayalab-projects-projects.vercel.app,dpl_7xctBUeLMmAaeMQE2WZBJjJ4HKAe,,,,,🌐 Fetching: https://api.cryptoquant.com/v1/btc/exchange-flows/netflow?exchange=all_exchange&window=day&limit=1,prj_3ECsT5RqWymkjdfB0bXrqIH4TwFq,,,,,
2025-12-24 23:15:23,1766618123219,cryptosignal-ai-68mu4qxgd-hadayalab-projects-projects.vercel.app/api/cron,GET,,200,f9tzj-1766618123185-ed3ac0501ded,vercel-cron/1.0,info,production,main,MISS,serverless,/api/cron,cryptosignal-ai-68mu4qxgd-hadayalab-projects-projects.vercel.app,cryptosignal-ai-68mu4qxgd-hadayalab-projects-projects.vercel.app,dpl_7xctBUeLMmAaeMQE2WZBJjJ4HKAe,,,,,🌐 Fetching: https://api.cryptoquant.com/v1/btc/flow-indicator/mpi?window=day&limit=1,prj_3ECsT5RqWymkjdfB0bXrqIH4TwFq,,,,,
2025-12-24 23:15:23,1766618123378,cryptosignal-ai-68mu4qxgd-hadayalab-projects-projects.vercel.app/api/cron,GET,,200,f9tzj-1766618123185-ed3ac0501ded,vercel-cron/1.0,info,production,main,MISS,serverless,/api/cron,cryptosignal-ai-68mu4qxgd-hadayalab-projects-projects.vercel.app,cryptosignal-ai-68mu4qxgd-hadayalab-projects-projects.vercel.app,dpl_7xctBUeLMmAaeMQE2WZBJjJ4HKAe,,,,,"📊 Exchange Netflow (BTC): -11379.222587299999 raw: {""date"":""2025-12-23"",""netflow_total"":-11379.222587299999}",prj_3ECsT5RqWymkjdfB0bXrqIH4TwFq,,,,,
2025-12-24 23:15:23,1766618123393,cryptosignal-ai-68mu4qxgd-hadayalab-projects-projects.vercel.app/api/cron,GET,,200,f9tzj-1766618123185-ed3ac0501ded,vercel-cron/1.0,info,production,main,MISS,serverless,/api/cron,cryptosignal-ai-68mu4qxgd-hadayalab-projects-projects.vercel.app,cryptosignal-ai-68mu4qxgd-hadayalab-projects-projects.vercel.app,dpl_7xctBUeLMmAaeMQE2WZBJjJ4HKAe,,,,,"📊 Miner Position Index (BTC): -0.5211564700986901 raw: {""date"":""2025-12-23"",""mpi"":-0.5211564700986901}",prj_3ECsT5RqWymkjdfB0bXrqIH4TwFq,,,,,
2025-12-24 23:15:23,1766618123185,cryptosignal-ai-68mu4qxgd-hadayalab-projects-projects.vercel.app/api/cron,GET,,200,f9tzj-1766618123185-ed3ac0501ded,vercel-cron/1.0,,production,main,MISS,serverless,/api/cron,cryptosignal-ai-68mu4qxgd-hadayalab-projects-projects.vercel.app,cryptosignal-ai-68mu4qxgd-hadayalab-projects-projects.vercel.app,dpl_7xctBUeLMmAaeMQE2WZBJjJ4HKAe,236,iad1,270,2048,,prj_3ECsT5RqWymkjdfB0bXrqIH4TwFq,,,01KD9AAJXYWZYFD8G4FBMD2A00,I6TmHeoz3gy1,1
2025-12-24 23:00:23,1766617223136,cryptosignal-ai-68mu4qxgd-hadayalab-projects-projects.vercel.app/api/cron,GET,,200,mlgwc-1766617223082-cc135161bc6c,vercel-cron/1.0,info,production,main,MISS,serverless,/api/cron,cryptosignal-ai-68mu4qxgd-hadayalab-projects-projects.vercel.app,cryptosignal-ai-68mu4qxgd-hadayalab-projects-projects.vercel.app,dpl_7xctBUeLMmAaeMQE2WZBJjJ4HKAe,,,,,🚀 Cron Job Started: Whale Monitor,prj_3ECsT5RqWymkjdfB0bXrqIH4TwFq,,,,,
2025-12-24 23:00:23,1766617223136,cryptosignal-ai-68mu4qxgd-hadayalab-projects-projects.vercel.app/api/cron,GET,,200,mlgwc-1766617223082-cc135161bc6c,vercel-cron/1.0,info,production,main,MISS,serverless,/api/cron,cryptosignal-ai-68mu4qxgd-hadayalab-projects-projects.vercel.app,cryptosignal-ai-68mu4qxgd-hadayalab-projects-projects.vercel.app,dpl_7xctBUeLMmAaeMQE2WZBJjJ4HKAe,,,,,"Slot check => utcHour=23, utcMinute=0, isRegularSlot=false, force=false",prj_3ECsT5RqWymkjdfB0bXrqIH4TwFq,,,,,
2025-12-24 23:00:23,1766617223136,cryptosignal-ai-68mu4qxgd-hadayalab-projects-projects.vercel.app/api/cron,GET,,200,mlgwc-1766617223082-cc135161bc6c,vercel-cron/1.0,info,production,main,MISS,serverless,/api/cron,cryptosignal-ai-68mu4qxgd-hadayalab-projects-projects.vercel.app,cryptosignal-ai-68mu4qxgd-hadayalab-projects-projects.vercel.app,dpl_7xctBUeLMmAaeMQE2WZBJjJ4HKAe,,,,,🌐 Fetching: https://api.cryptoquant.com/v1/btc/exchange-flows/netflow?exchange=all_exchange&window=day&limit=1,prj_3ECsT5RqWymkjdfB0bXrqIH4TwFq,,,,,
2025-12-24 23:00:23,1766617223136,cryptosignal-ai-68mu4qxgd-hadayalab-projects-projects.vercel.app/api/cron,GET,,200,mlgwc-1766617223082-cc135161bc6c,vercel-cron/1.0,info,production,main,MISS,serverless,/api/cron,cryptosignal-ai-68mu4qxgd-hadayalab-projects-projects.vercel.app,cryptosignal-ai-68mu4qxgd-hadayalab-projects-projects.vercel.app,dpl_7xctBUeLMmAaeMQE2WZBJjJ4HKAe,,,,,🌐 Fetching: https://api.cryptoquant.com/v1/btc/flow-indicator/mpi?window=day&limit=1,prj_3ECsT5RqWymkjdfB0bXrqIH4TwFq,,,,,
2025-12-24 23:00:23,1766617223306,cryptosignal-ai-68mu4qxgd-hadayalab-projects-projects.vercel.app/api/cron,GET,,200,mlgwc-1766617223082-cc135161bc6c,vercel-cron/1.0,info,production,main,MISS,serverless,/api/cron,cryptosignal-ai-68mu4qxgd-hadayalab-projects-projects.vercel.app,cryptosignal-ai-68mu4qxgd-hadayalab-projects-projects.vercel.app,dpl_7xctBUeLMmAaeMQE2WZBJjJ4HKAe,,,,,"📊 Exchange Netflow (BTC): -11379.222587299999 raw: {""date"":""2025-12-23"",""netflow_total"":-11379.222587299999}",prj_3ECsT5RqWymkjdfB0bXrqIH4TwFq,,,,,
2025-12-24 23:00:23,1766617223319,cryptosignal-ai-68mu4qxgd-hadayalab-projects-projects.vercel.app/api/cron,GET,,200,mlgwc-1766617223082-cc135161bc6c,vercel-cron/1.0,info,production,main,MISS,serverless,/api/cron,cryptosignal-ai-68mu4qxgd-hadayalab-projects-projects.vercel.app,cryptosignal-ai-68mu4qxgd-hadayalab-projects-projects.vercel.app,dpl_7xctBUeLMmAaeMQE2WZBJjJ4HKAe,,,,,"📊 Miner Position Index (BTC): -0.5211564700986901 raw: {""date"":""2025-12-23"",""mpi"":-0.5211564700986901}",prj_3ECsT5RqWymkjdfB0bXrqIH4TwFq,,,,,
2025-12-24 23:00:23,1766617223082,cryptosignal-ai-68mu4qxgd-hadayalab-projects-projects.vercel.app/api/cron,GET,,200,mlgwc-1766617223082-cc135161bc6c,vercel-cron/1.0,,production,main,MISS,serverless,/api/cron,cryptosignal-ai-68mu4qxgd-hadayalab-projects-projects.vercel.app,cryptosignal-ai-68mu4qxgd-hadayalab-projects-projects.vercel.app,dpl_7xctBUeLMmAaeMQE2WZBJjJ4HKAe,250,iad1,270,2048,,prj_3ECsT5RqWymkjdfB0bXrqIH4TwFq,,,01KD99F3Y10QGG57AMR6G2VRK7,I6TmHeoz3gy1,1
2025-12-24 22:45:23,1766616323164,cryptosignal-ai-68mu4qxgd-hadayalab-projects-projects.vercel.app/api/cron,GET,,200,997f4-1766616323093-754a8fe107bb,vercel-cron/1.0,info,production,main,MISS,serverless,/api/cron,cryptosignal-ai-68mu4qxgd-hadayalab-projects-projects.vercel.app,cryptosignal-ai-68mu4qxgd-hadayalab-projects-projects.vercel.app,dpl_7xctBUeLMmAaeMQE2WZBJjJ4HKAe,,,,,🚀 Cron Job Started: Whale Monitor,prj_3ECsT5RqWymkjdfB0bXrqIH4TwFq,,,,,
2025-12-24 22:45:23,1766616323164,cryptosignal-ai-68mu4qxgd-hadayalab-projects-projects.vercel.app/api/cron,GET,,200,997f4-1766616323093-754a8fe107bb,vercel-cron/1.0,info,production,main,MISS,serverless,/api/cron,cryptosignal-ai-68mu4qxgd-hadayalab-projects-projects.vercel.app,cryptosignal-ai-68mu4qxgd-hadayalab-projects-projects.vercel.app,dpl_7xctBUeLMmAaeMQE2WZBJjJ4HKAe,,,,,"Slot check => utcHour=22, utcMinute=45, isRegularSlot=false, force=false",prj_3ECsT5RqWymkjdfB0bXrqIH4TwFq,,,,,
2025-12-24 22:45:23,1766616323164,cryptosignal-ai-68mu4qxgd-hadayalab-projects-projects.vercel.app/api/cron,GET,,200,997f4-1766616323093-754a8fe107bb,vercel-cron/1.0,info,production,main,MISS,serverless,/api/cron,cryptosignal-ai-68mu4qxgd-hadayalab-projects-projects.vercel.app,cryptosignal-ai-68mu4qxgd-hadayalab-projects-projects.vercel.app,dpl_7xctBUeLMmAaeMQE2WZBJjJ4HKAe,,,,,🌐 Fetching: https://api.cryptoquant.com/v1/btc/exchange-flows/netflow?exchange=all_exchange&window=day&limit=1,prj_3ECsT5RqWymkjdfB0bXrqIH4TwFq,,,,,
2025-12-24 22:45:23,1766616323164,cryptosignal-ai-68mu4qxgd-hadayalab-projects-projects.vercel.app/api/cron,GET,,200,997f4-1766616323093-754a8fe107bb,vercel-cron/1.0,info,production,main,MISS,serverless,/api/cron,cryptosignal-ai-68mu4qxgd-hadayalab-projects-projects.vercel.app,cryptosignal-ai-68mu4qxgd-hadayalab-projects-projects.vercel.app,dpl_7xctBUeLMmAaeMQE2WZBJjJ4HKAe,,,,,🌐 Fetching: https://api.cryptoquant.com/v1/btc/flow-indicator/mpi?window=day&limit=1,prj_3ECsT5RqWymkjdfB0bXrqIH4TwFq,,,,,
2025-12-24 22:45:23,1766616323314,cryptosignal-ai-68mu4qxgd-hadayalab-projects-projects.vercel.app/api/cron,GET,,200,997f4-1766616323093-754a8fe107bb,vercel-cron/1.0,info,production,main,MISS,serverless,/api/cron,cryptosignal-ai-68mu4qxgd-hadayalab-projects-projects.vercel.app,cryptosignal-ai-68mu4qxgd-hadayalab-projects-projects.vercel.app,dpl_7xctBUeLMmAaeMQE2WZBJjJ4HKAe,,,,,"📊 Exchange Netflow (BTC): -11379.222587299999 raw: {""date"":""2025-12-23"",""netflow_total"":-11379.222587299999}",prj_3ECsT5RqWymkjdfB0bXrqIH4TwFq,,,,,
2025-12-24 22:45:23,1766616323347,cryptosignal-ai-68mu4qxgd-hadayalab-projects-projects.vercel.app/api/cron,GET,,200,997f4-1766616323093-754a8fe107bb,vercel-cron/1.0,info,production,main,MISS,serverless,/api/cron,cryptosignal-ai-68mu4qxgd-hadayalab-projects-projects.vercel.app,cryptosignal-ai-68mu4qxgd-hadayalab-projects-projects.vercel.app,dpl_7xctBUeLMmAaeMQE2WZBJjJ4HKAe,,,,,"📊 Miner Position Index (BTC): -0.5211564700986901 raw: {""date"":""2025-12-23"",""mpi"":-0.5211564700986901}",prj_3ECsT5RqWymkjdfB0bXrqIH4TwFq,,,,,
2025-12-24 22:45:23,1766616323093,cryptosignal-ai-68mu4qxgd-hadayalab-projects-projects.vercel.app/api/cron,GET,,200,997f4-1766616323093-754a8fe107bb,vercel-cron/1.0,,production,main,MISS,serverless,/api/cron,cryptosignal-ai-68mu4qxgd-hadayalab-projects-projects.vercel.app,cryptosignal-ai-68mu4qxgd-hadayalab-projects-projects.vercel.app,dpl_7xctBUeLMmAaeMQE2WZBJjJ4HKAe,253,iad1,269,2048,,prj_3ECsT5RqWymkjdfB0bXrqIH4TwFq,,,01KD98KN1RE56WW48QTX2NMXA6,I6TmHeoz3gy1,1
2025-12-24 22:30:23,1766615423250,cryptosignal-ai-68mu4qxgd-hadayalab-projects-projects.vercel.app/api/cron,GET,,200,rrwx8-1766615423072-51d85b22978f,vercel-cron/1.0,info,production,main,MISS,serverless,/api/cron,cryptosignal-ai-68mu4qxgd-hadayalab-projects-projects.vercel.app,cryptosignal-ai-68mu4qxgd-hadayalab-projects-projects.vercel.app,dpl_7xctBUeLMmAaeMQE2WZBJjJ4HKAe,,,,,🚀 Cron Job Started: Whale Monitor,prj_3ECsT5RqWymkjdfB0bXrqIH4TwFq,,,,,
2025-12-24 22:30:23,1766615423250,cryptosignal-ai-68mu4qxgd-hadayalab-projects-projects.vercel.app/api/cron,GET,,200,rrwx8-1766615423072-51d85b22978f,vercel-cron/1.0,info,production,main,MISS,serverless,/api/cron,cryptosignal-ai-68mu4qxgd-hadayalab-projects-projects.vercel.app,cryptosignal-ai-68mu4qxgd-hadayalab-projects-projects.vercel.app,dpl_7xctBUeLMmAaeMQE2WZBJjJ4HKAe,,,,,"Slot check => utcHour=22, utcMinute=30, isRegularSlot=false, force=false",prj_3ECsT5RqWymkjdfB0bXrqIH4TwFq,,,,,
2025-12-24 22:30:23,1766615423250,cryptosignal-ai-68mu4qxgd-hadayalab-projects-projects.vercel.app/api/cron,GET,,200,rrwx8-1766615423072-51d85b22978f,vercel-cron/1.0,info,production,main,MISS,serverless,/api/cron,cryptosignal-ai-68mu4qxgd-hadayalab-projects-projects.vercel.app,cryptosignal-ai-68mu4qxgd-hadayalab-projects-projects.vercel.app,dpl_7xctBUeLMmAaeMQE2WZBJjJ4HKAe,,,,,🌐 Fetching: https://api.cryptoquant.com/v1/btc/exchange-flows/netflow?exchange=all_exchange&window=day&limit=1,prj_3ECsT5RqWymkjdfB0bXrqIH4TwFq,,,,,
2025-12-24 22:30:23,1766615423250,cryptosignal-ai-68mu4qxgd-hadayalab-projects-projects.vercel.app/api/cron,GET,,200,rrwx8-1766615423072-51d85b22978f,vercel-cron/1.0,info,production,main,MISS,serverless,/api/cron,cryptosignal-ai-68mu4qxgd-hadayalab-projects-projects.vercel.app,cryptosignal-ai-68mu4qxgd-hadayalab-projects-projects.vercel.app,dpl_7xctBUeLMmAaeMQE2WZBJjJ4HKAe,,,,,🌐 Fetching: https://api.cryptoquant.com/v1/btc/flow-indicator/mpi?window=day&limit=1,prj_3ECsT5RqWymkjdfB0bXrqIH4TwFq,,,,,
2025-12-24 22:30:23,1766615423440,cryptosignal-ai-68mu4qxgd-hadayalab-projects-projects.vercel.app/api/cron,GET,,200,rrwx8-1766615423072-51d85b22978f,vercel-cron/1.0,info,production,main,MISS,serverless,/api/cron,cryptosignal-ai-68mu4qxgd-hadayalab-projects-projects.vercel.app,cryptosignal-ai-68mu4qxgd-hadayalab-projects-projects.vercel.app,dpl_7xctBUeLMmAaeMQE2WZBJjJ4HKAe,,,,,"📊 Miner Position Index (BTC): -0.5211564700986901 raw: {""date"":""2025-12-23"",""mpi"":-0.5211564700986901}",prj_3ECsT5RqWymkjdfB0bXrqIH4TwFq,,,,,
2025-12-24 22:30:23,1766615423449,cryptosignal-ai-68mu4qxgd-hadayalab-projects-projects.vercel.app/api/cron,GET,,200,rrwx8-1766615423072-51d85b22978f,vercel-cron/1.0,info,production,main,MISS,serverless,/api/cron,cryptosignal-ai-68mu4qxgd-hadayalab-projects-projects.vercel.app,cryptosignal-ai-68mu4qxgd-hadayalab-projects-projects.vercel.app,dpl_7xctBUeLMmAaeMQE2WZBJjJ4HKAe,,,,,"📊 Exchange Netflow (BTC): -11379.222587299999 raw: {""date"":""2025-12-23"",""netflow_total"":-11379.222587299999}",prj_3ECsT5RqWymkjdfB0bXrqIH4TwFq,,,,,
2025-12-24 22:30:23,1766615423072,cryptosignal-ai-68mu4qxgd-hadayalab-projects-projects.vercel.app/api/cron,GET,,200,rrwx8-1766615423072-51d85b22978f,vercel-cron/1.0,,production,main,MISS,serverless,/api/cron,cryptosignal-ai-68mu4qxgd-hadayalab-projects-projects.vercel.app,cryptosignal-ai-68mu4qxgd-hadayalab-projects-projects.vercel.app,dpl_7xctBUeLMmAaeMQE2WZBJjJ4HKAe,262,iad1,268,2048,,prj_3ECsT5RqWymkjdfB0bXrqIH4TwFq,,,01KD97R67VQFP6YZGP7KVRP290,I6TmHeoz3gy1,1
2025-12-24 22:15:23,1766614523721,cryptosignal-ai-68mu4qxgd-hadayalab-projects-projects.vercel.app/api/cron,GET,,200,2b58w-1766614523683-e4336f8ce5e2,vercel-cron/1.0,info,production,main,MISS,serverless,/api/cron,cryptosignal-ai-68mu4qxgd-hadayalab-projects-projects.vercel.app,cryptosignal-ai-68mu4qxgd-hadayalab-projects-projects.vercel.app,dpl_7xctBUeLMmAaeMQE2WZBJjJ4HKAe,,,,,🚀 Cron Job Started: Whale Monitor,prj_3ECsT5RqWymkjdfB0bXrqIH4TwFq,,,,,
2025-12-24 22:15:23,1766614523721,cryptosignal-ai-68mu4qxgd-hadayalab-projects-projects.vercel.app/api/cron,GET,,200,2b58w-1766614523683-e4336f8ce5e2,vercel-cron/1.0,info,production,main,MISS,serverless,/api/cron,cryptosignal-ai-68mu4qxgd-hadayalab-projects-projects.vercel.app,cryptosignal-ai-68mu4qxgd-hadayalab-projects-projects.vercel.app,dpl_7xctBUeLMmAaeMQE2WZBJjJ4HKAe,,,,,"Slot check => utcHour=22, utcMinute=15, isRegularSlot=false, force=false",prj_3ECsT5RqWymkjdfB0bXrqIH4TwFq,,,,,
2025-12-24 22:15:23,1766614523721,cryptosignal-ai-68mu4qxgd-hadayalab-projects-projects.vercel.app/api/cron,GET,,200,2b58w-1766614523683-e4336f8ce5e2,vercel-cron/1.0,info,production,main,MISS,serverless,/api/cron,cryptosignal-ai-68mu4qxgd-hadayalab-projects-projects.vercel.app,cryptosignal-ai-68mu4qxgd-hadayalab-projects-projects.vercel.app,dpl_7xctBUeLMmAaeMQE2WZBJjJ4HKAe,,,,,🌐 Fetching: https://api.cryptoquant.com/v1/btc/exchange-flows/netflow?exchange=all_exchange&window=day&limit=1,prj_3ECsT5RqWymkjdfB0bXrqIH4TwFq,,,,,
2025-12-24 22:15:23,1766614523725,cryptosignal-ai-68mu4qxgd-hadayalab-projects-projects.vercel.app/api/cron,GET,,200,2b58w-1766614523683-e4336f8ce5e2,vercel-cron/1.0,info,production,main,MISS,serverless,/api/cron,cryptosignal-ai-68mu4qxgd-hadayalab-projects-projects.vercel.app,cryptosignal-ai-68mu4qxgd-hadayalab-projects-projects.vercel.app,dpl_7xctBUeLMmAaeMQE2WZBJjJ4HKAe,,,,,🌐 Fetching: https://api.cryptoquant.com/v1/btc/flow-indicator/mpi?window=day&limit=1,prj_3ECsT5RqWymkjdfB0bXrqIH4TwFq,,,,,
2025-12-24 22:15:23,1766614523901,cryptosignal-ai-68mu4qxgd-hadayalab-projects-projects.vercel.app/api/cron,GET,,200,2b58w-1766614523683-e4336f8ce5e2,vercel-cron/1.0,info,production,main,MISS,serverless,/api/cron,cryptosignal-ai-68mu4qxgd-hadayalab-projects-projects.vercel.app,cryptosignal-ai-68mu4qxgd-hadayalab-projects-projects.vercel.app,dpl_7xctBUeLMmAaeMQE2WZBJjJ4HKAe,,,,,"📊 Exchange Netflow (BTC): -11379.222587299999 raw: {""date"":""2025-12-23"",""netflow_total"":-11379.222587299999}",prj_3ECsT5RqWymkjdfB0bXrqIH4TwFq,,,,,
2025-12-24 22:15:24,1766614524076,cryptosignal-ai-68mu4qxgd-hadayalab-projects-projects.vercel.app/api/cron,GET,,200,2b58w-1766614523683-e4336f8ce5e2,vercel-cron/1.0,info,production,main,MISS,serverless,/api/cron,cryptosignal-ai-68mu4qxgd-hadayalab-projects-projects.vercel.app,cryptosignal-ai-68mu4qxgd-hadayalab-projects-projects.vercel.app,dpl_7xctBUeLMmAaeMQE2WZBJjJ4HKAe,,,,,"📊 Miner Position Index (BTC): -0.5211564700986901 raw: {""date"":""2025-12-23"",""mpi"":-0.5211564700986901}",prj_3ECsT5RqWymkjdfB0bXrqIH4TwFq,,,,,
2025-12-24 22:15:23,1766614523683,cryptosignal-ai-68mu4qxgd-hadayalab-projects-projects.vercel.app/api/cron,GET,,200,2b58w-1766614523683-e4336f8ce5e2,vercel-cron/1.0,,production,main,MISS,serverless,/api/cron,cryptosignal-ai-68mu4qxgd-hadayalab-projects-projects.vercel.app,cryptosignal-ai-68mu4qxgd-hadayalab-projects-projects.vercel.app,dpl_7xctBUeLMmAaeMQE2WZBJjJ4HKAe,422,iad1,268,2048,,prj_3ECsT5RqWymkjdfB0bXrqIH4TwFq,,,01KD96WQSHJM5N4QK7SQPWD8ZM,I6TmHeoz3gy1,1
2025-12-24 22:00:23,1766613623278,cryptosignal-ai-68mu4qxgd-hadayalab-projects-projects.vercel.app/api/cron,GET,,200,k5bfr-1766613623194-6dcd60dc3aa9,vercel-cron/1.0,info,production,main,MISS,serverless,/api/cron,cryptosignal-ai-68mu4qxgd-hadayalab-projects-projects.vercel.app,cryptosignal-ai-68mu4qxgd-hadayalab-projects-projects.vercel.app,dpl_7xctBUeLMmAaeMQE2WZBJjJ4HKAe,,,,,🚀 Cron Job Started: Whale Monitor,prj_3ECsT5RqWymkjdfB0bXrqIH4TwFq,,,,,
2025-12-24 22:00:23,1766613623278,cryptosignal-ai-68mu4qxgd-hadayalab-projects-projects.vercel.app/api/cron,GET,,200,k5bfr-1766613623194-6dcd60dc3aa9,vercel-cron/1.0,info,production,main,MISS,serverless,/api/cron,cryptosignal-ai-68mu4qxgd-hadayalab-projects-projects.vercel.app,cryptosignal-ai-68mu4qxgd-hadayalab-projects-projects.vercel.app,dpl_7xctBUeLMmAaeMQE2WZBJjJ4HKAe,,,,,"Slot check => utcHour=22, utcMinute=0, isRegularSlot=false, force=false",prj_3ECsT5RqWymkjdfB0bXrqIH4TwFq,,,,,
2025-12-24 22:00:23,1766613623278,cryptosignal-ai-68mu4qxgd-hadayalab-projects-projects.vercel.app/api/cron,GET,,200,k5bfr-1766613623194-6dcd60dc3aa9,vercel-cron/1.0,info,production,main,MISS,serverless,/api/cron,cryptosignal-ai-68mu4qxgd-hadayalab-projects-projects.vercel.app,cryptosignal-ai-68mu4qxgd-hadayalab-projects-projects.vercel.app,dpl_7xctBUeLMmAaeMQE2WZBJjJ4HKAe,,,,,🌐 Fetching: https://api.cryptoquant.com/v1/btc/exchange-flows/netflow?exchange=all_exchange&window=day&limit=1,prj_3ECsT5RqWymkjdfB0bXrqIH4TwFq,,,,,
2025-12-24 22:00:23,1766613623280,cryptosignal-ai-68mu4qxgd-hadayalab-projects-projects.vercel.app/api/cron,GET,,200,k5bfr-1766613623194-6dcd60dc3aa9,vercel-cron/1.0,info,production,main,MISS,serverless,/api/cron,cryptosignal-ai-68mu4qxgd-hadayalab-projects-projects.vercel.app,cryptosignal-ai-68mu4qxgd-hadayalab-projects-projects.vercel.app,dpl_7xctBUeLMmAaeMQE2WZBJjJ4HKAe,,,,,🌐 Fetching: https://api.cryptoquant.com/v1/btc/flow-indicator/mpi?window=day&limit=1,prj_3ECsT5RqWymkjdfB0bXrqIH4TwFq,,,,,
2025-12-24 22:00:23,1766613623471,cryptosignal-ai-68mu4qxgd-hadayalab-projects-projects.vercel.app/api/cron,GET,,200,k5bfr-1766613623194-6dcd60dc3aa9,vercel-cron/1.0,info,production,main,MISS,serverless,/api/cron,cryptosignal-ai-68mu4qxgd-hadayalab-projects-projects.vercel.app,cryptosignal-ai-68mu4qxgd-hadayalab-projects-projects.vercel.app,dpl_7xctBUeLMmAaeMQE2WZBJjJ4HKAe,,,,,"📊 Exchange Netflow (BTC): -11379.222587299999 raw: {""date"":""2025-12-23"",""netflow_total"":-11379.222587299999}",prj_3ECsT5RqWymkjdfB0bXrqIH4TwFq,,,,,
2025-12-24 22:00:23,1766613623474,cryptosignal-ai-68mu4qxgd-hadayalab-projects-projects.vercel.app/api/cron,GET,,200,k5bfr-1766613623194-6dcd60dc3aa9,vercel-cron/1.0,info,production,main,MISS,serverless,/api/cron,cryptosignal-ai-68mu4qxgd-hadayalab-projects-projects.vercel.app,cryptosignal-ai-68mu4qxgd-hadayalab-projects-projects.vercel.app,dpl_7xctBUeLMmAaeMQE2WZBJjJ4HKAe,,,,,"📊 Miner Position Index (BTC): -0.5211564700986901 raw: {""date"":""2025-12-23"",""mpi"":-0.5211564700986901}",prj_3ECsT5RqWymkjdfB0bXrqIH4TwFq,,,,,
2025-12-24 22:00:23,1766613623194,cryptosignal-ai-68mu4qxgd-hadayalab-projects-projects.vercel.app/api/cron,GET,,200,k5bfr-1766613623194-6dcd60dc3aa9,vercel-cron/1.0,,production,main,MISS,serverless,/api/cron,cryptosignal-ai-68mu4qxgd-hadayalab-projects-projects.vercel.app,cryptosignal-ai-68mu4qxgd-hadayalab-projects-projects.vercel.app,dpl_7xctBUeLMmAaeMQE2WZBJjJ4HKAe,258,iad1,268,2048,,prj_3ECsT5RqWymkjdfB0bXrqIH4TwFq,,,01KD9618ER2D63CCPSMZFGJSCY,I6TmHeoz3gy1,1
2025-12-24 21:45:23,1766612723125,cryptosignal-ai-68mu4qxgd-hadayalab-projects-projects.vercel.app/api/cron,GET,,200,6bp5l-1766612723078-bcb7ad2e1645,vercel-cron/1.0,info,production,main,MISS,serverless,/api/cron,cryptosignal-ai-68mu4qxgd-hadayalab-projects-projects.vercel.app,cryptosignal-ai-68mu4qxgd-hadayalab-projects-projects.vercel.app,dpl_7xctBUeLMmAaeMQE2WZBJjJ4HKAe,,,,,🚀 Cron Job Started: Whale Monitor,prj_3ECsT5RqWymkjdfB0bXrqIH4TwFq,,,,,
2025-12-24 21:45:23,1766612723125,cryptosignal-ai-68mu4qxgd-hadayalab-projects-projects.vercel.app/api/cron,GET,,200,6bp5l-1766612723078-bcb7ad2e1645,vercel-cron/1.0,info,production,main,MISS,serverless,/api/cron,cryptosignal-ai-68mu4qxgd-hadayalab-projects-projects.vercel.app,cryptosignal-ai-68mu4qxgd-hadayalab-projects-projects.vercel.app,dpl_7xctBUeLMmAaeMQE2WZBJjJ4HKAe,,,,,"Slot check => utcHour=21, utcMinute=45, isRegularSlot=false, force=false",prj_3ECsT5RqWymkjdfB0bXrqIH4TwFq,,,,,
2025-12-24 21:45:23,1766612723125,cryptosignal-ai-68mu4qxgd-hadayalab-projects-projects.vercel.app/api/cron,GET,,200,6bp5l-1766612723078-bcb7ad2e1645,vercel-cron/1.0,info,production,main,MISS,serverless,/api/cron,cryptosignal-ai-68mu4qxgd-hadayalab-projects-projects.vercel.app,cryptosignal-ai-68mu4qxgd-hadayalab-projects-projects.vercel.app,dpl_7xctBUeLMmAaeMQE2WZBJjJ4HKAe,,,,,🌐 Fetching: https://api.cryptoquant.com/v1/btc/exchange-flows/netflow?exchange=all_exchange&window=day&limit=1,prj_3ECsT5RqWymkjdfB0bXrqIH4TwFq,,,,,
2025-12-24 21:45:23,1766612723127,cryptosignal-ai-68mu4qxgd-hadayalab-projects-projects.vercel.app/api/cron,GET,,200,6bp5l-1766612723078-bcb7ad2e1645,vercel-cron/1.0,info,production,main,MISS,serverless,/api/cron,cryptosignal-ai-68mu4qxgd-hadayalab-projects-projects.vercel.app,cryptosignal-ai-68mu4qxgd-hadayalab-projects-projects.vercel.app,dpl_7xctBUeLMmAaeMQE2WZBJjJ4HKAe,,,,,🌐 Fetching: https://api.cryptoquant.com/v1/btc/flow-indicator/mpi?window=day&limit=1,prj_3ECsT5RqWymkjdfB0bXrqIH4TwFq,,,,,
2025-12-24 21:45:23,1766612723321,cryptosignal-ai-68mu4qxgd-hadayalab-projects-projects.vercel.app/api/cron,GET,,200,6bp5l-1766612723078-bcb7ad2e1645,vercel-cron/1.0,info,production,main,MISS,serverless,/api/cron,cryptosignal-ai-68mu4qxgd-hadayalab-projects-projects.vercel.app,cryptosignal-ai-68mu4qxgd-hadayalab-projects-projects.vercel.app,dpl_7xctBUeLMmAaeMQE2WZBJjJ4HKAe,,,,,"📊 Exchange Netflow (BTC): -11379.222587299999 raw: {""date"":""2025-12-23"",""netflow_total"":-11379.222587299999}",prj_3ECsT5RqWymkjdfB0bXrqIH4TwFq,,,,,
2025-12-24 21:45:23,1766612723502,cryptosignal-ai-68mu4qxgd-hadayalab-projects-projects.vercel.app/api/cron,GET,,200,6bp5l-1766612723078-bcb7ad2e1645,vercel-cron/1.0,info,production,main,MISS,serverless,/api/cron,cryptosignal-ai-68mu4qxgd-hadayalab-projects-projects.vercel.app,cryptosignal-ai-68mu4qxgd-hadayalab-projects-projects.vercel.app,dpl_7xctBUeLMmAaeMQE2WZBJjJ4HKAe,,,,,"📊 Miner Position Index (BTC): -0.5211564700986901 raw: {""date"":""2025-12-23"",""mpi"":-0.5211564700986901}",prj_3ECsT5RqWymkjdfB0bXrqIH4TwFq,,,,,
2025-12-24 21:45:23,1766612723078,cryptosignal-ai-68mu4qxgd-hadayalab-projects-projects.vercel.app/api/cron,GET,,200,6bp5l-1766612723078-bcb7ad2e1645,vercel-cron/1.0,,production,main,MISS,serverless,/api/cron,cryptosignal-ai-68mu4qxgd-hadayalab-projects-projects.vercel.app,cryptosignal-ai-68mu4qxgd-hadayalab-projects-projects.vercel.app,dpl_7xctBUeLMmAaeMQE2WZBJjJ4HKAe,454,iad1,267,2048,,prj_3ECsT5RqWymkjdfB0bXrqIH4TwFq,,,01KD955SCP5EJ209A1TCWDQEQ8,I6TmHeoz3gy1,1
2025-12-24 21:30:23,1766611823099,cryptosignal-ai-68mu4qxgd-hadayalab-projects-projects.vercel.app/api/cron,GET,,200,p97nn-1766611823061-5a201658f9ac,vercel-cron/1.0,info,production,main,MISS,serverless,/api/cron,cryptosignal-ai-68mu4qxgd-hadayalab-projects-projects.vercel.app,cryptosignal-ai-68mu4qxgd-hadayalab-projects-projects.vercel.app,dpl_7xctBUeLMmAaeMQE2WZBJjJ4HKAe,,,,,🚀 Cron Job Started: Whale Monitor,prj_3ECsT5RqWymkjdfB0bXrqIH4TwFq,,,,,
2025-12-24 21:30:23,1766611823099,cryptosignal-ai-68mu4qxgd-hadayalab-projects-projects.vercel.app/api/cron,GET,,200,p97nn-1766611823061-5a201658f9ac,vercel-cron/1.0,info,production,main,MISS,serverless,/api/cron,cryptosignal-ai-68mu4qxgd-hadayalab-projects-projects.vercel.app,cryptosignal-ai-68mu4qxgd-hadayalab-projects-projects.vercel.app,dpl_7xctBUeLMmAaeMQE2WZBJjJ4HKAe,,,,,"Slot check => utcHour=21, utcMinute=30, isRegularSlot=false, force=false",prj_3ECsT5RqWymkjdfB0bXrqIH4TwFq,,,,,
2025-12-24 21:30:23,1766611823099,cryptosignal-ai-68mu4qxgd-hadayalab-projects-projects.vercel.app/api/cron,GET,,200,p97nn-1766611823061-5a201658f9ac,vercel-cron/1.0,info,production,main,MISS,serverless,/api/cron,cryptosignal-ai-68mu4qxgd-hadayalab-projects-projects.vercel.app,cryptosignal-ai-68mu4qxgd-hadayalab-projects-projects.vercel.app,dpl_7xctBUeLMmAaeMQE2WZBJjJ4HKAe,,,,,🌐 Fetching: https://api.cryptoquant.com/v1/btc/exchange-flows/netflow?exchange=all_exchange&window=day&limit=1,prj_3ECsT5RqWymkjdfB0bXrqIH4TwFq,,,,,
2025-12-24 21:30:23,1766611823102,cryptosignal-ai-68mu4qxgd-hadayalab-projects-projects.vercel.app/api/cron,GET,,200,p97nn-1766611823061-5a201658f9ac,vercel-cron/1.0,info,production,main,MISS,serverless,/api/cron,cryptosignal-ai-68mu4qxgd-hadayalab-projects-projects.vercel.app,cryptosignal-ai-68mu4qxgd-hadayalab-projects-projects.vercel.app,dpl_7xctBUeLMmAaeMQE2WZBJjJ4HKAe,,,,,🌐 Fetching: https://api.cryptoquant.com/v1/btc/flow-indicator/mpi?window=day&limit=1,prj_3ECsT5RqWymkjdfB0bXrqIH4TwFq,,,,,
2025-12-24 21:30:23,1766611823272,cryptosignal-ai-68mu4qxgd-hadayalab-projects-projects.vercel.app/api/cron,GET,,200,p97nn-1766611823061-5a201658f9ac,vercel-cron/1.0,info,production,main,MISS,serverless,/api/cron,cryptosignal-ai-68mu4qxgd-hadayalab-projects-projects.vercel.app,cryptosignal-ai-68mu4qxgd-hadayalab-projects-projects.vercel.app,dpl_7xctBUeLMmAaeMQE2WZBJjJ4HKAe,,,,,"📊 Exchange Netflow (BTC): -11379.222587299999 raw: {""date"":""2025-12-23"",""netflow_total"":-11379.222587299999}",prj_3ECsT5RqWymkjdfB0bXrqIH4TwFq,,,,,
2025-12-24 21:30:23,1766611823317,cryptosignal-ai-68mu4qxgd-hadayalab-projects-projects.vercel.app/api/cron,GET,,200,p97nn-1766611823061-5a201658f9ac,vercel-cron/1.0,info,production,main,MISS,serverless,/api/cron,cryptosignal-ai-68mu4qxgd-hadayalab-projects-projects.vercel.app,cryptosignal-ai-68mu4qxgd-hadayalab-projects-projects.vercel.app,dpl_7xctBUeLMmAaeMQE2WZBJjJ4HKAe,,,,,"📊 Miner Position Index (BTC): -0.5211564700986901 raw: {""date"":""2025-12-23"",""mpi"":-0.5211564700986901}",prj_3ECsT5RqWymkjdfB0bXrqIH4TwFq,,,,,
2025-12-24 21:30:23,1766611823061,cryptosignal-ai-68mu4qxgd-hadayalab-projects-projects.vercel.app/api/cron,GET,,200,p97nn-1766611823061-5a201658f9ac,vercel-cron/1.0,,production,main,MISS,serverless,/api/cron,cryptosignal-ai-68mu4qxgd-hadayalab-projects-projects.vercel.app,cryptosignal-ai-68mu4qxgd-hadayalab-projects-projects.vercel.app,dpl_7xctBUeLMmAaeMQE2WZBJjJ4HKAe,285,iad1,264,2048,,prj_3ECsT5RqWymkjdfB0bXrqIH4TwFq,,,01KD94AAF18MFMMQ16W9RT6VDV,I6TmHeoz3gy1,1
2025-12-24 21:15:23,1766610923346,cryptosignal-ai-68mu4qxgd-hadayalab-projects-projects.vercel.app/api/cron,GET,,200,w69j8-1766610923281-f9479cfd74d2,vercel-cron/1.0,info,production,main,MISS,serverless,/api/cron,cryptosignal-ai-68mu4qxgd-hadayalab-projects-projects.vercel.app,cryptosignal-ai-68mu4qxgd-hadayalab-projects-projects.vercel.app,dpl_7xctBUeLMmAaeMQE2WZBJjJ4HKAe,,,,,🚀 Cron Job Started: Whale Monitor,prj_3ECsT5RqWymkjdfB0bXrqIH4TwFq,,,,,
2025-12-24 21:15:23,1766610923347,cryptosignal-ai-68mu4qxgd-hadayalab-projects-projects.vercel.app/api/cron,GET,,200,w69j8-1766610923281-f9479cfd74d2,vercel-cron/1.0,info,production,main,MISS,serverless,/api/cron,cryptosignal-ai-68mu4qxgd-hadayalab-projects-projects.vercel.app,cryptosignal-ai-68mu4qxgd-hadayalab-projects-projects.vercel.app,dpl_7xctBUeLMmAaeMQE2WZBJjJ4HKAe,,,,,"Slot check => utcHour=21, utcMinute=15, isRegularSlot=false, force=false",prj_3ECsT5RqWymkjdfB0bXrqIH4TwFq,,,,,
2025-12-24 21:15:23,1766610923347,cryptosignal-ai-68mu4qxgd-hadayalab-projects-projects.vercel.app/api/cron,GET,,200,w69j8-1766610923281-f9479cfd74d2,vercel-cron/1.0,info,production,main,MISS,serverless,/api/cron,cryptosignal-ai-68mu4qxgd-hadayalab-projects-projects.vercel.app,cryptosignal-ai-68mu4qxgd-hadayalab-projects-projects.vercel.app,dpl_7xctBUeLMmAaeMQE2WZBJjJ4HKAe,,,,,🌐 Fetching: https://api.cryptoquant.com/v1/btc/exchange-flows/netflow?exchange=all_exchange&window=day&limit=1,prj_3ECsT5RqWymkjdfB0bXrqIH4TwFq,,,,,
2025-12-24 21:15:23,1766610923430,cryptosignal-ai-68mu4qxgd-hadayalab-projects-projects.vercel.app/api/cron,GET,,200,w69j8-1766610923281-f9479cfd74d2,vercel-cron/1.0,info,production,main,MISS,serverless,/api/cron,cryptosignal-ai-68mu4qxgd-hadayalab-projects-projects.vercel.app,cryptosignal-ai-68mu4qxgd-hadayalab-projects-projects.vercel.app,dpl_7xctBUeLMmAaeMQE2WZBJjJ4HKAe,,,,,🌐 Fetching: https://api.cryptoquant.com/v1/btc/flow-indicator/mpi?window=day&limit=1,prj_3ECsT5RqWymkjdfB0bXrqIH4TwFq,,,,,
2025-12-24 21:15:23,1766610923432,cryptosignal-ai-68mu4qxgd-hadayalab-projects-projects.vercel.app/api/cron,GET,,200,w69j8-1766610923281-f9479cfd74d2,vercel-cron/1.0,error,production,main,MISS,serverless,/api/cron,cryptosignal-ai-68mu4qxgd-hadayalab-projects-projects.vercel.app,cryptosignal-ai-68mu4qxgd-hadayalab-projects-projects.vercel.app,dpl_7xctBUeLMmAaeMQE2WZBJjJ4HKAe,,,,,"(node:4) [DEP0169] DeprecationWarning: `url.parse()` behavior is not standardized and prone to errors that have security implications. Use the WHATWG URL API instead. CVEs are not issued for `url.parse()` vulnerabilities.
(Use `node --trace-deprecation ...` to show where the warning was created)",prj_3ECsT5RqWymkjdfB0bXrqIH4TwFq,,,,,
2025-12-24 21:15:23,1766610923630,cryptosignal-ai-68mu4qxgd-hadayalab-projects-projects.vercel.app/api/cron,GET,,200,w69j8-1766610923281-f9479cfd74d2,vercel-cron/1.0,info,production,main,MISS,serverless,/api/cron,cryptosignal-ai-68mu4qxgd-hadayalab-projects-projects.vercel.app,cryptosignal-ai-68mu4qxgd-hadayalab-projects-projects.vercel.app,dpl_7xctBUeLMmAaeMQE2WZBJjJ4HKAe,,,,,"📊 Exchange Netflow (BTC): -11379.222587299999 raw: {""date"":""2025-12-23"",""netflow_total"":-11379.222587299999}",prj_3ECsT5RqWymkjdfB0bXrqIH4TwFq,,,,,
2025-12-24 21:15:23,1766610923652,cryptosignal-ai-68mu4qxgd-hadayalab-projects-projects.vercel.app/api/cron,GET,,200,w69j8-1766610923281-f9479cfd74d2,vercel-cron/1.0,info,production,main,MISS,serverless,/api/cron,cryptosignal-ai-68mu4qxgd-hadayalab-projects-projects.vercel.app,cryptosignal-ai-68mu4qxgd-hadayalab-projects-projects.vercel.app,dpl_7xctBUeLMmAaeMQE2WZBJjJ4HKAe,,,,,"📊 Miner Position Index (BTC): -0.5211564700986901 raw: {""date"":""2025-12-23"",""mpi"":-0.5211564700986901}",prj_3ECsT5RqWymkjdfB0bXrqIH4TwFq,,,,,
2025-12-24 21:15:23,1766610923281,cryptosignal-ai-68mu4qxgd-hadayalab-projects-projects.vercel.app/api/cron,GET,,200,w69j8-1766610923281-f9479cfd74d2,vercel-cron/1.0,,production,main,MISS,serverless,/api/cron,cryptosignal-ai-68mu4qxgd-hadayalab-projects-projects.vercel.app,cryptosignal-ai-68mu4qxgd-hadayalab-projects-projects.vercel.app,dpl_7xctBUeLMmAaeMQE2WZBJjJ4HKAe,701,iad1,270,2048,,prj_3ECsT5RqWymkjdfB0bXrqIH4TwFq,,,01KD93EVSQX4E78XKED5GXY1NK,I6TmHeoz3gy1,1
2025-12-24 21:00:23,1766610023230,cryptosignal-ai-68mu4qxgd-hadayalab-projects-projects.vercel.app/api/cron,GET,,200,hr6n5-1766610023193-5a0fea559c08,vercel-cron/1.0,info,production,main,MISS,serverless,/api/cron,cryptosignal-ai-68mu4qxgd-hadayalab-projects-projects.vercel.app,cryptosignal-ai-68mu4qxgd-hadayalab-projects-projects.vercel.app,dpl_7xctBUeLMmAaeMQE2WZBJjJ4HKAe,,,,,🚀 Cron Job Started: Whale Monitor,prj_3ECsT5RqWymkjdfB0bXrqIH4TwFq,,,,,
2025-12-24 21:00:23,1766610023230,cryptosignal-ai-68mu4qxgd-hadayalab-projects-projects.vercel.app/api/cron,GET,,200,hr6n5-1766610023193-5a0fea559c08,vercel-cron/1.0,info,production,main,MISS,serverless,/api/cron,cryptosignal-ai-68mu4qxgd-hadayalab-projects-projects.vercel.app,cryptosignal-ai-68mu4qxgd-hadayalab-projects-projects.vercel.app,dpl_7xctBUeLMmAaeMQE2WZBJjJ4HKAe,,,,,"Slot check => utcHour=21, utcMinute=0, isRegularSlot=false, force=false",prj_3ECsT5RqWymkjdfB0bXrqIH4TwFq,,,,,
2025-12-24 21:00:23,1766610023230,cryptosignal-ai-68mu4qxgd-hadayalab-projects-projects.vercel.app/api/cron,GET,,200,hr6n5-1766610023193-5a0fea559c08,vercel-cron/1.0,info,production,main,MISS,serverless,/api/cron,cryptosignal-ai-68mu4qxgd-hadayalab-projects-projects.vercel.app,cryptosignal-ai-68mu4qxgd-hadayalab-projects-projects.vercel.app,dpl_7xctBUeLMmAaeMQE2WZBJjJ4HKAe,,,,,🌐 Fetching: https://api.cryptoquant.com/v1/btc/exchange-flows/netflow?exchange=all_exchange&window=day&limit=1,prj_3ECsT5RqWymkjdfB0bXrqIH4TwFq,,,,,
2025-12-24 21:00:23,1766610023232,cryptosignal-ai-68mu4qxgd-hadayalab-projects-projects.vercel.app/api/cron,GET,,200,hr6n5-1766610023193-5a0fea559c08,vercel-cron/1.0,info,production,main,MISS,serverless,/api/cron,cryptosignal-ai-68mu4qxgd-hadayalab-projects-projects.vercel.app,cryptosignal-ai-68mu4qxgd-hadayalab-projects-projects.vercel.app,dpl_7xctBUeLMmAaeMQE2WZBJjJ4HKAe,,,,,🌐 Fetching: https://api.cryptoquant.com/v1/btc/flow-indicator/mpi?window=day&limit=1,prj_3ECsT5RqWymkjdfB0bXrqIH4TwFq,,,,,
2025-12-24 21:00:23,1766610023409,cryptosignal-ai-68mu4qxgd-hadayalab-projects-projects.vercel.app/api/cron,GET,,200,hr6n5-1766610023193-5a0fea559c08,vercel-cron/1.0,info,production,main,MISS,serverless,/api/cron,cryptosignal-ai-68mu4qxgd-hadayalab-projects-projects.vercel.app,cryptosignal-ai-68mu4qxgd-hadayalab-projects-projects.vercel.app,dpl_7xctBUeLMmAaeMQE2WZBJjJ4HKAe,,,,,"📊 Miner Position Index (BTC): -0.5211564700986901 raw: {""date"":""2025-12-23"",""mpi"":-0.5211564700986901}",prj_3ECsT5RqWymkjdfB0bXrqIH4TwFq,,,,,
2025-12-24 21:00:23,1766610023409,cryptosignal-ai-68mu4qxgd-hadayalab-projects-projects.vercel.app/api/cron,GET,,200,hr6n5-1766610023193-5a0fea559c08,vercel-cron/1.0,info,production,main,MISS,serverless,/api/cron,cryptosignal-ai-68mu4qxgd-hadayalab-projects-projects.vercel.app,cryptosignal-ai-68mu4qxgd-hadayalab-projects-projects.vercel.app,dpl_7xctBUeLMmAaeMQE2WZBJjJ4HKAe,,,,,"📊 Exchange Netflow (BTC): -11379.222587299999 raw: {""date"":""2025-12-23"",""netflow_total"":-11379.222587299999}",prj_3ECsT5RqWymkjdfB0bXrqIH4TwFq,,,,,
2025-12-24 21:00:23,1766610023193,cryptosignal-ai-68mu4qxgd-hadayalab-projects-projects.vercel.app/api/cron,GET,,200,hr6n5-1766610023193-5a0fea559c08,vercel-cron/1.0,,production,main,MISS,serverless,/api/cron,cryptosignal-ai-68mu4qxgd-hadayalab-projects-projects.vercel.app,cryptosignal-ai-68mu4qxgd-hadayalab-projects-projects.vercel.app,dpl_7xctBUeLMmAaeMQE2WZBJjJ4HKAe,246,iad1,270,2048,,prj_3ECsT5RqWymkjdfB0bXrqIH4TwFq,,,01KD92KCS87VH6JNNMMKNPBNXY,bQwEBnpd8fqI,1
2025-12-24 20:45:23,1766609123115,cryptosignal-ai-68mu4qxgd-hadayalab-projects-projects.vercel.app/api/cron,GET,,200,27jwv-1766609123072-7379767ebe5c,vercel-cron/1.0,info,production,main,MISS,serverless,/api/cron,cryptosignal-ai-68mu4qxgd-hadayalab-projects-projects.vercel.app,cryptosignal-ai-68mu4qxgd-hadayalab-projects-projects.vercel.app,dpl_7xctBUeLMmAaeMQE2WZBJjJ4HKAe,,,,,🚀 Cron Job Started: Whale Monitor,prj_3ECsT5RqWymkjdfB0bXrqIH4TwFq,,,,,
2025-12-24 20:45:23,1766609123115,cryptosignal-ai-68mu4qxgd-hadayalab-projects-projects.vercel.app/api/cron,GET,,200,27jwv-1766609123072-7379767ebe5c,vercel-cron/1.0,info,production,main,MISS,serverless,/api/cron,cryptosignal-ai-68mu4qxgd-hadayalab-projects-projects.vercel.app,cryptosignal-ai-68mu4qxgd-hadayalab-projects-projects.vercel.app,dpl_7xctBUeLMmAaeMQE2WZBJjJ4HKAe,,,,,"Slot check => utcHour=20, utcMinute=45, isRegularSlot=false, force=false",prj_3ECsT5RqWymkjdfB0bXrqIH4TwFq,,,,,
2025-12-24 20:45:23,1766609123115,cryptosignal-ai-68mu4qxgd-hadayalab-projects-projects.vercel.app/api/cron,GET,,200,27jwv-1766609123072-7379767ebe5c,vercel-cron/1.0,info,production,main,MISS,serverless,/api/cron,cryptosignal-ai-68mu4qxgd-hadayalab-projects-projects.vercel.app,cryptosignal-ai-68mu4qxgd-hadayalab-projects-projects.vercel.app,dpl_7xctBUeLMmAaeMQE2WZBJjJ4HKAe,,,,,🌐 Fetching: https://api.cryptoquant.com/v1/btc/exchange-flows/netflow?exchange=all_exchange&window=day&limit=1,prj_3ECsT5RqWymkjdfB0bXrqIH4TwFq,,,,,
2025-12-24 20:45:23,1766609123115,cryptosignal-ai-68mu4qxgd-hadayalab-projects-projects.vercel.app/api/cron,GET,,200,27jwv-1766609123072-7379767ebe5c,vercel-cron/1.0,info,production,main,MISS,serverless,/api/cron,cryptosignal-ai-68mu4qxgd-hadayalab-projects-projects.vercel.app,cryptosignal-ai-68mu4qxgd-hadayalab-projects-projects.vercel.app,dpl_7xctBUeLMmAaeMQE2WZBJjJ4HKAe,,,,,🌐 Fetching: https://api.cryptoquant.com/v1/btc/flow-indicator/mpi?window=day&limit=1,prj_3ECsT5RqWymkjdfB0bXrqIH4TwFq,,,,,
2025-12-24 20:45:23,1766609123280,cryptosignal-ai-68mu4qxgd-hadayalab-projects-projects.vercel.app/api/cron,GET,,200,27jwv-1766609123072-7379767ebe5c,vercel-cron/1.0,info,production,main,MISS,serverless,/api/cron,cryptosignal-ai-68mu4qxgd-hadayalab-projects-projects.vercel.app,cryptosignal-ai-68mu4qxgd-hadayalab-projects-projects.vercel.app,dpl_7xctBUeLMmAaeMQE2WZBJjJ4HKAe,,,,,"📊 Exchange Netflow (BTC): -11379.222587299999 raw: {""date"":""2025-12-23"",""netflow_total"":-11379.222587299999}",prj_3ECsT5RqWymkjdfB0bXrqIH4TwFq,,,,,
2025-12-24 20:45:23,1766609123302,cryptosignal-ai-68mu4qxgd-hadayalab-projects-projects.vercel.app/api/cron,GET,,200,27jwv-1766609123072-7379767ebe5c,vercel-cron/1.0,info,production,main,MISS,serverless,/api/cron,cryptosignal-ai-68mu4qxgd-hadayalab-projects-projects.vercel.app,cryptosignal-ai-68mu4qxgd-hadayalab-projects-projects.vercel.app,dpl_7xctBUeLMmAaeMQE2WZBJjJ4HKAe,,,,,"📊 Miner Position Index (BTC): -0.5211564700986901 raw: {""date"":""2025-12-23"",""mpi"":-0.5211564700986901}",prj_3ECsT5RqWymkjdfB0bXrqIH4TwFq,,,,,
2025-12-24 20:45:23,1766609123072,cryptosignal-ai-68mu4qxgd-hadayalab-projects-projects.vercel.app/api/cron,GET,,200,27jwv-1766609123072-7379767ebe5c,vercel-cron/1.0,,production,main,MISS,serverless,/api/cron,cryptosignal-ai-68mu4qxgd-hadayalab-projects-projects.vercel.app,cryptosignal-ai-68mu4qxgd-hadayalab-projects-projects.vercel.app,dpl_7xctBUeLMmAaeMQE2WZBJjJ4HKAe,281,iad1,270,2048,,prj_3ECsT5RqWymkjdfB0bXrqIH4TwFq,,,01KD91QXRCNTA9J08VS1V2VDM1,bQwEBnpd8fqI,1
2025-12-24 20:30:23,1766608223188,cryptosignal-ai-68mu4qxgd-hadayalab-projects-projects.vercel.app/api/cron,GET,,200,w8q4q-1766608223124-e8d40d038b6b,vercel-cron/1.0,info,production,main,MISS,serverless,/api/cron,cryptosignal-ai-68mu4qxgd-hadayalab-projects-projects.vercel.app,cryptosignal-ai-68mu4qxgd-hadayalab-projects-projects.vercel.app,dpl_7xctBUeLMmAaeMQE2WZBJjJ4HKAe,,,,,🚀 Cron Job Started: Whale Monitor,prj_3ECsT5RqWymkjdfB0bXrqIH4TwFq,,,,,
2025-12-24 20:30:23,1766608223188,cryptosignal-ai-68mu4qxgd-hadayalab-projects-projects.vercel.app/api/cron,GET,,200,w8q4q-1766608223124-e8d40d038b6b,vercel-cron/1.0,info,production,main,MISS,serverless,/api/cron,cryptosignal-ai-68mu4qxgd-hadayalab-projects-projects.vercel.app,cryptosignal-ai-68mu4qxgd-hadayalab-projects-projects.vercel.app,dpl_7xctBUeLMmAaeMQE2WZBJjJ4HKAe,,,,,"Slot check => utcHour=20, utcMinute=30, isRegularSlot=false, force=false",prj_3ECsT5RqWymkjdfB0bXrqIH4TwFq,,,,,
2025-12-24 20:30:23,1766608223188,cryptosignal-ai-68mu4qxgd-hadayalab-projects-projects.vercel.app/api/cron,GET,,200,w8q4q-1766608223124-e8d40d038b6b,vercel-cron/1.0,info,production,main,MISS,serverless,/api/cron,cryptosignal-ai-68mu4qxgd-hadayalab-projects-projects.vercel.app,cryptosignal-ai-68mu4qxgd-hadayalab-projects-projects.vercel.app,dpl_7xctBUeLMmAaeMQE2WZBJjJ4HKAe,,,,,🌐 Fetching: https://api.cryptoquant.com/v1/btc/exchange-flows/netflow?exchange=all_exchange&window=day&limit=1,prj_3ECsT5RqWymkjdfB0bXrqIH4TwFq,,,,,
2025-12-24 20:30:23,1766608223188,cryptosignal-ai-68mu4qxgd-hadayalab-projects-projects.vercel.app/api/cron,GET,,200,w8q4q-1766608223124-e8d40d038b6b,vercel-cron/1.0,info,production,main,MISS,serverless,/api/cron,cryptosignal-ai-68mu4qxgd-hadayalab-projects-projects.vercel.app,cryptosignal-ai-68mu4qxgd-hadayalab-projects-projects.vercel.app,dpl_7xctBUeLMmAaeMQE2WZBJjJ4HKAe,,,,,🌐 Fetching: https://api.cryptoquant.com/v1/btc/flow-indicator/mpi?window=day&limit=1,prj_3ECsT5RqWymkjdfB0bXrqIH4TwFq,,,,,
2025-12-24 20:30:23,1766608223371,cryptosignal-ai-68mu4qxgd-hadayalab-projects-projects.vercel.app/api/cron,GET,,200,w8q4q-1766608223124-e8d40d038b6b,vercel-cron/1.0,info,production,main,MISS,serverless,/api/cron,cryptosignal-ai-68mu4qxgd-hadayalab-projects-projects.vercel.app,cryptosignal-ai-68mu4qxgd-hadayalab-projects-projects.vercel.app,dpl_7xctBUeLMmAaeMQE2WZBJjJ4HKAe,,,,,"📊 Miner Position Index (BTC): -0.5211564700986901 raw: {""date"":""2025-12-23"",""mpi"":-0.5211564700986901}",prj_3ECsT5RqWymkjdfB0bXrqIH4TwFq,,,,,
2025-12-24 20:30:23,1766608223378,cryptosignal-ai-68mu4qxgd-hadayalab-projects-projects.vercel.app/api/cron,GET,,200,w8q4q-1766608223124-e8d40d038b6b,vercel-cron/1.0,info,production,main,MISS,serverless,/api/cron,cryptosignal-ai-68mu4qxgd-hadayalab-projects-projects.vercel.app,cryptosignal-ai-68mu4qxgd-hadayalab-projects-projects.vercel.app,dpl_7xctBUeLMmAaeMQE2WZBJjJ4HKAe,,,,,"📊 Exchange Netflow (BTC): -11379.222587299999 raw: {""date"":""2025-12-23"",""netflow_total"":-11379.222587299999}",prj_3ECsT5RqWymkjdfB0bXrqIH4TwFq,,,,,
2025-12-24 20:30:23,1766608223124,cryptosignal-ai-68mu4qxgd-hadayalab-projects-projects.vercel.app/api/cron,GET,,200,w8q4q-1766608223124-e8d40d038b6b,vercel-cron/1.0,,production,main,MISS,serverless,/api/cron,cryptosignal-ai-68mu4qxgd-hadayalab-projects-projects.vercel.app,cryptosignal-ai-68mu4qxgd-hadayalab-projects-projects.vercel.app,dpl_7xctBUeLMmAaeMQE2WZBJjJ4HKAe,286,iad1,269,2048,,prj_3ECsT5RqWymkjdfB0bXrqIH4TwFq,,,01KD90WEXWB0GDSNBRF6GGHZHR,bQwEBnpd8fqI,1
2025-12-24 20:15:23,1766607323118,cryptosignal-ai-68mu4qxgd-hadayalab-projects-projects.vercel.app/api/cron,GET,,200,2mb2d-1766607323079-390407b3f784,vercel-cron/1.0,info,production,main,MISS,serverless,/api/cron,cryptosignal-ai-68mu4qxgd-hadayalab-projects-projects.vercel.app,cryptosignal-ai-68mu4qxgd-hadayalab-projects-projects.vercel.app,dpl_7xctBUeLMmAaeMQE2WZBJjJ4HKAe,,,,,🚀 Cron Job Started: Whale Monitor,prj_3ECsT5RqWymkjdfB0bXrqIH4TwFq,,,,,
2025-12-24 20:15:23,1766607323118,cryptosignal-ai-68mu4qxgd-hadayalab-projects-projects.vercel.app/api/cron,GET,,200,2mb2d-1766607323079-390407b3f784,vercel-cron/1.0,info,production,main,MISS,serverless,/api/cron,cryptosignal-ai-68mu4qxgd-hadayalab-projects-projects.vercel.app,cryptosignal-ai-68mu4qxgd-hadayalab-projects-projects.vercel.app,dpl_7xctBUeLMmAaeMQE2WZBJjJ4HKAe,,,,,"Slot check => utcHour=20, utcMinute=15, isRegularSlot=false, force=false",prj_3ECsT5RqWymkjdfB0bXrqIH4TwFq,,,,,
2025-12-24 20:15:23,1766607323118,cryptosignal-ai-68mu4qxgd-hadayalab-projects-projects.vercel.app/api/cron,GET,,200,2mb2d-1766607323079-390407b3f784,vercel-cron/1.0,info,production,main,MISS,serverless,/api/cron,cryptosignal-ai-68mu4qxgd-hadayalab-projects-projects.vercel.app,cryptosignal-ai-68mu4qxgd-hadayalab-projects-projects.vercel.app,dpl_7xctBUeLMmAaeMQE2WZBJjJ4HKAe,,,,,🌐 Fetching: https://api.cryptoquant.com/v1/btc/exchange-flows/netflow?exchange=all_exchange&window=day&limit=1,prj_3ECsT5RqWymkjdfB0bXrqIH4TwFq,,,,,
2025-12-24 20:15:23,1766607323118,cryptosignal-ai-68mu4qxgd-hadayalab-projects-projects.vercel.app/api/cron,GET,,200,2mb2d-1766607323079-390407b3f784,vercel-cron/1.0,info,production,main,MISS,serverless,/api/cron,cryptosignal-ai-68mu4qxgd-hadayalab-projects-projects.vercel.app,cryptosignal-ai-68mu4qxgd-hadayalab-projects-projects.vercel.app,dpl_7xctBUeLMmAaeMQE2WZBJjJ4HKAe,,,,,🌐 Fetching: https://api.cryptoquant.com/v1/btc/flow-indicator/mpi?window=day&limit=1,prj_3ECsT5RqWymkjdfB0bXrqIH4TwFq,,,,,
2025-12-24 20:15:23,1766607323287,cryptosignal-ai-68mu4qxgd-hadayalab-projects-projects.vercel.app/api/cron,GET,,200,2mb2d-1766607323079-390407b3f784,vercel-cron/1.0,info,production,main,MISS,serverless,/api/cron,cryptosignal-ai-68mu4qxgd-hadayalab-projects-projects.vercel.app,cryptosignal-ai-68mu4qxgd-hadayalab-projects-projects.vercel.app,dpl_7xctBUeLMmAaeMQE2WZBJjJ4HKAe,,,,,"📊 Exchange Netflow (BTC): -11379.222587299999 raw: {""date"":""2025-12-23"",""netflow_total"":-11379.222587299999}",prj_3ECsT5RqWymkjdfB0bXrqIH4TwFq,,,,,
2025-12-24 20:15:23,1766607323338,cryptosignal-ai-68mu4qxgd-hadayalab-projects-projects.vercel.app/api/cron,GET,,200,2mb2d-1766607323079-390407b3f784,vercel-cron/1.0,info,production,main,MISS,serverless,/api/cron,cryptosignal-ai-68mu4qxgd-hadayalab-projects-projects.vercel.app,cryptosignal-ai-68mu4qxgd-hadayalab-projects-projects.vercel.app,dpl_7xctBUeLMmAaeMQE2WZBJjJ4HKAe,,,,,"📊 Miner Position Index (BTC): -0.5211564700986901 raw: {""date"":""2025-12-23"",""mpi"":-0.5211564700986901}",prj_3ECsT5RqWymkjdfB0bXrqIH4TwFq,,,,,
2025-12-24 20:15:23,1766607323079,cryptosignal-ai-68mu4qxgd-hadayalab-projects-projects.vercel.app/api/cron,GET,,200,2mb2d-1766607323079-390407b3f784,vercel-cron/1.0,,production,main,MISS,serverless,/api/cron,cryptosignal-ai-68mu4qxgd-hadayalab-projects-projects.vercel.app,cryptosignal-ai-68mu4qxgd-hadayalab-projects-projects.vercel.app,dpl_7xctBUeLMmAaeMQE2WZBJjJ4HKAe,309,iad1,269,2048,,prj_3ECsT5RqWymkjdfB0bXrqIH4TwFq,,,01KD900ZYP1EA85ZBZQEH2Q3CX,bQwEBnpd8fqI,1
2025-12-24 20:00:23,1766606423518,cryptosignal-ai-68mu4qxgd-hadayalab-projects-projects.vercel.app/api/cron,GET,,200,j7k6f-1766606423476-f58bdb516853,vercel-cron/1.0,info,production,main,MISS,serverless,/api/cron,cryptosignal-ai-68mu4qxgd-hadayalab-projects-projects.vercel.app,cryptosignal-ai-68mu4qxgd-hadayalab-projects-projects.vercel.app,dpl_7xctBUeLMmAaeMQE2WZBJjJ4HKAe,,,,,🚀 Cron Job Started: Whale Monitor,prj_3ECsT5RqWymkjdfB0bXrqIH4TwFq,,,,,
2025-12-24 20:00:23,1766606423518,cryptosignal-ai-68mu4qxgd-hadayalab-projects-projects.vercel.app/api/cron,GET,,200,j7k6f-1766606423476-f58bdb516853,vercel-cron/1.0,info,production,main,MISS,serverless,/api/cron,cryptosignal-ai-68mu4qxgd-hadayalab-projects-projects.vercel.app,cryptosignal-ai-68mu4qxgd-hadayalab-projects-projects.vercel.app,dpl_7xctBUeLMmAaeMQE2WZBJjJ4HKAe,,,,,"Slot check => utcHour=20, utcMinute=0, isRegularSlot=true, force=false",prj_3ECsT5RqWymkjdfB0bXrqIH4TwFq,,,,,
2025-12-24 20:00:23,1766606423518,cryptosignal-ai-68mu4qxgd-hadayalab-projects-projects.vercel.app/api/cron,GET,,200,j7k6f-1766606423476-f58bdb516853,vercel-cron/1.0,info,production,main,MISS,serverless,/api/cron,cryptosignal-ai-68mu4qxgd-hadayalab-projects-projects.vercel.app,cryptosignal-ai-68mu4qxgd-hadayalab-projects-projects.vercel.app,dpl_7xctBUeLMmAaeMQE2WZBJjJ4HKAe,,,,,🌐 Fetching: https://api.cryptoquant.com/v1/btc/exchange-flows/netflow?exchange=all_exchange&window=day&limit=1,prj_3ECsT5RqWymkjdfB0bXrqIH4TwFq,,,,,
2025-12-24 20:00:23,1766606423519,cryptosignal-ai-68mu4qxgd-hadayalab-projects-projects.vercel.app/api/cron,GET,,200,j7k6f-1766606423476-f58bdb516853,vercel-cron/1.0,info,production,main,MISS,serverless,/api/cron,cryptosignal-ai-68mu4qxgd-hadayalab-projects-projects.vercel.app,cryptosignal-ai-68mu4qxgd-hadayalab-projects-projects.vercel.app,dpl_7xctBUeLMmAaeMQE2WZBJjJ4HKAe,,,,,🌐 Fetching: https://api.cryptoquant.com/v1/btc/flow-indicator/mpi?window=day&limit=1,prj_3ECsT5RqWymkjdfB0bXrqIH4TwFq,,,,,
2025-12-24 20:00:23,1766606423716,cryptosignal-ai-68mu4qxgd-hadayalab-projects-projects.vercel.app/api/cron,GET,,200,j7k6f-1766606423476-f58bdb516853,vercel-cron/1.0,info,production,main,MISS,serverless,/api/cron,cryptosignal-ai-68mu4qxgd-hadayalab-projects-projects.vercel.app,cryptosignal-ai-68mu4qxgd-hadayalab-projects-projects.vercel.app,dpl_7xctBUeLMmAaeMQE2WZBJjJ4HKAe,,,,,"📊 Exchange Netflow (BTC): -11379.222587299999 raw: {""date"":""2025-12-23"",""netflow_total"":-11379.222587299999}",prj_3ECsT5RqWymkjdfB0bXrqIH4TwFq,,,,,
2025-12-24 20:00:23,1766606423787,cryptosignal-ai-68mu4qxgd-hadayalab-projects-projects.vercel.app/api/cron,GET,,200,j7k6f-1766606423476-f58bdb516853,vercel-cron/1.0,info,production,main,MISS,serverless,/api/cron,cryptosignal-ai-68mu4qxgd-hadayalab-projects-projects.vercel.app,cryptosignal-ai-68mu4qxgd-hadayalab-projects-projects.vercel.app,dpl_7xctBUeLMmAaeMQE2WZBJjJ4HKAe,,,,,"📊 Miner Position Index (BTC): -0.5211564700986901 raw: {""date"":""2025-12-23"",""mpi"":-0.5211564700986901}",prj_3ECsT5RqWymkjdfB0bXrqIH4TwFq,,,,,
2025-12-24 20:01:13,1766606473225,cryptosignal-ai-68mu4qxgd-hadayalab-projects-projects.vercel.app/api/cron,GET,,200,j7k6f-1766606423476-f58bdb516853,vercel-cron/1.0,info,production,main,MISS,serverless,/api/cron,cryptosignal-ai-68mu4qxgd-hadayalab-projects-projects.vercel.app,cryptosignal-ai-68mu4qxgd-hadayalab-projects-projects.vercel.app,dpl_7xctBUeLMmAaeMQE2WZBJjJ4HKAe,,,,,Sending REGULAR message...,prj_3ECsT5RqWymkjdfB0bXrqIH4TwFq,,,,,
2025-12-24 20:01:13,1766606473226,cryptosignal-ai-68mu4qxgd-hadayalab-projects-projects.vercel.app/api/cron,GET,,200,j7k6f-1766606423476-f58bdb516853,vercel-cron/1.0,info,production,main,MISS,serverless,/api/cron,cryptosignal-ai-68mu4qxgd-hadayalab-projects-projects.vercel.app,cryptosignal-ai-68mu4qxgd-hadayalab-projects-projects.vercel.app,dpl_7xctBUeLMmAaeMQE2WZBJjJ4HKAe,,,,,🌐 Fetching: https://api.cryptoquant.com/v1/btc/exchange-flows/netflow?exchange=all_exchange&window=day&limit=1,prj_3ECsT5RqWymkjdfB0bXrqIH4TwFq,,,,,
2025-12-24 20:01:13,1766606473228,cryptosignal-ai-68mu4qxgd-hadayalab-projects-projects.vercel.app/api/cron,GET,,200,j7k6f-1766606423476-f58bdb516853,vercel-cron/1.0,info,production,main,MISS,serverless,/api/cron,cryptosignal-ai-68mu4qxgd-hadayalab-projects-projects.vercel.app,cryptosignal-ai-68mu4qxgd-hadayalab-projects-projects.vercel.app,dpl_7xctBUeLMmAaeMQE2WZBJjJ4HKAe,,,,,🌐 Fetching: https://api.cryptoquant.com/v1/btc/flow-indicator/mpi?window=day&limit=1,prj_3ECsT5RqWymkjdfB0bXrqIH4TwFq,,,,,
2025-12-24 20:01:13,1766606473398,cryptosignal-ai-68mu4qxgd-hadayalab-projects-projects.vercel.app/api/cron,GET,,200,j7k6f-1766606423476-f58bdb516853,vercel-cron/1.0,info,production,main,MISS,serverless,/api/cron,cryptosignal-ai-68mu4qxgd-hadayalab-projects-projects.vercel.app,cryptosignal-ai-68mu4qxgd-hadayalab-projects-projects.vercel.app,dpl_7xctBUeLMmAaeMQE2WZBJjJ4HKAe,,,,,"📊 Exchange Netflow (BTC): -11379.222587299999 raw: {""date"":""2025-12-23"",""netflow_total"":-11379.222587299999}",prj_3ECsT5RqWymkjdfB0bXrqIH4TwFq,,,,,
2025-12-24 20:01:13,1766606473474,cryptosignal-ai-68mu4qxgd-hadayalab-projects-projects.vercel.app/api/cron,GET,,200,j7k6f-1766606423476-f58bdb516853,vercel-cron/1.0,info,production,main,MISS,serverless,/api/cron,cryptosignal-ai-68mu4qxgd-hadayalab-projects-projects.vercel.app,cryptosignal-ai-68mu4qxgd-hadayalab-projects-projects.vercel.app,dpl_7xctBUeLMmAaeMQE2WZBJjJ4HKAe,,,,,"📊 Miner Position Index (BTC): -0.5211564700986901 raw: {""date"":""2025-12-23"",""mpi"":-0.5211564700986901}",prj_3ECsT5RqWymkjdfB0bXrqIH4TwFq,,,,,
2025-12-24 20:01:13,1766606473474,cryptosignal-ai-68mu4qxgd-hadayalab-projects-projects.vercel.app/api/cron,GET,,200,j7k6f-1766606423476-f58bdb516853,vercel-cron/1.0,info,production,main,MISS,serverless,/api/cron,cryptosignal-ai-68mu4qxgd-hadayalab-projects-projects.vercel.app,cryptosignal-ai-68mu4qxgd-hadayalab-projects-projects.vercel.app,dpl_7xctBUeLMmAaeMQE2WZBJjJ4HKAe,,,,,🌐 Fetching: https://api.cryptoquant.com/v1/btc/nupl/current?limit=1,prj_3ECsT5RqWymkjdfB0bXrqIH4TwFq,,,,,
2025-12-24 20:01:13,1766606473475,cryptosignal-ai-68mu4qxgd-hadayalab-projects-projects.vercel.app/api/cron,GET,,200,j7k6f-1766606423476-f58bdb516853,vercel-cron/1.0,info,production,main,MISS,serverless,/api/cron,cryptosignal-ai-68mu4qxgd-hadayalab-projects-projects.vercel.app,cryptosignal-ai-68mu4qxgd-hadayalab-projects-projects.vercel.app,dpl_7xctBUeLMmAaeMQE2WZBJjJ4HKAe,,,,,🌐 Fetching: https://api.cryptoquant.com/v1/btc/sopr?window=day&limit=30,prj_3ECsT5RqWymkjdfB0bXrqIH4TwFq,,,,,
2025-12-24 20:01:13,1766606473574,cryptosignal-ai-68mu4qxgd-hadayalab-projects-projects.vercel.app/api/cron,GET,,200,j7k6f-1766606423476-f58bdb516853,vercel-cron/1.0,error,production,main,MISS,serverless,/api/cron,cryptosignal-ai-68mu4qxgd-hadayalab-projects-projects.vercel.app,cryptosignal-ai-68mu4qxgd-hadayalab-projects-projects.vercel.app,dpl_7xctBUeLMmAaeMQE2WZBJjJ4HKAe,,,,,❌ CryptoQuant Request Failed: API Error: 404 Not Found,prj_3ECsT5RqWymkjdfB0bXrqIH4TwFq,,,,,
2025-12-24 20:01:13,1766606473575,cryptosignal-ai-68mu4qxgd-hadayalab-projects-projects.vercel.app/api/cron,GET,,200,j7k6f-1766606423476-f58bdb516853,vercel-cron/1.0,warning,production,main,MISS,serverless,/api/cron,cryptosignal-ai-68mu4qxgd-hadayalab-projects-projects.vercel.app,cryptosignal-ai-68mu4qxgd-hadayalab-projects-projects.vercel.app,dpl_7xctBUeLMmAaeMQE2WZBJjJ4HKAe,,,,,[deepMetrics] Error fetching NUPL: API Error: 404 Not Found,prj_3ECsT5RqWymkjdfB0bXrqIH4TwFq,,,,,
2025-12-24 20:01:13,1766606473603,cryptosignal-ai-68mu4qxgd-hadayalab-projects-projects.vercel.app/api/cron,GET,,200,j7k6f-1766606423476-f58bdb516853,vercel-cron/1.0,error,production,main,MISS,serverless,/api/cron,cryptosignal-ai-68mu4qxgd-hadayalab-projects-projects.vercel.app,cryptosignal-ai-68mu4qxgd-hadayalab-projects-projects.vercel.app,dpl_7xctBUeLMmAaeMQE2WZBJjJ4HKAe,,,,,❌ CryptoQuant Request Failed: API Error: 404 Not Found,prj_3ECsT5RqWymkjdfB0bXrqIH4TwFq,,,,,
2025-12-24 20:01:13,1766606473603,cryptosignal-ai-68mu4qxgd-hadayalab-projects-projects.vercel.app/api/cron,GET,,200,j7k6f-1766606423476-f58bdb516853,vercel-cron/1.0,warning,production,main,MISS,serverless,/api/cron,cryptosignal-ai-68mu4qxgd-hadayalab-projects-projects.vercel.app,cryptosignal-ai-68mu4qxgd-hadayalab-projects-projects.vercel.app,dpl_7xctBUeLMmAaeMQE2WZBJjJ4HKAe,,,,,[deepMetrics] Error fetching SOPR 30d: API Error: 404 Not Found,prj_3ECsT5RqWymkjdfB0bXrqIH4TwFq,,,,,
2025-12-24 20:01:14,1766606474093,cryptosignal-ai-68mu4qxgd-hadayalab-projects-projects.vercel.app/api/cron,GET,,200,j7k6f-1766606423476-f58bdb516853,vercel-cron/1.0,info,production,main,MISS,serverless,/api/cron,cryptosignal-ai-68mu4qxgd-hadayalab-projects-projects.vercel.app,cryptosignal-ai-68mu4qxgd-hadayalab-projects-projects.vercel.app,dpl_7xctBUeLMmAaeMQE2WZBJjJ4HKAe,,,,,"📨 Telegram sent: {
  ""ok"": true,
  ""result"": {
    ""message_id"": 84,
    ""from"": {
      ""id"": 8451748811,
      ""is_bot"": true,
      ""first_name"": ""CryptoSignal AI JA"",
      ""username"": ""CryptoSignal_AI_JP_bot""
    },
    ""chat"": {
      ""id"": -1003361901758,
      ""title"": ""CryptoSignal AI – Starter Signals (JA)"",
      ""type"": ""supergroup""
    },
    ""date"": 1766606473,
    ""text"": ""📚 Dr. Grok Market Leak\nセッションブリーフィング @ 2025-12-24 20:00:23 UTC\n\n💰 BTC 現在価格: $87,497 (-0.25% / 24h)\n📊 取引所ネットフロー: Outflow 11379 BTC\n⛏ Miners' Position Index (MPI): -0.52\n🧠 投資家センチメント: Extreme Fear\n\n📈 マーケットスコア: 19/100\n⚖️ リスクリワード比: 1.00 ❌ 低い\n• NUPL (含み損益): 0.000\n• SOPR 30日平均: 1.000\n✅ トラップ検知: 重大なトラップは検知されていません。\n\n🎯 トレード・ヴァーディクト\n🛡️ シグナル: BUG STANDBY (Defense Active)\n• 想定エントリー（スポット参考）: $87,497\n• モード: Bug Standby — 明確な優位性が出るまで待機。守りを優先。\n• Take Profit: n/a\n• Stop Loss: n/a\n\n🧬 Dr. Grok の見立て\n以下は戦略アイデアであり、公式な True Bug エントリーシグナルではありません。ご自身のトレードプランとリスク管理と整合するときにのみ活用してください。\nドクター・グロックだ。BTCの現状をタクティカルに分析するぜ。\n\nクイックサマリー:\n- 価格: ~87,497 USD (24h変動: -0.25% – 軽い下落)。\n- センチメント: Extreme Fear – パニックモード。負の流入(-11k超)とMPI(-0.52)で、資金逃避の兆し。\n- xSentiment: クジラバイアス0 (中立)、リテールFOMO 50 (中程度の熱狂)、ニュース影響0 (静か)。\n- スコア: 19.17 – 低調。シグナル: NONE (明確な方向なし)。トラップなし。\n\nリスクファーストの視点:\n- エクストリームフィア下でボラ激しい。急落リスク高く、負の流入が続けばさらに下押し。クジラ中立だから、突然のダンプに警戒 – ポジション軽めに保て。\n- リテールFOMOが50あるけど、ニュースなしで本物か疑わしい。FOMOに釣られるな、損切り優先。\n\nタクティカルアドバイス:\n- シグナルなしなら、待機モード。サポート87k割れでショート検討、でもSLタイトに(例: 86.5k)。ロングは反発待て – 流入反転かニュースで確認。\n- アクティブトレーダーへ: ボリューム監視。クジラバイアス0がポジティブシフトしたら買いチャンスかも。リスク管理第一 – 1%ルール厳守。\n\n質問あれば撃て。トレードはギャンブルじゃねえ、生き残れ！\n\n本情報は教育目的で提供されるものであり、投資助言・金融商品の勧誘を行うものではありません。"",
    ""entities"": [
      {
        ""offset"": 184,
        ""length"": 12,
        ""type"": ""bold""
      }
    ]
  }
}",prj_3ECsT5RqWymkjdfB0bXrqIH4TwFq,,,,,
2025-12-24 20:00:23,1766606423476,cryptosignal-ai-68mu4qxgd-hadayalab-projects-projects.vercel.app/api/cron,GET,,200,j7k6f-1766606423476-f58bdb516853,vercel-cron/1.0,,production,main,MISS,serverless,/api/cron,cryptosignal-ai-68mu4qxgd-hadayalab-projects-projects.vercel.app,cryptosignal-ai-68mu4qxgd-hadayalab-projects-projects.vercel.app,dpl_7xctBUeLMmAaeMQE2WZBJjJ4HKAe,50585,iad1,268,2048,,prj_3ECsT5RqWymkjdfB0bXrqIH4TwFq,,,01KD8Z5HE2P322SDQG1Y9SCJ8H,bQwEBnpd8fqI,1
2025-12-24 19:45:23,1766605523129,cryptosignal-ai-68mu4qxgd-hadayalab-projects-projects.vercel.app/api/cron,GET,,200,z8cf8-1766605523073-ef4757131da2,vercel-cron/1.0,info,production,main,MISS,serverless,/api/cron,cryptosignal-ai-68mu4qxgd-hadayalab-projects-projects.vercel.app,cryptosignal-ai-68mu4qxgd-hadayalab-projects-projects.vercel.app,dpl_7xctBUeLMmAaeMQE2WZBJjJ4HKAe,,,,,🚀 Cron Job Started: Whale Monitor,prj_3ECsT5RqWymkjdfB0bXrqIH4TwFq,,,,,
2025-12-24 19:45:23,1766605523129,cryptosignal-ai-68mu4qxgd-hadayalab-projects-projects.vercel.app/api/cron,GET,,200,z8cf8-1766605523073-ef4757131da2,vercel-cron/1.0,info,production,main,MISS,serverless,/api/cron,cryptosignal-ai-68mu4qxgd-hadayalab-projects-projects.vercel.app,cryptosignal-ai-68mu4qxgd-hadayalab-projects-projects.vercel.app,dpl_7xctBUeLMmAaeMQE2WZBJjJ4HKAe,,,,,"Slot check => utcHour=19, utcMinute=45, isRegularSlot=false, force=false",prj_3ECsT5RqWymkjdfB0bXrqIH4TwFq,,,,,
2025-12-24 19:45:23,1766605523129,cryptosignal-ai-68mu4qxgd-hadayalab-projects-projects.vercel.app/api/cron,GET,,200,z8cf8-1766605523073-ef4757131da2,vercel-cron/1.0,info,production,main,MISS,serverless,/api/cron,cryptosignal-ai-68mu4qxgd-hadayalab-projects-projects.vercel.app,cryptosignal-ai-68mu4qxgd-hadayalab-projects-projects.vercel.app,dpl_7xctBUeLMmAaeMQE2WZBJjJ4HKAe,,,,,🌐 Fetching: https://api.cryptoquant.com/v1/btc/exchange-flows/netflow?exchange=all_exchange&window=day&limit=1,prj_3ECsT5RqWymkjdfB0bXrqIH4TwFq,,,,,
2025-12-24 19:45:23,1766605523129,cryptosignal-ai-68mu4qxgd-hadayalab-projects-projects.vercel.app/api/cron,GET,,200,z8cf8-1766605523073-ef4757131da2,vercel-cron/1.0,info,production,main,MISS,serverless,/api/cron,cryptosignal-ai-68mu4qxgd-hadayalab-projects-projects.vercel.app,cryptosignal-ai-68mu4qxgd-hadayalab-projects-projects.vercel.app,dpl_7xctBUeLMmAaeMQE2WZBJjJ4HKAe,,,,,🌐 Fetching: https://api.cryptoquant.com/v1/btc/flow-indicator/mpi?window=day&limit=1,prj_3ECsT5RqWymkjdfB0bXrqIH4TwFq,,,,,
2025-12-24 19:45:23,1766605523325,cryptosignal-ai-68mu4qxgd-hadayalab-projects-projects.vercel.app/api/cron,GET,,200,z8cf8-1766605523073-ef4757131da2,vercel-cron/1.0,info,production,main,MISS,serverless,/api/cron,cryptosignal-ai-68mu4qxgd-hadayalab-projects-projects.vercel.app,cryptosignal-ai-68mu4qxgd-hadayalab-projects-projects.vercel.app,dpl_7xctBUeLMmAaeMQE2WZBJjJ4HKAe,,,,,"📊 Exchange Netflow (BTC): -11379.222587299999 raw: {""date"":""2025-12-23"",""netflow_total"":-11379.222587299999}",prj_3ECsT5RqWymkjdfB0bXrqIH4TwFq,,,,,
2025-12-24 19:45:23,1766605523518,cryptosignal-ai-68mu4qxgd-hadayalab-projects-projects.vercel.app/api/cron,GET,,200,z8cf8-1766605523073-ef4757131da2,vercel-cron/1.0,info,production,main,MISS,serverless,/api/cron,cryptosignal-ai-68mu4qxgd-hadayalab-projects-projects.vercel.app,cryptosignal-ai-68mu4qxgd-hadayalab-projects-projects.vercel.app,dpl_7xctBUeLMmAaeMQE2WZBJjJ4HKAe,,,,,"📊 Miner Position Index (BTC): -0.5211564700986901 raw: {""date"":""2025-12-23"",""mpi"":-0.5211564700986901}",prj_3ECsT5RqWymkjdfB0bXrqIH4TwFq,,,,,
2025-12-24 19:45:23,1766605523073,cryptosignal-ai-68mu4qxgd-hadayalab-projects-projects.vercel.app/api/cron,GET,,200,z8cf8-1766605523073-ef4757131da2,vercel-cron/1.0,,production,main,MISS,serverless,/api/cron,cryptosignal-ai-68mu4qxgd-hadayalab-projects-projects.vercel.app,cryptosignal-ai-68mu4qxgd-hadayalab-projects-projects.vercel.app,dpl_7xctBUeLMmAaeMQE2WZBJjJ4HKAe,479,iad1,267,2048,,prj_3ECsT5RqWymkjdfB0bXrqIH4TwFq,,,01KD8YA24RXQ7FAFY235VEDTB9,bQwEBnpd8fqI,1
2025-12-24 19:30:23,1766604623285,cryptosignal-ai-68mu4qxgd-hadayalab-projects-projects.vercel.app/api/cron,GET,,200,z57c8-1766604623245-58b41ec1213b,vercel-cron/1.0,info,production,main,MISS,serverless,/api/cron,cryptosignal-ai-68mu4qxgd-hadayalab-projects-projects.vercel.app,cryptosignal-ai-68mu4qxgd-hadayalab-projects-projects.vercel.app,dpl_7xctBUeLMmAaeMQE2WZBJjJ4HKAe,,,,,🚀 Cron Job Started: Whale Monitor,prj_3ECsT5RqWymkjdfB0bXrqIH4TwFq,,,,,
2025-12-24 19:30:23,1766604623285,cryptosignal-ai-68mu4qxgd-hadayalab-projects-projects.vercel.app/api/cron,GET,,200,z57c8-1766604623245-58b41ec1213b,vercel-cron/1.0,info,production,main,MISS,serverless,/api/cron,cryptosignal-ai-68mu4qxgd-hadayalab-projects-projects.vercel.app,cryptosignal-ai-68mu4qxgd-hadayalab-projects-projects.vercel.app,dpl_7xctBUeLMmAaeMQE2WZBJjJ4HKAe,,,,,"Slot check => utcHour=19, utcMinute=30, isRegularSlot=false, force=false",prj_3ECsT5RqWymkjdfB0bXrqIH4TwFq,,,,,
2025-12-24 19:30:23,1766604623285,cryptosignal-ai-68mu4qxgd-hadayalab-projects-projects.vercel.app/api/cron,GET,,200,z57c8-1766604623245-58b41ec1213b,vercel-cron/1.0,info,production,main,MISS,serverless,/api/cron,cryptosignal-ai-68mu4qxgd-hadayalab-projects-projects.vercel.app,cryptosignal-ai-68mu4qxgd-hadayalab-projects-projects.vercel.app,dpl_7xctBUeLMmAaeMQE2WZBJjJ4HKAe,,,,,🌐 Fetching: https://api.cryptoquant.com/v1/btc/exchange-flows/netflow?exchange=all_exchange&window=day&limit=1,prj_3ECsT5RqWymkjdfB0bXrqIH4TwFq,,,,,
2025-12-24 19:30:23,1766604623285,cryptosignal-ai-68mu4qxgd-hadayalab-projects-projects.vercel.app/api/cron,GET,,200,z57c8-1766604623245-58b41ec1213b,vercel-cron/1.0,info,production,main,MISS,serverless,/api/cron,cryptosignal-ai-68mu4qxgd-hadayalab-projects-projects.vercel.app,cryptosignal-ai-68mu4qxgd-hadayalab-projects-projects.vercel.app,dpl_7xctBUeLMmAaeMQE2WZBJjJ4HKAe,,,,,🌐 Fetching: https://api.cryptoquant.com/v1/btc/flow-indicator/mpi?window=day&limit=1,prj_3ECsT5RqWymkjdfB0bXrqIH4TwFq,,,,,
2025-12-24 19:30:23,1766604623447,cryptosignal-ai-68mu4qxgd-hadayalab-projects-projects.vercel.app/api/cron,GET,,200,z57c8-1766604623245-58b41ec1213b,vercel-cron/1.0,info,production,main,MISS,serverless,/api/cron,cryptosignal-ai-68mu4qxgd-hadayalab-projects-projects.vercel.app,cryptosignal-ai-68mu4qxgd-hadayalab-projects-projects.vercel.app,dpl_7xctBUeLMmAaeMQE2WZBJjJ4HKAe,,,,,"📊 Exchange Netflow (BTC): -11379.222587299999 raw: {""date"":""2025-12-23"",""netflow_total"":-11379.222587299999}",prj_3ECsT5RqWymkjdfB0bXrqIH4TwFq,,,,,
2025-12-24 19:30:23,1766604623508,cryptosignal-ai-68mu4qxgd-hadayalab-projects-projects.vercel.app/api/cron,GET,,200,z57c8-1766604623245-58b41ec1213b,vercel-cron/1.0,info,production,main,MISS,serverless,/api/cron,cryptosignal-ai-68mu4qxgd-hadayalab-projects-projects.vercel.app,cryptosignal-ai-68mu4qxgd-hadayalab-projects-projects.vercel.app,dpl_7xctBUeLMmAaeMQE2WZBJjJ4HKAe,,,,,"📊 Miner Position Index (BTC): -0.5211564700986901 raw: {""date"":""2025-12-23"",""mpi"":-0.5211564700986901}",prj_3ECsT5RqWymkjdfB0bXrqIH4TwFq,,,,,
2025-12-24 19:30:23,1766604623245,cryptosignal-ai-68mu4qxgd-hadayalab-projects-projects.vercel.app/api/cron,GET,,200,z57c8-1766604623245-58b41ec1213b,vercel-cron/1.0,,production,main,MISS,serverless,/api/cron,cryptosignal-ai-68mu4qxgd-hadayalab-projects-projects.vercel.app,cryptosignal-ai-68mu4qxgd-hadayalab-projects-projects.vercel.app,dpl_7xctBUeLMmAaeMQE2WZBJjJ4HKAe,293,iad1,264,2048,,prj_3ECsT5RqWymkjdfB0bXrqIH4TwFq,,,01KD8XEKCTZ2HYY0MT7KAW2TY7,bQwEBnpd8fqI,1
2025-12-24 19:15:23,1766603723431,cryptosignal-ai-68mu4qxgd-hadayalab-projects-projects.vercel.app/api/cron,GET,,200,j2xl5-1766603723390-458c42678ce9,vercel-cron/1.0,info,production,main,MISS,serverless,/api/cron,cryptosignal-ai-68mu4qxgd-hadayalab-projects-projects.vercel.app,cryptosignal-ai-68mu4qxgd-hadayalab-projects-projects.vercel.app,dpl_7xctBUeLMmAaeMQE2WZBJjJ4HKAe,,,,,🚀 Cron Job Started: Whale Monitor,prj_3ECsT5RqWymkjdfB0bXrqIH4TwFq,,,,,
2025-12-24 19:15:23,1766603723432,cryptosignal-ai-68mu4qxgd-hadayalab-projects-projects.vercel.app/api/cron,GET,,200,j2xl5-1766603723390-458c42678ce9,vercel-cron/1.0,info,production,main,MISS,serverless,/api/cron,cryptosignal-ai-68mu4qxgd-hadayalab-projects-projects.vercel.app,cryptosignal-ai-68mu4qxgd-hadayalab-projects-projects.vercel.app,dpl_7xctBUeLMmAaeMQE2WZBJjJ4HKAe,,,,,"Slot check => utcHour=19, utcMinute=15, isRegularSlot=false, force=false",prj_3ECsT5RqWymkjdfB0bXrqIH4TwFq,,,,,
2025-12-24 19:15:23,1766603723433,cryptosignal-ai-68mu4qxgd-hadayalab-projects-projects.vercel.app/api/cron,GET,,200,j2xl5-1766603723390-458c42678ce9,vercel-cron/1.0,info,production,main,MISS,serverless,/api/cron,cryptosignal-ai-68mu4qxgd-hadayalab-projects-projects.vercel.app,cryptosignal-ai-68mu4qxgd-hadayalab-projects-projects.vercel.app,dpl_7xctBUeLMmAaeMQE2WZBJjJ4HKAe,,,,,🌐 Fetching: https://api.cryptoquant.com/v1/btc/exchange-flows/netflow?exchange=all_exchange&window=day&limit=1,prj_3ECsT5RqWymkjdfB0bXrqIH4TwFq,,,,,
2025-12-24 19:15:23,1766603723515,cryptosignal-ai-68mu4qxgd-hadayalab-projects-projects.vercel.app/api/cron,GET,,200,j2xl5-1766603723390-458c42678ce9,vercel-cron/1.0,info,production,main,MISS,serverless,/api/cron,cryptosignal-ai-68mu4qxgd-hadayalab-projects-projects.vercel.app,cryptosignal-ai-68mu4qxgd-hadayalab-projects-projects.vercel.app,dpl_7xctBUeLMmAaeMQE2WZBJjJ4HKAe,,,,,🌐 Fetching: https://api.cryptoquant.com/v1/btc/flow-indicator/mpi?window=day&limit=1,prj_3ECsT5RqWymkjdfB0bXrqIH4TwFq,,,,,
2025-12-24 19:15:23,1766603723517,cryptosignal-ai-68mu4qxgd-hadayalab-projects-projects.vercel.app/api/cron,GET,,200,j2xl5-1766603723390-458c42678ce9,vercel-cron/1.0,error,production,main,MISS,serverless,/api/cron,cryptosignal-ai-68mu4qxgd-hadayalab-projects-projects.vercel.app,cryptosignal-ai-68mu4qxgd-hadayalab-projects-projects.vercel.app,dpl_7xctBUeLMmAaeMQE2WZBJjJ4HKAe,,,,,"(node:4) [DEP0169] DeprecationWarning: `url.parse()` behavior is not standardized and prone to errors that have security implications. Use the WHATWG URL API instead. CVEs are not issued for `url.parse()` vulnerabilities.
(Use `node --trace-deprecation ...` to show where the warning was created)",prj_3ECsT5RqWymkjdfB0bXrqIH4TwFq,,,,,
2025-12-24 19:15:23,1766603723734,cryptosignal-ai-68mu4qxgd-hadayalab-projects-projects.vercel.app/api/cron,GET,,200,j2xl5-1766603723390-458c42678ce9,vercel-cron/1.0,info,production,main,MISS,serverless,/api/cron,cryptosignal-ai-68mu4qxgd-hadayalab-projects-projects.vercel.app,cryptosignal-ai-68mu4qxgd-hadayalab-projects-projects.vercel.app,dpl_7xctBUeLMmAaeMQE2WZBJjJ4HKAe,,,,,"📊 Exchange Netflow (BTC): -11379.222587299999 raw: {""date"":""2025-12-23"",""netflow_total"":-11379.222587299999}",prj_3ECsT5RqWymkjdfB0bXrqIH4TwFq,,,,,
2025-12-24 19:15:23,1766603723868,cryptosignal-ai-68mu4qxgd-hadayalab-projects-projects.vercel.app/api/cron,GET,,200,j2xl5-1766603723390-458c42678ce9,vercel-cron/1.0,info,production,main,MISS,serverless,/api/cron,cryptosignal-ai-68mu4qxgd-hadayalab-projects-projects.vercel.app,cryptosignal-ai-68mu4qxgd-hadayalab-projects-projects.vercel.app,dpl_7xctBUeLMmAaeMQE2WZBJjJ4HKAe,,,,,"📊 Miner Position Index (BTC): -0.5211564700986901 raw: {""date"":""2025-12-23"",""mpi"":-0.5211564700986901}",prj_3ECsT5RqWymkjdfB0bXrqIH4TwFq,,,,,
2025-12-24 19:15:23,1766603723390,cryptosignal-ai-68mu4qxgd-hadayalab-projects-projects.vercel.app/api/cron,GET,,200,j2xl5-1766603723390-458c42678ce9,vercel-cron/1.0,,production,main,MISS,serverless,/api/cron,cryptosignal-ai-68mu4qxgd-hadayalab-projects-projects.vercel.app,cryptosignal-ai-68mu4qxgd-hadayalab-projects-projects.vercel.app,dpl_7xctBUeLMmAaeMQE2WZBJjJ4HKAe,519,iad1,261,2048,,prj_3ECsT5RqWymkjdfB0bXrqIH4TwFq,,,01KD8WK4MBWTTKGKEWHZ6PDWTE,bQwEBnpd8fqI,1
2025-12-24 19:00:23,1766602823283,cryptosignal-ai-68mu4qxgd-hadayalab-projects-projects.vercel.app/api/cron,GET,,200,2g7pf-1766602823224-e4747093c858,vercel-cron/1.0,info,production,main,MISS,serverless,/api/cron,cryptosignal-ai-68mu4qxgd-hadayalab-projects-projects.vercel.app,cryptosignal-ai-68mu4qxgd-hadayalab-projects-projects.vercel.app,dpl_7xctBUeLMmAaeMQE2WZBJjJ4HKAe,,,,,🚀 Cron Job Started: Whale Monitor,prj_3ECsT5RqWymkjdfB0bXrqIH4TwFq,,,,,
2025-12-24 19:00:23,1766602823283,cryptosignal-ai-68mu4qxgd-hadayalab-projects-projects.vercel.app/api/cron,GET,,200,2g7pf-1766602823224-e4747093c858,vercel-cron/1.0,info,production,main,MISS,serverless,/api/cron,cryptosignal-ai-68mu4qxgd-hadayalab-projects-projects.vercel.app,cryptosignal-ai-68mu4qxgd-hadayalab-projects-projects.vercel.app,dpl_7xctBUeLMmAaeMQE2WZBJjJ4HKAe,,,,,"Slot check => utcHour=19, utcMinute=0, isRegularSlot=false, force=false",prj_3ECsT5RqWymkjdfB0bXrqIH4TwFq,,,,,
2025-12-24 19:00:23,1766602823283,cryptosignal-ai-68mu4qxgd-hadayalab-projects-projects.vercel.app/api/cron,GET,,200,2g7pf-1766602823224-e4747093c858,vercel-cron/1.0,info,production,main,MISS,serverless,/api/cron,cryptosignal-ai-68mu4qxgd-hadayalab-projects-projects.vercel.app,cryptosignal-ai-68mu4qxgd-hadayalab-projects-projects.vercel.app,dpl_7xctBUeLMmAaeMQE2WZBJjJ4HKAe,,,,,🌐 Fetching: https://api.cryptoquant.com/v1/btc/exchange-flows/netflow?exchange=all_exchange&window=day&limit=1,prj_3ECsT5RqWymkjdfB0bXrqIH4TwFq,,,,,
2025-12-24 19:00:23,1766602823283,cryptosignal-ai-68mu4qxgd-hadayalab-projects-projects.vercel.app/api/cron,GET,,200,2g7pf-1766602823224-e4747093c858,vercel-cron/1.0,info,production,main,MISS,serverless,/api/cron,cryptosignal-ai-68mu4qxgd-hadayalab-projects-projects.vercel.app,cryptosignal-ai-68mu4qxgd-hadayalab-projects-projects.vercel.app,dpl_7xctBUeLMmAaeMQE2WZBJjJ4HKAe,,,,,🌐 Fetching: https://api.cryptoquant.com/v1/btc/flow-indicator/mpi?window=day&limit=1,prj_3ECsT5RqWymkjdfB0bXrqIH4TwFq,,,,,
2025-12-24 19:00:23,1766602823484,cryptosignal-ai-68mu4qxgd-hadayalab-projects-projects.vercel.app/api/cron,GET,,200,2g7pf-1766602823224-e4747093c858,vercel-cron/1.0,info,production,main,MISS,serverless,/api/cron,cryptosignal-ai-68mu4qxgd-hadayalab-projects-projects.vercel.app,cryptosignal-ai-68mu4qxgd-hadayalab-projects-projects.vercel.app,dpl_7xctBUeLMmAaeMQE2WZBJjJ4HKAe,,,,,"📊 Exchange Netflow (BTC): -11379.222587299999 raw: {""date"":""2025-12-23"",""netflow_total"":-11379.222587299999}",prj_3ECsT5RqWymkjdfB0bXrqIH4TwFq,,,,,
2025-12-24 19:00:23,1766602823491,cryptosignal-ai-68mu4qxgd-hadayalab-projects-projects.vercel.app/api/cron,GET,,200,2g7pf-1766602823224-e4747093c858,vercel-cron/1.0,info,production,main,MISS,serverless,/api/cron,cryptosignal-ai-68mu4qxgd-hadayalab-projects-projects.vercel.app,cryptosignal-ai-68mu4qxgd-hadayalab-projects-projects.vercel.app,dpl_7xctBUeLMmAaeMQE2WZBJjJ4HKAe,,,,,"📊 Miner Position Index (BTC): -0.5211564700986901 raw: {""date"":""2025-12-23"",""mpi"":-0.5211564700986901}",prj_3ECsT5RqWymkjdfB0bXrqIH4TwFq,,,,,
2025-12-24 19:00:23,1766602823224,cryptosignal-ai-68mu4qxgd-hadayalab-projects-projects.vercel.app/api/cron,GET,,200,2g7pf-1766602823224-e4747093c858,vercel-cron/1.0,,production,main,MISS,serverless,/api/cron,cryptosignal-ai-68mu4qxgd-hadayalab-projects-projects.vercel.app,cryptosignal-ai-68mu4qxgd-hadayalab-projects-projects.vercel.app,dpl_7xctBUeLMmAaeMQE2WZBJjJ4HKAe,304,iad1,273,2048,,prj_3ECsT5RqWymkjdfB0bXrqIH4TwFq,,,01KD8VQNJXY0ZA8JY85AW9N9JK,IYZU9l5wfw3Y,1
2025-12-24 18:45:23,1766601923194,cryptosignal-ai-68mu4qxgd-hadayalab-projects-projects.vercel.app/api/cron,GET,,200,7gd5m-1766601923151-d2185c264928,vercel-cron/1.0,info,production,main,MISS,serverless,/api/cron,cryptosignal-ai-68mu4qxgd-hadayalab-projects-projects.vercel.app,cryptosignal-ai-68mu4qxgd-hadayalab-projects-projects.vercel.app,dpl_7xctBUeLMmAaeMQE2WZBJjJ4HKAe,,,,,🚀 Cron Job Started: Whale Monitor,prj_3ECsT5RqWymkjdfB0bXrqIH4TwFq,,,,,
2025-12-24 18:45:23,1766601923194,cryptosignal-ai-68mu4qxgd-hadayalab-projects-projects.vercel.app/api/cron,GET,,200,7gd5m-1766601923151-d2185c264928,vercel-cron/1.0,info,production,main,MISS,serverless,/api/cron,cryptosignal-ai-68mu4qxgd-hadayalab-projects-projects.vercel.app,cryptosignal-ai-68mu4qxgd-hadayalab-projects-projects.vercel.app,dpl_7xctBUeLMmAaeMQE2WZBJjJ4HKAe,,,,,"Slot check => utcHour=18, utcMinute=45, isRegularSlot=false, force=false",prj_3ECsT5RqWymkjdfB0bXrqIH4TwFq,,,,,
2025-12-24 18:45:23,1766601923194,cryptosignal-ai-68mu4qxgd-hadayalab-projects-projects.vercel.app/api/cron,GET,,200,7gd5m-1766601923151-d2185c264928,vercel-cron/1.0,info,production,main,MISS,serverless,/api/cron,cryptosignal-ai-68mu4qxgd-hadayalab-projects-projects.vercel.app,cryptosignal-ai-68mu4qxgd-hadayalab-projects-projects.vercel.app,dpl_7xctBUeLMmAaeMQE2WZBJjJ4HKAe,,,,,🌐 Fetching: https://api.cryptoquant.com/v1/btc/exchange-flows/netflow?exchange=all_exchange&window=day&limit=1,prj_3ECsT5RqWymkjdfB0bXrqIH4TwFq,,,,,
2025-12-24 18:45:23,1766601923194,cryptosignal-ai-68mu4qxgd-hadayalab-projects-projects.vercel.app/api/cron,GET,,200,7gd5m-1766601923151-d2185c264928,vercel-cron/1.0,info,production,main,MISS,serverless,/api/cron,cryptosignal-ai-68mu4qxgd-hadayalab-projects-projects.vercel.app,cryptosignal-ai-68mu4qxgd-hadayalab-projects-projects.vercel.app,dpl_7xctBUeLMmAaeMQE2WZBJjJ4HKAe,,,,,🌐 Fetching: https://api.cryptoquant.com/v1/btc/flow-indicator/mpi?window=day&limit=1,prj_3ECsT5RqWymkjdfB0bXrqIH4TwFq,,,,,
2025-12-24 18:45:23,1766601923359,cryptosignal-ai-68mu4qxgd-hadayalab-projects-projects.vercel.app/api/cron,GET,,200,7gd5m-1766601923151-d2185c264928,vercel-cron/1.0,info,production,main,MISS,serverless,/api/cron,cryptosignal-ai-68mu4qxgd-hadayalab-projects-projects.vercel.app,cryptosignal-ai-68mu4qxgd-hadayalab-projects-projects.vercel.app,dpl_7xctBUeLMmAaeMQE2WZBJjJ4HKAe,,,,,"📊 Exchange Netflow (BTC): -11379.222587299999 raw: {""date"":""2025-12-23"",""netflow_total"":-11379.222587299999}",prj_3ECsT5RqWymkjdfB0bXrqIH4TwFq,,,,,
2025-12-24 18:45:23,1766601923417,cryptosignal-ai-68mu4qxgd-hadayalab-projects-projects.vercel.app/api/cron,GET,,200,7gd5m-1766601923151-d2185c264928,vercel-cron/1.0,info,production,main,MISS,serverless,/api/cron,cryptosignal-ai-68mu4qxgd-hadayalab-projects-projects.vercel.app,cryptosignal-ai-68mu4qxgd-hadayalab-projects-projects.vercel.app,dpl_7xctBUeLMmAaeMQE2WZBJjJ4HKAe,,,,,"📊 Miner Position Index (BTC): -0.5211564700986901 raw: {""date"":""2025-12-23"",""mpi"":-0.5211564700986901}",prj_3ECsT5RqWymkjdfB0bXrqIH4TwFq,,,,,
2025-12-24 18:45:23,1766601923151,cryptosignal-ai-68mu4qxgd-hadayalab-projects-projects.vercel.app/api/cron,GET,,200,7gd5m-1766601923151-d2185c264928,vercel-cron/1.0,,production,main,MISS,serverless,/api/cron,cryptosignal-ai-68mu4qxgd-hadayalab-projects-projects.vercel.app,cryptosignal-ai-68mu4qxgd-hadayalab-projects-projects.vercel.app,dpl_7xctBUeLMmAaeMQE2WZBJjJ4HKAe,313,iad1,272,2048,,prj_3ECsT5RqWymkjdfB0bXrqIH4TwFq,,,01KD8TW6K0A94HK0V0C5VBERG3,IYZU9l5wfw3Y,1
2025-12-24 18:30:23,1766601023338,cryptosignal-ai-68mu4qxgd-hadayalab-projects-projects.vercel.app/api/cron,GET,,200,ccjgg-1766601023284-e2d0e53a8f69,vercel-cron/1.0,info,production,main,MISS,serverless,/api/cron,cryptosignal-ai-68mu4qxgd-hadayalab-projects-projects.vercel.app,cryptosignal-ai-68mu4qxgd-hadayalab-projects-projects.vercel.app,dpl_7xctBUeLMmAaeMQE2WZBJjJ4HKAe,,,,,🚀 Cron Job Started: Whale Monitor,prj_3ECsT5RqWymkjdfB0bXrqIH4TwFq,,,,,
2025-12-24 18:30:23,1766601023338,cryptosignal-ai-68mu4qxgd-hadayalab-projects-projects.vercel.app/api/cron,GET,,200,ccjgg-1766601023284-e2d0e53a8f69,vercel-cron/1.0,info,production,main,MISS,serverless,/api/cron,cryptosignal-ai-68mu4qxgd-hadayalab-projects-projects.vercel.app,cryptosignal-ai-68mu4qxgd-hadayalab-projects-projects.vercel.app,dpl_7xctBUeLMmAaeMQE2WZBJjJ4HKAe,,,,,"Slot check => utcHour=18, utcMinute=30, isRegularSlot=false, force=false",prj_3ECsT5RqWymkjdfB0bXrqIH4TwFq,,,,,
2025-12-24 18:30:23,1766601023338,cryptosignal-ai-68mu4qxgd-hadayalab-projects-projects.vercel.app/api/cron,GET,,200,ccjgg-1766601023284-e2d0e53a8f69,vercel-cron/1.0,info,production,main,MISS,serverless,/api/cron,cryptosignal-ai-68mu4qxgd-hadayalab-projects-projects.vercel.app,cryptosignal-ai-68mu4qxgd-hadayalab-projects-projects.vercel.app,dpl_7xctBUeLMmAaeMQE2WZBJjJ4HKAe,,,,,🌐 Fetching: https://api.cryptoquant.com/v1/btc/exchange-flows/netflow?exchange=all_exchange&window=day&limit=1,prj_3ECsT5RqWymkjdfB0bXrqIH4TwFq,,,,,
2025-12-24 18:30:23,1766601023356,cryptosignal-ai-68mu4qxgd-hadayalab-projects-projects.vercel.app/api/cron,GET,,200,ccjgg-1766601023284-e2d0e53a8f69,vercel-cron/1.0,info,production,main,MISS,serverless,/api/cron,cryptosignal-ai-68mu4qxgd-hadayalab-projects-projects.vercel.app,cryptosignal-ai-68mu4qxgd-hadayalab-projects-projects.vercel.app,dpl_7xctBUeLMmAaeMQE2WZBJjJ4HKAe,,,,,🌐 Fetching: https://api.cryptoquant.com/v1/btc/flow-indicator/mpi?window=day&limit=1,prj_3ECsT5RqWymkjdfB0bXrqIH4TwFq,,,,,
2025-12-24 18:30:23,1766601023546,cryptosignal-ai-68mu4qxgd-hadayalab-projects-projects.vercel.app/api/cron,GET,,200,ccjgg-1766601023284-e2d0e53a8f69,vercel-cron/1.0,info,production,main,MISS,serverless,/api/cron,cryptosignal-ai-68mu4qxgd-hadayalab-projects-projects.vercel.app,cryptosignal-ai-68mu4qxgd-hadayalab-projects-projects.vercel.app,dpl_7xctBUeLMmAaeMQE2WZBJjJ4HKAe,,,,,"📊 Miner Position Index (BTC): -0.5211564700986901 raw: {""date"":""2025-12-23"",""mpi"":-0.5211564700986901}",prj_3ECsT5RqWymkjdfB0bXrqIH4TwFq,,,,,
2025-12-24 18:30:23,1766601023664,cryptosignal-ai-68mu4qxgd-hadayalab-projects-projects.vercel.app/api/cron,GET,,200,ccjgg-1766601023284-e2d0e53a8f69,vercel-cron/1.0,info,production,main,MISS,serverless,/api/cron,cryptosignal-ai-68mu4qxgd-hadayalab-projects-projects.vercel.app,cryptosignal-ai-68mu4qxgd-hadayalab-projects-projects.vercel.app,dpl_7xctBUeLMmAaeMQE2WZBJjJ4HKAe,,,,,"📊 Exchange Netflow (BTC): -11379.222587299999 raw: {""date"":""2025-12-23"",""netflow_total"":-11379.222587299999}",prj_3ECsT5RqWymkjdfB0bXrqIH4TwFq,,,,,
2025-12-24 18:30:23,1766601023284,cryptosignal-ai-68mu4qxgd-hadayalab-projects-projects.vercel.app/api/cron,GET,,200,ccjgg-1766601023284-e2d0e53a8f69,vercel-cron/1.0,,production,main,MISS,serverless,/api/cron,cryptosignal-ai-68mu4qxgd-hadayalab-projects-projects.vercel.app,cryptosignal-ai-68mu4qxgd-hadayalab-projects-projects.vercel.app,dpl_7xctBUeLMmAaeMQE2WZBJjJ4HKAe,409,iad1,271,2048,,prj_3ECsT5RqWymkjdfB0bXrqIH4TwFq,,,01KD8T0QT22Q1JAKNKZ96PN68H,IYZU9l5wfw3Y,1
2025-12-24 18:15:23,1766600123146,cryptosignal-ai-68mu4qxgd-hadayalab-projects-projects.vercel.app/api/cron,GET,,200,h9xkj-1766600123080-7da256cdebd3,vercel-cron/1.0,info,production,main,MISS,serverless,/api/cron,cryptosignal-ai-68mu4qxgd-hadayalab-projects-projects.vercel.app,cryptosignal-ai-68mu4qxgd-hadayalab-projects-projects.vercel.app,dpl_7xctBUeLMmAaeMQE2WZBJjJ4HKAe,,,,,🚀 Cron Job Started: Whale Monitor,prj_3ECsT5RqWymkjdfB0bXrqIH4TwFq,,,,,
2025-12-24 18:15:23,1766600123146,cryptosignal-ai-68mu4qxgd-hadayalab-projects-projects.vercel.app/api/cron,GET,,200,h9xkj-1766600123080-7da256cdebd3,vercel-cron/1.0,info,production,main,MISS,serverless,/api/cron,cryptosignal-ai-68mu4qxgd-hadayalab-projects-projects.vercel.app,cryptosignal-ai-68mu4qxgd-hadayalab-projects-projects.vercel.app,dpl_7xctBUeLMmAaeMQE2WZBJjJ4HKAe,,,,,"Slot check => utcHour=18, utcMinute=15, isRegularSlot=false, force=false",prj_3ECsT5RqWymkjdfB0bXrqIH4TwFq,,,,,
2025-12-24 18:15:23,1766600123146,cryptosignal-ai-68mu4qxgd-hadayalab-projects-projects.vercel.app/api/cron,GET,,200,h9xkj-1766600123080-7da256cdebd3,vercel-cron/1.0,info,production,main,MISS,serverless,/api/cron,cryptosignal-ai-68mu4qxgd-hadayalab-projects-projects.vercel.app,cryptosignal-ai-68mu4qxgd-hadayalab-projects-projects.vercel.app,dpl_7xctBUeLMmAaeMQE2WZBJjJ4HKAe,,,,,🌐 Fetching: https://api.cryptoquant.com/v1/btc/exchange-flows/netflow?exchange=all_exchange&window=day&limit=1,prj_3ECsT5RqWymkjdfB0bXrqIH4TwFq,,,,,
2025-12-24 18:15:23,1766600123146,cryptosignal-ai-68mu4qxgd-hadayalab-projects-projects.vercel.app/api/cron,GET,,200,h9xkj-1766600123080-7da256cdebd3,vercel-cron/1.0,info,production,main,MISS,serverless,/api/cron,cryptosignal-ai-68mu4qxgd-hadayalab-projects-projects.vercel.app,cryptosignal-ai-68mu4qxgd-hadayalab-projects-projects.vercel.app,dpl_7xctBUeLMmAaeMQE2WZBJjJ4HKAe,,,,,🌐 Fetching: https://api.cryptoquant.com/v1/btc/flow-indicator/mpi?window=day&limit=1,prj_3ECsT5RqWymkjdfB0bXrqIH4TwFq,,,,,
2025-12-24 18:15:23,1766600123297,cryptosignal-ai-68mu4qxgd-hadayalab-projects-projects.vercel.app/api/cron,GET,,200,h9xkj-1766600123080-7da256cdebd3,vercel-cron/1.0,info,production,main,MISS,serverless,/api/cron,cryptosignal-ai-68mu4qxgd-hadayalab-projects-projects.vercel.app,cryptosignal-ai-68mu4qxgd-hadayalab-projects-projects.vercel.app,dpl_7xctBUeLMmAaeMQE2WZBJjJ4HKAe,,,,,"📊 Exchange Netflow (BTC): -11379.222587299999 raw: {""date"":""2025-12-23"",""netflow_total"":-11379.222587299999}",prj_3ECsT5RqWymkjdfB0bXrqIH4TwFq,,,,,
2025-12-24 18:15:23,1766600123359,cryptosignal-ai-68mu4qxgd-hadayalab-projects-projects.vercel.app/api/cron,GET,,200,h9xkj-1766600123080-7da256cdebd3,vercel-cron/1.0,info,production,main,MISS,serverless,/api/cron,cryptosignal-ai-68mu4qxgd-hadayalab-projects-projects.vercel.app,cryptosignal-ai-68mu4qxgd-hadayalab-projects-projects.vercel.app,dpl_7xctBUeLMmAaeMQE2WZBJjJ4HKAe,,,,,"📊 Miner Position Index (BTC): -0.5211564700986901 raw: {""date"":""2025-12-23"",""mpi"":-0.5211564700986901}",prj_3ECsT5RqWymkjdfB0bXrqIH4TwFq,,,,,
2025-12-24 18:15:23,1766600123080,cryptosignal-ai-68mu4qxgd-hadayalab-projects-projects.vercel.app/api/cron,GET,,200,h9xkj-1766600123080-7da256cdebd3,vercel-cron/1.0,,production,main,MISS,serverless,/api/cron,cryptosignal-ai-68mu4qxgd-hadayalab-projects-projects.vercel.app,cryptosignal-ai-68mu4qxgd-hadayalab-projects-projects.vercel.app,dpl_7xctBUeLMmAaeMQE2WZBJjJ4HKAe,277,iad1,269,2048,,prj_3ECsT5RqWymkjdfB0bXrqIH4TwFq,,,01KD8S58QFX0KS1RH74JNT5GV3,IYZU9l5wfw3Y,1
2025-12-24 18:00:23,1766599223451,cryptosignal-ai-68mu4qxgd-hadayalab-projects-projects.vercel.app/api/cron,GET,,200,46rk9-1766599223407-efd594d2d7d5,vercel-cron/1.0,info,production,main,MISS,serverless,/api/cron,cryptosignal-ai-68mu4qxgd-hadayalab-projects-projects.vercel.app,cryptosignal-ai-68mu4qxgd-hadayalab-projects-projects.vercel.app,dpl_7xctBUeLMmAaeMQE2WZBJjJ4HKAe,,,,,🚀 Cron Job Started: Whale Monitor,prj_3ECsT5RqWymkjdfB0bXrqIH4TwFq,,,,,
2025-12-24 18:00:23,1766599223451,cryptosignal-ai-68mu4qxgd-hadayalab-projects-projects.vercel.app/api/cron,GET,,200,46rk9-1766599223407-efd594d2d7d5,vercel-cron/1.0,info,production,main,MISS,serverless,/api/cron,cryptosignal-ai-68mu4qxgd-hadayalab-projects-projects.vercel.app,cryptosignal-ai-68mu4qxgd-hadayalab-projects-projects.vercel.app,dpl_7xctBUeLMmAaeMQE2WZBJjJ4HKAe,,,,,"Slot check => utcHour=18, utcMinute=0, isRegularSlot=false, force=false",prj_3ECsT5RqWymkjdfB0bXrqIH4TwFq,,,,,
2025-12-24 18:00:23,1766599223451,cryptosignal-ai-68mu4qxgd-hadayalab-projects-projects.vercel.app/api/cron,GET,,200,46rk9-1766599223407-efd594d2d7d5,vercel-cron/1.0,info,production,main,MISS,serverless,/api/cron,cryptosignal-ai-68mu4qxgd-hadayalab-projects-projects.vercel.app,cryptosignal-ai-68mu4qxgd-hadayalab-projects-projects.vercel.app,dpl_7xctBUeLMmAaeMQE2WZBJjJ4HKAe,,,,,🌐 Fetching: https://api.cryptoquant.com/v1/btc/exchange-flows/netflow?exchange=all_exchange&window=day&limit=1,prj_3ECsT5RqWymkjdfB0bXrqIH4TwFq,,,,,
2025-12-24 18:00:23,1766599223451,cryptosignal-ai-68mu4qxgd-hadayalab-projects-projects.vercel.app/api/cron,GET,,200,46rk9-1766599223407-efd594d2d7d5,vercel-cron/1.0,info,production,main,MISS,serverless,/api/cron,cryptosignal-ai-68mu4qxgd-hadayalab-projects-projects.vercel.app,cryptosignal-ai-68mu4qxgd-hadayalab-projects-projects.vercel.app,dpl_7xctBUeLMmAaeMQE2WZBJjJ4HKAe,,,,,🌐 Fetching: https://api.cryptoquant.com/v1/btc/flow-indicator/mpi?window=day&limit=1,prj_3ECsT5RqWymkjdfB0bXrqIH4TwFq,,,,,
2025-12-24 18:00:23,1766599223661,cryptosignal-ai-68mu4qxgd-hadayalab-projects-projects.vercel.app/api/cron,GET,,200,46rk9-1766599223407-efd594d2d7d5,vercel-cron/1.0,info,production,main,MISS,serverless,/api/cron,cryptosignal-ai-68mu4qxgd-hadayalab-projects-projects.vercel.app,cryptosignal-ai-68mu4qxgd-hadayalab-projects-projects.vercel.app,dpl_7xctBUeLMmAaeMQE2WZBJjJ4HKAe,,,,,"📊 Miner Position Index (BTC): -0.5211564700986901 raw: {""date"":""2025-12-23"",""mpi"":-0.5211564700986901}",prj_3ECsT5RqWymkjdfB0bXrqIH4TwFq,,,,,
2025-12-24 18:00:23,1766599223661,cryptosignal-ai-68mu4qxgd-hadayalab-projects-projects.vercel.app/api/cron,GET,,200,46rk9-1766599223407-efd594d2d7d5,vercel-cron/1.0,info,production,main,MISS,serverless,/api/cron,cryptosignal-ai-68mu4qxgd-hadayalab-projects-projects.vercel.app,cryptosignal-ai-68mu4qxgd-hadayalab-projects-projects.vercel.app,dpl_7xctBUeLMmAaeMQE2WZBJjJ4HKAe,,,,,"📊 Exchange Netflow (BTC): -11379.222587299999 raw: {""date"":""2025-12-23"",""netflow_total"":-11379.222587299999}",prj_3ECsT5RqWymkjdfB0bXrqIH4TwFq,,,,,
2025-12-24 18:00:23,1766599223407,cryptosignal-ai-68mu4qxgd-hadayalab-projects-projects.vercel.app/api/cron,GET,,200,46rk9-1766599223407-efd594d2d7d5,vercel-cron/1.0,,production,main,MISS,serverless,/api/cron,cryptosignal-ai-68mu4qxgd-hadayalab-projects-projects.vercel.app,cryptosignal-ai-68mu4qxgd-hadayalab-projects-projects.vercel.app,dpl_7xctBUeLMmAaeMQE2WZBJjJ4HKAe,276,iad1,269,2048,,prj_3ECsT5RqWymkjdfB0bXrqIH4TwFq,,,01KD8R9T3XZE0QKZ82CPZZ44WX,IYZU9l5wfw3Y,1
2025-12-24 17:45:23,1766598323453,cryptosignal-ai-68mu4qxgd-hadayalab-projects-projects.vercel.app/api/cron,GET,,200,wwnxx-1766598323415-c5b23c2888f6,vercel-cron/1.0,info,production,main,MISS,serverless,/api/cron,cryptosignal-ai-68mu4qxgd-hadayalab-projects-projects.vercel.app,cryptosignal-ai-68mu4qxgd-hadayalab-projects-projects.vercel.app,dpl_7xctBUeLMmAaeMQE2WZBJjJ4HKAe,,,,,🚀 Cron Job Started: Whale Monitor,prj_3ECsT5RqWymkjdfB0bXrqIH4TwFq,,,,,
2025-12-24 17:45:23,1766598323453,cryptosignal-ai-68mu4qxgd-hadayalab-projects-projects.vercel.app/api/cron,GET,,200,wwnxx-1766598323415-c5b23c2888f6,vercel-cron/1.0,info,production,main,MISS,serverless,/api/cron,cryptosignal-ai-68mu4qxgd-hadayalab-projects-projects.vercel.app,cryptosignal-ai-68mu4qxgd-hadayalab-projects-projects.vercel.app,dpl_7xctBUeLMmAaeMQE2WZBJjJ4HKAe,,,,,"Slot check => utcHour=17, utcMinute=45, isRegularSlot=false, force=false",prj_3ECsT5RqWymkjdfB0bXrqIH4TwFq,,,,,
2025-12-24 17:45:23,1766598323454,cryptosignal-ai-68mu4qxgd-hadayalab-projects-projects.vercel.app/api/cron,GET,,200,wwnxx-1766598323415-c5b23c2888f6,vercel-cron/1.0,info,production,main,MISS,serverless,/api/cron,cryptosignal-ai-68mu4qxgd-hadayalab-projects-projects.vercel.app,cryptosignal-ai-68mu4qxgd-hadayalab-projects-projects.vercel.app,dpl_7xctBUeLMmAaeMQE2WZBJjJ4HKAe,,,,,🌐 Fetching: https://api.cryptoquant.com/v1/btc/exchange-flows/netflow?exchange=all_exchange&window=day&limit=1,prj_3ECsT5RqWymkjdfB0bXrqIH4TwFq,,,,,
2025-12-24 17:45:23,1766598323458,cryptosignal-ai-68mu4qxgd-hadayalab-projects-projects.vercel.app/api/cron,GET,,200,wwnxx-1766598323415-c5b23c2888f6,vercel-cron/1.0,info,production,main,MISS,serverless,/api/cron,cryptosignal-ai-68mu4qxgd-hadayalab-projects-projects.vercel.app,cryptosignal-ai-68mu4qxgd-hadayalab-projects-projects.vercel.app,dpl_7xctBUeLMmAaeMQE2WZBJjJ4HKAe,,,,,🌐 Fetching: https://api.cryptoquant.com/v1/btc/flow-indicator/mpi?window=day&limit=1,prj_3ECsT5RqWymkjdfB0bXrqIH4TwFq,,,,,
2025-12-24 17:45:23,1766598323643,cryptosignal-ai-68mu4qxgd-hadayalab-projects-projects.vercel.app/api/cron,GET,,200,wwnxx-1766598323415-c5b23c2888f6,vercel-cron/1.0,info,production,main,MISS,serverless,/api/cron,cryptosignal-ai-68mu4qxgd-hadayalab-projects-projects.vercel.app,cryptosignal-ai-68mu4qxgd-hadayalab-projects-projects.vercel.app,dpl_7xctBUeLMmAaeMQE2WZBJjJ4HKAe,,,,,"📊 Exchange Netflow (BTC): -11379.222587299999 raw: {""date"":""2025-12-23"",""netflow_total"":-11379.222587299999}",prj_3ECsT5RqWymkjdfB0bXrqIH4TwFq,,,,,
2025-12-24 17:45:23,1766598323864,cryptosignal-ai-68mu4qxgd-hadayalab-projects-projects.vercel.app/api/cron,GET,,200,wwnxx-1766598323415-c5b23c2888f6,vercel-cron/1.0,info,production,main,MISS,serverless,/api/cron,cryptosignal-ai-68mu4qxgd-hadayalab-projects-projects.vercel.app,cryptosignal-ai-68mu4qxgd-hadayalab-projects-projects.vercel.app,dpl_7xctBUeLMmAaeMQE2WZBJjJ4HKAe,,,,,"📊 Miner Position Index (BTC): -0.5211564700986901 raw: {""date"":""2025-12-23"",""mpi"":-0.5211564700986901}",prj_3ECsT5RqWymkjdfB0bXrqIH4TwFq,,,,,
2025-12-24 17:45:23,1766598323415,cryptosignal-ai-68mu4qxgd-hadayalab-projects-projects.vercel.app/api/cron,GET,,200,wwnxx-1766598323415-c5b23c2888f6,vercel-cron/1.0,,production,main,MISS,serverless,/api/cron,cryptosignal-ai-68mu4qxgd-hadayalab-projects-projects.vercel.app,cryptosignal-ai-68mu4qxgd-hadayalab-projects-projects.vercel.app,dpl_7xctBUeLMmAaeMQE2WZBJjJ4HKAe,472,iad1,269,2048,,prj_3ECsT5RqWymkjdfB0bXrqIH4TwFq,,,01KD8QEB78XR5W131WWHGFFR2N,IYZU9l5wfw3Y,1
2025-12-24 17:30:23,1766597423330,cryptosignal-ai-68mu4qxgd-hadayalab-projects-projects.vercel.app/api/cron,GET,,200,6szqn-1766597423219-a1831413f63d,vercel-cron/1.0,info,production,main,MISS,serverless,/api/cron,cryptosignal-ai-68mu4qxgd-hadayalab-projects-projects.vercel.app,cryptosignal-ai-68mu4qxgd-hadayalab-projects-projects.vercel.app,dpl_7xctBUeLMmAaeMQE2WZBJjJ4HKAe,,,,,🚀 Cron Job Started: Whale Monitor,prj_3ECsT5RqWymkjdfB0bXrqIH4TwFq,,,,,
2025-12-24 17:30:23,1766597423330,cryptosignal-ai-68mu4qxgd-hadayalab-projects-projects.vercel.app/api/cron,GET,,200,6szqn-1766597423219-a1831413f63d,vercel-cron/1.0,info,production,main,MISS,serverless,/api/cron,cryptosignal-ai-68mu4qxgd-hadayalab-projects-projects.vercel.app,cryptosignal-ai-68mu4qxgd-hadayalab-projects-projects.vercel.app,dpl_7xctBUeLMmAaeMQE2WZBJjJ4HKAe,,,,,"Slot check => utcHour=17, utcMinute=30, isRegularSlot=false, force=false",prj_3ECsT5RqWymkjdfB0bXrqIH4TwFq,,,,,
2025-12-24 17:30:23,1766597423330,cryptosignal-ai-68mu4qxgd-hadayalab-projects-projects.vercel.app/api/cron,GET,,200,6szqn-1766597423219-a1831413f63d,vercel-cron/1.0,info,production,main,MISS,serverless,/api/cron,cryptosignal-ai-68mu4qxgd-hadayalab-projects-projects.vercel.app,cryptosignal-ai-68mu4qxgd-hadayalab-projects-projects.vercel.app,dpl_7xctBUeLMmAaeMQE2WZBJjJ4HKAe,,,,,🌐 Fetching: https://api.cryptoquant.com/v1/btc/exchange-flows/netflow?exchange=all_exchange&window=day&limit=1,prj_3ECsT5RqWymkjdfB0bXrqIH4TwFq,,,,,
2025-12-24 17:30:23,1766597423330,cryptosignal-ai-68mu4qxgd-hadayalab-projects-projects.vercel.app/api/cron,GET,,200,6szqn-1766597423219-a1831413f63d,vercel-cron/1.0,info,production,main,MISS,serverless,/api/cron,cryptosignal-ai-68mu4qxgd-hadayalab-projects-projects.vercel.app,cryptosignal-ai-68mu4qxgd-hadayalab-projects-projects.vercel.app,dpl_7xctBUeLMmAaeMQE2WZBJjJ4HKAe,,,,,🌐 Fetching: https://api.cryptoquant.com/v1/btc/flow-indicator/mpi?window=day&limit=1,prj_3ECsT5RqWymkjdfB0bXrqIH4TwFq,,,,,
2025-12-24 17:30:23,1766597423506,cryptosignal-ai-68mu4qxgd-hadayalab-projects-projects.vercel.app/api/cron,GET,,200,6szqn-1766597423219-a1831413f63d,vercel-cron/1.0,info,production,main,MISS,serverless,/api/cron,cryptosignal-ai-68mu4qxgd-hadayalab-projects-projects.vercel.app,cryptosignal-ai-68mu4qxgd-hadayalab-projects-projects.vercel.app,dpl_7xctBUeLMmAaeMQE2WZBJjJ4HKAe,,,,,"📊 Exchange Netflow (BTC): -11379.222587299999 raw: {""date"":""2025-12-23"",""netflow_total"":-11379.222587299999}",prj_3ECsT5RqWymkjdfB0bXrqIH4TwFq,,,,,
2025-12-24 17:30:23,1766597423524,cryptosignal-ai-68mu4qxgd-hadayalab-projects-projects.vercel.app/api/cron,GET,,200,6szqn-1766597423219-a1831413f63d,vercel-cron/1.0,info,production,main,MISS,serverless,/api/cron,cryptosignal-ai-68mu4qxgd-hadayalab-projects-projects.vercel.app,cryptosignal-ai-68mu4qxgd-hadayalab-projects-projects.vercel.app,dpl_7xctBUeLMmAaeMQE2WZBJjJ4HKAe,,,,,"📊 Miner Position Index (BTC): -0.5211564700986901 raw: {""date"":""2025-12-23"",""mpi"":-0.5211564700986901}",prj_3ECsT5RqWymkjdfB0bXrqIH4TwFq,,,,,
2025-12-24 17:30:23,1766597423219,cryptosignal-ai-68mu4qxgd-hadayalab-projects-projects.vercel.app/api/cron,GET,,200,6szqn-1766597423219-a1831413f63d,vercel-cron/1.0,,production,main,MISS,serverless,/api/cron,cryptosignal-ai-68mu4qxgd-hadayalab-projects-projects.vercel.app,cryptosignal-ai-68mu4qxgd-hadayalab-projects-projects.vercel.app,dpl_7xctBUeLMmAaeMQE2WZBJjJ4HKAe,296,iad1,269,2048,,prj_3ECsT5RqWymkjdfB0bXrqIH4TwFq,,,01KD8PJW5X4HA4KBZDG9AR1K50,IYZU9l5wfw3Y,1
2025-12-24 17:15:23,1766596523106,cryptosignal-ai-68mu4qxgd-hadayalab-projects-projects.vercel.app/api/cron,GET,,200,z2rsl-1766596523072-27ce9df9cbaa,vercel-cron/1.0,info,production,main,MISS,serverless,/api/cron,cryptosignal-ai-68mu4qxgd-hadayalab-projects-projects.vercel.app,cryptosignal-ai-68mu4qxgd-hadayalab-projects-projects.vercel.app,dpl_7xctBUeLMmAaeMQE2WZBJjJ4HKAe,,,,,🚀 Cron Job Started: Whale Monitor,prj_3ECsT5RqWymkjdfB0bXrqIH4TwFq,,,,,
2025-12-24 17:15:23,1766596523106,cryptosignal-ai-68mu4qxgd-hadayalab-projects-projects.vercel.app/api/cron,GET,,200,z2rsl-1766596523072-27ce9df9cbaa,vercel-cron/1.0,info,production,main,MISS,serverless,/api/cron,cryptosignal-ai-68mu4qxgd-hadayalab-projects-projects.vercel.app,cryptosignal-ai-68mu4qxgd-hadayalab-projects-projects.vercel.app,dpl_7xctBUeLMmAaeMQE2WZBJjJ4HKAe,,,,,"Slot check => utcHour=17, utcMinute=15, isRegularSlot=false, force=false",prj_3ECsT5RqWymkjdfB0bXrqIH4TwFq,,,,,
2025-12-24 17:15:23,1766596523106,cryptosignal-ai-68mu4qxgd-hadayalab-projects-projects.vercel.app/api/cron,GET,,200,z2rsl-1766596523072-27ce9df9cbaa,vercel-cron/1.0,info,production,main,MISS,serverless,/api/cron,cryptosignal-ai-68mu4qxgd-hadayalab-projects-projects.vercel.app,cryptosignal-ai-68mu4qxgd-hadayalab-projects-projects.vercel.app,dpl_7xctBUeLMmAaeMQE2WZBJjJ4HKAe,,,,,🌐 Fetching: https://api.cryptoquant.com/v1/btc/exchange-flows/netflow?exchange=all_exchange&window=day&limit=1,prj_3ECsT5RqWymkjdfB0bXrqIH4TwFq,,,,,
2025-12-24 17:15:23,1766596523109,cryptosignal-ai-68mu4qxgd-hadayalab-projects-projects.vercel.app/api/cron,GET,,200,z2rsl-1766596523072-27ce9df9cbaa,vercel-cron/1.0,info,production,main,MISS,serverless,/api/cron,cryptosignal-ai-68mu4qxgd-hadayalab-projects-projects.vercel.app,cryptosignal-ai-68mu4qxgd-hadayalab-projects-projects.vercel.app,dpl_7xctBUeLMmAaeMQE2WZBJjJ4HKAe,,,,,🌐 Fetching: https://api.cryptoquant.com/v1/btc/flow-indicator/mpi?window=day&limit=1,prj_3ECsT5RqWymkjdfB0bXrqIH4TwFq,,,,,
2025-12-24 17:15:23,1766596523323,cryptosignal-ai-68mu4qxgd-hadayalab-projects-projects.vercel.app/api/cron,GET,,200,z2rsl-1766596523072-27ce9df9cbaa,vercel-cron/1.0,info,production,main,MISS,serverless,/api/cron,cryptosignal-ai-68mu4qxgd-hadayalab-projects-projects.vercel.app,cryptosignal-ai-68mu4qxgd-hadayalab-projects-projects.vercel.app,dpl_7xctBUeLMmAaeMQE2WZBJjJ4HKAe,,,,,"📊 Exchange Netflow (BTC): -11379.222587299999 raw: {""date"":""2025-12-23"",""netflow_total"":-11379.222587299999}",prj_3ECsT5RqWymkjdfB0bXrqIH4TwFq,,,,,
2025-12-24 17:15:23,1766596523395,cryptosignal-ai-68mu4qxgd-hadayalab-projects-projects.vercel.app/api/cron,GET,,200,z2rsl-1766596523072-27ce9df9cbaa,vercel-cron/1.0,info,production,main,MISS,serverless,/api/cron,cryptosignal-ai-68mu4qxgd-hadayalab-projects-projects.vercel.app,cryptosignal-ai-68mu4qxgd-hadayalab-projects-projects.vercel.app,dpl_7xctBUeLMmAaeMQE2WZBJjJ4HKAe,,,,,"📊 Miner Position Index (BTC): -0.5211564700986901 raw: {""date"":""2025-12-23"",""mpi"":-0.5211564700986901}",prj_3ECsT5RqWymkjdfB0bXrqIH4TwFq,,,,,
2025-12-24 17:15:23,1766596523072,cryptosignal-ai-68mu4qxgd-hadayalab-projects-projects.vercel.app/api/cron,GET,,200,z2rsl-1766596523072-27ce9df9cbaa,vercel-cron/1.0,,production,main,MISS,serverless,/api/cron,cryptosignal-ai-68mu4qxgd-hadayalab-projects-projects.vercel.app,cryptosignal-ai-68mu4qxgd-hadayalab-projects-projects.vercel.app,dpl_7xctBUeLMmAaeMQE2WZBJjJ4HKAe,381,iad1,265,2048,,prj_3ECsT5RqWymkjdfB0bXrqIH4TwFq,,,01KD8NQD2DRT4MHMCEG7QNR4M1,IYZU9l5wfw3Y,1
2025-12-24 17:00:23,1766595623157,cryptosignal-ai-68mu4qxgd-hadayalab-projects-projects.vercel.app/api/cron,GET,,200,4bw6c-1766595623116-dd1046161b0b,vercel-cron/1.0,info,production,main,MISS,serverless,/api/cron,cryptosignal-ai-68mu4qxgd-hadayalab-projects-projects.vercel.app,cryptosignal-ai-68mu4qxgd-hadayalab-projects-projects.vercel.app,dpl_7xctBUeLMmAaeMQE2WZBJjJ4HKAe,,,,,🚀 Cron Job Started: Whale Monitor,prj_3ECsT5RqWymkjdfB0bXrqIH4TwFq,,,,,
2025-12-24 17:00:23,1766595623166,cryptosignal-ai-68mu4qxgd-hadayalab-projects-projects.vercel.app/api/cron,GET,,200,4bw6c-1766595623116-dd1046161b0b,vercel-cron/1.0,info,production,main,MISS,serverless,/api/cron,cryptosignal-ai-68mu4qxgd-hadayalab-projects-projects.vercel.app,cryptosignal-ai-68mu4qxgd-hadayalab-projects-projects.vercel.app,dpl_7xctBUeLMmAaeMQE2WZBJjJ4HKAe,,,,,"Slot check => utcHour=17, utcMinute=0, isRegularSlot=false, force=false",prj_3ECsT5RqWymkjdfB0bXrqIH4TwFq,,,,,
2025-12-24 17:00:23,1766595623166,cryptosignal-ai-68mu4qxgd-hadayalab-projects-projects.vercel.app/api/cron,GET,,200,4bw6c-1766595623116-dd1046161b0b,vercel-cron/1.0,info,production,main,MISS,serverless,/api/cron,cryptosignal-ai-68mu4qxgd-hadayalab-projects-projects.vercel.app,cryptosignal-ai-68mu4qxgd-hadayalab-projects-projects.vercel.app,dpl_7xctBUeLMmAaeMQE2WZBJjJ4HKAe,,,,,🌐 Fetching: https://api.cryptoquant.com/v1/btc/exchange-flows/netflow?exchange=all_exchange&window=day&limit=1,prj_3ECsT5RqWymkjdfB0bXrqIH4TwFq,,,,,
2025-12-24 17:00:23,1766595623270,cryptosignal-ai-68mu4qxgd-hadayalab-projects-projects.vercel.app/api/cron,GET,,200,4bw6c-1766595623116-dd1046161b0b,vercel-cron/1.0,info,production,main,MISS,serverless,/api/cron,cryptosignal-ai-68mu4qxgd-hadayalab-projects-projects.vercel.app,cryptosignal-ai-68mu4qxgd-hadayalab-projects-projects.vercel.app,dpl_7xctBUeLMmAaeMQE2WZBJjJ4HKAe,,,,,🌐 Fetching: https://api.cryptoquant.com/v1/btc/flow-indicator/mpi?window=day&limit=1,prj_3ECsT5RqWymkjdfB0bXrqIH4TwFq,,,,,
2025-12-24 17:00:23,1766595623272,cryptosignal-ai-68mu4qxgd-hadayalab-projects-projects.vercel.app/api/cron,GET,,200,4bw6c-1766595623116-dd1046161b0b,vercel-cron/1.0,error,production,main,MISS,serverless,/api/cron,cryptosignal-ai-68mu4qxgd-hadayalab-projects-projects.vercel.app,cryptosignal-ai-68mu4qxgd-hadayalab-projects-projects.vercel.app,dpl_7xctBUeLMmAaeMQE2WZBJjJ4HKAe,,,,,"(node:4) [DEP0169] DeprecationWarning: `url.parse()` behavior is not standardized and prone to errors that have security implications. Use the WHATWG URL API instead. CVEs are not issued for `url.parse()` vulnerabilities.
(Use `node --trace-deprecation ...` to show where the warning was created)",prj_3ECsT5RqWymkjdfB0bXrqIH4TwFq,,,,,
2025-12-24 17:00:23,1766595623487,cryptosignal-ai-68mu4qxgd-hadayalab-projects-projects.vercel.app/api/cron,GET,,200,4bw6c-1766595623116-dd1046161b0b,vercel-cron/1.0,info,production,main,MISS,serverless,/api/cron,cryptosignal-ai-68mu4qxgd-hadayalab-projects-projects.vercel.app,cryptosignal-ai-68mu4qxgd-hadayalab-projects-projects.vercel.app,dpl_7xctBUeLMmAaeMQE2WZBJjJ4HKAe,,,,,"📊 Exchange Netflow (BTC): -11379.222587299999 raw: {""date"":""2025-12-23"",""netflow_total"":-11379.222587299999}",prj_3ECsT5RqWymkjdfB0bXrqIH4TwFq,,,,,
2025-12-24 17:00:23,1766595623506,cryptosignal-ai-68mu4qxgd-hadayalab-projects-projects.vercel.app/api/cron,GET,,200,4bw6c-1766595623116-dd1046161b0b,vercel-cron/1.0,info,production,main,MISS,serverless,/api/cron,cryptosignal-ai-68mu4qxgd-hadayalab-projects-projects.vercel.app,cryptosignal-ai-68mu4qxgd-hadayalab-projects-projects.vercel.app,dpl_7xctBUeLMmAaeMQE2WZBJjJ4HKAe,,,,,"📊 Miner Position Index (BTC): -0.5211564700986901 raw: {""date"":""2025-12-23"",""mpi"":-0.5211564700986901}",prj_3ECsT5RqWymkjdfB0bXrqIH4TwFq,,,,,
2025-12-24 17:00:23,1766595623116,cryptosignal-ai-68mu4qxgd-hadayalab-projects-projects.vercel.app/api/cron,GET,,200,4bw6c-1766595623116-dd1046161b0b,vercel-cron/1.0,,production,main,MISS,serverless,/api/cron,cryptosignal-ai-68mu4qxgd-hadayalab-projects-projects.vercel.app,cryptosignal-ai-68mu4qxgd-hadayalab-projects-projects.vercel.app,dpl_7xctBUeLMmAaeMQE2WZBJjJ4HKAe,465,iad1,267,2048,,prj_3ECsT5RqWymkjdfB0bXrqIH4TwFq,,,01KD8MVY6SS30QYP0TVCHE036E,IYZU9l5wfw3Y,1
2025-12-24 16:45:23,1766594723375,cryptosignal-ai-68mu4qxgd-hadayalab-projects-projects.vercel.app/api/cron,GET,,200,5d78t-1766594723326-26d31ba77d6d,vercel-cron/1.0,info,production,main,MISS,serverless,/api/cron,cryptosignal-ai-68mu4qxgd-hadayalab-projects-projects.vercel.app,cryptosignal-ai-68mu4qxgd-hadayalab-projects-projects.vercel.app,dpl_7xctBUeLMmAaeMQE2WZBJjJ4HKAe,,,,,🚀 Cron Job Started: Whale Monitor,prj_3ECsT5RqWymkjdfB0bXrqIH4TwFq,,,,,
2025-12-24 16:45:23,1766594723375,cryptosignal-ai-68mu4qxgd-hadayalab-projects-projects.vercel.app/api/cron,GET,,200,5d78t-1766594723326-26d31ba77d6d,vercel-cron/1.0,info,production,main,MISS,serverless,/api/cron,cryptosignal-ai-68mu4qxgd-hadayalab-projects-projects.vercel.app,cryptosignal-ai-68mu4qxgd-hadayalab-projects-projects.vercel.app,dpl_7xctBUeLMmAaeMQE2WZBJjJ4HKAe,,,,,"Slot check => utcHour=16, utcMinute=45, isRegularSlot=false, force=false",prj_3ECsT5RqWymkjdfB0bXrqIH4TwFq,,,,,
2025-12-24 16:45:23,1766594723375,cryptosignal-ai-68mu4qxgd-hadayalab-projects-projects.vercel.app/api/cron,GET,,200,5d78t-1766594723326-26d31ba77d6d,vercel-cron/1.0,info,production,main,MISS,serverless,/api/cron,cryptosignal-ai-68mu4qxgd-hadayalab-projects-projects.vercel.app,cryptosignal-ai-68mu4qxgd-hadayalab-projects-projects.vercel.app,dpl_7xctBUeLMmAaeMQE2WZBJjJ4HKAe,,,,,🌐 Fetching: https://api.cryptoquant.com/v1/btc/exchange-flows/netflow?exchange=all_exchange&window=day&limit=1,prj_3ECsT5RqWymkjdfB0bXrqIH4TwFq,,,,,
2025-12-24 16:45:23,1766594723376,cryptosignal-ai-68mu4qxgd-hadayalab-projects-projects.vercel.app/api/cron,GET,,200,5d78t-1766594723326-26d31ba77d6d,vercel-cron/1.0,info,production,main,MISS,serverless,/api/cron,cryptosignal-ai-68mu4qxgd-hadayalab-projects-projects.vercel.app,cryptosignal-ai-68mu4qxgd-hadayalab-projects-projects.vercel.app,dpl_7xctBUeLMmAaeMQE2WZBJjJ4HKAe,,,,,🌐 Fetching: https://api.cryptoquant.com/v1/btc/flow-indicator/mpi?window=day&limit=1,prj_3ECsT5RqWymkjdfB0bXrqIH4TwFq,,,,,
2025-12-24 16:45:23,1766594723559,cryptosignal-ai-68mu4qxgd-hadayalab-projects-projects.vercel.app/api/cron,GET,,200,5d78t-1766594723326-26d31ba77d6d,vercel-cron/1.0,info,production,main,MISS,serverless,/api/cron,cryptosignal-ai-68mu4qxgd-hadayalab-projects-projects.vercel.app,cryptosignal-ai-68mu4qxgd-hadayalab-projects-projects.vercel.app,dpl_7xctBUeLMmAaeMQE2WZBJjJ4HKAe,,,,,"📊 Exchange Netflow (BTC): -11379.222587299999 raw: {""date"":""2025-12-23"",""netflow_total"":-11379.222587299999}",prj_3ECsT5RqWymkjdfB0bXrqIH4TwFq,,,,,
2025-12-24 16:45:23,1766594723595,cryptosignal-ai-68mu4qxgd-hadayalab-projects-projects.vercel.app/api/cron,GET,,200,5d78t-1766594723326-26d31ba77d6d,vercel-cron/1.0,info,production,main,MISS,serverless,/api/cron,cryptosignal-ai-68mu4qxgd-hadayalab-projects-projects.vercel.app,cryptosignal-ai-68mu4qxgd-hadayalab-projects-projects.vercel.app,dpl_7xctBUeLMmAaeMQE2WZBJjJ4HKAe,,,,,"📊 Miner Position Index (BTC): -0.5211564700986901 raw: {""date"":""2025-12-23"",""mpi"":-0.5211564700986901}",prj_3ECsT5RqWymkjdfB0bXrqIH4TwFq,,,,,
2025-12-24 16:45:23,1766594723326,cryptosignal-ai-68mu4qxgd-hadayalab-projects-projects.vercel.app/api/cron,GET,,200,5d78t-1766594723326-26d31ba77d6d,vercel-cron/1.0,,production,main,MISS,serverless,/api/cron,cryptosignal-ai-68mu4qxgd-hadayalab-projects-projects.vercel.app,cryptosignal-ai-68mu4qxgd-hadayalab-projects-projects.vercel.app,dpl_7xctBUeLMmAaeMQE2WZBJjJ4HKAe,289,iad1,266,2048,,prj_3ECsT5RqWymkjdfB0bXrqIH4TwFq,,,01KD8M0FGRWH5A27GJ0VPBRT5T,qY3kzkS8Zhos,1
2025-12-24 16:30:23,1766593823316,cryptosignal-ai-68mu4qxgd-hadayalab-projects-projects.vercel.app/api/cron,GET,,200,qxpt7-1766593823262-5432dfc113a9,vercel-cron/1.0,info,production,main,MISS,serverless,/api/cron,cryptosignal-ai-68mu4qxgd-hadayalab-projects-projects.vercel.app,cryptosignal-ai-68mu4qxgd-hadayalab-projects-projects.vercel.app,dpl_7xctBUeLMmAaeMQE2WZBJjJ4HKAe,,,,,🚀 Cron Job Started: Whale Monitor,prj_3ECsT5RqWymkjdfB0bXrqIH4TwFq,,,,,
2025-12-24 16:30:23,1766593823317,cryptosignal-ai-68mu4qxgd-hadayalab-projects-projects.vercel.app/api/cron,GET,,200,qxpt7-1766593823262-5432dfc113a9,vercel-cron/1.0,info,production,main,MISS,serverless,/api/cron,cryptosignal-ai-68mu4qxgd-hadayalab-projects-projects.vercel.app,cryptosignal-ai-68mu4qxgd-hadayalab-projects-projects.vercel.app,dpl_7xctBUeLMmAaeMQE2WZBJjJ4HKAe,,,,,"Slot check => utcHour=16, utcMinute=30, isRegularSlot=false, force=false",prj_3ECsT5RqWymkjdfB0bXrqIH4TwFq,,,,,
2025-12-24 16:30:23,1766593823317,cryptosignal-ai-68mu4qxgd-hadayalab-projects-projects.vercel.app/api/cron,GET,,200,qxpt7-1766593823262-5432dfc113a9,vercel-cron/1.0,info,production,main,MISS,serverless,/api/cron,cryptosignal-ai-68mu4qxgd-hadayalab-projects-projects.vercel.app,cryptosignal-ai-68mu4qxgd-hadayalab-projects-projects.vercel.app,dpl_7xctBUeLMmAaeMQE2WZBJjJ4HKAe,,,,,🌐 Fetching: https://api.cryptoquant.com/v1/btc/exchange-flows/netflow?exchange=all_exchange&window=day&limit=1,prj_3ECsT5RqWymkjdfB0bXrqIH4TwFq,,,,,
2025-12-24 16:30:23,1766593823407,cryptosignal-ai-68mu4qxgd-hadayalab-projects-projects.vercel.app/api/cron,GET,,200,qxpt7-1766593823262-5432dfc113a9,vercel-cron/1.0,info,production,main,MISS,serverless,/api/cron,cryptosignal-ai-68mu4qxgd-hadayalab-projects-projects.vercel.app,cryptosignal-ai-68mu4qxgd-hadayalab-projects-projects.vercel.app,dpl_7xctBUeLMmAaeMQE2WZBJjJ4HKAe,,,,,🌐 Fetching: https://api.cryptoquant.com/v1/btc/flow-indicator/mpi?window=day&limit=1,prj_3ECsT5RqWymkjdfB0bXrqIH4TwFq,,,,,
2025-12-24 16:30:23,1766593823409,cryptosignal-ai-68mu4qxgd-hadayalab-projects-projects.vercel.app/api/cron,GET,,200,qxpt7-1766593823262-5432dfc113a9,vercel-cron/1.0,error,production,main,MISS,serverless,/api/cron,cryptosignal-ai-68mu4qxgd-hadayalab-projects-projects.vercel.app,cryptosignal-ai-68mu4qxgd-hadayalab-projects-projects.vercel.app,dpl_7xctBUeLMmAaeMQE2WZBJjJ4HKAe,,,,,"(node:4) [DEP0169] DeprecationWarning: `url.parse()` behavior is not standardized and prone to errors that have security implications. Use the WHATWG URL API instead. CVEs are not issued for `url.parse()` vulnerabilities.
(Use `node --trace-deprecation ...` to show where the warning was created)",prj_3ECsT5RqWymkjdfB0bXrqIH4TwFq,,,,,
2025-12-24 16:30:23,1766593823612,cryptosignal-ai-68mu4qxgd-hadayalab-projects-projects.vercel.app/api/cron,GET,,200,qxpt7-1766593823262-5432dfc113a9,vercel-cron/1.0,info,production,main,MISS,serverless,/api/cron,cryptosignal-ai-68mu4qxgd-hadayalab-projects-projects.vercel.app,cryptosignal-ai-68mu4qxgd-hadayalab-projects-projects.vercel.app,dpl_7xctBUeLMmAaeMQE2WZBJjJ4HKAe,,,,,"📊 Miner Position Index (BTC): -0.5211564700986901 raw: {""date"":""2025-12-23"",""mpi"":-0.5211564700986901}",prj_3ECsT5RqWymkjdfB0bXrqIH4TwFq,,,,,
2025-12-24 16:30:23,1766593823613,cryptosignal-ai-68mu4qxgd-hadayalab-projects-projects.vercel.app/api/cron,GET,,200,qxpt7-1766593823262-5432dfc113a9,vercel-cron/1.0,info,production,main,MISS,serverless,/api/cron,cryptosignal-ai-68mu4qxgd-hadayalab-projects-projects.vercel.app,cryptosignal-ai-68mu4qxgd-hadayalab-projects-projects.vercel.app,dpl_7xctBUeLMmAaeMQE2WZBJjJ4HKAe,,,,,"📊 Exchange Netflow (BTC): -11379.222587299999 raw: {""date"":""2025-12-23"",""netflow_total"":-11379.222587299999}",prj_3ECsT5RqWymkjdfB0bXrqIH4TwFq,,,,,
2025-12-24 16:30:23,1766593823262,cryptosignal-ai-68mu4qxgd-hadayalab-projects-projects.vercel.app/api/cron,GET,,200,qxpt7-1766593823262-5432dfc113a9,vercel-cron/1.0,,production,main,MISS,serverless,/api/cron,cryptosignal-ai-68mu4qxgd-hadayalab-projects-projects.vercel.app,cryptosignal-ai-68mu4qxgd-hadayalab-projects-projects.vercel.app,dpl_7xctBUeLMmAaeMQE2WZBJjJ4HKAe,409,iad1,269,2048,,prj_3ECsT5RqWymkjdfB0bXrqIH4TwFq,,,01KD8K50HBKSM1CW5CTXZB2ZQT,qY3kzkS8Zhos,1
2025-12-24 16:15:23,1766592923177,cryptosignal-ai-68mu4qxgd-hadayalab-projects-projects.vercel.app/api/cron,GET,,200,qx5fn-1766592923138-555633345aff,vercel-cron/1.0,info,production,main,MISS,serverless,/api/cron,cryptosignal-ai-68mu4qxgd-hadayalab-projects-projects.vercel.app,cryptosignal-ai-68mu4qxgd-hadayalab-projects-projects.vercel.app,dpl_7xctBUeLMmAaeMQE2WZBJjJ4HKAe,,,,,🚀 Cron Job Started: Whale Monitor,prj_3ECsT5RqWymkjdfB0bXrqIH4TwFq,,,,,
2025-12-24 16:15:23,1766592923177,cryptosignal-ai-68mu4qxgd-hadayalab-projects-projects.vercel.app/api/cron,GET,,200,qx5fn-1766592923138-555633345aff,vercel-cron/1.0,info,production,main,MISS,serverless,/api/cron,cryptosignal-ai-68mu4qxgd-hadayalab-projects-projects.vercel.app,cryptosignal-ai-68mu4qxgd-hadayalab-projects-projects.vercel.app,dpl_7xctBUeLMmAaeMQE2WZBJjJ4HKAe,,,,,"Slot check => utcHour=16, utcMinute=15, isRegularSlot=false, force=false",prj_3ECsT5RqWymkjdfB0bXrqIH4TwFq,,,,,
2025-12-24 16:15:23,1766592923177,cryptosignal-ai-68mu4qxgd-hadayalab-projects-projects.vercel.app/api/cron,GET,,200,qx5fn-1766592923138-555633345aff,vercel-cron/1.0,info,production,main,MISS,serverless,/api/cron,cryptosignal-ai-68mu4qxgd-hadayalab-projects-projects.vercel.app,cryptosignal-ai-68mu4qxgd-hadayalab-projects-projects.vercel.app,dpl_7xctBUeLMmAaeMQE2WZBJjJ4HKAe,,,,,🌐 Fetching: https://api.cryptoquant.com/v1/btc/exchange-flows/netflow?exchange=all_exchange&window=day&limit=1,prj_3ECsT5RqWymkjdfB0bXrqIH4TwFq,,,,,
2025-12-24 16:15:23,1766592923179,cryptosignal-ai-68mu4qxgd-hadayalab-projects-projects.vercel.app/api/cron,GET,,200,qx5fn-1766592923138-555633345aff,vercel-cron/1.0,info,production,main,MISS,serverless,/api/cron,cryptosignal-ai-68mu4qxgd-hadayalab-projects-projects.vercel.app,cryptosignal-ai-68mu4qxgd-hadayalab-projects-projects.vercel.app,dpl_7xctBUeLMmAaeMQE2WZBJjJ4HKAe,,,,,🌐 Fetching: https://api.cryptoquant.com/v1/btc/flow-indicator/mpi?window=day&limit=1,prj_3ECsT5RqWymkjdfB0bXrqIH4TwFq,,,,,
2025-12-24 16:15:23,1766592923371,cryptosignal-ai-68mu4qxgd-hadayalab-projects-projects.vercel.app/api/cron,GET,,200,qx5fn-1766592923138-555633345aff,vercel-cron/1.0,info,production,main,MISS,serverless,/api/cron,cryptosignal-ai-68mu4qxgd-hadayalab-projects-projects.vercel.app,cryptosignal-ai-68mu4qxgd-hadayalab-projects-projects.vercel.app,dpl_7xctBUeLMmAaeMQE2WZBJjJ4HKAe,,,,,"📊 Exchange Netflow (BTC): -11379.222587299999 raw: {""date"":""2025-12-23"",""netflow_total"":-11379.222587299999}",prj_3ECsT5RqWymkjdfB0bXrqIH4TwFq,,,,,
2025-12-24 16:15:23,1766592923400,cryptosignal-ai-68mu4qxgd-hadayalab-projects-projects.vercel.app/api/cron,GET,,200,qx5fn-1766592923138-555633345aff,vercel-cron/1.0,info,production,main,MISS,serverless,/api/cron,cryptosignal-ai-68mu4qxgd-hadayalab-projects-projects.vercel.app,cryptosignal-ai-68mu4qxgd-hadayalab-projects-projects.vercel.app,dpl_7xctBUeLMmAaeMQE2WZBJjJ4HKAe,,,,,"📊 Miner Position Index (BTC): -0.5211564700986901 raw: {""date"":""2025-12-23"",""mpi"":-0.5211564700986901}",prj_3ECsT5RqWymkjdfB0bXrqIH4TwFq,,,,,
2025-12-24 16:15:23,1766592923138,cryptosignal-ai-68mu4qxgd-hadayalab-projects-projects.vercel.app/api/cron,GET,,200,qx5fn-1766592923138-555633345aff,vercel-cron/1.0,,production,main,MISS,serverless,/api/cron,cryptosignal-ai-68mu4qxgd-hadayalab-projects-projects.vercel.app,cryptosignal-ai-68mu4qxgd-hadayalab-projects-projects.vercel.app,dpl_7xctBUeLMmAaeMQE2WZBJjJ4HKAe,294,iad1,269,2048,,prj_3ECsT5RqWymkjdfB0bXrqIH4TwFq,,,01KD8J9HGHPPN8SE8T7NNMXGHN,qdPTynQSzZVo,1
2025-12-24 16:00:23,1766592023617,cryptosignal-ai-68mu4qxgd-hadayalab-projects-projects.vercel.app/api/cron,GET,,200,f8s79-1766592023562-5e6e964becb1,vercel-cron/1.0,info,production,main,MISS,serverless,/api/cron,cryptosignal-ai-68mu4qxgd-hadayalab-projects-projects.vercel.app,cryptosignal-ai-68mu4qxgd-hadayalab-projects-projects.vercel.app,dpl_7xctBUeLMmAaeMQE2WZBJjJ4HKAe,,,,,🚀 Cron Job Started: Whale Monitor,prj_3ECsT5RqWymkjdfB0bXrqIH4TwFq,,,,,
2025-12-24 16:00:23,1766592023617,cryptosignal-ai-68mu4qxgd-hadayalab-projects-projects.vercel.app/api/cron,GET,,200,f8s79-1766592023562-5e6e964becb1,vercel-cron/1.0,info,production,main,MISS,serverless,/api/cron,cryptosignal-ai-68mu4qxgd-hadayalab-projects-projects.vercel.app,cryptosignal-ai-68mu4qxgd-hadayalab-projects-projects.vercel.app,dpl_7xctBUeLMmAaeMQE2WZBJjJ4HKAe,,,,,"Slot check => utcHour=16, utcMinute=0, isRegularSlot=true, force=false",prj_3ECsT5RqWymkjdfB0bXrqIH4TwFq,,,,,
2025-12-24 16:00:23,1766592023617,cryptosignal-ai-68mu4qxgd-hadayalab-projects-projects.vercel.app/api/cron,GET,,200,f8s79-1766592023562-5e6e964becb1,vercel-cron/1.0,info,production,main,MISS,serverless,/api/cron,cryptosignal-ai-68mu4qxgd-hadayalab-projects-projects.vercel.app,cryptosignal-ai-68mu4qxgd-hadayalab-projects-projects.vercel.app,dpl_7xctBUeLMmAaeMQE2WZBJjJ4HKAe,,,,,🌐 Fetching: https://api.cryptoquant.com/v1/btc/exchange-flows/netflow?exchange=all_exchange&window=day&limit=1,prj_3ECsT5RqWymkjdfB0bXrqIH4TwFq,,,,,
2025-12-24 16:00:23,1766592023618,cryptosignal-ai-68mu4qxgd-hadayalab-projects-projects.vercel.app/api/cron,GET,,200,f8s79-1766592023562-5e6e964becb1,vercel-cron/1.0,info,production,main,MISS,serverless,/api/cron,cryptosignal-ai-68mu4qxgd-hadayalab-projects-projects.vercel.app,cryptosignal-ai-68mu4qxgd-hadayalab-projects-projects.vercel.app,dpl_7xctBUeLMmAaeMQE2WZBJjJ4HKAe,,,,,🌐 Fetching: https://api.cryptoquant.com/v1/btc/flow-indicator/mpi?window=day&limit=1,prj_3ECsT5RqWymkjdfB0bXrqIH4TwFq,,,,,
2025-12-24 16:00:23,1766592023840,cryptosignal-ai-68mu4qxgd-hadayalab-projects-projects.vercel.app/api/cron,GET,,200,f8s79-1766592023562-5e6e964becb1,vercel-cron/1.0,info,production,main,MISS,serverless,/api/cron,cryptosignal-ai-68mu4qxgd-hadayalab-projects-projects.vercel.app,cryptosignal-ai-68mu4qxgd-hadayalab-projects-projects.vercel.app,dpl_7xctBUeLMmAaeMQE2WZBJjJ4HKAe,,,,,"📊 Exchange Netflow (BTC): -11379.222587299999 raw: {""date"":""2025-12-23"",""netflow_total"":-11379.222587299999}",prj_3ECsT5RqWymkjdfB0bXrqIH4TwFq,,,,,
2025-12-24 16:00:23,1766592023865,cryptosignal-ai-68mu4qxgd-hadayalab-projects-projects.vercel.app/api/cron,GET,,200,f8s79-1766592023562-5e6e964becb1,vercel-cron/1.0,info,production,main,MISS,serverless,/api/cron,cryptosignal-ai-68mu4qxgd-hadayalab-projects-projects.vercel.app,cryptosignal-ai-68mu4qxgd-hadayalab-projects-projects.vercel.app,dpl_7xctBUeLMmAaeMQE2WZBJjJ4HKAe,,,,,"📊 Miner Position Index (BTC): -0.5211564700986901 raw: {""date"":""2025-12-23"",""mpi"":-0.5211564700986901}",prj_3ECsT5RqWymkjdfB0bXrqIH4TwFq,,,,,
2025-12-24 16:00:55,1766592055728,cryptosignal-ai-68mu4qxgd-hadayalab-projects-projects.vercel.app/api/cron,GET,,200,f8s79-1766592023562-5e6e964becb1,vercel-cron/1.0,info,production,main,MISS,serverless,/api/cron,cryptosignal-ai-68mu4qxgd-hadayalab-projects-projects.vercel.app,cryptosignal-ai-68mu4qxgd-hadayalab-projects-projects.vercel.app,dpl_7xctBUeLMmAaeMQE2WZBJjJ4HKAe,,,,,Sending REGULAR message...,prj_3ECsT5RqWymkjdfB0bXrqIH4TwFq,,,,,
2025-12-24 16:00:55,1766592055729,cryptosignal-ai-68mu4qxgd-hadayalab-projects-projects.vercel.app/api/cron,GET,,200,f8s79-1766592023562-5e6e964becb1,vercel-cron/1.0,info,production,main,MISS,serverless,/api/cron,cryptosignal-ai-68mu4qxgd-hadayalab-projects-projects.vercel.app,cryptosignal-ai-68mu4qxgd-hadayalab-projects-projects.vercel.app,dpl_7xctBUeLMmAaeMQE2WZBJjJ4HKAe,,,,,🌐 Fetching: https://api.cryptoquant.com/v1/btc/exchange-flows/netflow?exchange=all_exchange&window=day&limit=1,prj_3ECsT5RqWymkjdfB0bXrqIH4TwFq,,,,,
2025-12-24 16:00:55,1766592055731,cryptosignal-ai-68mu4qxgd-hadayalab-projects-projects.vercel.app/api/cron,GET,,200,f8s79-1766592023562-5e6e964becb1,vercel-cron/1.0,info,production,main,MISS,serverless,/api/cron,cryptosignal-ai-68mu4qxgd-hadayalab-projects-projects.vercel.app,cryptosignal-ai-68mu4qxgd-hadayalab-projects-projects.vercel.app,dpl_7xctBUeLMmAaeMQE2WZBJjJ4HKAe,,,,,🌐 Fetching: https://api.cryptoquant.com/v1/btc/flow-indicator/mpi?window=day&limit=1,prj_3ECsT5RqWymkjdfB0bXrqIH4TwFq,,,,,
2025-12-24 16:00:55,1766592055895,cryptosignal-ai-68mu4qxgd-hadayalab-projects-projects.vercel.app/api/cron,GET,,200,f8s79-1766592023562-5e6e964becb1,vercel-cron/1.0,info,production,main,MISS,serverless,/api/cron,cryptosignal-ai-68mu4qxgd-hadayalab-projects-projects.vercel.app,cryptosignal-ai-68mu4qxgd-hadayalab-projects-projects.vercel.app,dpl_7xctBUeLMmAaeMQE2WZBJjJ4HKAe,,,,,"📊 Exchange Netflow (BTC): -11379.222587299999 raw: {""date"":""2025-12-23"",""netflow_total"":-11379.222587299999}",prj_3ECsT5RqWymkjdfB0bXrqIH4TwFq,,,,,
2025-12-24 16:00:55,1766592055931,cryptosignal-ai-68mu4qxgd-hadayalab-projects-projects.vercel.app/api/cron,GET,,200,f8s79-1766592023562-5e6e964becb1,vercel-cron/1.0,info,production,main,MISS,serverless,/api/cron,cryptosignal-ai-68mu4qxgd-hadayalab-projects-projects.vercel.app,cryptosignal-ai-68mu4qxgd-hadayalab-projects-projects.vercel.app,dpl_7xctBUeLMmAaeMQE2WZBJjJ4HKAe,,,,,"📊 Miner Position Index (BTC): -0.5211564700986901 raw: {""date"":""2025-12-23"",""mpi"":-0.5211564700986901}",prj_3ECsT5RqWymkjdfB0bXrqIH4TwFq,,,,,
2025-12-24 16:00:55,1766592055932,cryptosignal-ai-68mu4qxgd-hadayalab-projects-projects.vercel.app/api/cron,GET,,200,f8s79-1766592023562-5e6e964becb1,vercel-cron/1.0,info,production,main,MISS,serverless,/api/cron,cryptosignal-ai-68mu4qxgd-hadayalab-projects-projects.vercel.app,cryptosignal-ai-68mu4qxgd-hadayalab-projects-projects.vercel.app,dpl_7xctBUeLMmAaeMQE2WZBJjJ4HKAe,,,,,🌐 Fetching: https://api.cryptoquant.com/v1/btc/nupl/current?limit=1,prj_3ECsT5RqWymkjdfB0bXrqIH4TwFq,,,,,
2025-12-24 16:00:55,1766592055932,cryptosignal-ai-68mu4qxgd-hadayalab-projects-projects.vercel.app/api/cron,GET,,200,f8s79-1766592023562-5e6e964becb1,vercel-cron/1.0,info,production,main,MISS,serverless,/api/cron,cryptosignal-ai-68mu4qxgd-hadayalab-projects-projects.vercel.app,cryptosignal-ai-68mu4qxgd-hadayalab-projects-projects.vercel.app,dpl_7xctBUeLMmAaeMQE2WZBJjJ4HKAe,,,,,🌐 Fetching: https://api.cryptoquant.com/v1/btc/sopr?window=day&limit=30,prj_3ECsT5RqWymkjdfB0bXrqIH4TwFq,,,,,
2025-12-24 16:00:56,1766592056031,cryptosignal-ai-68mu4qxgd-hadayalab-projects-projects.vercel.app/api/cron,GET,,200,f8s79-1766592023562-5e6e964becb1,vercel-cron/1.0,error,production,main,MISS,serverless,/api/cron,cryptosignal-ai-68mu4qxgd-hadayalab-projects-projects.vercel.app,cryptosignal-ai-68mu4qxgd-hadayalab-projects-projects.vercel.app,dpl_7xctBUeLMmAaeMQE2WZBJjJ4HKAe,,,,,❌ CryptoQuant Request Failed: API Error: 404 Not Found,prj_3ECsT5RqWymkjdfB0bXrqIH4TwFq,,,,,
2025-12-24 16:00:56,1766592056031,cryptosignal-ai-68mu4qxgd-hadayalab-projects-projects.vercel.app/api/cron,GET,,200,f8s79-1766592023562-5e6e964becb1,vercel-cron/1.0,warning,production,main,MISS,serverless,/api/cron,cryptosignal-ai-68mu4qxgd-hadayalab-projects-projects.vercel.app,cryptosignal-ai-68mu4qxgd-hadayalab-projects-projects.vercel.app,dpl_7xctBUeLMmAaeMQE2WZBJjJ4HKAe,,,,,[deepMetrics] Error fetching NUPL: API Error: 404 Not Found,prj_3ECsT5RqWymkjdfB0bXrqIH4TwFq,,,,,
2025-12-24 16:00:56,1766592056033,cryptosignal-ai-68mu4qxgd-hadayalab-projects-projects.vercel.app/api/cron,GET,,200,f8s79-1766592023562-5e6e964becb1,vercel-cron/1.0,error,production,main,MISS,serverless,/api/cron,cryptosignal-ai-68mu4qxgd-hadayalab-projects-projects.vercel.app,cryptosignal-ai-68mu4qxgd-hadayalab-projects-projects.vercel.app,dpl_7xctBUeLMmAaeMQE2WZBJjJ4HKAe,,,,,❌ CryptoQuant Request Failed: API Error: 404 Not Found,prj_3ECsT5RqWymkjdfB0bXrqIH4TwFq,,,,,
2025-12-24 16:00:56,1766592056033,cryptosignal-ai-68mu4qxgd-hadayalab-projects-projects.vercel.app/api/cron,GET,,200,f8s79-1766592023562-5e6e964becb1,vercel-cron/1.0,warning,production,main,MISS,serverless,/api/cron,cryptosignal-ai-68mu4qxgd-hadayalab-projects-projects.vercel.app,cryptosignal-ai-68mu4qxgd-hadayalab-projects-projects.vercel.app,dpl_7xctBUeLMmAaeMQE2WZBJjJ4HKAe,,,,,[deepMetrics] Error fetching SOPR 30d: API Error: 404 Not Found,prj_3ECsT5RqWymkjdfB0bXrqIH4TwFq,,,,,
2025-12-24 16:00:56,1766592056542,cryptosignal-ai-68mu4qxgd-hadayalab-projects-projects.vercel.app/api/cron,GET,,200,f8s79-1766592023562-5e6e964becb1,vercel-cron/1.0,info,production,main,MISS,serverless,/api/cron,cryptosignal-ai-68mu4qxgd-hadayalab-projects-projects.vercel.app,cryptosignal-ai-68mu4qxgd-hadayalab-projects-projects.vercel.app,dpl_7xctBUeLMmAaeMQE2WZBJjJ4HKAe,,,,,"📨 Telegram sent: {
  ""ok"": true,
  ""result"": {
    ""message_id"": 83,
    ""from"": {
      ""id"": 8451748811,
      ""is_bot"": true,
      ""first_name"": ""CryptoSignal AI JA"",
      ""username"": ""CryptoSignal_AI_JP_bot""
    },
    ""chat"": {
      ""id"": -1003361901758,
      ""title"": ""CryptoSignal AI – Starter Signals (JA)"",
      ""type"": ""supergroup""
    },
    ""date"": 1766592056,
    ""text"": ""📚 Dr. Grok Market Leak\nセッションブリーフィング @ 2025-12-24 16:00:23 UTC\n\n💰 BTC 現在価格: $86,913 (-0.51% / 24h)\n📊 取引所ネットフロー: Outflow 11379 BTC\n⛏ Miners' Position Index (MPI): -0.52\n🧠 投資家センチメント: Extreme Fear\n\n📈 マーケットスコア: 19/100\n⚖️ リスクリワード比: 1.00 ❌ 低い\n• NUPL (含み損益): 0.000\n• SOPR 30日平均: 1.000\n✅ トラップ検知: 重大なトラップは検知されていません。\n\n🎯 トレード・ヴァーディクト\n🛡️ シグナル: BUG STANDBY (Defense Active)\n• 想定エントリー（スポット参考）: $86,913\n• モード: Bug Standby — 明確な優位性が出るまで待機。守りを優先。\n• Take Profit: n/a\n• Stop Loss: n/a\n\n🧬 Dr. Grok の見立て\n以下は戦略アイデアであり、公式な True Bug エントリーシグナルではありません。ご自身のトレードプランとリスク管理と整合するときにのみ活用してください。\nドクター・グロックだ。BTCのデータ見てみたぜ。極端な恐怖（Extreme Fear）で、価格は86,913ドル、24h変動-0.5%。流入はマイナス11k超えで、MPIもネガティブ。クジラのバイアスゼロ、リテールFOMOは50、ニュース影響なし。スコア19でシグナルNONE、トラップなし。\n\nリスク優先分析： 出血続きの市場だ。恐怖が高まってる中、クジラが動いてないのが不気味。急な反転リスクあるけど、下落トレンド継続の可能性大。ロング入るなら損切り厳守せよ – 85k割れで即逃げろ。\n\nタクティクス： 今は待機。サポート86k守れるか監視。FOMO50だからリテールが飛びつきやすいが、罠じゃねえ分、ボラ高めでショート検討。ポジ取る前にボリューム確認。リスク管理第一、フルレバは自殺行為だぜ。質問あんのか？\n\n本情報は教育目的で提供されるものであり、投資助言・金融商品の勧誘を行うものではありません。"",
    ""entities"": [
      {
        ""offset"": 184,
        ""length"": 12,
        ""type"": ""bold""
      }
    ]
  }
}",prj_3ECsT5RqWymkjdfB0bXrqIH4TwFq,,,,,
2025-12-24 16:00:23,1766592023562,cryptosignal-ai-68mu4qxgd-hadayalab-projects-projects.vercel.app/api/cron,GET,,200,f8s79-1766592023562-5e6e964becb1,vercel-cron/1.0,,production,main,MISS,serverless,/api/cron,cryptosignal-ai-68mu4qxgd-hadayalab-projects-projects.vercel.app,cryptosignal-ai-68mu4qxgd-hadayalab-projects-projects.vercel.app,dpl_7xctBUeLMmAaeMQE2WZBJjJ4HKAe,32936,iad1,269,2048,,prj_3ECsT5RqWymkjdfB0bXrqIH4TwFq,,,01KD8HE31BDRZS9DC5P4H4546R,qdPTynQSzZVo,1
2025-12-24 15:45:23,1766591123407,cryptosignal-ai-68mu4qxgd-hadayalab-projects-projects.vercel.app/api/cron,GET,,200,n64fd-1766591123359-5740db79b955,vercel-cron/1.0,info,production,main,MISS,serverless,/api/cron,cryptosignal-ai-68mu4qxgd-hadayalab-projects-projects.vercel.app,cryptosignal-ai-68mu4qxgd-hadayalab-projects-projects.vercel.app,dpl_7xctBUeLMmAaeMQE2WZBJjJ4HKAe,,,,,🚀 Cron Job Started: Whale Monitor,prj_3ECsT5RqWymkjdfB0bXrqIH4TwFq,,,,,
2025-12-24 15:45:23,1766591123407,cryptosignal-ai-68mu4qxgd-hadayalab-projects-projects.vercel.app/api/cron,GET,,200,n64fd-1766591123359-5740db79b955,vercel-cron/1.0,info,production,main,MISS,serverless,/api/cron,cryptosignal-ai-68mu4qxgd-hadayalab-projects-projects.vercel.app,cryptosignal-ai-68mu4qxgd-hadayalab-projects-projects.vercel.app,dpl_7xctBUeLMmAaeMQE2WZBJjJ4HKAe,,,,,"Slot check => utcHour=15, utcMinute=45, isRegularSlot=false, force=false",prj_3ECsT5RqWymkjdfB0bXrqIH4TwFq,,,,,
2025-12-24 15:45:23,1766591123407,cryptosignal-ai-68mu4qxgd-hadayalab-projects-projects.vercel.app/api/cron,GET,,200,n64fd-1766591123359-5740db79b955,vercel-cron/1.0,info,production,main,MISS,serverless,/api/cron,cryptosignal-ai-68mu4qxgd-hadayalab-projects-projects.vercel.app,cryptosignal-ai-68mu4qxgd-hadayalab-projects-projects.vercel.app,dpl_7xctBUeLMmAaeMQE2WZBJjJ4HKAe,,,,,🌐 Fetching: https://api.cryptoquant.com/v1/btc/exchange-flows/netflow?exchange=all_exchange&window=day&limit=1,prj_3ECsT5RqWymkjdfB0bXrqIH4TwFq,,,,,
2025-12-24 15:45:23,1766591123407,cryptosignal-ai-68mu4qxgd-hadayalab-projects-projects.vercel.app/api/cron,GET,,200,n64fd-1766591123359-5740db79b955,vercel-cron/1.0,info,production,main,MISS,serverless,/api/cron,cryptosignal-ai-68mu4qxgd-hadayalab-projects-projects.vercel.app,cryptosignal-ai-68mu4qxgd-hadayalab-projects-projects.vercel.app,dpl_7xctBUeLMmAaeMQE2WZBJjJ4HKAe,,,,,🌐 Fetching: https://api.cryptoquant.com/v1/btc/flow-indicator/mpi?window=day&limit=1,prj_3ECsT5RqWymkjdfB0bXrqIH4TwFq,,,,,
2025-12-24 15:45:23,1766591123597,cryptosignal-ai-68mu4qxgd-hadayalab-projects-projects.vercel.app/api/cron,GET,,200,n64fd-1766591123359-5740db79b955,vercel-cron/1.0,info,production,main,MISS,serverless,/api/cron,cryptosignal-ai-68mu4qxgd-hadayalab-projects-projects.vercel.app,cryptosignal-ai-68mu4qxgd-hadayalab-projects-projects.vercel.app,dpl_7xctBUeLMmAaeMQE2WZBJjJ4HKAe,,,,,"📊 Exchange Netflow (BTC): -11379.222587299999 raw: {""date"":""2025-12-23"",""netflow_total"":-11379.222587299999}",prj_3ECsT5RqWymkjdfB0bXrqIH4TwFq,,,,,
2025-12-24 15:45:23,1766591123828,cryptosignal-ai-68mu4qxgd-hadayalab-projects-projects.vercel.app/api/cron,GET,,200,n64fd-1766591123359-5740db79b955,vercel-cron/1.0,info,production,main,MISS,serverless,/api/cron,cryptosignal-ai-68mu4qxgd-hadayalab-projects-projects.vercel.app,cryptosignal-ai-68mu4qxgd-hadayalab-projects-projects.vercel.app,dpl_7xctBUeLMmAaeMQE2WZBJjJ4HKAe,,,,,"📊 Miner Position Index (BTC): -0.5211564700986901 raw: {""date"":""2025-12-23"",""mpi"":-0.5211564700986901}",prj_3ECsT5RqWymkjdfB0bXrqIH4TwFq,,,,,
2025-12-24 15:45:23,1766591123359,cryptosignal-ai-68mu4qxgd-hadayalab-projects-projects.vercel.app/api/cron,GET,,200,n64fd-1766591123359-5740db79b955,vercel-cron/1.0,,production,main,MISS,serverless,/api/cron,cryptosignal-ai-68mu4qxgd-hadayalab-projects-projects.vercel.app,cryptosignal-ai-68mu4qxgd-hadayalab-projects-projects.vercel.app,dpl_7xctBUeLMmAaeMQE2WZBJjJ4HKAe,516,iad1,268,2048,,prj_3ECsT5RqWymkjdfB0bXrqIH4TwFq,,,01KD8GJKXEBJZM9EH92YV2YZE7,qdPTynQSzZVo,1
2025-12-24 15:30:23,1766590223633,cryptosignal-ai-68mu4qxgd-hadayalab-projects-projects.vercel.app/api/cron,GET,,200,n6lfc-1766590223577-b67abe592794,vercel-cron/1.0,info,production,main,MISS,serverless,/api/cron,cryptosignal-ai-68mu4qxgd-hadayalab-projects-projects.vercel.app,cryptosignal-ai-68mu4qxgd-hadayalab-projects-projects.vercel.app,dpl_7xctBUeLMmAaeMQE2WZBJjJ4HKAe,,,,,🚀 Cron Job Started: Whale Monitor,prj_3ECsT5RqWymkjdfB0bXrqIH4TwFq,,,,,
2025-12-24 15:30:23,1766590223633,cryptosignal-ai-68mu4qxgd-hadayalab-projects-projects.vercel.app/api/cron,GET,,200,n6lfc-1766590223577-b67abe592794,vercel-cron/1.0,info,production,main,MISS,serverless,/api/cron,cryptosignal-ai-68mu4qxgd-hadayalab-projects-projects.vercel.app,cryptosignal-ai-68mu4qxgd-hadayalab-projects-projects.vercel.app,dpl_7xctBUeLMmAaeMQE2WZBJjJ4HKAe,,,,,"Slot check => utcHour=15, utcMinute=30, isRegularSlot=false, force=false",prj_3ECsT5RqWymkjdfB0bXrqIH4TwFq,,,,,
2025-12-24 15:30:23,1766590223633,cryptosignal-ai-68mu4qxgd-hadayalab-projects-projects.vercel.app/api/cron,GET,,200,n6lfc-1766590223577-b67abe592794,vercel-cron/1.0,info,production,main,MISS,serverless,/api/cron,cryptosignal-ai-68mu4qxgd-hadayalab-projects-projects.vercel.app,cryptosignal-ai-68mu4qxgd-hadayalab-projects-projects.vercel.app,dpl_7xctBUeLMmAaeMQE2WZBJjJ4HKAe,,,,,🌐 Fetching: https://api.cryptoquant.com/v1/btc/exchange-flows/netflow?exchange=all_exchange&window=day&limit=1,prj_3ECsT5RqWymkjdfB0bXrqIH4TwFq,,,,,
2025-12-24 15:30:23,1766590223635,cryptosignal-ai-68mu4qxgd-hadayalab-projects-projects.vercel.app/api/cron,GET,,200,n6lfc-1766590223577-b67abe592794,vercel-cron/1.0,info,production,main,MISS,serverless,/api/cron,cryptosignal-ai-68mu4qxgd-hadayalab-projects-projects.vercel.app,cryptosignal-ai-68mu4qxgd-hadayalab-projects-projects.vercel.app,dpl_7xctBUeLMmAaeMQE2WZBJjJ4HKAe,,,,,🌐 Fetching: https://api.cryptoquant.com/v1/btc/flow-indicator/mpi?window=day&limit=1,prj_3ECsT5RqWymkjdfB0bXrqIH4TwFq,,,,,
2025-12-24 15:30:23,1766590223895,cryptosignal-ai-68mu4qxgd-hadayalab-projects-projects.vercel.app/api/cron,GET,,200,n6lfc-1766590223577-b67abe592794,vercel-cron/1.0,info,production,main,MISS,serverless,/api/cron,cryptosignal-ai-68mu4qxgd-hadayalab-projects-projects.vercel.app,cryptosignal-ai-68mu4qxgd-hadayalab-projects-projects.vercel.app,dpl_7xctBUeLMmAaeMQE2WZBJjJ4HKAe,,,,,"📊 Miner Position Index (BTC): -0.5211564700986901 raw: {""date"":""2025-12-23"",""mpi"":-0.5211564700986901}",prj_3ECsT5RqWymkjdfB0bXrqIH4TwFq,,,,,
2025-12-24 15:30:24,1766590224020,cryptosignal-ai-68mu4qxgd-hadayalab-projects-projects.vercel.app/api/cron,GET,,200,n6lfc-1766590223577-b67abe592794,vercel-cron/1.0,info,production,main,MISS,serverless,/api/cron,cryptosignal-ai-68mu4qxgd-hadayalab-projects-projects.vercel.app,cryptosignal-ai-68mu4qxgd-hadayalab-projects-projects.vercel.app,dpl_7xctBUeLMmAaeMQE2WZBJjJ4HKAe,,,,,"📊 Exchange Netflow (BTC): -11379.222587299999 raw: {""date"":""2025-12-23"",""netflow_total"":-11379.222587299999}",prj_3ECsT5RqWymkjdfB0bXrqIH4TwFq,,,,,
2025-12-24 15:30:23,1766590223577,cryptosignal-ai-68mu4qxgd-hadayalab-projects-projects.vercel.app/api/cron,GET,,200,n6lfc-1766590223577-b67abe592794,vercel-cron/1.0,,production,main,MISS,serverless,/api/cron,cryptosignal-ai-68mu4qxgd-hadayalab-projects-projects.vercel.app,cryptosignal-ai-68mu4qxgd-hadayalab-projects-projects.vercel.app,dpl_7xctBUeLMmAaeMQE2WZBJjJ4HKAe,479,iad1,268,2048,,prj_3ECsT5RqWymkjdfB0bXrqIH4TwFq,,,01KD8FQ57D0R3Z5NN72QFBT25A,qdPTynQSzZVo,1
2025-12-24 15:15:23,1766589323434,cryptosignal-ai-68mu4qxgd-hadayalab-projects-projects.vercel.app/api/cron,GET,,200,4dlsf-1766589323378-e599ed42b0df,vercel-cron/1.0,info,production,main,MISS,serverless,/api/cron,cryptosignal-ai-68mu4qxgd-hadayalab-projects-projects.vercel.app,cryptosignal-ai-68mu4qxgd-hadayalab-projects-projects.vercel.app,dpl_7xctBUeLMmAaeMQE2WZBJjJ4HKAe,,,,,🚀 Cron Job Started: Whale Monitor,prj_3ECsT5RqWymkjdfB0bXrqIH4TwFq,,,,,
2025-12-24 15:15:23,1766589323434,cryptosignal-ai-68mu4qxgd-hadayalab-projects-projects.vercel.app/api/cron,GET,,200,4dlsf-1766589323378-e599ed42b0df,vercel-cron/1.0,info,production,main,MISS,serverless,/api/cron,cryptosignal-ai-68mu4qxgd-hadayalab-projects-projects.vercel.app,cryptosignal-ai-68mu4qxgd-hadayalab-projects-projects.vercel.app,dpl_7xctBUeLMmAaeMQE2WZBJjJ4HKAe,,,,,"Slot check => utcHour=15, utcMinute=15, isRegularSlot=false, force=false",prj_3ECsT5RqWymkjdfB0bXrqIH4TwFq,,,,,
2025-12-24 15:15:23,1766589323435,cryptosignal-ai-68mu4qxgd-hadayalab-projects-projects.vercel.app/api/cron,GET,,200,4dlsf-1766589323378-e599ed42b0df,vercel-cron/1.0,info,production,main,MISS,serverless,/api/cron,cryptosignal-ai-68mu4qxgd-hadayalab-projects-projects.vercel.app,cryptosignal-ai-68mu4qxgd-hadayalab-projects-projects.vercel.app,dpl_7xctBUeLMmAaeMQE2WZBJjJ4HKAe,,,,,🌐 Fetching: https://api.cryptoquant.com/v1/btc/exchange-flows/netflow?exchange=all_exchange&window=day&limit=1,prj_3ECsT5RqWymkjdfB0bXrqIH4TwFq,,,,,
2025-12-24 15:15:23,1766589323435,cryptosignal-ai-68mu4qxgd-hadayalab-projects-projects.vercel.app/api/cron,GET,,200,4dlsf-1766589323378-e599ed42b0df,vercel-cron/1.0,info,production,main,MISS,serverless,/api/cron,cryptosignal-ai-68mu4qxgd-hadayalab-projects-projects.vercel.app,cryptosignal-ai-68mu4qxgd-hadayalab-projects-projects.vercel.app,dpl_7xctBUeLMmAaeMQE2WZBJjJ4HKAe,,,,,🌐 Fetching: https://api.cryptoquant.com/v1/btc/flow-indicator/mpi?window=day&limit=1,prj_3ECsT5RqWymkjdfB0bXrqIH4TwFq,,,,,
2025-12-24 15:15:23,1766589323648,cryptosignal-ai-68mu4qxgd-hadayalab-projects-projects.vercel.app/api/cron,GET,,200,4dlsf-1766589323378-e599ed42b0df,vercel-cron/1.0,info,production,main,MISS,serverless,/api/cron,cryptosignal-ai-68mu4qxgd-hadayalab-projects-projects.vercel.app,cryptosignal-ai-68mu4qxgd-hadayalab-projects-projects.vercel.app,dpl_7xctBUeLMmAaeMQE2WZBJjJ4HKAe,,,,,"📊 Miner Position Index (BTC): -0.5211564700986901 raw: {""date"":""2025-12-23"",""mpi"":-0.5211564700986901}",prj_3ECsT5RqWymkjdfB0bXrqIH4TwFq,,,,,
2025-12-24 15:15:23,1766589323652,cryptosignal-ai-68mu4qxgd-hadayalab-projects-projects.vercel.app/api/cron,GET,,200,4dlsf-1766589323378-e599ed42b0df,vercel-cron/1.0,info,production,main,MISS,serverless,/api/cron,cryptosignal-ai-68mu4qxgd-hadayalab-projects-projects.vercel.app,cryptosignal-ai-68mu4qxgd-hadayalab-projects-projects.vercel.app,dpl_7xctBUeLMmAaeMQE2WZBJjJ4HKAe,,,,,"📊 Exchange Netflow (BTC): -11379.222587299999 raw: {""date"":""2025-12-23"",""netflow_total"":-11379.222587299999}",prj_3ECsT5RqWymkjdfB0bXrqIH4TwFq,,,,,
2025-12-24 15:15:23,1766589323378,cryptosignal-ai-68mu4qxgd-hadayalab-projects-projects.vercel.app/api/cron,GET,,200,4dlsf-1766589323378-e599ed42b0df,vercel-cron/1.0,,production,main,MISS,serverless,/api/cron,cryptosignal-ai-68mu4qxgd-hadayalab-projects-projects.vercel.app,cryptosignal-ai-68mu4qxgd-hadayalab-projects-projects.vercel.app,dpl_7xctBUeLMmAaeMQE2WZBJjJ4HKAe,318,iad1,267,2048,,prj_3ECsT5RqWymkjdfB0bXrqIH4TwFq,,,01KD8EVP4MN40CNSAWC23SE8Z6,qdPTynQSzZVo,1
2025-12-24 15:00:23,1766588423331,cryptosignal-ai-68mu4qxgd-hadayalab-projects-projects.vercel.app/api/cron,GET,,200,8swdt-1766588423286-f13d739c2b4c,vercel-cron/1.0,info,production,main,MISS,serverless,/api/cron,cryptosignal-ai-68mu4qxgd-hadayalab-projects-projects.vercel.app,cryptosignal-ai-68mu4qxgd-hadayalab-projects-projects.vercel.app,dpl_7xctBUeLMmAaeMQE2WZBJjJ4HKAe,,,,,🚀 Cron Job Started: Whale Monitor,prj_3ECsT5RqWymkjdfB0bXrqIH4TwFq,,,,,
2025-12-24 15:00:23,1766588423331,cryptosignal-ai-68mu4qxgd-hadayalab-projects-projects.vercel.app/api/cron,GET,,200,8swdt-1766588423286-f13d739c2b4c,vercel-cron/1.0,info,production,main,MISS,serverless,/api/cron,cryptosignal-ai-68mu4qxgd-hadayalab-projects-projects.vercel.app,cryptosignal-ai-68mu4qxgd-hadayalab-projects-projects.vercel.app,dpl_7xctBUeLMmAaeMQE2WZBJjJ4HKAe,,,,,"Slot check => utcHour=15, utcMinute=0, isRegularSlot=false, force=false",prj_3ECsT5RqWymkjdfB0bXrqIH4TwFq,,,,,
2025-12-24 15:00:23,1766588423331,cryptosignal-ai-68mu4qxgd-hadayalab-projects-projects.vercel.app/api/cron,GET,,200,8swdt-1766588423286-f13d739c2b4c,vercel-cron/1.0,info,production,main,MISS,serverless,/api/cron,cryptosignal-ai-68mu4qxgd-hadayalab-projects-projects.vercel.app,cryptosignal-ai-68mu4qxgd-hadayalab-projects-projects.vercel.app,dpl_7xctBUeLMmAaeMQE2WZBJjJ4HKAe,,,,,🌐 Fetching: https://api.cryptoquant.com/v1/btc/exchange-flows/netflow?exchange=all_exchange&window=day&limit=1,prj_3ECsT5RqWymkjdfB0bXrqIH4TwFq,,,,,
2025-12-24 15:00:23,1766588423337,cryptosignal-ai-68mu4qxgd-hadayalab-projects-projects.vercel.app/api/cron,GET,,200,8swdt-1766588423286-f13d739c2b4c,vercel-cron/1.0,info,production,main,MISS,serverless,/api/cron,cryptosignal-ai-68mu4qxgd-hadayalab-projects-projects.vercel.app,cryptosignal-ai-68mu4qxgd-hadayalab-projects-projects.vercel.app,dpl_7xctBUeLMmAaeMQE2WZBJjJ4HKAe,,,,,🌐 Fetching: https://api.cryptoquant.com/v1/btc/flow-indicator/mpi?window=day&limit=1,prj_3ECsT5RqWymkjdfB0bXrqIH4TwFq,,,,,
2025-12-24 15:00:23,1766588423548,cryptosignal-ai-68mu4qxgd-hadayalab-projects-projects.vercel.app/api/cron,GET,,200,8swdt-1766588423286-f13d739c2b4c,vercel-cron/1.0,info,production,main,MISS,serverless,/api/cron,cryptosignal-ai-68mu4qxgd-hadayalab-projects-projects.vercel.app,cryptosignal-ai-68mu4qxgd-hadayalab-projects-projects.vercel.app,dpl_7xctBUeLMmAaeMQE2WZBJjJ4HKAe,,,,,"📊 Miner Position Index (BTC): -0.5211564700986901 raw: {""date"":""2025-12-23"",""mpi"":-0.5211564700986901}",prj_3ECsT5RqWymkjdfB0bXrqIH4TwFq,,,,,
2025-12-24 15:00:23,1766588423552,cryptosignal-ai-68mu4qxgd-hadayalab-projects-projects.vercel.app/api/cron,GET,,200,8swdt-1766588423286-f13d739c2b4c,vercel-cron/1.0,info,production,main,MISS,serverless,/api/cron,cryptosignal-ai-68mu4qxgd-hadayalab-projects-projects.vercel.app,cryptosignal-ai-68mu4qxgd-hadayalab-projects-projects.vercel.app,dpl_7xctBUeLMmAaeMQE2WZBJjJ4HKAe,,,,,"📊 Exchange Netflow (BTC): -11379.222587299999 raw: {""date"":""2025-12-23"",""netflow_total"":-11379.222587299999}",prj_3ECsT5RqWymkjdfB0bXrqIH4TwFq,,,,,
2025-12-24 15:00:23,1766588423286,cryptosignal-ai-68mu4qxgd-hadayalab-projects-projects.vercel.app/api/cron,GET,,200,8swdt-1766588423286-f13d739c2b4c,vercel-cron/1.0,,production,main,MISS,serverless,/api/cron,cryptosignal-ai-68mu4qxgd-hadayalab-projects-projects.vercel.app,cryptosignal-ai-68mu4qxgd-hadayalab-projects-projects.vercel.app,dpl_7xctBUeLMmAaeMQE2WZBJjJ4HKAe,319,iad1,266,2048,,prj_3ECsT5RqWymkjdfB0bXrqIH4TwFq,,,01KD8E0743B98WEX9FZDVM4KM6,qdPTynQSzZVo,1
2025-12-24 14:45:23,1766587523312,cryptosignal-ai-68mu4qxgd-hadayalab-projects-projects.vercel.app/api/cron,GET,,200,99m24-1766587523275-a4962239648a,vercel-cron/1.0,info,production,main,MISS,serverless,/api/cron,cryptosignal-ai-68mu4qxgd-hadayalab-projects-projects.vercel.app,cryptosignal-ai-68mu4qxgd-hadayalab-projects-projects.vercel.app,dpl_7xctBUeLMmAaeMQE2WZBJjJ4HKAe,,,,,🚀 Cron Job Started: Whale Monitor,prj_3ECsT5RqWymkjdfB0bXrqIH4TwFq,,,,,
2025-12-24 14:45:23,1766587523312,cryptosignal-ai-68mu4qxgd-hadayalab-projects-projects.vercel.app/api/cron,GET,,200,99m24-1766587523275-a4962239648a,vercel-cron/1.0,info,production,main,MISS,serverless,/api/cron,cryptosignal-ai-68mu4qxgd-hadayalab-projects-projects.vercel.app,cryptosignal-ai-68mu4qxgd-hadayalab-projects-projects.vercel.app,dpl_7xctBUeLMmAaeMQE2WZBJjJ4HKAe,,,,,"Slot check => utcHour=14, utcMinute=45, isRegularSlot=false, force=false",prj_3ECsT5RqWymkjdfB0bXrqIH4TwFq,,,,,
2025-12-24 14:45:23,1766587523312,cryptosignal-ai-68mu4qxgd-hadayalab-projects-projects.vercel.app/api/cron,GET,,200,99m24-1766587523275-a4962239648a,vercel-cron/1.0,info,production,main,MISS,serverless,/api/cron,cryptosignal-ai-68mu4qxgd-hadayalab-projects-projects.vercel.app,cryptosignal-ai-68mu4qxgd-hadayalab-projects-projects.vercel.app,dpl_7xctBUeLMmAaeMQE2WZBJjJ4HKAe,,,,,🌐 Fetching: https://api.cryptoquant.com/v1/btc/exchange-flows/netflow?exchange=all_exchange&window=day&limit=1,prj_3ECsT5RqWymkjdfB0bXrqIH4TwFq,,,,,
2025-12-24 14:45:23,1766587523312,cryptosignal-ai-68mu4qxgd-hadayalab-projects-projects.vercel.app/api/cron,GET,,200,99m24-1766587523275-a4962239648a,vercel-cron/1.0,info,production,main,MISS,serverless,/api/cron,cryptosignal-ai-68mu4qxgd-hadayalab-projects-projects.vercel.app,cryptosignal-ai-68mu4qxgd-hadayalab-projects-projects.vercel.app,dpl_7xctBUeLMmAaeMQE2WZBJjJ4HKAe,,,,,🌐 Fetching: https://api.cryptoquant.com/v1/btc/flow-indicator/mpi?window=day&limit=1,prj_3ECsT5RqWymkjdfB0bXrqIH4TwFq,,,,,
2025-12-24 14:45:23,1766587523474,cryptosignal-ai-68mu4qxgd-hadayalab-projects-projects.vercel.app/api/cron,GET,,200,99m24-1766587523275-a4962239648a,vercel-cron/1.0,info,production,main,MISS,serverless,/api/cron,cryptosignal-ai-68mu4qxgd-hadayalab-projects-projects.vercel.app,cryptosignal-ai-68mu4qxgd-hadayalab-projects-projects.vercel.app,dpl_7xctBUeLMmAaeMQE2WZBJjJ4HKAe,,,,,"📊 Exchange Netflow (BTC): -11379.222587299999 raw: {""date"":""2025-12-23"",""netflow_total"":-11379.222587299999}",prj_3ECsT5RqWymkjdfB0bXrqIH4TwFq,,,,,
2025-12-24 14:45:23,1766587523534,cryptosignal-ai-68mu4qxgd-hadayalab-projects-projects.vercel.app/api/cron,GET,,200,99m24-1766587523275-a4962239648a,vercel-cron/1.0,info,production,main,MISS,serverless,/api/cron,cryptosignal-ai-68mu4qxgd-hadayalab-projects-projects.vercel.app,cryptosignal-ai-68mu4qxgd-hadayalab-projects-projects.vercel.app,dpl_7xctBUeLMmAaeMQE2WZBJjJ4HKAe,,,,,"📊 Miner Position Index (BTC): -0.5211564700986901 raw: {""date"":""2025-12-23"",""mpi"":-0.5211564700986901}",prj_3ECsT5RqWymkjdfB0bXrqIH4TwFq,,,,,
2025-12-24 14:45:23,1766587523275,cryptosignal-ai-68mu4qxgd-hadayalab-projects-projects.vercel.app/api/cron,GET,,200,99m24-1766587523275-a4962239648a,vercel-cron/1.0,,production,main,MISS,serverless,/api/cron,cryptosignal-ai-68mu4qxgd-hadayalab-projects-projects.vercel.app,cryptosignal-ai-68mu4qxgd-hadayalab-projects-projects.vercel.app,dpl_7xctBUeLMmAaeMQE2WZBJjJ4HKAe,296,iad1,265,2048,,prj_3ECsT5RqWymkjdfB0bXrqIH4TwFq,,,01KD8D4R6Q1H3RPP4KR2RPVS8D,qdPTynQSzZVo,1
2025-12-24 14:30:23,1766586623398,cryptosignal-ai-68mu4qxgd-hadayalab-projects-projects.vercel.app/api/cron,GET,,200,xqs29-1766586623312-3913b4a613cc,vercel-cron/1.0,info,production,main,MISS,serverless,/api/cron,cryptosignal-ai-68mu4qxgd-hadayalab-projects-projects.vercel.app,cryptosignal-ai-68mu4qxgd-hadayalab-projects-projects.vercel.app,dpl_7xctBUeLMmAaeMQE2WZBJjJ4HKAe,,,,,🚀 Cron Job Started: Whale Monitor,prj_3ECsT5RqWymkjdfB0bXrqIH4TwFq,,,,,
2025-12-24 14:30:23,1766586623399,cryptosignal-ai-68mu4qxgd-hadayalab-projects-projects.vercel.app/api/cron,GET,,200,xqs29-1766586623312-3913b4a613cc,vercel-cron/1.0,info,production,main,MISS,serverless,/api/cron,cryptosignal-ai-68mu4qxgd-hadayalab-projects-projects.vercel.app,cryptosignal-ai-68mu4qxgd-hadayalab-projects-projects.vercel.app,dpl_7xctBUeLMmAaeMQE2WZBJjJ4HKAe,,,,,"Slot check => utcHour=14, utcMinute=30, isRegularSlot=false, force=false",prj_3ECsT5RqWymkjdfB0bXrqIH4TwFq,,,,,
2025-12-24 14:30:23,1766586623399,cryptosignal-ai-68mu4qxgd-hadayalab-projects-projects.vercel.app/api/cron,GET,,200,xqs29-1766586623312-3913b4a613cc,vercel-cron/1.0,info,production,main,MISS,serverless,/api/cron,cryptosignal-ai-68mu4qxgd-hadayalab-projects-projects.vercel.app,cryptosignal-ai-68mu4qxgd-hadayalab-projects-projects.vercel.app,dpl_7xctBUeLMmAaeMQE2WZBJjJ4HKAe,,,,,🌐 Fetching: https://api.cryptoquant.com/v1/btc/exchange-flows/netflow?exchange=all_exchange&window=day&limit=1,prj_3ECsT5RqWymkjdfB0bXrqIH4TwFq,,,,,
2025-12-24 14:30:23,1766586623494,cryptosignal-ai-68mu4qxgd-hadayalab-projects-projects.vercel.app/api/cron,GET,,200,xqs29-1766586623312-3913b4a613cc,vercel-cron/1.0,info,production,main,MISS,serverless,/api/cron,cryptosignal-ai-68mu4qxgd-hadayalab-projects-projects.vercel.app,cryptosignal-ai-68mu4qxgd-hadayalab-projects-projects.vercel.app,dpl_7xctBUeLMmAaeMQE2WZBJjJ4HKAe,,,,,🌐 Fetching: https://api.cryptoquant.com/v1/btc/flow-indicator/mpi?window=day&limit=1,prj_3ECsT5RqWymkjdfB0bXrqIH4TwFq,,,,,
2025-12-24 14:30:23,1766586623496,cryptosignal-ai-68mu4qxgd-hadayalab-projects-projects.vercel.app/api/cron,GET,,200,xqs29-1766586623312-3913b4a613cc,vercel-cron/1.0,error,production,main,MISS,serverless,/api/cron,cryptosignal-ai-68mu4qxgd-hadayalab-projects-projects.vercel.app,cryptosignal-ai-68mu4qxgd-hadayalab-projects-projects.vercel.app,dpl_7xctBUeLMmAaeMQE2WZBJjJ4HKAe,,,,,"(node:4) [DEP0169] DeprecationWarning: `url.parse()` behavior is not standardized and prone to errors that have security implications. Use the WHATWG URL API instead. CVEs are not issued for `url.parse()` vulnerabilities.
(Use `node --trace-deprecation ...` to show where the warning was created)",prj_3ECsT5RqWymkjdfB0bXrqIH4TwFq,,,,,
2025-12-24 14:30:23,1766586623737,cryptosignal-ai-68mu4qxgd-hadayalab-projects-projects.vercel.app/api/cron,GET,,200,xqs29-1766586623312-3913b4a613cc,vercel-cron/1.0,info,production,main,MISS,serverless,/api/cron,cryptosignal-ai-68mu4qxgd-hadayalab-projects-projects.vercel.app,cryptosignal-ai-68mu4qxgd-hadayalab-projects-projects.vercel.app,dpl_7xctBUeLMmAaeMQE2WZBJjJ4HKAe,,,,,"📊 Exchange Netflow (BTC): -11379.222587299999 raw: {""date"":""2025-12-23"",""netflow_total"":-11379.222587299999}",prj_3ECsT5RqWymkjdfB0bXrqIH4TwFq,,,,,
2025-12-24 14:30:23,1766586623848,cryptosignal-ai-68mu4qxgd-hadayalab-projects-projects.vercel.app/api/cron,GET,,200,xqs29-1766586623312-3913b4a613cc,vercel-cron/1.0,info,production,main,MISS,serverless,/api/cron,cryptosignal-ai-68mu4qxgd-hadayalab-projects-projects.vercel.app,cryptosignal-ai-68mu4qxgd-hadayalab-projects-projects.vercel.app,dpl_7xctBUeLMmAaeMQE2WZBJjJ4HKAe,,,,,"📊 Miner Position Index (BTC): -0.5211564700986901 raw: {""date"":""2025-12-23"",""mpi"":-0.5211564700986901}",prj_3ECsT5RqWymkjdfB0bXrqIH4TwFq,,,,,
2025-12-24 14:30:23,1766586623312,cryptosignal-ai-68mu4qxgd-hadayalab-projects-projects.vercel.app/api/cron,GET,,200,xqs29-1766586623312-3913b4a613cc,vercel-cron/1.0,,production,main,MISS,serverless,/api/cron,cryptosignal-ai-68mu4qxgd-hadayalab-projects-projects.vercel.app,cryptosignal-ai-68mu4qxgd-hadayalab-projects-projects.vercel.app,dpl_7xctBUeLMmAaeMQE2WZBJjJ4HKAe,543,iad1,265,2048,,prj_3ECsT5RqWymkjdfB0bXrqIH4TwFq,,,01KD8C99BQV6Q9YYKVTPBHT0VR,qdPTynQSzZVo,1
2025-12-24 14:15:23,1766585723183,cryptosignal-ai-68mu4qxgd-hadayalab-projects-projects.vercel.app/api/cron,GET,,200,kmhdc-1766585723146-1921368a6cd1,vercel-cron/1.0,info,production,main,MISS,serverless,/api/cron,cryptosignal-ai-68mu4qxgd-hadayalab-projects-projects.vercel.app,cryptosignal-ai-68mu4qxgd-hadayalab-projects-projects.vercel.app,dpl_7xctBUeLMmAaeMQE2WZBJjJ4HKAe,,,,,🚀 Cron Job Started: Whale Monitor,prj_3ECsT5RqWymkjdfB0bXrqIH4TwFq,,,,,
2025-12-24 14:15:23,1766585723183,cryptosignal-ai-68mu4qxgd-hadayalab-projects-projects.vercel.app/api/cron,GET,,200,kmhdc-1766585723146-1921368a6cd1,vercel-cron/1.0,info,production,main,MISS,serverless,/api/cron,cryptosignal-ai-68mu4qxgd-hadayalab-projects-projects.vercel.app,cryptosignal-ai-68mu4qxgd-hadayalab-projects-projects.vercel.app,dpl_7xctBUeLMmAaeMQE2WZBJjJ4HKAe,,,,,"Slot check => utcHour=14, utcMinute=15, isRegularSlot=false, force=false",prj_3ECsT5RqWymkjdfB0bXrqIH4TwFq,,,,,
2025-12-24 14:15:23,1766585723183,cryptosignal-ai-68mu4qxgd-hadayalab-projects-projects.vercel.app/api/cron,GET,,200,kmhdc-1766585723146-1921368a6cd1,vercel-cron/1.0,info,production,main,MISS,serverless,/api/cron,cryptosignal-ai-68mu4qxgd-hadayalab-projects-projects.vercel.app,cryptosignal-ai-68mu4qxgd-hadayalab-projects-projects.vercel.app,dpl_7xctBUeLMmAaeMQE2WZBJjJ4HKAe,,,,,🌐 Fetching: https://api.cryptoquant.com/v1/btc/exchange-flows/netflow?exchange=all_exchange&window=day&limit=1,prj_3ECsT5RqWymkjdfB0bXrqIH4TwFq,,,,,
2025-12-24 14:15:23,1766585723183,cryptosignal-ai-68mu4qxgd-hadayalab-projects-projects.vercel.app/api/cron,GET,,200,kmhdc-1766585723146-1921368a6cd1,vercel-cron/1.0,info,production,main,MISS,serverless,/api/cron,cryptosignal-ai-68mu4qxgd-hadayalab-projects-projects.vercel.app,cryptosignal-ai-68mu4qxgd-hadayalab-projects-projects.vercel.app,dpl_7xctBUeLMmAaeMQE2WZBJjJ4HKAe,,,,,🌐 Fetching: https://api.cryptoquant.com/v1/btc/flow-indicator/mpi?window=day&limit=1,prj_3ECsT5RqWymkjdfB0bXrqIH4TwFq,,,,,
2025-12-24 14:15:23,1766585723365,cryptosignal-ai-68mu4qxgd-hadayalab-projects-projects.vercel.app/api/cron,GET,,200,kmhdc-1766585723146-1921368a6cd1,vercel-cron/1.0,info,production,main,MISS,serverless,/api/cron,cryptosignal-ai-68mu4qxgd-hadayalab-projects-projects.vercel.app,cryptosignal-ai-68mu4qxgd-hadayalab-projects-projects.vercel.app,dpl_7xctBUeLMmAaeMQE2WZBJjJ4HKAe,,,,,"📊 Exchange Netflow (BTC): -11379.222587299999 raw: {""date"":""2025-12-23"",""netflow_total"":-11379.222587299999}",prj_3ECsT5RqWymkjdfB0bXrqIH4TwFq,,,,,
2025-12-24 14:15:23,1766585723385,cryptosignal-ai-68mu4qxgd-hadayalab-projects-projects.vercel.app/api/cron,GET,,200,kmhdc-1766585723146-1921368a6cd1,vercel-cron/1.0,info,production,main,MISS,serverless,/api/cron,cryptosignal-ai-68mu4qxgd-hadayalab-projects-projects.vercel.app,cryptosignal-ai-68mu4qxgd-hadayalab-projects-projects.vercel.app,dpl_7xctBUeLMmAaeMQE2WZBJjJ4HKAe,,,,,"📊 Miner Position Index (BTC): -0.5211564700986901 raw: {""date"":""2025-12-23"",""mpi"":-0.5211564700986901}",prj_3ECsT5RqWymkjdfB0bXrqIH4TwFq,,,,,
2025-12-24 14:15:23,1766585723146,cryptosignal-ai-68mu4qxgd-hadayalab-projects-projects.vercel.app/api/cron,GET,,200,kmhdc-1766585723146-1921368a6cd1,vercel-cron/1.0,,production,main,MISS,serverless,/api/cron,cryptosignal-ai-68mu4qxgd-hadayalab-projects-projects.vercel.app,cryptosignal-ai-68mu4qxgd-hadayalab-projects-projects.vercel.app,dpl_7xctBUeLMmAaeMQE2WZBJjJ4HKAe,272,iad1,271,2048,,prj_3ECsT5RqWymkjdfB0bXrqIH4TwFq,,,01KD8BDT8STYM5BBCGPPMV0CKF,d4BNB5fcwV51,1
2025-12-24 14:00:23,1766584823221,cryptosignal-ai-68mu4qxgd-hadayalab-projects-projects.vercel.app/api/cron,GET,,200,qsk9d-1766584823178-40debe224d19,vercel-cron/1.0,info,production,main,MISS,serverless,/api/cron,cryptosignal-ai-68mu4qxgd-hadayalab-projects-projects.vercel.app,cryptosignal-ai-68mu4qxgd-hadayalab-projects-projects.vercel.app,dpl_7xctBUeLMmAaeMQE2WZBJjJ4HKAe,,,,,🚀 Cron Job Started: Whale Monitor,prj_3ECsT5RqWymkjdfB0bXrqIH4TwFq,,,,,
2025-12-24 14:00:23,1766584823221,cryptosignal-ai-68mu4qxgd-hadayalab-projects-projects.vercel.app/api/cron,GET,,200,qsk9d-1766584823178-40debe224d19,vercel-cron/1.0,info,production,main,MISS,serverless,/api/cron,cryptosignal-ai-68mu4qxgd-hadayalab-projects-projects.vercel.app,cryptosignal-ai-68mu4qxgd-hadayalab-projects-projects.vercel.app,dpl_7xctBUeLMmAaeMQE2WZBJjJ4HKAe,,,,,"Slot check => utcHour=14, utcMinute=0, isRegularSlot=false, force=false",prj_3ECsT5RqWymkjdfB0bXrqIH4TwFq,,,,,
2025-12-24 14:00:23,1766584823221,cryptosignal-ai-68mu4qxgd-hadayalab-projects-projects.vercel.app/api/cron,GET,,200,qsk9d-1766584823178-40debe224d19,vercel-cron/1.0,info,production,main,MISS,serverless,/api/cron,cryptosignal-ai-68mu4qxgd-hadayalab-projects-projects.vercel.app,cryptosignal-ai-68mu4qxgd-hadayalab-projects-projects.vercel.app,dpl_7xctBUeLMmAaeMQE2WZBJjJ4HKAe,,,,,🌐 Fetching: https://api.cryptoquant.com/v1/btc/exchange-flows/netflow?exchange=all_exchange&window=day&limit=1,prj_3ECsT5RqWymkjdfB0bXrqIH4TwFq,,,,,
2025-12-24 14:00:23,1766584823221,cryptosignal-ai-68mu4qxgd-hadayalab-projects-projects.vercel.app/api/cron,GET,,200,qsk9d-1766584823178-40debe224d19,vercel-cron/1.0,info,production,main,MISS,serverless,/api/cron,cryptosignal-ai-68mu4qxgd-hadayalab-projects-projects.vercel.app,cryptosignal-ai-68mu4qxgd-hadayalab-projects-projects.vercel.app,dpl_7xctBUeLMmAaeMQE2WZBJjJ4HKAe,,,,,🌐 Fetching: https://api.cryptoquant.com/v1/btc/flow-indicator/mpi?window=day&limit=1,prj_3ECsT5RqWymkjdfB0bXrqIH4TwFq,,,,,
2025-12-24 14:00:23,1766584823394,cryptosignal-ai-68mu4qxgd-hadayalab-projects-projects.vercel.app/api/cron,GET,,200,qsk9d-1766584823178-40debe224d19,vercel-cron/1.0,info,production,main,MISS,serverless,/api/cron,cryptosignal-ai-68mu4qxgd-hadayalab-projects-projects.vercel.app,cryptosignal-ai-68mu4qxgd-hadayalab-projects-projects.vercel.app,dpl_7xctBUeLMmAaeMQE2WZBJjJ4HKAe,,,,,"📊 Exchange Netflow (BTC): -11379.222587299999 raw: {""date"":""2025-12-23"",""netflow_total"":-11379.222587299999}",prj_3ECsT5RqWymkjdfB0bXrqIH4TwFq,,,,,
2025-12-24 14:00:23,1766584823425,cryptosignal-ai-68mu4qxgd-hadayalab-projects-projects.vercel.app/api/cron,GET,,200,qsk9d-1766584823178-40debe224d19,vercel-cron/1.0,info,production,main,MISS,serverless,/api/cron,cryptosignal-ai-68mu4qxgd-hadayalab-projects-projects.vercel.app,cryptosignal-ai-68mu4qxgd-hadayalab-projects-projects.vercel.app,dpl_7xctBUeLMmAaeMQE2WZBJjJ4HKAe,,,,,"📊 Miner Position Index (BTC): -0.5211564700986901 raw: {""date"":""2025-12-23"",""mpi"":-0.5211564700986901}",prj_3ECsT5RqWymkjdfB0bXrqIH4TwFq,,,,,
2025-12-24 14:00:23,1766584823178,cryptosignal-ai-68mu4qxgd-hadayalab-projects-projects.vercel.app/api/cron,GET,,200,qsk9d-1766584823178-40debe224d19,vercel-cron/1.0,,production,main,MISS,serverless,/api/cron,cryptosignal-ai-68mu4qxgd-hadayalab-projects-projects.vercel.app,cryptosignal-ai-68mu4qxgd-hadayalab-projects-projects.vercel.app,dpl_7xctBUeLMmAaeMQE2WZBJjJ4HKAe,271,iad1,270,2048,,prj_3ECsT5RqWymkjdfB0bXrqIH4TwFq,,,01KD8AJBCWTJV12GVRY7XJSHRX,d4BNB5fcwV51,1
2025-12-24 13:45:23,1766583923383,cryptosignal-ai-68mu4qxgd-hadayalab-projects-projects.vercel.app/api/cron,GET,,200,jqwx8-1766583923334-4c3f102d6528,vercel-cron/1.0,info,production,main,MISS,serverless,/api/cron,cryptosignal-ai-68mu4qxgd-hadayalab-projects-projects.vercel.app,cryptosignal-ai-68mu4qxgd-hadayalab-projects-projects.vercel.app,dpl_7xctBUeLMmAaeMQE2WZBJjJ4HKAe,,,,,🚀 Cron Job Started: Whale Monitor,prj_3ECsT5RqWymkjdfB0bXrqIH4TwFq,,,,,
2025-12-24 13:45:23,1766583923383,cryptosignal-ai-68mu4qxgd-hadayalab-projects-projects.vercel.app/api/cron,GET,,200,jqwx8-1766583923334-4c3f102d6528,vercel-cron/1.0,info,production,main,MISS,serverless,/api/cron,cryptosignal-ai-68mu4qxgd-hadayalab-projects-projects.vercel.app,cryptosignal-ai-68mu4qxgd-hadayalab-projects-projects.vercel.app,dpl_7xctBUeLMmAaeMQE2WZBJjJ4HKAe,,,,,"Slot check => utcHour=13, utcMinute=45, isRegularSlot=false, force=false",prj_3ECsT5RqWymkjdfB0bXrqIH4TwFq,,,,,
2025-12-24 13:45:23,1766583923383,cryptosignal-ai-68mu4qxgd-hadayalab-projects-projects.vercel.app/api/cron,GET,,200,jqwx8-1766583923334-4c3f102d6528,vercel-cron/1.0,info,production,main,MISS,serverless,/api/cron,cryptosignal-ai-68mu4qxgd-hadayalab-projects-projects.vercel.app,cryptosignal-ai-68mu4qxgd-hadayalab-projects-projects.vercel.app,dpl_7xctBUeLMmAaeMQE2WZBJjJ4HKAe,,,,,🌐 Fetching: https://api.cryptoquant.com/v1/btc/exchange-flows/netflow?exchange=all_exchange&window=day&limit=1,prj_3ECsT5RqWymkjdfB0bXrqIH4TwFq,,,,,
2025-12-24 13:45:23,1766583923383,cryptosignal-ai-68mu4qxgd-hadayalab-projects-projects.vercel.app/api/cron,GET,,200,jqwx8-1766583923334-4c3f102d6528,vercel-cron/1.0,info,production,main,MISS,serverless,/api/cron,cryptosignal-ai-68mu4qxgd-hadayalab-projects-projects.vercel.app,cryptosignal-ai-68mu4qxgd-hadayalab-projects-projects.vercel.app,dpl_7xctBUeLMmAaeMQE2WZBJjJ4HKAe,,,,,🌐 Fetching: https://api.cryptoquant.com/v1/btc/flow-indicator/mpi?window=day&limit=1,prj_3ECsT5RqWymkjdfB0bXrqIH4TwFq,,,,,
2025-12-24 13:45:23,1766583923573,cryptosignal-ai-68mu4qxgd-hadayalab-projects-projects.vercel.app/api/cron,GET,,200,jqwx8-1766583923334-4c3f102d6528,vercel-cron/1.0,info,production,main,MISS,serverless,/api/cron,cryptosignal-ai-68mu4qxgd-hadayalab-projects-projects.vercel.app,cryptosignal-ai-68mu4qxgd-hadayalab-projects-projects.vercel.app,dpl_7xctBUeLMmAaeMQE2WZBJjJ4HKAe,,,,,"📊 Miner Position Index (BTC): -0.5211564700986901 raw: {""date"":""2025-12-23"",""mpi"":-0.5211564700986901}",prj_3ECsT5RqWymkjdfB0bXrqIH4TwFq,,,,,
2025-12-24 13:45:23,1766583923604,cryptosignal-ai-68mu4qxgd-hadayalab-projects-projects.vercel.app/api/cron,GET,,200,jqwx8-1766583923334-4c3f102d6528,vercel-cron/1.0,info,production,main,MISS,serverless,/api/cron,cryptosignal-ai-68mu4qxgd-hadayalab-projects-projects.vercel.app,cryptosignal-ai-68mu4qxgd-hadayalab-projects-projects.vercel.app,dpl_7xctBUeLMmAaeMQE2WZBJjJ4HKAe,,,,,"📊 Exchange Netflow (BTC): -11379.222587299999 raw: {""date"":""2025-12-23"",""netflow_total"":-11379.222587299999}",prj_3ECsT5RqWymkjdfB0bXrqIH4TwFq,,,,,
2025-12-24 13:45:23,1766583923334,cryptosignal-ai-68mu4qxgd-hadayalab-projects-projects.vercel.app/api/cron,GET,,200,jqwx8-1766583923334-4c3f102d6528,vercel-cron/1.0,,production,main,MISS,serverless,/api/cron,cryptosignal-ai-68mu4qxgd-hadayalab-projects-projects.vercel.app,cryptosignal-ai-68mu4qxgd-hadayalab-projects-projects.vercel.app,dpl_7xctBUeLMmAaeMQE2WZBJjJ4HKAe,291,iad1,269,2048,,prj_3ECsT5RqWymkjdfB0bXrqIH4TwFq,,,01KD89PWN2G9EWWV9R1K0WXN7V,d4BNB5fcwV51,1
2025-12-24 13:30:23,1766583023207,cryptosignal-ai-68mu4qxgd-hadayalab-projects-projects.vercel.app/api/cron,GET,,200,742d4-1766583023154-399edd80163f,vercel-cron/1.0,info,production,main,MISS,serverless,/api/cron,cryptosignal-ai-68mu4qxgd-hadayalab-projects-projects.vercel.app,cryptosignal-ai-68mu4qxgd-hadayalab-projects-projects.vercel.app,dpl_7xctBUeLMmAaeMQE2WZBJjJ4HKAe,,,,,🚀 Cron Job Started: Whale Monitor,prj_3ECsT5RqWymkjdfB0bXrqIH4TwFq,,,,,
2025-12-24 13:30:23,1766583023207,cryptosignal-ai-68mu4qxgd-hadayalab-projects-projects.vercel.app/api/cron,GET,,200,742d4-1766583023154-399edd80163f,vercel-cron/1.0,info,production,main,MISS,serverless,/api/cron,cryptosignal-ai-68mu4qxgd-hadayalab-projects-projects.vercel.app,cryptosignal-ai-68mu4qxgd-hadayalab-projects-projects.vercel.app,dpl_7xctBUeLMmAaeMQE2WZBJjJ4HKAe,,,,,"Slot check => utcHour=13, utcMinute=30, isRegularSlot=false, force=false",prj_3ECsT5RqWymkjdfB0bXrqIH4TwFq,,,,,
2025-12-24 13:30:23,1766583023210,cryptosignal-ai-68mu4qxgd-hadayalab-projects-projects.vercel.app/api/cron,GET,,200,742d4-1766583023154-399edd80163f,vercel-cron/1.0,info,production,main,MISS,serverless,/api/cron,cryptosignal-ai-68mu4qxgd-hadayalab-projects-projects.vercel.app,cryptosignal-ai-68mu4qxgd-hadayalab-projects-projects.vercel.app,dpl_7xctBUeLMmAaeMQE2WZBJjJ4HKAe,,,,,🌐 Fetching: https://api.cryptoquant.com/v1/btc/exchange-flows/netflow?exchange=all_exchange&window=day&limit=1,prj_3ECsT5RqWymkjdfB0bXrqIH4TwFq,,,,,
2025-12-24 13:30:23,1766583023210,cryptosignal-ai-68mu4qxgd-hadayalab-projects-projects.vercel.app/api/cron,GET,,200,742d4-1766583023154-399edd80163f,vercel-cron/1.0,info,production,main,MISS,serverless,/api/cron,cryptosignal-ai-68mu4qxgd-hadayalab-projects-projects.vercel.app,cryptosignal-ai-68mu4qxgd-hadayalab-projects-projects.vercel.app,dpl_7xctBUeLMmAaeMQE2WZBJjJ4HKAe,,,,,🌐 Fetching: https://api.cryptoquant.com/v1/btc/flow-indicator/mpi?window=day&limit=1,prj_3ECsT5RqWymkjdfB0bXrqIH4TwFq,,,,,
2025-12-24 13:30:23,1766583023409,cryptosignal-ai-68mu4qxgd-hadayalab-projects-projects.vercel.app/api/cron,GET,,200,742d4-1766583023154-399edd80163f,vercel-cron/1.0,info,production,main,MISS,serverless,/api/cron,cryptosignal-ai-68mu4qxgd-hadayalab-projects-projects.vercel.app,cryptosignal-ai-68mu4qxgd-hadayalab-projects-projects.vercel.app,dpl_7xctBUeLMmAaeMQE2WZBJjJ4HKAe,,,,,"📊 Exchange Netflow (BTC): -11379.222587299999 raw: {""date"":""2025-12-23"",""netflow_total"":-11379.222587299999}",prj_3ECsT5RqWymkjdfB0bXrqIH4TwFq,,,,,
2025-12-24 13:30:23,1766583023472,cryptosignal-ai-68mu4qxgd-hadayalab-projects-projects.vercel.app/api/cron,GET,,200,742d4-1766583023154-399edd80163f,vercel-cron/1.0,info,production,main,MISS,serverless,/api/cron,cryptosignal-ai-68mu4qxgd-hadayalab-projects-projects.vercel.app,cryptosignal-ai-68mu4qxgd-hadayalab-projects-projects.vercel.app,dpl_7xctBUeLMmAaeMQE2WZBJjJ4HKAe,,,,,"📊 Miner Position Index (BTC): -0.5211564700986901 raw: {""date"":""2025-12-23"",""mpi"":-0.5211564700986901}",prj_3ECsT5RqWymkjdfB0bXrqIH4TwFq,,,,,
2025-12-24 13:30:23,1766583023154,cryptosignal-ai-68mu4qxgd-hadayalab-projects-projects.vercel.app/api/cron,GET,,200,742d4-1766583023154-399edd80163f,vercel-cron/1.0,,production,main,MISS,serverless,/api/cron,cryptosignal-ai-68mu4qxgd-hadayalab-projects-projects.vercel.app,cryptosignal-ai-68mu4qxgd-hadayalab-projects-projects.vercel.app,dpl_7xctBUeLMmAaeMQE2WZBJjJ4HKAe,362,iad1,269,2048,,prj_3ECsT5RqWymkjdfB0bXrqIH4TwFq,,,01KD88VDJ2EBE3WGDWHEZF469E,d4BNB5fcwV51,1
2025-12-24 13:15:23,1766582123176,cryptosignal-ai-68mu4qxgd-hadayalab-projects-projects.vercel.app/api/cron,GET,,200,d5bsz-1766582123141-ef3a619332a5,vercel-cron/1.0,info,production,main,MISS,serverless,/api/cron,cryptosignal-ai-68mu4qxgd-hadayalab-projects-projects.vercel.app,cryptosignal-ai-68mu4qxgd-hadayalab-projects-projects.vercel.app,dpl_7xctBUeLMmAaeMQE2WZBJjJ4HKAe,,,,,🚀 Cron Job Started: Whale Monitor,prj_3ECsT5RqWymkjdfB0bXrqIH4TwFq,,,,,
2025-12-24 13:15:23,1766582123176,cryptosignal-ai-68mu4qxgd-hadayalab-projects-projects.vercel.app/api/cron,GET,,200,d5bsz-1766582123141-ef3a619332a5,vercel-cron/1.0,info,production,main,MISS,serverless,/api/cron,cryptosignal-ai-68mu4qxgd-hadayalab-projects-projects.vercel.app,cryptosignal-ai-68mu4qxgd-hadayalab-projects-projects.vercel.app,dpl_7xctBUeLMmAaeMQE2WZBJjJ4HKAe,,,,,"Slot check => utcHour=13, utcMinute=15, isRegularSlot=false, force=false",prj_3ECsT5RqWymkjdfB0bXrqIH4TwFq,,,,,
2025-12-24 13:15:23,1766582123176,cryptosignal-ai-68mu4qxgd-hadayalab-projects-projects.vercel.app/api/cron,GET,,200,d5bsz-1766582123141-ef3a619332a5,vercel-cron/1.0,info,production,main,MISS,serverless,/api/cron,cryptosignal-ai-68mu4qxgd-hadayalab-projects-projects.vercel.app,cryptosignal-ai-68mu4qxgd-hadayalab-projects-projects.vercel.app,dpl_7xctBUeLMmAaeMQE2WZBJjJ4HKAe,,,,,🌐 Fetching: https://api.cryptoquant.com/v1/btc/exchange-flows/netflow?exchange=all_exchange&window=day&limit=1,prj_3ECsT5RqWymkjdfB0bXrqIH4TwFq,,,,,
2025-12-24 13:15:23,1766582123178,cryptosignal-ai-68mu4qxgd-hadayalab-projects-projects.vercel.app/api/cron,GET,,200,d5bsz-1766582123141-ef3a619332a5,vercel-cron/1.0,info,production,main,MISS,serverless,/api/cron,cryptosignal-ai-68mu4qxgd-hadayalab-projects-projects.vercel.app,cryptosignal-ai-68mu4qxgd-hadayalab-projects-projects.vercel.app,dpl_7xctBUeLMmAaeMQE2WZBJjJ4HKAe,,,,,🌐 Fetching: https://api.cryptoquant.com/v1/btc/flow-indicator/mpi?window=day&limit=1,prj_3ECsT5RqWymkjdfB0bXrqIH4TwFq,,,,,
2025-12-24 13:15:23,1766582123371,cryptosignal-ai-68mu4qxgd-hadayalab-projects-projects.vercel.app/api/cron,GET,,200,d5bsz-1766582123141-ef3a619332a5,vercel-cron/1.0,info,production,main,MISS,serverless,/api/cron,cryptosignal-ai-68mu4qxgd-hadayalab-projects-projects.vercel.app,cryptosignal-ai-68mu4qxgd-hadayalab-projects-projects.vercel.app,dpl_7xctBUeLMmAaeMQE2WZBJjJ4HKAe,,,,,"📊 Miner Position Index (BTC): -0.5211564700986901 raw: {""date"":""2025-12-23"",""mpi"":-0.5211564700986901}",prj_3ECsT5RqWymkjdfB0bXrqIH4TwFq,,,,,
2025-12-24 13:15:23,1766582123376,cryptosignal-ai-68mu4qxgd-hadayalab-projects-projects.vercel.app/api/cron,GET,,200,d5bsz-1766582123141-ef3a619332a5,vercel-cron/1.0,info,production,main,MISS,serverless,/api/cron,cryptosignal-ai-68mu4qxgd-hadayalab-projects-projects.vercel.app,cryptosignal-ai-68mu4qxgd-hadayalab-projects-projects.vercel.app,dpl_7xctBUeLMmAaeMQE2WZBJjJ4HKAe,,,,,"📊 Exchange Netflow (BTC): -11379.222587299999 raw: {""date"":""2025-12-23"",""netflow_total"":-11379.222587299999}",prj_3ECsT5RqWymkjdfB0bXrqIH4TwFq,,,,,
2025-12-24 13:15:23,1766582123141,cryptosignal-ai-68mu4qxgd-hadayalab-projects-projects.vercel.app/api/cron,GET,,200,d5bsz-1766582123141-ef3a619332a5,vercel-cron/1.0,,production,main,MISS,serverless,/api/cron,cryptosignal-ai-68mu4qxgd-hadayalab-projects-projects.vercel.app,cryptosignal-ai-68mu4qxgd-hadayalab-projects-projects.vercel.app,dpl_7xctBUeLMmAaeMQE2WZBJjJ4HKAe,265,iad1,268,2048,,prj_3ECsT5RqWymkjdfB0bXrqIH4TwFq,,,01KD87ZYMKTQ01AWS0FRNDYHDN,d4BNB5fcwV51,1
2025-12-24 13:00:23,1766581223455,cryptosignal-ai-68mu4qxgd-hadayalab-projects-projects.vercel.app/api/cron,GET,,200,j4kvf-1766581223388-d3aaa324df81,vercel-cron/1.0,info,production,main,MISS,serverless,/api/cron,cryptosignal-ai-68mu4qxgd-hadayalab-projects-projects.vercel.app,cryptosignal-ai-68mu4qxgd-hadayalab-projects-projects.vercel.app,dpl_7xctBUeLMmAaeMQE2WZBJjJ4HKAe,,,,,🚀 Cron Job Started: Whale Monitor,prj_3ECsT5RqWymkjdfB0bXrqIH4TwFq,,,,,
2025-12-24 13:00:23,1766581223456,cryptosignal-ai-68mu4qxgd-hadayalab-projects-projects.vercel.app/api/cron,GET,,200,j4kvf-1766581223388-d3aaa324df81,vercel-cron/1.0,info,production,main,MISS,serverless,/api/cron,cryptosignal-ai-68mu4qxgd-hadayalab-projects-projects.vercel.app,cryptosignal-ai-68mu4qxgd-hadayalab-projects-projects.vercel.app,dpl_7xctBUeLMmAaeMQE2WZBJjJ4HKAe,,,,,"Slot check => utcHour=13, utcMinute=0, isRegularSlot=false, force=false",prj_3ECsT5RqWymkjdfB0bXrqIH4TwFq,,,,,
2025-12-24 13:00:23,1766581223456,cryptosignal-ai-68mu4qxgd-hadayalab-projects-projects.vercel.app/api/cron,GET,,200,j4kvf-1766581223388-d3aaa324df81,vercel-cron/1.0,info,production,main,MISS,serverless,/api/cron,cryptosignal-ai-68mu4qxgd-hadayalab-projects-projects.vercel.app,cryptosignal-ai-68mu4qxgd-hadayalab-projects-projects.vercel.app,dpl_7xctBUeLMmAaeMQE2WZBJjJ4HKAe,,,,,🌐 Fetching: https://api.cryptoquant.com/v1/btc/exchange-flows/netflow?exchange=all_exchange&window=day&limit=1,prj_3ECsT5RqWymkjdfB0bXrqIH4TwFq,,,,,
2025-12-24 13:00:23,1766581223460,cryptosignal-ai-68mu4qxgd-hadayalab-projects-projects.vercel.app/api/cron,GET,,200,j4kvf-1766581223388-d3aaa324df81,vercel-cron/1.0,info,production,main,MISS,serverless,/api/cron,cryptosignal-ai-68mu4qxgd-hadayalab-projects-projects.vercel.app,cryptosignal-ai-68mu4qxgd-hadayalab-projects-projects.vercel.app,dpl_7xctBUeLMmAaeMQE2WZBJjJ4HKAe,,,,,🌐 Fetching: https://api.cryptoquant.com/v1/btc/flow-indicator/mpi?window=day&limit=1,prj_3ECsT5RqWymkjdfB0bXrqIH4TwFq,,,,,
2025-12-24 13:00:23,1766581223648,cryptosignal-ai-68mu4qxgd-hadayalab-projects-projects.vercel.app/api/cron,GET,,200,j4kvf-1766581223388-d3aaa324df81,vercel-cron/1.0,info,production,main,MISS,serverless,/api/cron,cryptosignal-ai-68mu4qxgd-hadayalab-projects-projects.vercel.app,cryptosignal-ai-68mu4qxgd-hadayalab-projects-projects.vercel.app,dpl_7xctBUeLMmAaeMQE2WZBJjJ4HKAe,,,,,"📊 Miner Position Index (BTC): -0.5211564700986901 raw: {""date"":""2025-12-23"",""mpi"":-0.5211564700986901}",prj_3ECsT5RqWymkjdfB0bXrqIH4TwFq,,,,,
2025-12-24 13:00:23,1766581223808,cryptosignal-ai-68mu4qxgd-hadayalab-projects-projects.vercel.app/api/cron,GET,,200,j4kvf-1766581223388-d3aaa324df81,vercel-cron/1.0,info,production,main,MISS,serverless,/api/cron,cryptosignal-ai-68mu4qxgd-hadayalab-projects-projects.vercel.app,cryptosignal-ai-68mu4qxgd-hadayalab-projects-projects.vercel.app,dpl_7xctBUeLMmAaeMQE2WZBJjJ4HKAe,,,,,"📊 Exchange Netflow (BTC): -11379.222587299999 raw: {""date"":""2025-12-23"",""netflow_total"":-11379.222587299999}",prj_3ECsT5RqWymkjdfB0bXrqIH4TwFq,,,,,
2025-12-24 13:00:23,1766581223388,cryptosignal-ai-68mu4qxgd-hadayalab-projects-projects.vercel.app/api/cron,GET,,200,j4kvf-1766581223388-d3aaa324df81,vercel-cron/1.0,,production,main,MISS,serverless,/api/cron,cryptosignal-ai-68mu4qxgd-hadayalab-projects-projects.vercel.app,cryptosignal-ai-68mu4qxgd-hadayalab-projects-projects.vercel.app,dpl_7xctBUeLMmAaeMQE2WZBJjJ4HKAe,421,iad1,267,2048,,prj_3ECsT5RqWymkjdfB0bXrqIH4TwFq,,,01KD874G001D5FXZGC6DRQ3QD4,d4BNB5fcwV51,1
2025-12-24 12:45:23,1766580323126,cryptosignal-ai-68mu4qxgd-hadayalab-projects-projects.vercel.app/api/cron,GET,,200,gzwdm-1766580323085-a8bd6135ad2d,vercel-cron/1.0,info,production,main,MISS,serverless,/api/cron,cryptosignal-ai-68mu4qxgd-hadayalab-projects-projects.vercel.app,cryptosignal-ai-68mu4qxgd-hadayalab-projects-projects.vercel.app,dpl_7xctBUeLMmAaeMQE2WZBJjJ4HKAe,,,,,🚀 Cron Job Started: Whale Monitor,prj_3ECsT5RqWymkjdfB0bXrqIH4TwFq,,,,,
2025-12-24 12:45:23,1766580323126,cryptosignal-ai-68mu4qxgd-hadayalab-projects-projects.vercel.app/api/cron,GET,,200,gzwdm-1766580323085-a8bd6135ad2d,vercel-cron/1.0,info,production,main,MISS,serverless,/api/cron,cryptosignal-ai-68mu4qxgd-hadayalab-projects-projects.vercel.app,cryptosignal-ai-68mu4qxgd-hadayalab-projects-projects.vercel.app,dpl_7xctBUeLMmAaeMQE2WZBJjJ4HKAe,,,,,"Slot check => utcHour=12, utcMinute=45, isRegularSlot=false, force=false",prj_3ECsT5RqWymkjdfB0bXrqIH4TwFq,,,,,
2025-12-24 12:45:23,1766580323126,cryptosignal-ai-68mu4qxgd-hadayalab-projects-projects.vercel.app/api/cron,GET,,200,gzwdm-1766580323085-a8bd6135ad2d,vercel-cron/1.0,info,production,main,MISS,serverless,/api/cron,cryptosignal-ai-68mu4qxgd-hadayalab-projects-projects.vercel.app,cryptosignal-ai-68mu4qxgd-hadayalab-projects-projects.vercel.app,dpl_7xctBUeLMmAaeMQE2WZBJjJ4HKAe,,,,,🌐 Fetching: https://api.cryptoquant.com/v1/btc/exchange-flows/netflow?exchange=all_exchange&window=day&limit=1,prj_3ECsT5RqWymkjdfB0bXrqIH4TwFq,,,,,
2025-12-24 12:45:23,1766580323127,cryptosignal-ai-68mu4qxgd-hadayalab-projects-projects.vercel.app/api/cron,GET,,200,gzwdm-1766580323085-a8bd6135ad2d,vercel-cron/1.0,info,production,main,MISS,serverless,/api/cron,cryptosignal-ai-68mu4qxgd-hadayalab-projects-projects.vercel.app,cryptosignal-ai-68mu4qxgd-hadayalab-projects-projects.vercel.app,dpl_7xctBUeLMmAaeMQE2WZBJjJ4HKAe,,,,,🌐 Fetching: https://api.cryptoquant.com/v1/btc/flow-indicator/mpi?window=day&limit=1,prj_3ECsT5RqWymkjdfB0bXrqIH4TwFq,,,,,
2025-12-24 12:45:23,1766580323321,cryptosignal-ai-68mu4qxgd-hadayalab-projects-projects.vercel.app/api/cron,GET,,200,gzwdm-1766580323085-a8bd6135ad2d,vercel-cron/1.0,info,production,main,MISS,serverless,/api/cron,cryptosignal-ai-68mu4qxgd-hadayalab-projects-projects.vercel.app,cryptosignal-ai-68mu4qxgd-hadayalab-projects-projects.vercel.app,dpl_7xctBUeLMmAaeMQE2WZBJjJ4HKAe,,,,,"📊 Exchange Netflow (BTC): -11379.222587299999 raw: {""date"":""2025-12-23"",""netflow_total"":-11379.222587299999}",prj_3ECsT5RqWymkjdfB0bXrqIH4TwFq,,,,,
2025-12-24 12:45:23,1766580323353,cryptosignal-ai-68mu4qxgd-hadayalab-projects-projects.vercel.app/api/cron,GET,,200,gzwdm-1766580323085-a8bd6135ad2d,vercel-cron/1.0,info,production,main,MISS,serverless,/api/cron,cryptosignal-ai-68mu4qxgd-hadayalab-projects-projects.vercel.app,cryptosignal-ai-68mu4qxgd-hadayalab-projects-projects.vercel.app,dpl_7xctBUeLMmAaeMQE2WZBJjJ4HKAe,,,,,"📊 Miner Position Index (BTC): -0.5211564700986901 raw: {""date"":""2025-12-23"",""mpi"":-0.5211564700986901}",prj_3ECsT5RqWymkjdfB0bXrqIH4TwFq,,,,,
2025-12-24 12:45:23,1766580323085,cryptosignal-ai-68mu4qxgd-hadayalab-projects-projects.vercel.app/api/cron,GET,,200,gzwdm-1766580323085-a8bd6135ad2d,vercel-cron/1.0,,production,main,MISS,serverless,/api/cron,cryptosignal-ai-68mu4qxgd-hadayalab-projects-projects.vercel.app,cryptosignal-ai-68mu4qxgd-hadayalab-projects-projects.vercel.app,dpl_7xctBUeLMmAaeMQE2WZBJjJ4HKAe,298,iad1,265,2048,,prj_3ECsT5RqWymkjdfB0bXrqIH4TwFq,,,01KD8690RT176FBM28519P3BP2,d4BNB5fcwV51,1