TimeUTC,timestampInMs,requestPath,requestMethod,requestQueryString,responseStatusCode,requestId,requestUserAgent,level,environment,branch,vercelCache,type,function,host,deploymentDomain,deploymentId,durationMs,region,maxMemoryUsed,memorySize,message,projectId,traceId,sessionId,invocationId,instanceId,concurrency
2025-12-25 00:30:03,1766622603298,cryptosignal-ai-ezkj4q9c4-hadayalab-projects-projects.vercel.app/api/cron,GET,,200,zxnnm-1766622603231-b41ef735ce8c,vercel-cron/1.0,info,production,main,MISS,serverless,/api/cron,cryptosignal-ai-ezkj4q9c4-hadayalab-projects-projects.vercel.app,cryptosignal-ai-ezkj4q9c4-hadayalab-projects-projects.vercel.app,dpl_snnUW69HoSexCn3LbddVCnPK7rHR,,,,,🚀 Cron Job Started: Whale Monitor,prj_tTazyIAJqpeYJ5JCTm3wmiNgPNWd,,,,,
2025-12-25 00:30:03,1766622603298,cryptosignal-ai-ezkj4q9c4-hadayalab-projects-projects.vercel.app/api/cron,GET,,200,zxnnm-1766622603231-b41ef735ce8c,vercel-cron/1.0,info,production,main,MISS,serverless,/api/cron,cryptosignal-ai-ezkj4q9c4-hadayalab-projects-projects.vercel.app,cryptosignal-ai-ezkj4q9c4-hadayalab-projects-projects.vercel.app,dpl_snnUW69HoSexCn3LbddVCnPK7rHR,,,,,"Slot check => utcHour=0, utcMinute=30, isRegularSlot=false, force=false",prj_tTazyIAJqpeYJ5JCTm3wmiNgPNWd,,,,,
2025-12-25 00:30:03,1766622603300,cryptosignal-ai-ezkj4q9c4-hadayalab-projects-projects.vercel.app/api/cron,GET,,200,zxnnm-1766622603231-b41ef735ce8c,vercel-cron/1.0,info,production,main,MISS,serverless,/api/cron,cryptosignal-ai-ezkj4q9c4-hadayalab-projects-projects.vercel.app,cryptosignal-ai-ezkj4q9c4-hadayalab-projects-projects.vercel.app,dpl_snnUW69HoSexCn3LbddVCnPK7rHR,,,,,🌐 Fetching: https://api.cryptoquant.com/v1/btc/exchange-flows/netflow?exchange=all_exchange&window=day&limit=1,prj_tTazyIAJqpeYJ5JCTm3wmiNgPNWd,,,,,
2025-12-25 00:30:03,1766622603386,cryptosignal-ai-ezkj4q9c4-hadayalab-projects-projects.vercel.app/api/cron,GET,,200,zxnnm-1766622603231-b41ef735ce8c,vercel-cron/1.0,info,production,main,MISS,serverless,/api/cron,cryptosignal-ai-ezkj4q9c4-hadayalab-projects-projects.vercel.app,cryptosignal-ai-ezkj4q9c4-hadayalab-projects-projects.vercel.app,dpl_snnUW69HoSexCn3LbddVCnPK7rHR,,,,,🌐 Fetching: https://api.cryptoquant.com/v1/btc/flow-indicator/mpi?window=day&limit=1,prj_tTazyIAJqpeYJ5JCTm3wmiNgPNWd,,,,,
2025-12-25 00:30:03,1766622603387,cryptosignal-ai-ezkj4q9c4-hadayalab-projects-projects.vercel.app/api/cron,GET,,200,zxnnm-1766622603231-b41ef735ce8c,vercel-cron/1.0,error,production,main,MISS,serverless,/api/cron,cryptosignal-ai-ezkj4q9c4-hadayalab-projects-projects.vercel.app,cryptosignal-ai-ezkj4q9c4-hadayalab-projects-projects.vercel.app,dpl_snnUW69HoSexCn3LbddVCnPK7rHR,,,,,"(node:4) [DEP0169] DeprecationWarning: `url.parse()` behavior is not standardized and prone to errors that have security implications. Use the WHATWG URL API instead. CVEs are not issued for `url.parse()` vulnerabilities.
(Use `node --trace-deprecation ...` to show where the warning was created)",prj_tTazyIAJqpeYJ5JCTm3wmiNgPNWd,,,,,
2025-12-25 00:30:03,1766622603599,cryptosignal-ai-ezkj4q9c4-hadayalab-projects-projects.vercel.app/api/cron,GET,,200,zxnnm-1766622603231-b41ef735ce8c,vercel-cron/1.0,info,production,main,MISS,serverless,/api/cron,cryptosignal-ai-ezkj4q9c4-hadayalab-projects-projects.vercel.app,cryptosignal-ai-ezkj4q9c4-hadayalab-projects-projects.vercel.app,dpl_snnUW69HoSexCn3LbddVCnPK7rHR,,,,,"📊 Exchange Netflow (BTC): -11379.222587299999 raw: {""date"":""2025-12-23"",""netflow_total"":-11379.222587299999}",prj_tTazyIAJqpeYJ5JCTm3wmiNgPNWd,,,,,
2025-12-25 00:30:03,1766622603625,cryptosignal-ai-ezkj4q9c4-hadayalab-projects-projects.vercel.app/api/cron,GET,,200,zxnnm-1766622603231-b41ef735ce8c,vercel-cron/1.0,info,production,main,MISS,serverless,/api/cron,cryptosignal-ai-ezkj4q9c4-hadayalab-projects-projects.vercel.app,cryptosignal-ai-ezkj4q9c4-hadayalab-projects-projects.vercel.app,dpl_snnUW69HoSexCn3LbddVCnPK7rHR,,,,,"📊 Miner Position Index (BTC): -0.5211564700986901 raw: {""date"":""2025-12-23"",""mpi"":-0.5211564700986901}",prj_tTazyIAJqpeYJ5JCTm3wmiNgPNWd,,,,,
2025-12-25 00:30:03,1766622603231,cryptosignal-ai-ezkj4q9c4-hadayalab-projects-projects.vercel.app/api/cron,GET,,200,zxnnm-1766622603231-b41ef735ce8c,vercel-cron/1.0,,production,main,MISS,serverless,/api/cron,cryptosignal-ai-ezkj4q9c4-hadayalab-projects-projects.vercel.app,cryptosignal-ai-ezkj4q9c4-hadayalab-projects-projects.vercel.app,dpl_snnUW69HoSexCn3LbddVCnPK7rHR,422,iad1,266,2048,,prj_tTazyIAJqpeYJ5JCTm3wmiNgPNWd,,,01KD9EKA00XY46TPCX4ZD9GCFY,pxUySAZhonhT,1
2025-12-25 00:15:03,1766621703147,cryptosignal-ai-ezkj4q9c4-hadayalab-projects-projects.vercel.app/api/cron,GET,,200,q66zw-1766621703096-70af007e9f45,vercel-cron/1.0,info,production,main,MISS,serverless,/api/cron,cryptosignal-ai-ezkj4q9c4-hadayalab-projects-projects.vercel.app,cryptosignal-ai-ezkj4q9c4-hadayalab-projects-projects.vercel.app,dpl_snnUW69HoSexCn3LbddVCnPK7rHR,,,,,🚀 Cron Job Started: Whale Monitor,prj_tTazyIAJqpeYJ5JCTm3wmiNgPNWd,,,,,
2025-12-25 00:15:03,1766621703148,cryptosignal-ai-ezkj4q9c4-hadayalab-projects-projects.vercel.app/api/cron,GET,,200,q66zw-1766621703096-70af007e9f45,vercel-cron/1.0,info,production,main,MISS,serverless,/api/cron,cryptosignal-ai-ezkj4q9c4-hadayalab-projects-projects.vercel.app,cryptosignal-ai-ezkj4q9c4-hadayalab-projects-projects.vercel.app,dpl_snnUW69HoSexCn3LbddVCnPK7rHR,,,,,"Slot check => utcHour=0, utcMinute=15, isRegularSlot=false, force=false",prj_tTazyIAJqpeYJ5JCTm3wmiNgPNWd,,,,,
2025-12-25 00:15:03,1766621703148,cryptosignal-ai-ezkj4q9c4-hadayalab-projects-projects.vercel.app/api/cron,GET,,200,q66zw-1766621703096-70af007e9f45,vercel-cron/1.0,info,production,main,MISS,serverless,/api/cron,cryptosignal-ai-ezkj4q9c4-hadayalab-projects-projects.vercel.app,cryptosignal-ai-ezkj4q9c4-hadayalab-projects-projects.vercel.app,dpl_snnUW69HoSexCn3LbddVCnPK7rHR,,,,,🌐 Fetching: https://api.cryptoquant.com/v1/btc/exchange-flows/netflow?exchange=all_exchange&window=day&limit=1,prj_tTazyIAJqpeYJ5JCTm3wmiNgPNWd,,,,,
2025-12-25 00:15:03,1766621703155,cryptosignal-ai-ezkj4q9c4-hadayalab-projects-projects.vercel.app/api/cron,GET,,200,q66zw-1766621703096-70af007e9f45,vercel-cron/1.0,info,production,main,MISS,serverless,/api/cron,cryptosignal-ai-ezkj4q9c4-hadayalab-projects-projects.vercel.app,cryptosignal-ai-ezkj4q9c4-hadayalab-projects-projects.vercel.app,dpl_snnUW69HoSexCn3LbddVCnPK7rHR,,,,,🌐 Fetching: https://api.cryptoquant.com/v1/btc/flow-indicator/mpi?window=day&limit=1,prj_tTazyIAJqpeYJ5JCTm3wmiNgPNWd,,,,,
2025-12-25 00:15:03,1766621703344,cryptosignal-ai-ezkj4q9c4-hadayalab-projects-projects.vercel.app/api/cron,GET,,200,q66zw-1766621703096-70af007e9f45,vercel-cron/1.0,info,production,main,MISS,serverless,/api/cron,cryptosignal-ai-ezkj4q9c4-hadayalab-projects-projects.vercel.app,cryptosignal-ai-ezkj4q9c4-hadayalab-projects-projects.vercel.app,dpl_snnUW69HoSexCn3LbddVCnPK7rHR,,,,,"📊 Exchange Netflow (BTC): -11379.222587299999 raw: {""date"":""2025-12-23"",""netflow_total"":-11379.222587299999}",prj_tTazyIAJqpeYJ5JCTm3wmiNgPNWd,,,,,
2025-12-25 00:15:03,1766621703362,cryptosignal-ai-ezkj4q9c4-hadayalab-projects-projects.vercel.app/api/cron,GET,,200,q66zw-1766621703096-70af007e9f45,vercel-cron/1.0,info,production,main,MISS,serverless,/api/cron,cryptosignal-ai-ezkj4q9c4-hadayalab-projects-projects.vercel.app,cryptosignal-ai-ezkj4q9c4-hadayalab-projects-projects.vercel.app,dpl_snnUW69HoSexCn3LbddVCnPK7rHR,,,,,"📊 Miner Position Index (BTC): -0.5211564700986901 raw: {""date"":""2025-12-23"",""mpi"":-0.5211564700986901}",prj_tTazyIAJqpeYJ5JCTm3wmiNgPNWd,,,,,
2025-12-25 00:15:03,1766621703096,cryptosignal-ai-ezkj4q9c4-hadayalab-projects-projects.vercel.app/api/cron,GET,,200,q66zw-1766621703096-70af007e9f45,vercel-cron/1.0,,production,main,MISS,serverless,/api/cron,cryptosignal-ai-ezkj4q9c4-hadayalab-projects-projects.vercel.app,cryptosignal-ai-ezkj4q9c4-hadayalab-projects-projects.vercel.app,dpl_snnUW69HoSexCn3LbddVCnPK7rHR,306,iad1,270,2048,,prj_tTazyIAJqpeYJ5JCTm3wmiNgPNWd,,,01KD9DQTYMFX89TTV645WN5RQT,AHaDQy0PIhwK,1
2025-12-25 00:00:03,1766620803184,cryptosignal-ai-ezkj4q9c4-hadayalab-projects-projects.vercel.app/api/cron,GET,,200,s9vbv-1766620803135-d611475c2970,vercel-cron/1.0,info,production,main,MISS,serverless,/api/cron,cryptosignal-ai-ezkj4q9c4-hadayalab-projects-projects.vercel.app,cryptosignal-ai-ezkj4q9c4-hadayalab-projects-projects.vercel.app,dpl_snnUW69HoSexCn3LbddVCnPK7rHR,,,,,🚀 Cron Job Started: Whale Monitor,prj_tTazyIAJqpeYJ5JCTm3wmiNgPNWd,,,,,
2025-12-25 00:00:03,1766620803184,cryptosignal-ai-ezkj4q9c4-hadayalab-projects-projects.vercel.app/api/cron,GET,,200,s9vbv-1766620803135-d611475c2970,vercel-cron/1.0,info,production,main,MISS,serverless,/api/cron,cryptosignal-ai-ezkj4q9c4-hadayalab-projects-projects.vercel.app,cryptosignal-ai-ezkj4q9c4-hadayalab-projects-projects.vercel.app,dpl_snnUW69HoSexCn3LbddVCnPK7rHR,,,,,"Slot check => utcHour=0, utcMinute=0, isRegularSlot=true, force=false",prj_tTazyIAJqpeYJ5JCTm3wmiNgPNWd,,,,,
2025-12-25 00:00:03,1766620803184,cryptosignal-ai-ezkj4q9c4-hadayalab-projects-projects.vercel.app/api/cron,GET,,200,s9vbv-1766620803135-d611475c2970,vercel-cron/1.0,info,production,main,MISS,serverless,/api/cron,cryptosignal-ai-ezkj4q9c4-hadayalab-projects-projects.vercel.app,cryptosignal-ai-ezkj4q9c4-hadayalab-projects-projects.vercel.app,dpl_snnUW69HoSexCn3LbddVCnPK7rHR,,,,,🌐 Fetching: https://api.cryptoquant.com/v1/btc/exchange-flows/netflow?exchange=all_exchange&window=day&limit=1,prj_tTazyIAJqpeYJ5JCTm3wmiNgPNWd,,,,,
2025-12-25 00:00:03,1766620803184,cryptosignal-ai-ezkj4q9c4-hadayalab-projects-projects.vercel.app/api/cron,GET,,200,s9vbv-1766620803135-d611475c2970,vercel-cron/1.0,info,production,main,MISS,serverless,/api/cron,cryptosignal-ai-ezkj4q9c4-hadayalab-projects-projects.vercel.app,cryptosignal-ai-ezkj4q9c4-hadayalab-projects-projects.vercel.app,dpl_snnUW69HoSexCn3LbddVCnPK7rHR,,,,,🌐 Fetching: https://api.cryptoquant.com/v1/btc/flow-indicator/mpi?window=day&limit=1,prj_tTazyIAJqpeYJ5JCTm3wmiNgPNWd,,,,,
2025-12-25 00:00:03,1766620803379,cryptosignal-ai-ezkj4q9c4-hadayalab-projects-projects.vercel.app/api/cron,GET,,200,s9vbv-1766620803135-d611475c2970,vercel-cron/1.0,info,production,main,MISS,serverless,/api/cron,cryptosignal-ai-ezkj4q9c4-hadayalab-projects-projects.vercel.app,cryptosignal-ai-ezkj4q9c4-hadayalab-projects-projects.vercel.app,dpl_snnUW69HoSexCn3LbddVCnPK7rHR,,,,,"📊 Exchange Netflow (BTC): -11379.222587299999 raw: {""date"":""2025-12-23"",""netflow_total"":-11379.222587299999}",prj_tTazyIAJqpeYJ5JCTm3wmiNgPNWd,,,,,
2025-12-25 00:00:03,1766620803583,cryptosignal-ai-ezkj4q9c4-hadayalab-projects-projects.vercel.app/api/cron,GET,,200,s9vbv-1766620803135-d611475c2970,vercel-cron/1.0,info,production,main,MISS,serverless,/api/cron,cryptosignal-ai-ezkj4q9c4-hadayalab-projects-projects.vercel.app,cryptosignal-ai-ezkj4q9c4-hadayalab-projects-projects.vercel.app,dpl_snnUW69HoSexCn3LbddVCnPK7rHR,,,,,"📊 Miner Position Index (BTC): -0.5211564700986901 raw: {""date"":""2025-12-23"",""mpi"":-0.5211564700986901}",prj_tTazyIAJqpeYJ5JCTm3wmiNgPNWd,,,,,
2025-12-25 00:00:49,1766620849969,cryptosignal-ai-ezkj4q9c4-hadayalab-projects-projects.vercel.app/api/cron,GET,,200,s9vbv-1766620803135-d611475c2970,vercel-cron/1.0,info,production,main,MISS,serverless,/api/cron,cryptosignal-ai-ezkj4q9c4-hadayalab-projects-projects.vercel.app,cryptosignal-ai-ezkj4q9c4-hadayalab-projects-projects.vercel.app,dpl_snnUW69HoSexCn3LbddVCnPK7rHR,,,,,Sending REGULAR message...,prj_tTazyIAJqpeYJ5JCTm3wmiNgPNWd,,,,,
2025-12-25 00:00:49,1766620849969,cryptosignal-ai-ezkj4q9c4-hadayalab-projects-projects.vercel.app/api/cron,GET,,200,s9vbv-1766620803135-d611475c2970,vercel-cron/1.0,info,production,main,MISS,serverless,/api/cron,cryptosignal-ai-ezkj4q9c4-hadayalab-projects-projects.vercel.app,cryptosignal-ai-ezkj4q9c4-hadayalab-projects-projects.vercel.app,dpl_snnUW69HoSexCn3LbddVCnPK7rHR,,,,,🌐 Fetching: https://api.cryptoquant.com/v1/btc/exchange-flows/netflow?exchange=all_exchange&window=day&limit=1,prj_tTazyIAJqpeYJ5JCTm3wmiNgPNWd,,,,,
2025-12-25 00:00:49,1766620849971,cryptosignal-ai-ezkj4q9c4-hadayalab-projects-projects.vercel.app/api/cron,GET,,200,s9vbv-1766620803135-d611475c2970,vercel-cron/1.0,info,production,main,MISS,serverless,/api/cron,cryptosignal-ai-ezkj4q9c4-hadayalab-projects-projects.vercel.app,cryptosignal-ai-ezkj4q9c4-hadayalab-projects-projects.vercel.app,dpl_snnUW69HoSexCn3LbddVCnPK7rHR,,,,,🌐 Fetching: https://api.cryptoquant.com/v1/btc/flow-indicator/mpi?window=day&limit=1,prj_tTazyIAJqpeYJ5JCTm3wmiNgPNWd,,,,,
2025-12-25 00:00:50,1766620850127,cryptosignal-ai-ezkj4q9c4-hadayalab-projects-projects.vercel.app/api/cron,GET,,200,s9vbv-1766620803135-d611475c2970,vercel-cron/1.0,info,production,main,MISS,serverless,/api/cron,cryptosignal-ai-ezkj4q9c4-hadayalab-projects-projects.vercel.app,cryptosignal-ai-ezkj4q9c4-hadayalab-projects-projects.vercel.app,dpl_snnUW69HoSexCn3LbddVCnPK7rHR,,,,,"📊 Exchange Netflow (BTC): -11379.222587299999 raw: {""date"":""2025-12-23"",""netflow_total"":-11379.222587299999}",prj_tTazyIAJqpeYJ5JCTm3wmiNgPNWd,,,,,
2025-12-25 00:00:50,1766620850167,cryptosignal-ai-ezkj4q9c4-hadayalab-projects-projects.vercel.app/api/cron,GET,,200,s9vbv-1766620803135-d611475c2970,vercel-cron/1.0,info,production,main,MISS,serverless,/api/cron,cryptosignal-ai-ezkj4q9c4-hadayalab-projects-projects.vercel.app,cryptosignal-ai-ezkj4q9c4-hadayalab-projects-projects.vercel.app,dpl_snnUW69HoSexCn3LbddVCnPK7rHR,,,,,"📊 Miner Position Index (BTC): -0.5211564700986901 raw: {""date"":""2025-12-23"",""mpi"":-0.5211564700986901}",prj_tTazyIAJqpeYJ5JCTm3wmiNgPNWd,,,,,
2025-12-25 00:00:50,1766620850167,cryptosignal-ai-ezkj4q9c4-hadayalab-projects-projects.vercel.app/api/cron,GET,,200,s9vbv-1766620803135-d611475c2970,vercel-cron/1.0,info,production,main,MISS,serverless,/api/cron,cryptosignal-ai-ezkj4q9c4-hadayalab-projects-projects.vercel.app,cryptosignal-ai-ezkj4q9c4-hadayalab-projects-projects.vercel.app,dpl_snnUW69HoSexCn3LbddVCnPK7rHR,,,,,🌐 Fetching: https://api.cryptoquant.com/v1/btc/exchange-flows/inflow-sum?exchange=upbit&window=day&limit=1,prj_tTazyIAJqpeYJ5JCTm3wmiNgPNWd,,,,,
2025-12-25 00:00:50,1766620850168,cryptosignal-ai-ezkj4q9c4-hadayalab-projects-projects.vercel.app/api/cron,GET,,200,s9vbv-1766620803135-d611475c2970,vercel-cron/1.0,info,production,main,MISS,serverless,/api/cron,cryptosignal-ai-ezkj4q9c4-hadayalab-projects-projects.vercel.app,cryptosignal-ai-ezkj4q9c4-hadayalab-projects-projects.vercel.app,dpl_snnUW69HoSexCn3LbddVCnPK7rHR,,,,,🌐 Fetching: https://api.cryptoquant.com/v1/btc/exchange-flows/inflow-sum?exchange=binance&window=day&limit=1,prj_tTazyIAJqpeYJ5JCTm3wmiNgPNWd,,,,,
2025-12-25 00:00:50,1766620850266,cryptosignal-ai-ezkj4q9c4-hadayalab-projects-projects.vercel.app/api/cron,GET,,200,s9vbv-1766620803135-d611475c2970,vercel-cron/1.0,error,production,main,MISS,serverless,/api/cron,cryptosignal-ai-ezkj4q9c4-hadayalab-projects-projects.vercel.app,cryptosignal-ai-ezkj4q9c4-hadayalab-projects-projects.vercel.app,dpl_snnUW69HoSexCn3LbddVCnPK7rHR,,,,,❌ CryptoQuant Request Failed: API Error: 404 Not Found,prj_tTazyIAJqpeYJ5JCTm3wmiNgPNWd,,,,,
2025-12-25 00:00:50,1766620850266,cryptosignal-ai-ezkj4q9c4-hadayalab-projects-projects.vercel.app/api/cron,GET,,200,s9vbv-1766620803135-d611475c2970,vercel-cron/1.0,warning,production,main,MISS,serverless,/api/cron,cryptosignal-ai-ezkj4q9c4-hadayalab-projects-projects.vercel.app,cryptosignal-ai-ezkj4q9c4-hadayalab-projects-projects.vercel.app,dpl_snnUW69HoSexCn3LbddVCnPK7rHR,,,,,[deepMetrics] Error fetching Upbit inflow: API Error: 404 Not Found,prj_tTazyIAJqpeYJ5JCTm3wmiNgPNWd,,,,,
2025-12-25 00:00:50,1766620850267,cryptosignal-ai-ezkj4q9c4-hadayalab-projects-projects.vercel.app/api/cron,GET,,200,s9vbv-1766620803135-d611475c2970,vercel-cron/1.0,error,production,main,MISS,serverless,/api/cron,cryptosignal-ai-ezkj4q9c4-hadayalab-projects-projects.vercel.app,cryptosignal-ai-ezkj4q9c4-hadayalab-projects-projects.vercel.app,dpl_snnUW69HoSexCn3LbddVCnPK7rHR,,,,,❌ CryptoQuant Request Failed: API Error: 404 Not Found,prj_tTazyIAJqpeYJ5JCTm3wmiNgPNWd,,,,,
2025-12-25 00:00:50,1766620850267,cryptosignal-ai-ezkj4q9c4-hadayalab-projects-projects.vercel.app/api/cron,GET,,200,s9vbv-1766620803135-d611475c2970,vercel-cron/1.0,warning,production,main,MISS,serverless,/api/cron,cryptosignal-ai-ezkj4q9c4-hadayalab-projects-projects.vercel.app,cryptosignal-ai-ezkj4q9c4-hadayalab-projects-projects.vercel.app,dpl_snnUW69HoSexCn3LbddVCnPK7rHR,,,,,[deepMetrics] Error fetching Binance inflow: API Error: 404 Not Found,prj_tTazyIAJqpeYJ5JCTm3wmiNgPNWd,,,,,
2025-12-25 00:00:50,1766620850759,cryptosignal-ai-ezkj4q9c4-hadayalab-projects-projects.vercel.app/api/cron,GET,,200,s9vbv-1766620803135-d611475c2970,vercel-cron/1.0,info,production,main,MISS,serverless,/api/cron,cryptosignal-ai-ezkj4q9c4-hadayalab-projects-projects.vercel.app,cryptosignal-ai-ezkj4q9c4-hadayalab-projects-projects.vercel.app,dpl_snnUW69HoSexCn3LbddVCnPK7rHR,,,,,"📨 Telegram sent: {
  ""ok"": true,
  ""result"": {
    ""message_id"": 85,
    ""from"": {
      ""id"": 8201678191,
      ""is_bot"": true,
      ""first_name"": ""CryptoSignal AI KO"",
      ""username"": ""CryptoSignal_AI_KR_bot""
    },
    ""chat"": {
      ""id"": -1003372446009,
      ""title"": ""CryptoSignal AI – Starter Signals (KO)"",
      ""type"": ""supergroup""
    },
    ""date"": 1766620850,
    ""text"": ""📚 Dr. Grok 마켓 리크\n세션 브리핑 @ 2025-12-25 00:00:03 UTC\n\n💰 BTC 가격: $87,619 (+0.24% / 24h)\n📊 거래소 순유입: Outflow 11379 BTC\n⛏ Miners' Position Index (MPI): -0.52\n🧠 시장 심리: Extreme Fear\n\n📈 시장 점수: 19/100\n🥟 김치 프리미엄: -99.92% ✅ 정상\n• 업비트: ₩87,619\n• 바이낸스: $87,619\n✅ 트랩 감지기: 치명적인 트랩은 감지되지 않았습니다.\n\n🎯 트레이드 verdict\n🛡️ 시그널: BUG STANDBY (Defense Active)\n• 진입가 (스팟 기준): $87,619\n• 모드: Bug Standby — 에지가 불명확. 관망하며 자본을 보호하세요.\n• Take Profit: n/a\n• Stop Loss: n/a\n\n🧬 Dr. Grok의 인사이트\n아래 내용은 전략 아이디어일 뿐, 공식 True Bug 진입 시그널이 아닙니다. 본인 매매 플랜과 리스크 관리에 맞을 때만 참고하세요.\n### BTC 트레이딩 업데이트 (Dr. Grok)\n\n리스크 우선 평가: 익스트림 피어(Extreme Fear) 센티먼트에 유출(inflow -11k)과 음의 MPI(-0.52)로 시장 압력이 세다. 가격 87,619 USD로 0.24% 상승했지만, 이는 일시적 반등일 수 있음. 웨일 바이어스 0(중립), 리테일 포모 50(중간 관심), 뉴스 임팩트 0(무시). 스코어 19점으로 약세, 신호 NONE. 트랩 없음 – 하지만 리스크 높아, 과도한 포지션 피하라.\n\n택티컬 어드바이스: \n- 숏 포지션 고려: 유출과 피어로 다운사이드 리스크 큼. 하지만 웨일 중립이니 급락 기다려. SL 88k 위로 세팅, TP 85k 아래 목표.\n- 롱은 피하라: 리테일 포모 50 있지만, 뉴스 없고 유출로 반등 약함. 홀드하거나 관망 모드.\n- 전략 팁: 볼륨 모니터링하며 87k 지지 테스트 봐. 리스크 1-2%로 제한, 과도 FOMO 피하. 시장이 흔들릴 때 기다리는 게 승리. #BTC #CryptoTrading\n\n교육 목적의 정보 제공일 뿐이며, 투자/재무 자문을 구성하지 않습니다."",
    ""entities"": [
      {
        ""offset"": 1024,
        ""length"": 4,
        ""type"": ""hashtag""
      },
      {
        ""offset"": 1029,
        ""length"": 14,
        ""type"": ""hashtag""
      }
    ]
  }
}",prj_tTazyIAJqpeYJ5JCTm3wmiNgPNWd,,,,,
2025-12-25 00:00:03,1766620803135,cryptosignal-ai-ezkj4q9c4-hadayalab-projects-projects.vercel.app/api/cron,GET,,200,s9vbv-1766620803135-d611475c2970,vercel-cron/1.0,,production,main,MISS,serverless,/api/cron,cryptosignal-ai-ezkj4q9c4-hadayalab-projects-projects.vercel.app,cryptosignal-ai-ezkj4q9c4-hadayalab-projects-projects.vercel.app,dpl_snnUW69HoSexCn3LbddVCnPK7rHR,47584,iad1,270,2048,,prj_tTazyIAJqpeYJ5JCTm3wmiNgPNWd,,,01KD9CWC2RHZKNPH66MXPHG2GF,AHaDQy0PIhwK,1
2025-12-24 23:45:03,1766619903130,cryptosignal-ai-ezkj4q9c4-hadayalab-projects-projects.vercel.app/api/cron,GET,,200,qqp72-1766619903063-4e6b81584ecd,vercel-cron/1.0,info,production,main,MISS,serverless,/api/cron,cryptosignal-ai-ezkj4q9c4-hadayalab-projects-projects.vercel.app,cryptosignal-ai-ezkj4q9c4-hadayalab-projects-projects.vercel.app,dpl_snnUW69HoSexCn3LbddVCnPK7rHR,,,,,🚀 Cron Job Started: Whale Monitor,prj_tTazyIAJqpeYJ5JCTm3wmiNgPNWd,,,,,
2025-12-24 23:45:03,1766619903130,cryptosignal-ai-ezkj4q9c4-hadayalab-projects-projects.vercel.app/api/cron,GET,,200,qqp72-1766619903063-4e6b81584ecd,vercel-cron/1.0,info,production,main,MISS,serverless,/api/cron,cryptosignal-ai-ezkj4q9c4-hadayalab-projects-projects.vercel.app,cryptosignal-ai-ezkj4q9c4-hadayalab-projects-projects.vercel.app,dpl_snnUW69HoSexCn3LbddVCnPK7rHR,,,,,"Slot check => utcHour=23, utcMinute=45, isRegularSlot=false, force=false",prj_tTazyIAJqpeYJ5JCTm3wmiNgPNWd,,,,,
2025-12-24 23:45:03,1766619903130,cryptosignal-ai-ezkj4q9c4-hadayalab-projects-projects.vercel.app/api/cron,GET,,200,qqp72-1766619903063-4e6b81584ecd,vercel-cron/1.0,info,production,main,MISS,serverless,/api/cron,cryptosignal-ai-ezkj4q9c4-hadayalab-projects-projects.vercel.app,cryptosignal-ai-ezkj4q9c4-hadayalab-projects-projects.vercel.app,dpl_snnUW69HoSexCn3LbddVCnPK7rHR,,,,,🌐 Fetching: https://api.cryptoquant.com/v1/btc/exchange-flows/netflow?exchange=all_exchange&window=day&limit=1,prj_tTazyIAJqpeYJ5JCTm3wmiNgPNWd,,,,,
2025-12-24 23:45:03,1766619903132,cryptosignal-ai-ezkj4q9c4-hadayalab-projects-projects.vercel.app/api/cron,GET,,200,qqp72-1766619903063-4e6b81584ecd,vercel-cron/1.0,info,production,main,MISS,serverless,/api/cron,cryptosignal-ai-ezkj4q9c4-hadayalab-projects-projects.vercel.app,cryptosignal-ai-ezkj4q9c4-hadayalab-projects-projects.vercel.app,dpl_snnUW69HoSexCn3LbddVCnPK7rHR,,,,,🌐 Fetching: https://api.cryptoquant.com/v1/btc/flow-indicator/mpi?window=day&limit=1,prj_tTazyIAJqpeYJ5JCTm3wmiNgPNWd,,,,,
2025-12-24 23:45:03,1766619903329,cryptosignal-ai-ezkj4q9c4-hadayalab-projects-projects.vercel.app/api/cron,GET,,200,qqp72-1766619903063-4e6b81584ecd,vercel-cron/1.0,info,production,main,MISS,serverless,/api/cron,cryptosignal-ai-ezkj4q9c4-hadayalab-projects-projects.vercel.app,cryptosignal-ai-ezkj4q9c4-hadayalab-projects-projects.vercel.app,dpl_snnUW69HoSexCn3LbddVCnPK7rHR,,,,,"📊 Miner Position Index (BTC): -0.5211564700986901 raw: {""date"":""2025-12-23"",""mpi"":-0.5211564700986901}",prj_tTazyIAJqpeYJ5JCTm3wmiNgPNWd,,,,,
2025-12-24 23:45:03,1766619903336,cryptosignal-ai-ezkj4q9c4-hadayalab-projects-projects.vercel.app/api/cron,GET,,200,qqp72-1766619903063-4e6b81584ecd,vercel-cron/1.0,info,production,main,MISS,serverless,/api/cron,cryptosignal-ai-ezkj4q9c4-hadayalab-projects-projects.vercel.app,cryptosignal-ai-ezkj4q9c4-hadayalab-projects-projects.vercel.app,dpl_snnUW69HoSexCn3LbddVCnPK7rHR,,,,,"📊 Exchange Netflow (BTC): -11379.222587299999 raw: {""date"":""2025-12-23"",""netflow_total"":-11379.222587299999}",prj_tTazyIAJqpeYJ5JCTm3wmiNgPNWd,,,,,
2025-12-24 23:45:03,1766619903063,cryptosignal-ai-ezkj4q9c4-hadayalab-projects-projects.vercel.app/api/cron,GET,,200,qqp72-1766619903063-4e6b81584ecd,vercel-cron/1.0,,production,main,MISS,serverless,/api/cron,cryptosignal-ai-ezkj4q9c4-hadayalab-projects-projects.vercel.app,cryptosignal-ai-ezkj4q9c4-hadayalab-projects-projects.vercel.app,dpl_snnUW69HoSexCn3LbddVCnPK7rHR,276,iad1,269,2048,,prj_tTazyIAJqpeYJ5JCTm3wmiNgPNWd,,,01KD9C0X3WXB152BA914D8Q68B,AHaDQy0PIhwK,1
2025-12-24 23:30:03,1766619003417,cryptosignal-ai-ezkj4q9c4-hadayalab-projects-projects.vercel.app/api/cron,GET,,200,gzhbr-1766619003378-d8de48aa4829,vercel-cron/1.0,info,production,main,MISS,serverless,/api/cron,cryptosignal-ai-ezkj4q9c4-hadayalab-projects-projects.vercel.app,cryptosignal-ai-ezkj4q9c4-hadayalab-projects-projects.vercel.app,dpl_snnUW69HoSexCn3LbddVCnPK7rHR,,,,,🚀 Cron Job Started: Whale Monitor,prj_tTazyIAJqpeYJ5JCTm3wmiNgPNWd,,,,,
2025-12-24 23:30:03,1766619003417,cryptosignal-ai-ezkj4q9c4-hadayalab-projects-projects.vercel.app/api/cron,GET,,200,gzhbr-1766619003378-d8de48aa4829,vercel-cron/1.0,info,production,main,MISS,serverless,/api/cron,cryptosignal-ai-ezkj4q9c4-hadayalab-projects-projects.vercel.app,cryptosignal-ai-ezkj4q9c4-hadayalab-projects-projects.vercel.app,dpl_snnUW69HoSexCn3LbddVCnPK7rHR,,,,,"Slot check => utcHour=23, utcMinute=30, isRegularSlot=false, force=false",prj_tTazyIAJqpeYJ5JCTm3wmiNgPNWd,,,,,
2025-12-24 23:30:03,1766619003419,cryptosignal-ai-ezkj4q9c4-hadayalab-projects-projects.vercel.app/api/cron,GET,,200,gzhbr-1766619003378-d8de48aa4829,vercel-cron/1.0,info,production,main,MISS,serverless,/api/cron,cryptosignal-ai-ezkj4q9c4-hadayalab-projects-projects.vercel.app,cryptosignal-ai-ezkj4q9c4-hadayalab-projects-projects.vercel.app,dpl_snnUW69HoSexCn3LbddVCnPK7rHR,,,,,🌐 Fetching: https://api.cryptoquant.com/v1/btc/exchange-flows/netflow?exchange=all_exchange&window=day&limit=1,prj_tTazyIAJqpeYJ5JCTm3wmiNgPNWd,,,,,
2025-12-24 23:30:03,1766619003419,cryptosignal-ai-ezkj4q9c4-hadayalab-projects-projects.vercel.app/api/cron,GET,,200,gzhbr-1766619003378-d8de48aa4829,vercel-cron/1.0,info,production,main,MISS,serverless,/api/cron,cryptosignal-ai-ezkj4q9c4-hadayalab-projects-projects.vercel.app,cryptosignal-ai-ezkj4q9c4-hadayalab-projects-projects.vercel.app,dpl_snnUW69HoSexCn3LbddVCnPK7rHR,,,,,🌐 Fetching: https://api.cryptoquant.com/v1/btc/flow-indicator/mpi?window=day&limit=1,prj_tTazyIAJqpeYJ5JCTm3wmiNgPNWd,,,,,
2025-12-24 23:30:03,1766619003607,cryptosignal-ai-ezkj4q9c4-hadayalab-projects-projects.vercel.app/api/cron,GET,,200,gzhbr-1766619003378-d8de48aa4829,vercel-cron/1.0,info,production,main,MISS,serverless,/api/cron,cryptosignal-ai-ezkj4q9c4-hadayalab-projects-projects.vercel.app,cryptosignal-ai-ezkj4q9c4-hadayalab-projects-projects.vercel.app,dpl_snnUW69HoSexCn3LbddVCnPK7rHR,,,,,"📊 Exchange Netflow (BTC): -11379.222587299999 raw: {""date"":""2025-12-23"",""netflow_total"":-11379.222587299999}",prj_tTazyIAJqpeYJ5JCTm3wmiNgPNWd,,,,,
2025-12-24 23:30:03,1766619003632,cryptosignal-ai-ezkj4q9c4-hadayalab-projects-projects.vercel.app/api/cron,GET,,200,gzhbr-1766619003378-d8de48aa4829,vercel-cron/1.0,info,production,main,MISS,serverless,/api/cron,cryptosignal-ai-ezkj4q9c4-hadayalab-projects-projects.vercel.app,cryptosignal-ai-ezkj4q9c4-hadayalab-projects-projects.vercel.app,dpl_snnUW69HoSexCn3LbddVCnPK7rHR,,,,,"📊 Miner Position Index (BTC): -0.5211564700986901 raw: {""date"":""2025-12-23"",""mpi"":-0.5211564700986901}",prj_tTazyIAJqpeYJ5JCTm3wmiNgPNWd,,,,,
2025-12-24 23:30:03,1766619003378,cryptosignal-ai-ezkj4q9c4-hadayalab-projects-projects.vercel.app/api/cron,GET,,200,gzhbr-1766619003378-d8de48aa4829,vercel-cron/1.0,,production,main,MISS,serverless,/api/cron,cryptosignal-ai-ezkj4q9c4-hadayalab-projects-projects.vercel.app,cryptosignal-ai-ezkj4q9c4-hadayalab-projects-projects.vercel.app,dpl_snnUW69HoSexCn3LbddVCnPK7rHR,302,iad1,269,2048,,prj_tTazyIAJqpeYJ5JCTm3wmiNgPNWd,,,01KD9B5EFZR4MHM3J1HSQDTK8G,AHaDQy0PIhwK,1
2025-12-24 23:15:03,1766618103313,cryptosignal-ai-ezkj4q9c4-hadayalab-projects-projects.vercel.app/api/cron,GET,,200,rbnt5-1766618103275-52b4b221eb2f,vercel-cron/1.0,info,production,main,MISS,serverless,/api/cron,cryptosignal-ai-ezkj4q9c4-hadayalab-projects-projects.vercel.app,cryptosignal-ai-ezkj4q9c4-hadayalab-projects-projects.vercel.app,dpl_snnUW69HoSexCn3LbddVCnPK7rHR,,,,,🚀 Cron Job Started: Whale Monitor,prj_tTazyIAJqpeYJ5JCTm3wmiNgPNWd,,,,,
2025-12-24 23:15:03,1766618103313,cryptosignal-ai-ezkj4q9c4-hadayalab-projects-projects.vercel.app/api/cron,GET,,200,rbnt5-1766618103275-52b4b221eb2f,vercel-cron/1.0,info,production,main,MISS,serverless,/api/cron,cryptosignal-ai-ezkj4q9c4-hadayalab-projects-projects.vercel.app,cryptosignal-ai-ezkj4q9c4-hadayalab-projects-projects.vercel.app,dpl_snnUW69HoSexCn3LbddVCnPK7rHR,,,,,"Slot check => utcHour=23, utcMinute=15, isRegularSlot=false, force=false",prj_tTazyIAJqpeYJ5JCTm3wmiNgPNWd,,,,,
2025-12-24 23:15:03,1766618103313,cryptosignal-ai-ezkj4q9c4-hadayalab-projects-projects.vercel.app/api/cron,GET,,200,rbnt5-1766618103275-52b4b221eb2f,vercel-cron/1.0,info,production,main,MISS,serverless,/api/cron,cryptosignal-ai-ezkj4q9c4-hadayalab-projects-projects.vercel.app,cryptosignal-ai-ezkj4q9c4-hadayalab-projects-projects.vercel.app,dpl_snnUW69HoSexCn3LbddVCnPK7rHR,,,,,🌐 Fetching: https://api.cryptoquant.com/v1/btc/exchange-flows/netflow?exchange=all_exchange&window=day&limit=1,prj_tTazyIAJqpeYJ5JCTm3wmiNgPNWd,,,,,
2025-12-24 23:15:03,1766618103315,cryptosignal-ai-ezkj4q9c4-hadayalab-projects-projects.vercel.app/api/cron,GET,,200,rbnt5-1766618103275-52b4b221eb2f,vercel-cron/1.0,info,production,main,MISS,serverless,/api/cron,cryptosignal-ai-ezkj4q9c4-hadayalab-projects-projects.vercel.app,cryptosignal-ai-ezkj4q9c4-hadayalab-projects-projects.vercel.app,dpl_snnUW69HoSexCn3LbddVCnPK7rHR,,,,,🌐 Fetching: https://api.cryptoquant.com/v1/btc/flow-indicator/mpi?window=day&limit=1,prj_tTazyIAJqpeYJ5JCTm3wmiNgPNWd,,,,,
2025-12-24 23:15:03,1766618103513,cryptosignal-ai-ezkj4q9c4-hadayalab-projects-projects.vercel.app/api/cron,GET,,200,rbnt5-1766618103275-52b4b221eb2f,vercel-cron/1.0,info,production,main,MISS,serverless,/api/cron,cryptosignal-ai-ezkj4q9c4-hadayalab-projects-projects.vercel.app,cryptosignal-ai-ezkj4q9c4-hadayalab-projects-projects.vercel.app,dpl_snnUW69HoSexCn3LbddVCnPK7rHR,,,,,"📊 Exchange Netflow (BTC): -11379.222587299999 raw: {""date"":""2025-12-23"",""netflow_total"":-11379.222587299999}",prj_tTazyIAJqpeYJ5JCTm3wmiNgPNWd,,,,,
2025-12-24 23:15:03,1766618103540,cryptosignal-ai-ezkj4q9c4-hadayalab-projects-projects.vercel.app/api/cron,GET,,200,rbnt5-1766618103275-52b4b221eb2f,vercel-cron/1.0,info,production,main,MISS,serverless,/api/cron,cryptosignal-ai-ezkj4q9c4-hadayalab-projects-projects.vercel.app,cryptosignal-ai-ezkj4q9c4-hadayalab-projects-projects.vercel.app,dpl_snnUW69HoSexCn3LbddVCnPK7rHR,,,,,"📊 Miner Position Index (BTC): -0.5211564700986901 raw: {""date"":""2025-12-23"",""mpi"":-0.5211564700986901}",prj_tTazyIAJqpeYJ5JCTm3wmiNgPNWd,,,,,
2025-12-24 23:15:03,1766618103275,cryptosignal-ai-ezkj4q9c4-hadayalab-projects-projects.vercel.app/api/cron,GET,,200,rbnt5-1766618103275-52b4b221eb2f,vercel-cron/1.0,,production,main,MISS,serverless,/api/cron,cryptosignal-ai-ezkj4q9c4-hadayalab-projects-projects.vercel.app,cryptosignal-ai-ezkj4q9c4-hadayalab-projects-projects.vercel.app,dpl_snnUW69HoSexCn3LbddVCnPK7rHR,296,iad1,269,2048,,prj_tTazyIAJqpeYJ5JCTm3wmiNgPNWd,,,01KD9A9ZFTXRQCY693Z64ERZPZ,AHaDQy0PIhwK,1
2025-12-24 23:00:03,1766617203272,cryptosignal-ai-ezkj4q9c4-hadayalab-projects-projects.vercel.app/api/cron,GET,,200,5288d-1766617203201-14f83acf697e,vercel-cron/1.0,info,production,main,MISS,serverless,/api/cron,cryptosignal-ai-ezkj4q9c4-hadayalab-projects-projects.vercel.app,cryptosignal-ai-ezkj4q9c4-hadayalab-projects-projects.vercel.app,dpl_snnUW69HoSexCn3LbddVCnPK7rHR,,,,,🚀 Cron Job Started: Whale Monitor,prj_tTazyIAJqpeYJ5JCTm3wmiNgPNWd,,,,,
2025-12-24 23:00:03,1766617203272,cryptosignal-ai-ezkj4q9c4-hadayalab-projects-projects.vercel.app/api/cron,GET,,200,5288d-1766617203201-14f83acf697e,vercel-cron/1.0,info,production,main,MISS,serverless,/api/cron,cryptosignal-ai-ezkj4q9c4-hadayalab-projects-projects.vercel.app,cryptosignal-ai-ezkj4q9c4-hadayalab-projects-projects.vercel.app,dpl_snnUW69HoSexCn3LbddVCnPK7rHR,,,,,"Slot check => utcHour=23, utcMinute=0, isRegularSlot=false, force=false",prj_tTazyIAJqpeYJ5JCTm3wmiNgPNWd,,,,,
2025-12-24 23:00:03,1766617203272,cryptosignal-ai-ezkj4q9c4-hadayalab-projects-projects.vercel.app/api/cron,GET,,200,5288d-1766617203201-14f83acf697e,vercel-cron/1.0,info,production,main,MISS,serverless,/api/cron,cryptosignal-ai-ezkj4q9c4-hadayalab-projects-projects.vercel.app,cryptosignal-ai-ezkj4q9c4-hadayalab-projects-projects.vercel.app,dpl_snnUW69HoSexCn3LbddVCnPK7rHR,,,,,🌐 Fetching: https://api.cryptoquant.com/v1/btc/exchange-flows/netflow?exchange=all_exchange&window=day&limit=1,prj_tTazyIAJqpeYJ5JCTm3wmiNgPNWd,,,,,
2025-12-24 23:00:03,1766617203272,cryptosignal-ai-ezkj4q9c4-hadayalab-projects-projects.vercel.app/api/cron,GET,,200,5288d-1766617203201-14f83acf697e,vercel-cron/1.0,info,production,main,MISS,serverless,/api/cron,cryptosignal-ai-ezkj4q9c4-hadayalab-projects-projects.vercel.app,cryptosignal-ai-ezkj4q9c4-hadayalab-projects-projects.vercel.app,dpl_snnUW69HoSexCn3LbddVCnPK7rHR,,,,,🌐 Fetching: https://api.cryptoquant.com/v1/btc/flow-indicator/mpi?window=day&limit=1,prj_tTazyIAJqpeYJ5JCTm3wmiNgPNWd,,,,,
2025-12-24 23:00:03,1766617203500,cryptosignal-ai-ezkj4q9c4-hadayalab-projects-projects.vercel.app/api/cron,GET,,200,5288d-1766617203201-14f83acf697e,vercel-cron/1.0,info,production,main,MISS,serverless,/api/cron,cryptosignal-ai-ezkj4q9c4-hadayalab-projects-projects.vercel.app,cryptosignal-ai-ezkj4q9c4-hadayalab-projects-projects.vercel.app,dpl_snnUW69HoSexCn3LbddVCnPK7rHR,,,,,"📊 Miner Position Index (BTC): -0.5211564700986901 raw: {""date"":""2025-12-23"",""mpi"":-0.5211564700986901}",prj_tTazyIAJqpeYJ5JCTm3wmiNgPNWd,,,,,
2025-12-24 23:00:03,1766617203515,cryptosignal-ai-ezkj4q9c4-hadayalab-projects-projects.vercel.app/api/cron,GET,,200,5288d-1766617203201-14f83acf697e,vercel-cron/1.0,info,production,main,MISS,serverless,/api/cron,cryptosignal-ai-ezkj4q9c4-hadayalab-projects-projects.vercel.app,cryptosignal-ai-ezkj4q9c4-hadayalab-projects-projects.vercel.app,dpl_snnUW69HoSexCn3LbddVCnPK7rHR,,,,,"📊 Exchange Netflow (BTC): -11379.222587299999 raw: {""date"":""2025-12-23"",""netflow_total"":-11379.222587299999}",prj_tTazyIAJqpeYJ5JCTm3wmiNgPNWd,,,,,
2025-12-24 23:00:03,1766617203201,cryptosignal-ai-ezkj4q9c4-hadayalab-projects-projects.vercel.app/api/cron,GET,,200,5288d-1766617203201-14f83acf697e,vercel-cron/1.0,,production,main,MISS,serverless,/api/cron,cryptosignal-ai-ezkj4q9c4-hadayalab-projects-projects.vercel.app,cryptosignal-ai-ezkj4q9c4-hadayalab-projects-projects.vercel.app,dpl_snnUW69HoSexCn3LbddVCnPK7rHR,327,iad1,267,2048,,prj_tTazyIAJqpeYJ5JCTm3wmiNgPNWd,,,01KD99EGH38W6KN5JVHAGM06H7,AHaDQy0PIhwK,1
2025-12-24 22:45:03,1766616303516,cryptosignal-ai-ezkj4q9c4-hadayalab-projects-projects.vercel.app/api/cron,GET,,200,w8q4q-1766616303465-100913dc9043,vercel-cron/1.0,info,production,main,MISS,serverless,/api/cron,cryptosignal-ai-ezkj4q9c4-hadayalab-projects-projects.vercel.app,cryptosignal-ai-ezkj4q9c4-hadayalab-projects-projects.vercel.app,dpl_snnUW69HoSexCn3LbddVCnPK7rHR,,,,,🚀 Cron Job Started: Whale Monitor,prj_tTazyIAJqpeYJ5JCTm3wmiNgPNWd,,,,,
2025-12-24 22:45:03,1766616303516,cryptosignal-ai-ezkj4q9c4-hadayalab-projects-projects.vercel.app/api/cron,GET,,200,w8q4q-1766616303465-100913dc9043,vercel-cron/1.0,info,production,main,MISS,serverless,/api/cron,cryptosignal-ai-ezkj4q9c4-hadayalab-projects-projects.vercel.app,cryptosignal-ai-ezkj4q9c4-hadayalab-projects-projects.vercel.app,dpl_snnUW69HoSexCn3LbddVCnPK7rHR,,,,,"Slot check => utcHour=22, utcMinute=45, isRegularSlot=false, force=false",prj_tTazyIAJqpeYJ5JCTm3wmiNgPNWd,,,,,
2025-12-24 22:45:03,1766616303516,cryptosignal-ai-ezkj4q9c4-hadayalab-projects-projects.vercel.app/api/cron,GET,,200,w8q4q-1766616303465-100913dc9043,vercel-cron/1.0,info,production,main,MISS,serverless,/api/cron,cryptosignal-ai-ezkj4q9c4-hadayalab-projects-projects.vercel.app,cryptosignal-ai-ezkj4q9c4-hadayalab-projects-projects.vercel.app,dpl_snnUW69HoSexCn3LbddVCnPK7rHR,,,,,🌐 Fetching: https://api.cryptoquant.com/v1/btc/exchange-flows/netflow?exchange=all_exchange&window=day&limit=1,prj_tTazyIAJqpeYJ5JCTm3wmiNgPNWd,,,,,
2025-12-24 22:45:03,1766616303516,cryptosignal-ai-ezkj4q9c4-hadayalab-projects-projects.vercel.app/api/cron,GET,,200,w8q4q-1766616303465-100913dc9043,vercel-cron/1.0,info,production,main,MISS,serverless,/api/cron,cryptosignal-ai-ezkj4q9c4-hadayalab-projects-projects.vercel.app,cryptosignal-ai-ezkj4q9c4-hadayalab-projects-projects.vercel.app,dpl_snnUW69HoSexCn3LbddVCnPK7rHR,,,,,🌐 Fetching: https://api.cryptoquant.com/v1/btc/flow-indicator/mpi?window=day&limit=1,prj_tTazyIAJqpeYJ5JCTm3wmiNgPNWd,,,,,
2025-12-24 22:45:03,1766616303723,cryptosignal-ai-ezkj4q9c4-hadayalab-projects-projects.vercel.app/api/cron,GET,,200,w8q4q-1766616303465-100913dc9043,vercel-cron/1.0,info,production,main,MISS,serverless,/api/cron,cryptosignal-ai-ezkj4q9c4-hadayalab-projects-projects.vercel.app,cryptosignal-ai-ezkj4q9c4-hadayalab-projects-projects.vercel.app,dpl_snnUW69HoSexCn3LbddVCnPK7rHR,,,,,"📊 Exchange Netflow (BTC): -11379.222587299999 raw: {""date"":""2025-12-23"",""netflow_total"":-11379.222587299999}",prj_tTazyIAJqpeYJ5JCTm3wmiNgPNWd,,,,,
2025-12-24 22:45:03,1766616303723,cryptosignal-ai-ezkj4q9c4-hadayalab-projects-projects.vercel.app/api/cron,GET,,200,w8q4q-1766616303465-100913dc9043,vercel-cron/1.0,info,production,main,MISS,serverless,/api/cron,cryptosignal-ai-ezkj4q9c4-hadayalab-projects-projects.vercel.app,cryptosignal-ai-ezkj4q9c4-hadayalab-projects-projects.vercel.app,dpl_snnUW69HoSexCn3LbddVCnPK7rHR,,,,,"📊 Miner Position Index (BTC): -0.5211564700986901 raw: {""date"":""2025-12-23"",""mpi"":-0.5211564700986901}",prj_tTazyIAJqpeYJ5JCTm3wmiNgPNWd,,,,,
2025-12-24 22:45:03,1766616303465,cryptosignal-ai-ezkj4q9c4-hadayalab-projects-projects.vercel.app/api/cron,GET,,200,w8q4q-1766616303465-100913dc9043,vercel-cron/1.0,,production,main,MISS,serverless,/api/cron,cryptosignal-ai-ezkj4q9c4-hadayalab-projects-projects.vercel.app,cryptosignal-ai-ezkj4q9c4-hadayalab-projects-projects.vercel.app,dpl_snnUW69HoSexCn3LbddVCnPK7rHR,276,iad1,265,2048,,prj_tTazyIAJqpeYJ5JCTm3wmiNgPNWd,,,01KD98K1VT0R3G3V2PS8RGE9MK,AHaDQy0PIhwK,1
2025-12-24 22:30:03,1766615403230,cryptosignal-ai-ezkj4q9c4-hadayalab-projects-projects.vercel.app/api/cron,GET,,200,m5t2z-1766615403078-9251095810e8,vercel-cron/1.0,info,production,main,MISS,serverless,/api/cron,cryptosignal-ai-ezkj4q9c4-hadayalab-projects-projects.vercel.app,cryptosignal-ai-ezkj4q9c4-hadayalab-projects-projects.vercel.app,dpl_snnUW69HoSexCn3LbddVCnPK7rHR,,,,,🚀 Cron Job Started: Whale Monitor,prj_tTazyIAJqpeYJ5JCTm3wmiNgPNWd,,,,,
2025-12-24 22:30:03,1766615403230,cryptosignal-ai-ezkj4q9c4-hadayalab-projects-projects.vercel.app/api/cron,GET,,200,m5t2z-1766615403078-9251095810e8,vercel-cron/1.0,info,production,main,MISS,serverless,/api/cron,cryptosignal-ai-ezkj4q9c4-hadayalab-projects-projects.vercel.app,cryptosignal-ai-ezkj4q9c4-hadayalab-projects-projects.vercel.app,dpl_snnUW69HoSexCn3LbddVCnPK7rHR,,,,,"Slot check => utcHour=22, utcMinute=30, isRegularSlot=false, force=false",prj_tTazyIAJqpeYJ5JCTm3wmiNgPNWd,,,,,
2025-12-24 22:30:03,1766615403230,cryptosignal-ai-ezkj4q9c4-hadayalab-projects-projects.vercel.app/api/cron,GET,,200,m5t2z-1766615403078-9251095810e8,vercel-cron/1.0,info,production,main,MISS,serverless,/api/cron,cryptosignal-ai-ezkj4q9c4-hadayalab-projects-projects.vercel.app,cryptosignal-ai-ezkj4q9c4-hadayalab-projects-projects.vercel.app,dpl_snnUW69HoSexCn3LbddVCnPK7rHR,,,,,🌐 Fetching: https://api.cryptoquant.com/v1/btc/exchange-flows/netflow?exchange=all_exchange&window=day&limit=1,prj_tTazyIAJqpeYJ5JCTm3wmiNgPNWd,,,,,
2025-12-24 22:30:03,1766615403314,cryptosignal-ai-ezkj4q9c4-hadayalab-projects-projects.vercel.app/api/cron,GET,,200,m5t2z-1766615403078-9251095810e8,vercel-cron/1.0,info,production,main,MISS,serverless,/api/cron,cryptosignal-ai-ezkj4q9c4-hadayalab-projects-projects.vercel.app,cryptosignal-ai-ezkj4q9c4-hadayalab-projects-projects.vercel.app,dpl_snnUW69HoSexCn3LbddVCnPK7rHR,,,,,🌐 Fetching: https://api.cryptoquant.com/v1/btc/flow-indicator/mpi?window=day&limit=1,prj_tTazyIAJqpeYJ5JCTm3wmiNgPNWd,,,,,
2025-12-24 22:30:03,1766615403315,cryptosignal-ai-ezkj4q9c4-hadayalab-projects-projects.vercel.app/api/cron,GET,,200,m5t2z-1766615403078-9251095810e8,vercel-cron/1.0,error,production,main,MISS,serverless,/api/cron,cryptosignal-ai-ezkj4q9c4-hadayalab-projects-projects.vercel.app,cryptosignal-ai-ezkj4q9c4-hadayalab-projects-projects.vercel.app,dpl_snnUW69HoSexCn3LbddVCnPK7rHR,,,,,"(node:4) [DEP0169] DeprecationWarning: `url.parse()` behavior is not standardized and prone to errors that have security implications. Use the WHATWG URL API instead. CVEs are not issued for `url.parse()` vulnerabilities.
(Use `node --trace-deprecation ...` to show where the warning was created)",prj_tTazyIAJqpeYJ5JCTm3wmiNgPNWd,,,,,
2025-12-24 22:30:03,1766615403525,cryptosignal-ai-ezkj4q9c4-hadayalab-projects-projects.vercel.app/api/cron,GET,,200,m5t2z-1766615403078-9251095810e8,vercel-cron/1.0,info,production,main,MISS,serverless,/api/cron,cryptosignal-ai-ezkj4q9c4-hadayalab-projects-projects.vercel.app,cryptosignal-ai-ezkj4q9c4-hadayalab-projects-projects.vercel.app,dpl_snnUW69HoSexCn3LbddVCnPK7rHR,,,,,"📊 Exchange Netflow (BTC): -11379.222587299999 raw: {""date"":""2025-12-23"",""netflow_total"":-11379.222587299999}",prj_tTazyIAJqpeYJ5JCTm3wmiNgPNWd,,,,,
2025-12-24 22:30:03,1766615403708,cryptosignal-ai-ezkj4q9c4-hadayalab-projects-projects.vercel.app/api/cron,GET,,200,m5t2z-1766615403078-9251095810e8,vercel-cron/1.0,info,production,main,MISS,serverless,/api/cron,cryptosignal-ai-ezkj4q9c4-hadayalab-projects-projects.vercel.app,cryptosignal-ai-ezkj4q9c4-hadayalab-projects-projects.vercel.app,dpl_snnUW69HoSexCn3LbddVCnPK7rHR,,,,,"📊 Miner Position Index (BTC): -0.5211564700986901 raw: {""date"":""2025-12-23"",""mpi"":-0.5211564700986901}",prj_tTazyIAJqpeYJ5JCTm3wmiNgPNWd,,,,,
2025-12-24 22:30:03,1766615403078,cryptosignal-ai-ezkj4q9c4-hadayalab-projects-projects.vercel.app/api/cron,GET,,200,m5t2z-1766615403078-9251095810e8,vercel-cron/1.0,,production,main,MISS,serverless,/api/cron,cryptosignal-ai-ezkj4q9c4-hadayalab-projects-projects.vercel.app,cryptosignal-ai-ezkj4q9c4-hadayalab-projects-projects.vercel.app,dpl_snnUW69HoSexCn3LbddVCnPK7rHR,583,iad1,266,2048,,prj_tTazyIAJqpeYJ5JCTm3wmiNgPNWd,,,01KD97QJP4SEYDANTWDP3RRKM5,AHaDQy0PIhwK,1
2025-12-24 22:15:03,1766614503183,cryptosignal-ai-ezkj4q9c4-hadayalab-projects-projects.vercel.app/api/cron,GET,,200,mjtkq-1766614503128-a36771b99da1,vercel-cron/1.0,info,production,main,MISS,serverless,/api/cron,cryptosignal-ai-ezkj4q9c4-hadayalab-projects-projects.vercel.app,cryptosignal-ai-ezkj4q9c4-hadayalab-projects-projects.vercel.app,dpl_snnUW69HoSexCn3LbddVCnPK7rHR,,,,,🚀 Cron Job Started: Whale Monitor,prj_tTazyIAJqpeYJ5JCTm3wmiNgPNWd,,,,,
2025-12-24 22:15:03,1766614503183,cryptosignal-ai-ezkj4q9c4-hadayalab-projects-projects.vercel.app/api/cron,GET,,200,mjtkq-1766614503128-a36771b99da1,vercel-cron/1.0,info,production,main,MISS,serverless,/api/cron,cryptosignal-ai-ezkj4q9c4-hadayalab-projects-projects.vercel.app,cryptosignal-ai-ezkj4q9c4-hadayalab-projects-projects.vercel.app,dpl_snnUW69HoSexCn3LbddVCnPK7rHR,,,,,"Slot check => utcHour=22, utcMinute=15, isRegularSlot=false, force=false",prj_tTazyIAJqpeYJ5JCTm3wmiNgPNWd,,,,,
2025-12-24 22:15:03,1766614503183,cryptosignal-ai-ezkj4q9c4-hadayalab-projects-projects.vercel.app/api/cron,GET,,200,mjtkq-1766614503128-a36771b99da1,vercel-cron/1.0,info,production,main,MISS,serverless,/api/cron,cryptosignal-ai-ezkj4q9c4-hadayalab-projects-projects.vercel.app,cryptosignal-ai-ezkj4q9c4-hadayalab-projects-projects.vercel.app,dpl_snnUW69HoSexCn3LbddVCnPK7rHR,,,,,🌐 Fetching: https://api.cryptoquant.com/v1/btc/exchange-flows/netflow?exchange=all_exchange&window=day&limit=1,prj_tTazyIAJqpeYJ5JCTm3wmiNgPNWd,,,,,
2025-12-24 22:15:03,1766614503183,cryptosignal-ai-ezkj4q9c4-hadayalab-projects-projects.vercel.app/api/cron,GET,,200,mjtkq-1766614503128-a36771b99da1,vercel-cron/1.0,info,production,main,MISS,serverless,/api/cron,cryptosignal-ai-ezkj4q9c4-hadayalab-projects-projects.vercel.app,cryptosignal-ai-ezkj4q9c4-hadayalab-projects-projects.vercel.app,dpl_snnUW69HoSexCn3LbddVCnPK7rHR,,,,,🌐 Fetching: https://api.cryptoquant.com/v1/btc/flow-indicator/mpi?window=day&limit=1,prj_tTazyIAJqpeYJ5JCTm3wmiNgPNWd,,,,,
2025-12-24 22:15:03,1766614503394,cryptosignal-ai-ezkj4q9c4-hadayalab-projects-projects.vercel.app/api/cron,GET,,200,mjtkq-1766614503128-a36771b99da1,vercel-cron/1.0,info,production,main,MISS,serverless,/api/cron,cryptosignal-ai-ezkj4q9c4-hadayalab-projects-projects.vercel.app,cryptosignal-ai-ezkj4q9c4-hadayalab-projects-projects.vercel.app,dpl_snnUW69HoSexCn3LbddVCnPK7rHR,,,,,"📊 Exchange Netflow (BTC): -11379.222587299999 raw: {""date"":""2025-12-23"",""netflow_total"":-11379.222587299999}",prj_tTazyIAJqpeYJ5JCTm3wmiNgPNWd,,,,,
2025-12-24 22:15:03,1766614503422,cryptosignal-ai-ezkj4q9c4-hadayalab-projects-projects.vercel.app/api/cron,GET,,200,mjtkq-1766614503128-a36771b99da1,vercel-cron/1.0,info,production,main,MISS,serverless,/api/cron,cryptosignal-ai-ezkj4q9c4-hadayalab-projects-projects.vercel.app,cryptosignal-ai-ezkj4q9c4-hadayalab-projects-projects.vercel.app,dpl_snnUW69HoSexCn3LbddVCnPK7rHR,,,,,"📊 Miner Position Index (BTC): -0.5211564700986901 raw: {""date"":""2025-12-23"",""mpi"":-0.5211564700986901}",prj_tTazyIAJqpeYJ5JCTm3wmiNgPNWd,,,,,
2025-12-24 22:15:03,1766614503128,cryptosignal-ai-ezkj4q9c4-hadayalab-projects-projects.vercel.app/api/cron,GET,,200,mjtkq-1766614503128-a36771b99da1,vercel-cron/1.0,,production,main,MISS,serverless,/api/cron,cryptosignal-ai-ezkj4q9c4-hadayalab-projects-projects.vercel.app,cryptosignal-ai-ezkj4q9c4-hadayalab-projects-projects.vercel.app,dpl_snnUW69HoSexCn3LbddVCnPK7rHR,320,iad1,271,2048,,prj_tTazyIAJqpeYJ5JCTm3wmiNgPNWd,,,01KD96W3QRRA3APEZ7E7A6TZ6K,1NBhnRZFlhyk,1
2025-12-24 22:00:03,1766613603301,cryptosignal-ai-ezkj4q9c4-hadayalab-projects-projects.vercel.app/api/cron,GET,,200,67jwq-1766613603261-086674af59cd,vercel-cron/1.0,info,production,main,MISS,serverless,/api/cron,cryptosignal-ai-ezkj4q9c4-hadayalab-projects-projects.vercel.app,cryptosignal-ai-ezkj4q9c4-hadayalab-projects-projects.vercel.app,dpl_snnUW69HoSexCn3LbddVCnPK7rHR,,,,,🚀 Cron Job Started: Whale Monitor,prj_tTazyIAJqpeYJ5JCTm3wmiNgPNWd,,,,,
2025-12-24 22:00:03,1766613603301,cryptosignal-ai-ezkj4q9c4-hadayalab-projects-projects.vercel.app/api/cron,GET,,200,67jwq-1766613603261-086674af59cd,vercel-cron/1.0,info,production,main,MISS,serverless,/api/cron,cryptosignal-ai-ezkj4q9c4-hadayalab-projects-projects.vercel.app,cryptosignal-ai-ezkj4q9c4-hadayalab-projects-projects.vercel.app,dpl_snnUW69HoSexCn3LbddVCnPK7rHR,,,,,"Slot check => utcHour=22, utcMinute=0, isRegularSlot=false, force=false",prj_tTazyIAJqpeYJ5JCTm3wmiNgPNWd,,,,,
2025-12-24 22:00:03,1766613603301,cryptosignal-ai-ezkj4q9c4-hadayalab-projects-projects.vercel.app/api/cron,GET,,200,67jwq-1766613603261-086674af59cd,vercel-cron/1.0,info,production,main,MISS,serverless,/api/cron,cryptosignal-ai-ezkj4q9c4-hadayalab-projects-projects.vercel.app,cryptosignal-ai-ezkj4q9c4-hadayalab-projects-projects.vercel.app,dpl_snnUW69HoSexCn3LbddVCnPK7rHR,,,,,🌐 Fetching: https://api.cryptoquant.com/v1/btc/exchange-flows/netflow?exchange=all_exchange&window=day&limit=1,prj_tTazyIAJqpeYJ5JCTm3wmiNgPNWd,,,,,
2025-12-24 22:00:03,1766613603301,cryptosignal-ai-ezkj4q9c4-hadayalab-projects-projects.vercel.app/api/cron,GET,,200,67jwq-1766613603261-086674af59cd,vercel-cron/1.0,info,production,main,MISS,serverless,/api/cron,cryptosignal-ai-ezkj4q9c4-hadayalab-projects-projects.vercel.app,cryptosignal-ai-ezkj4q9c4-hadayalab-projects-projects.vercel.app,dpl_snnUW69HoSexCn3LbddVCnPK7rHR,,,,,🌐 Fetching: https://api.cryptoquant.com/v1/btc/flow-indicator/mpi?window=day&limit=1,prj_tTazyIAJqpeYJ5JCTm3wmiNgPNWd,,,,,
2025-12-24 22:00:03,1766613603519,cryptosignal-ai-ezkj4q9c4-hadayalab-projects-projects.vercel.app/api/cron,GET,,200,67jwq-1766613603261-086674af59cd,vercel-cron/1.0,info,production,main,MISS,serverless,/api/cron,cryptosignal-ai-ezkj4q9c4-hadayalab-projects-projects.vercel.app,cryptosignal-ai-ezkj4q9c4-hadayalab-projects-projects.vercel.app,dpl_snnUW69HoSexCn3LbddVCnPK7rHR,,,,,"📊 Exchange Netflow (BTC): -11379.222587299999 raw: {""date"":""2025-12-23"",""netflow_total"":-11379.222587299999}",prj_tTazyIAJqpeYJ5JCTm3wmiNgPNWd,,,,,
2025-12-24 22:00:03,1766613603537,cryptosignal-ai-ezkj4q9c4-hadayalab-projects-projects.vercel.app/api/cron,GET,,200,67jwq-1766613603261-086674af59cd,vercel-cron/1.0,info,production,main,MISS,serverless,/api/cron,cryptosignal-ai-ezkj4q9c4-hadayalab-projects-projects.vercel.app,cryptosignal-ai-ezkj4q9c4-hadayalab-projects-projects.vercel.app,dpl_snnUW69HoSexCn3LbddVCnPK7rHR,,,,,"📊 Miner Position Index (BTC): -0.5211564700986901 raw: {""date"":""2025-12-23"",""mpi"":-0.5211564700986901}",prj_tTazyIAJqpeYJ5JCTm3wmiNgPNWd,,,,,
2025-12-24 22:00:03,1766613603261,cryptosignal-ai-ezkj4q9c4-hadayalab-projects-projects.vercel.app/api/cron,GET,,200,67jwq-1766613603261-086674af59cd,vercel-cron/1.0,,production,main,MISS,serverless,/api/cron,cryptosignal-ai-ezkj4q9c4-hadayalab-projects-projects.vercel.app,cryptosignal-ai-ezkj4q9c4-hadayalab-projects-projects.vercel.app,dpl_snnUW69HoSexCn3LbddVCnPK7rHR,297,iad1,271,2048,,prj_tTazyIAJqpeYJ5JCTm3wmiNgPNWd,,,01KD960MYBH2049S3DE4R2H39M,1NBhnRZFlhyk,1
2025-12-24 21:45:03,1766612703152,cryptosignal-ai-ezkj4q9c4-hadayalab-projects-projects.vercel.app/api/cron,GET,,200,rdm9r-1766612703099-8a438334151b,vercel-cron/1.0,info,production,main,MISS,serverless,/api/cron,cryptosignal-ai-ezkj4q9c4-hadayalab-projects-projects.vercel.app,cryptosignal-ai-ezkj4q9c4-hadayalab-projects-projects.vercel.app,dpl_snnUW69HoSexCn3LbddVCnPK7rHR,,,,,🚀 Cron Job Started: Whale Monitor,prj_tTazyIAJqpeYJ5JCTm3wmiNgPNWd,,,,,
2025-12-24 21:45:03,1766612703152,cryptosignal-ai-ezkj4q9c4-hadayalab-projects-projects.vercel.app/api/cron,GET,,200,rdm9r-1766612703099-8a438334151b,vercel-cron/1.0,info,production,main,MISS,serverless,/api/cron,cryptosignal-ai-ezkj4q9c4-hadayalab-projects-projects.vercel.app,cryptosignal-ai-ezkj4q9c4-hadayalab-projects-projects.vercel.app,dpl_snnUW69HoSexCn3LbddVCnPK7rHR,,,,,"Slot check => utcHour=21, utcMinute=45, isRegularSlot=false, force=false",prj_tTazyIAJqpeYJ5JCTm3wmiNgPNWd,,,,,
2025-12-24 21:45:03,1766612703152,cryptosignal-ai-ezkj4q9c4-hadayalab-projects-projects.vercel.app/api/cron,GET,,200,rdm9r-1766612703099-8a438334151b,vercel-cron/1.0,info,production,main,MISS,serverless,/api/cron,cryptosignal-ai-ezkj4q9c4-hadayalab-projects-projects.vercel.app,cryptosignal-ai-ezkj4q9c4-hadayalab-projects-projects.vercel.app,dpl_snnUW69HoSexCn3LbddVCnPK7rHR,,,,,🌐 Fetching: https://api.cryptoquant.com/v1/btc/exchange-flows/netflow?exchange=all_exchange&window=day&limit=1,prj_tTazyIAJqpeYJ5JCTm3wmiNgPNWd,,,,,
2025-12-24 21:45:03,1766612703152,cryptosignal-ai-ezkj4q9c4-hadayalab-projects-projects.vercel.app/api/cron,GET,,200,rdm9r-1766612703099-8a438334151b,vercel-cron/1.0,info,production,main,MISS,serverless,/api/cron,cryptosignal-ai-ezkj4q9c4-hadayalab-projects-projects.vercel.app,cryptosignal-ai-ezkj4q9c4-hadayalab-projects-projects.vercel.app,dpl_snnUW69HoSexCn3LbddVCnPK7rHR,,,,,🌐 Fetching: https://api.cryptoquant.com/v1/btc/flow-indicator/mpi?window=day&limit=1,prj_tTazyIAJqpeYJ5JCTm3wmiNgPNWd,,,,,
2025-12-24 21:45:03,1766612703324,cryptosignal-ai-ezkj4q9c4-hadayalab-projects-projects.vercel.app/api/cron,GET,,200,rdm9r-1766612703099-8a438334151b,vercel-cron/1.0,info,production,main,MISS,serverless,/api/cron,cryptosignal-ai-ezkj4q9c4-hadayalab-projects-projects.vercel.app,cryptosignal-ai-ezkj4q9c4-hadayalab-projects-projects.vercel.app,dpl_snnUW69HoSexCn3LbddVCnPK7rHR,,,,,"📊 Exchange Netflow (BTC): -11379.222587299999 raw: {""date"":""2025-12-23"",""netflow_total"":-11379.222587299999}",prj_tTazyIAJqpeYJ5JCTm3wmiNgPNWd,,,,,
2025-12-24 21:45:03,1766612703418,cryptosignal-ai-ezkj4q9c4-hadayalab-projects-projects.vercel.app/api/cron,GET,,200,rdm9r-1766612703099-8a438334151b,vercel-cron/1.0,info,production,main,MISS,serverless,/api/cron,cryptosignal-ai-ezkj4q9c4-hadayalab-projects-projects.vercel.app,cryptosignal-ai-ezkj4q9c4-hadayalab-projects-projects.vercel.app,dpl_snnUW69HoSexCn3LbddVCnPK7rHR,,,,,"📊 Miner Position Index (BTC): -0.5211564700986901 raw: {""date"":""2025-12-23"",""mpi"":-0.5211564700986901}",prj_tTazyIAJqpeYJ5JCTm3wmiNgPNWd,,,,,
2025-12-24 21:45:03,1766612703099,cryptosignal-ai-ezkj4q9c4-hadayalab-projects-projects.vercel.app/api/cron,GET,,200,rdm9r-1766612703099-8a438334151b,vercel-cron/1.0,,production,main,MISS,serverless,/api/cron,cryptosignal-ai-ezkj4q9c4-hadayalab-projects-projects.vercel.app,cryptosignal-ai-ezkj4q9c4-hadayalab-projects-projects.vercel.app,dpl_snnUW69HoSexCn3LbddVCnPK7rHR,370,iad1,270,2048,,prj_tTazyIAJqpeYJ5JCTm3wmiNgPNWd,,,01KD9555WBNDNS2ABEQTWNCYV3,1NBhnRZFlhyk,1
2025-12-24 21:30:03,1766611803145,cryptosignal-ai-ezkj4q9c4-hadayalab-projects-projects.vercel.app/api/cron,GET,,200,c7fgp-1766611803070-0bc2c598d8a5,vercel-cron/1.0,info,production,main,MISS,serverless,/api/cron,cryptosignal-ai-ezkj4q9c4-hadayalab-projects-projects.vercel.app,cryptosignal-ai-ezkj4q9c4-hadayalab-projects-projects.vercel.app,dpl_snnUW69HoSexCn3LbddVCnPK7rHR,,,,,🚀 Cron Job Started: Whale Monitor,prj_tTazyIAJqpeYJ5JCTm3wmiNgPNWd,,,,,
2025-12-24 21:30:03,1766611803145,cryptosignal-ai-ezkj4q9c4-hadayalab-projects-projects.vercel.app/api/cron,GET,,200,c7fgp-1766611803070-0bc2c598d8a5,vercel-cron/1.0,info,production,main,MISS,serverless,/api/cron,cryptosignal-ai-ezkj4q9c4-hadayalab-projects-projects.vercel.app,cryptosignal-ai-ezkj4q9c4-hadayalab-projects-projects.vercel.app,dpl_snnUW69HoSexCn3LbddVCnPK7rHR,,,,,"Slot check => utcHour=21, utcMinute=30, isRegularSlot=false, force=false",prj_tTazyIAJqpeYJ5JCTm3wmiNgPNWd,,,,,
2025-12-24 21:30:03,1766611803145,cryptosignal-ai-ezkj4q9c4-hadayalab-projects-projects.vercel.app/api/cron,GET,,200,c7fgp-1766611803070-0bc2c598d8a5,vercel-cron/1.0,info,production,main,MISS,serverless,/api/cron,cryptosignal-ai-ezkj4q9c4-hadayalab-projects-projects.vercel.app,cryptosignal-ai-ezkj4q9c4-hadayalab-projects-projects.vercel.app,dpl_snnUW69HoSexCn3LbddVCnPK7rHR,,,,,🌐 Fetching: https://api.cryptoquant.com/v1/btc/exchange-flows/netflow?exchange=all_exchange&window=day&limit=1,prj_tTazyIAJqpeYJ5JCTm3wmiNgPNWd,,,,,
2025-12-24 21:30:03,1766611803146,cryptosignal-ai-ezkj4q9c4-hadayalab-projects-projects.vercel.app/api/cron,GET,,200,c7fgp-1766611803070-0bc2c598d8a5,vercel-cron/1.0,info,production,main,MISS,serverless,/api/cron,cryptosignal-ai-ezkj4q9c4-hadayalab-projects-projects.vercel.app,cryptosignal-ai-ezkj4q9c4-hadayalab-projects-projects.vercel.app,dpl_snnUW69HoSexCn3LbddVCnPK7rHR,,,,,🌐 Fetching: https://api.cryptoquant.com/v1/btc/flow-indicator/mpi?window=day&limit=1,prj_tTazyIAJqpeYJ5JCTm3wmiNgPNWd,,,,,
2025-12-24 21:30:03,1766611803361,cryptosignal-ai-ezkj4q9c4-hadayalab-projects-projects.vercel.app/api/cron,GET,,200,c7fgp-1766611803070-0bc2c598d8a5,vercel-cron/1.0,info,production,main,MISS,serverless,/api/cron,cryptosignal-ai-ezkj4q9c4-hadayalab-projects-projects.vercel.app,cryptosignal-ai-ezkj4q9c4-hadayalab-projects-projects.vercel.app,dpl_snnUW69HoSexCn3LbddVCnPK7rHR,,,,,"📊 Miner Position Index (BTC): -0.5211564700986901 raw: {""date"":""2025-12-23"",""mpi"":-0.5211564700986901}",prj_tTazyIAJqpeYJ5JCTm3wmiNgPNWd,,,,,
2025-12-24 21:30:03,1766611803368,cryptosignal-ai-ezkj4q9c4-hadayalab-projects-projects.vercel.app/api/cron,GET,,200,c7fgp-1766611803070-0bc2c598d8a5,vercel-cron/1.0,info,production,main,MISS,serverless,/api/cron,cryptosignal-ai-ezkj4q9c4-hadayalab-projects-projects.vercel.app,cryptosignal-ai-ezkj4q9c4-hadayalab-projects-projects.vercel.app,dpl_snnUW69HoSexCn3LbddVCnPK7rHR,,,,,"📊 Exchange Netflow (BTC): -11379.222587299999 raw: {""date"":""2025-12-23"",""netflow_total"":-11379.222587299999}",prj_tTazyIAJqpeYJ5JCTm3wmiNgPNWd,,,,,
2025-12-24 21:30:03,1766611803070,cryptosignal-ai-ezkj4q9c4-hadayalab-projects-projects.vercel.app/api/cron,GET,,200,c7fgp-1766611803070-0bc2c598d8a5,vercel-cron/1.0,,production,main,MISS,serverless,/api/cron,cryptosignal-ai-ezkj4q9c4-hadayalab-projects-projects.vercel.app,cryptosignal-ai-ezkj4q9c4-hadayalab-projects-projects.vercel.app,dpl_snnUW69HoSexCn3LbddVCnPK7rHR,310,iad1,269,2048,,prj_tTazyIAJqpeYJ5JCTm3wmiNgPNWd,,,01KD949PZ22KG4S1PQGXVVKDCE,1NBhnRZFlhyk,1
2025-12-24 21:15:03,1766610903128,cryptosignal-ai-ezkj4q9c4-hadayalab-projects-projects.vercel.app/api/cron,GET,,200,k2jlv-1766610903090-2439bb2688c1,vercel-cron/1.0,info,production,main,MISS,serverless,/api/cron,cryptosignal-ai-ezkj4q9c4-hadayalab-projects-projects.vercel.app,cryptosignal-ai-ezkj4q9c4-hadayalab-projects-projects.vercel.app,dpl_snnUW69HoSexCn3LbddVCnPK7rHR,,,,,🚀 Cron Job Started: Whale Monitor,prj_tTazyIAJqpeYJ5JCTm3wmiNgPNWd,,,,,
2025-12-24 21:15:03,1766610903128,cryptosignal-ai-ezkj4q9c4-hadayalab-projects-projects.vercel.app/api/cron,GET,,200,k2jlv-1766610903090-2439bb2688c1,vercel-cron/1.0,info,production,main,MISS,serverless,/api/cron,cryptosignal-ai-ezkj4q9c4-hadayalab-projects-projects.vercel.app,cryptosignal-ai-ezkj4q9c4-hadayalab-projects-projects.vercel.app,dpl_snnUW69HoSexCn3LbddVCnPK7rHR,,,,,"Slot check => utcHour=21, utcMinute=15, isRegularSlot=false, force=false",prj_tTazyIAJqpeYJ5JCTm3wmiNgPNWd,,,,,
2025-12-24 21:15:03,1766610903128,cryptosignal-ai-ezkj4q9c4-hadayalab-projects-projects.vercel.app/api/cron,GET,,200,k2jlv-1766610903090-2439bb2688c1,vercel-cron/1.0,info,production,main,MISS,serverless,/api/cron,cryptosignal-ai-ezkj4q9c4-hadayalab-projects-projects.vercel.app,cryptosignal-ai-ezkj4q9c4-hadayalab-projects-projects.vercel.app,dpl_snnUW69HoSexCn3LbddVCnPK7rHR,,,,,🌐 Fetching: https://api.cryptoquant.com/v1/btc/exchange-flows/netflow?exchange=all_exchange&window=day&limit=1,prj_tTazyIAJqpeYJ5JCTm3wmiNgPNWd,,,,,
2025-12-24 21:15:03,1766610903128,cryptosignal-ai-ezkj4q9c4-hadayalab-projects-projects.vercel.app/api/cron,GET,,200,k2jlv-1766610903090-2439bb2688c1,vercel-cron/1.0,info,production,main,MISS,serverless,/api/cron,cryptosignal-ai-ezkj4q9c4-hadayalab-projects-projects.vercel.app,cryptosignal-ai-ezkj4q9c4-hadayalab-projects-projects.vercel.app,dpl_snnUW69HoSexCn3LbddVCnPK7rHR,,,,,🌐 Fetching: https://api.cryptoquant.com/v1/btc/flow-indicator/mpi?window=day&limit=1,prj_tTazyIAJqpeYJ5JCTm3wmiNgPNWd,,,,,
2025-12-24 21:15:03,1766610903343,cryptosignal-ai-ezkj4q9c4-hadayalab-projects-projects.vercel.app/api/cron,GET,,200,k2jlv-1766610903090-2439bb2688c1,vercel-cron/1.0,info,production,main,MISS,serverless,/api/cron,cryptosignal-ai-ezkj4q9c4-hadayalab-projects-projects.vercel.app,cryptosignal-ai-ezkj4q9c4-hadayalab-projects-projects.vercel.app,dpl_snnUW69HoSexCn3LbddVCnPK7rHR,,,,,"📊 Miner Position Index (BTC): -0.5211564700986901 raw: {""date"":""2025-12-23"",""mpi"":-0.5211564700986901}",prj_tTazyIAJqpeYJ5JCTm3wmiNgPNWd,,,,,
2025-12-24 21:15:03,1766610903487,cryptosignal-ai-ezkj4q9c4-hadayalab-projects-projects.vercel.app/api/cron,GET,,200,k2jlv-1766610903090-2439bb2688c1,vercel-cron/1.0,info,production,main,MISS,serverless,/api/cron,cryptosignal-ai-ezkj4q9c4-hadayalab-projects-projects.vercel.app,cryptosignal-ai-ezkj4q9c4-hadayalab-projects-projects.vercel.app,dpl_snnUW69HoSexCn3LbddVCnPK7rHR,,,,,"📊 Exchange Netflow (BTC): -11379.222587299999 raw: {""date"":""2025-12-23"",""netflow_total"":-11379.222587299999}",prj_tTazyIAJqpeYJ5JCTm3wmiNgPNWd,,,,,
2025-12-24 21:15:03,1766610903090,cryptosignal-ai-ezkj4q9c4-hadayalab-projects-projects.vercel.app/api/cron,GET,,200,k2jlv-1766610903090-2439bb2688c1,vercel-cron/1.0,,production,main,MISS,serverless,/api/cron,cryptosignal-ai-ezkj4q9c4-hadayalab-projects-projects.vercel.app,cryptosignal-ai-ezkj4q9c4-hadayalab-projects-projects.vercel.app,dpl_snnUW69HoSexCn3LbddVCnPK7rHR,433,iad1,269,2048,,prj_tTazyIAJqpeYJ5JCTm3wmiNgPNWd,,,01KD93E820QP59ZG9GCVFJF3B5,1NBhnRZFlhyk,1
2025-12-24 21:00:03,1766610003538,cryptosignal-ai-ezkj4q9c4-hadayalab-projects-projects.vercel.app/api/cron,GET,,200,87wgz-1766610003497-619124482738,vercel-cron/1.0,info,production,main,MISS,serverless,/api/cron,cryptosignal-ai-ezkj4q9c4-hadayalab-projects-projects.vercel.app,cryptosignal-ai-ezkj4q9c4-hadayalab-projects-projects.vercel.app,dpl_snnUW69HoSexCn3LbddVCnPK7rHR,,,,,🚀 Cron Job Started: Whale Monitor,prj_tTazyIAJqpeYJ5JCTm3wmiNgPNWd,,,,,
2025-12-24 21:00:03,1766610003538,cryptosignal-ai-ezkj4q9c4-hadayalab-projects-projects.vercel.app/api/cron,GET,,200,87wgz-1766610003497-619124482738,vercel-cron/1.0,info,production,main,MISS,serverless,/api/cron,cryptosignal-ai-ezkj4q9c4-hadayalab-projects-projects.vercel.app,cryptosignal-ai-ezkj4q9c4-hadayalab-projects-projects.vercel.app,dpl_snnUW69HoSexCn3LbddVCnPK7rHR,,,,,"Slot check => utcHour=21, utcMinute=0, isRegularSlot=false, force=false",prj_tTazyIAJqpeYJ5JCTm3wmiNgPNWd,,,,,
2025-12-24 21:00:03,1766610003538,cryptosignal-ai-ezkj4q9c4-hadayalab-projects-projects.vercel.app/api/cron,GET,,200,87wgz-1766610003497-619124482738,vercel-cron/1.0,info,production,main,MISS,serverless,/api/cron,cryptosignal-ai-ezkj4q9c4-hadayalab-projects-projects.vercel.app,cryptosignal-ai-ezkj4q9c4-hadayalab-projects-projects.vercel.app,dpl_snnUW69HoSexCn3LbddVCnPK7rHR,,,,,🌐 Fetching: https://api.cryptoquant.com/v1/btc/exchange-flows/netflow?exchange=all_exchange&window=day&limit=1,prj_tTazyIAJqpeYJ5JCTm3wmiNgPNWd,,,,,
2025-12-24 21:00:03,1766610003538,cryptosignal-ai-ezkj4q9c4-hadayalab-projects-projects.vercel.app/api/cron,GET,,200,87wgz-1766610003497-619124482738,vercel-cron/1.0,info,production,main,MISS,serverless,/api/cron,cryptosignal-ai-ezkj4q9c4-hadayalab-projects-projects.vercel.app,cryptosignal-ai-ezkj4q9c4-hadayalab-projects-projects.vercel.app,dpl_snnUW69HoSexCn3LbddVCnPK7rHR,,,,,🌐 Fetching: https://api.cryptoquant.com/v1/btc/flow-indicator/mpi?window=day&limit=1,prj_tTazyIAJqpeYJ5JCTm3wmiNgPNWd,,,,,
2025-12-24 21:00:03,1766610003750,cryptosignal-ai-ezkj4q9c4-hadayalab-projects-projects.vercel.app/api/cron,GET,,200,87wgz-1766610003497-619124482738,vercel-cron/1.0,info,production,main,MISS,serverless,/api/cron,cryptosignal-ai-ezkj4q9c4-hadayalab-projects-projects.vercel.app,cryptosignal-ai-ezkj4q9c4-hadayalab-projects-projects.vercel.app,dpl_snnUW69HoSexCn3LbddVCnPK7rHR,,,,,"📊 Miner Position Index (BTC): -0.5211564700986901 raw: {""date"":""2025-12-23"",""mpi"":-0.5211564700986901}",prj_tTazyIAJqpeYJ5JCTm3wmiNgPNWd,,,,,
2025-12-24 21:00:03,1766610003910,cryptosignal-ai-ezkj4q9c4-hadayalab-projects-projects.vercel.app/api/cron,GET,,200,87wgz-1766610003497-619124482738,vercel-cron/1.0,info,production,main,MISS,serverless,/api/cron,cryptosignal-ai-ezkj4q9c4-hadayalab-projects-projects.vercel.app,cryptosignal-ai-ezkj4q9c4-hadayalab-projects-projects.vercel.app,dpl_snnUW69HoSexCn3LbddVCnPK7rHR,,,,,"📊 Exchange Netflow (BTC): -11379.222587299999 raw: {""date"":""2025-12-23"",""netflow_total"":-11379.222587299999}",prj_tTazyIAJqpeYJ5JCTm3wmiNgPNWd,,,,,
2025-12-24 21:00:03,1766610003497,cryptosignal-ai-ezkj4q9c4-hadayalab-projects-projects.vercel.app/api/cron,GET,,200,87wgz-1766610003497-619124482738,vercel-cron/1.0,,production,main,MISS,serverless,/api/cron,cryptosignal-ai-ezkj4q9c4-hadayalab-projects-projects.vercel.app,cryptosignal-ai-ezkj4q9c4-hadayalab-projects-projects.vercel.app,dpl_snnUW69HoSexCn3LbddVCnPK7rHR,437,iad1,268,2048,,prj_tTazyIAJqpeYJ5JCTm3wmiNgPNWd,,,01KD92JSHYZ87PFT7FVJM8Y8DJ,1NBhnRZFlhyk,1
2025-12-24 20:45:03,1766609103131,cryptosignal-ai-ezkj4q9c4-hadayalab-projects-projects.vercel.app/api/cron,GET,,200,48b6b-1766609103061-6b3d7dc55c49,vercel-cron/1.0,info,production,main,MISS,serverless,/api/cron,cryptosignal-ai-ezkj4q9c4-hadayalab-projects-projects.vercel.app,cryptosignal-ai-ezkj4q9c4-hadayalab-projects-projects.vercel.app,dpl_snnUW69HoSexCn3LbddVCnPK7rHR,,,,,🚀 Cron Job Started: Whale Monitor,prj_tTazyIAJqpeYJ5JCTm3wmiNgPNWd,,,,,
2025-12-24 20:45:03,1766609103131,cryptosignal-ai-ezkj4q9c4-hadayalab-projects-projects.vercel.app/api/cron,GET,,200,48b6b-1766609103061-6b3d7dc55c49,vercel-cron/1.0,info,production,main,MISS,serverless,/api/cron,cryptosignal-ai-ezkj4q9c4-hadayalab-projects-projects.vercel.app,cryptosignal-ai-ezkj4q9c4-hadayalab-projects-projects.vercel.app,dpl_snnUW69HoSexCn3LbddVCnPK7rHR,,,,,"Slot check => utcHour=20, utcMinute=45, isRegularSlot=false, force=false",prj_tTazyIAJqpeYJ5JCTm3wmiNgPNWd,,,,,
2025-12-24 20:45:03,1766609103131,cryptosignal-ai-ezkj4q9c4-hadayalab-projects-projects.vercel.app/api/cron,GET,,200,48b6b-1766609103061-6b3d7dc55c49,vercel-cron/1.0,info,production,main,MISS,serverless,/api/cron,cryptosignal-ai-ezkj4q9c4-hadayalab-projects-projects.vercel.app,cryptosignal-ai-ezkj4q9c4-hadayalab-projects-projects.vercel.app,dpl_snnUW69HoSexCn3LbddVCnPK7rHR,,,,,🌐 Fetching: https://api.cryptoquant.com/v1/btc/exchange-flows/netflow?exchange=all_exchange&window=day&limit=1,prj_tTazyIAJqpeYJ5JCTm3wmiNgPNWd,,,,,
2025-12-24 20:45:03,1766609103131,cryptosignal-ai-ezkj4q9c4-hadayalab-projects-projects.vercel.app/api/cron,GET,,200,48b6b-1766609103061-6b3d7dc55c49,vercel-cron/1.0,info,production,main,MISS,serverless,/api/cron,cryptosignal-ai-ezkj4q9c4-hadayalab-projects-projects.vercel.app,cryptosignal-ai-ezkj4q9c4-hadayalab-projects-projects.vercel.app,dpl_snnUW69HoSexCn3LbddVCnPK7rHR,,,,,🌐 Fetching: https://api.cryptoquant.com/v1/btc/flow-indicator/mpi?window=day&limit=1,prj_tTazyIAJqpeYJ5JCTm3wmiNgPNWd,,,,,
2025-12-24 20:45:03,1766609103314,cryptosignal-ai-ezkj4q9c4-hadayalab-projects-projects.vercel.app/api/cron,GET,,200,48b6b-1766609103061-6b3d7dc55c49,vercel-cron/1.0,info,production,main,MISS,serverless,/api/cron,cryptosignal-ai-ezkj4q9c4-hadayalab-projects-projects.vercel.app,cryptosignal-ai-ezkj4q9c4-hadayalab-projects-projects.vercel.app,dpl_snnUW69HoSexCn3LbddVCnPK7rHR,,,,,"📊 Exchange Netflow (BTC): -11379.222587299999 raw: {""date"":""2025-12-23"",""netflow_total"":-11379.222587299999}",prj_tTazyIAJqpeYJ5JCTm3wmiNgPNWd,,,,,
2025-12-24 20:45:03,1766609103322,cryptosignal-ai-ezkj4q9c4-hadayalab-projects-projects.vercel.app/api/cron,GET,,200,48b6b-1766609103061-6b3d7dc55c49,vercel-cron/1.0,info,production,main,MISS,serverless,/api/cron,cryptosignal-ai-ezkj4q9c4-hadayalab-projects-projects.vercel.app,cryptosignal-ai-ezkj4q9c4-hadayalab-projects-projects.vercel.app,dpl_snnUW69HoSexCn3LbddVCnPK7rHR,,,,,"📊 Miner Position Index (BTC): -0.5211564700986901 raw: {""date"":""2025-12-23"",""mpi"":-0.5211564700986901}",prj_tTazyIAJqpeYJ5JCTm3wmiNgPNWd,,,,,
2025-12-24 20:45:03,1766609103061,cryptosignal-ai-ezkj4q9c4-hadayalab-projects-projects.vercel.app/api/cron,GET,,200,48b6b-1766609103061-6b3d7dc55c49,vercel-cron/1.0,,production,main,MISS,serverless,/api/cron,cryptosignal-ai-ezkj4q9c4-hadayalab-projects-projects.vercel.app,cryptosignal-ai-ezkj4q9c4-hadayalab-projects-projects.vercel.app,dpl_snnUW69HoSexCn3LbddVCnPK7rHR,266,iad1,268,2048,,prj_tTazyIAJqpeYJ5JCTm3wmiNgPNWd,,,01KD91QA7Q7BCYQ3KPW08PT84X,1NBhnRZFlhyk,1
2025-12-24 20:30:03,1766608203165,cryptosignal-ai-ezkj4q9c4-hadayalab-projects-projects.vercel.app/api/cron,GET,,200,lzcwv-1766608203116-7cd1170773f7,vercel-cron/1.0,info,production,main,MISS,serverless,/api/cron,cryptosignal-ai-ezkj4q9c4-hadayalab-projects-projects.vercel.app,cryptosignal-ai-ezkj4q9c4-hadayalab-projects-projects.vercel.app,dpl_snnUW69HoSexCn3LbddVCnPK7rHR,,,,,🚀 Cron Job Started: Whale Monitor,prj_tTazyIAJqpeYJ5JCTm3wmiNgPNWd,,,,,
2025-12-24 20:30:03,1766608203165,cryptosignal-ai-ezkj4q9c4-hadayalab-projects-projects.vercel.app/api/cron,GET,,200,lzcwv-1766608203116-7cd1170773f7,vercel-cron/1.0,info,production,main,MISS,serverless,/api/cron,cryptosignal-ai-ezkj4q9c4-hadayalab-projects-projects.vercel.app,cryptosignal-ai-ezkj4q9c4-hadayalab-projects-projects.vercel.app,dpl_snnUW69HoSexCn3LbddVCnPK7rHR,,,,,"Slot check => utcHour=20, utcMinute=30, isRegularSlot=false, force=false",prj_tTazyIAJqpeYJ5JCTm3wmiNgPNWd,,,,,
2025-12-24 20:30:03,1766608203165,cryptosignal-ai-ezkj4q9c4-hadayalab-projects-projects.vercel.app/api/cron,GET,,200,lzcwv-1766608203116-7cd1170773f7,vercel-cron/1.0,info,production,main,MISS,serverless,/api/cron,cryptosignal-ai-ezkj4q9c4-hadayalab-projects-projects.vercel.app,cryptosignal-ai-ezkj4q9c4-hadayalab-projects-projects.vercel.app,dpl_snnUW69HoSexCn3LbddVCnPK7rHR,,,,,🌐 Fetching: https://api.cryptoquant.com/v1/btc/exchange-flows/netflow?exchange=all_exchange&window=day&limit=1,prj_tTazyIAJqpeYJ5JCTm3wmiNgPNWd,,,,,
2025-12-24 20:30:03,1766608203165,cryptosignal-ai-ezkj4q9c4-hadayalab-projects-projects.vercel.app/api/cron,GET,,200,lzcwv-1766608203116-7cd1170773f7,vercel-cron/1.0,info,production,main,MISS,serverless,/api/cron,cryptosignal-ai-ezkj4q9c4-hadayalab-projects-projects.vercel.app,cryptosignal-ai-ezkj4q9c4-hadayalab-projects-projects.vercel.app,dpl_snnUW69HoSexCn3LbddVCnPK7rHR,,,,,🌐 Fetching: https://api.cryptoquant.com/v1/btc/flow-indicator/mpi?window=day&limit=1,prj_tTazyIAJqpeYJ5JCTm3wmiNgPNWd,,,,,
2025-12-24 20:30:03,1766608203379,cryptosignal-ai-ezkj4q9c4-hadayalab-projects-projects.vercel.app/api/cron,GET,,200,lzcwv-1766608203116-7cd1170773f7,vercel-cron/1.0,info,production,main,MISS,serverless,/api/cron,cryptosignal-ai-ezkj4q9c4-hadayalab-projects-projects.vercel.app,cryptosignal-ai-ezkj4q9c4-hadayalab-projects-projects.vercel.app,dpl_snnUW69HoSexCn3LbddVCnPK7rHR,,,,,"📊 Exchange Netflow (BTC): -11379.222587299999 raw: {""date"":""2025-12-23"",""netflow_total"":-11379.222587299999}",prj_tTazyIAJqpeYJ5JCTm3wmiNgPNWd,,,,,
2025-12-24 20:30:03,1766608203390,cryptosignal-ai-ezkj4q9c4-hadayalab-projects-projects.vercel.app/api/cron,GET,,200,lzcwv-1766608203116-7cd1170773f7,vercel-cron/1.0,info,production,main,MISS,serverless,/api/cron,cryptosignal-ai-ezkj4q9c4-hadayalab-projects-projects.vercel.app,cryptosignal-ai-ezkj4q9c4-hadayalab-projects-projects.vercel.app,dpl_snnUW69HoSexCn3LbddVCnPK7rHR,,,,,"📊 Miner Position Index (BTC): -0.5211564700986901 raw: {""date"":""2025-12-23"",""mpi"":-0.5211564700986901}",prj_tTazyIAJqpeYJ5JCTm3wmiNgPNWd,,,,,
2025-12-24 20:30:03,1766608203116,cryptosignal-ai-ezkj4q9c4-hadayalab-projects-projects.vercel.app/api/cron,GET,,200,lzcwv-1766608203116-7cd1170773f7,vercel-cron/1.0,,production,main,MISS,serverless,/api/cron,cryptosignal-ai-ezkj4q9c4-hadayalab-projects-projects.vercel.app,cryptosignal-ai-ezkj4q9c4-hadayalab-projects-projects.vercel.app,dpl_snnUW69HoSexCn3LbddVCnPK7rHR,299,iad1,265,2048,,prj_tTazyIAJqpeYJ5JCTm3wmiNgPNWd,,,01KD90VVC0X0DT0MQS814E70FX,1NBhnRZFlhyk,1
2025-12-24 20:15:03,1766607303249,cryptosignal-ai-ezkj4q9c4-hadayalab-projects-projects.vercel.app/api/cron,GET,,200,48b6b-1766607303203-a1f5a7dd5b43,vercel-cron/1.0,info,production,main,MISS,serverless,/api/cron,cryptosignal-ai-ezkj4q9c4-hadayalab-projects-projects.vercel.app,cryptosignal-ai-ezkj4q9c4-hadayalab-projects-projects.vercel.app,dpl_snnUW69HoSexCn3LbddVCnPK7rHR,,,,,🚀 Cron Job Started: Whale Monitor,prj_tTazyIAJqpeYJ5JCTm3wmiNgPNWd,,,,,
2025-12-24 20:15:03,1766607303250,cryptosignal-ai-ezkj4q9c4-hadayalab-projects-projects.vercel.app/api/cron,GET,,200,48b6b-1766607303203-a1f5a7dd5b43,vercel-cron/1.0,info,production,main,MISS,serverless,/api/cron,cryptosignal-ai-ezkj4q9c4-hadayalab-projects-projects.vercel.app,cryptosignal-ai-ezkj4q9c4-hadayalab-projects-projects.vercel.app,dpl_snnUW69HoSexCn3LbddVCnPK7rHR,,,,,"Slot check => utcHour=20, utcMinute=15, isRegularSlot=false, force=false",prj_tTazyIAJqpeYJ5JCTm3wmiNgPNWd,,,,,
2025-12-24 20:15:03,1766607303250,cryptosignal-ai-ezkj4q9c4-hadayalab-projects-projects.vercel.app/api/cron,GET,,200,48b6b-1766607303203-a1f5a7dd5b43,vercel-cron/1.0,info,production,main,MISS,serverless,/api/cron,cryptosignal-ai-ezkj4q9c4-hadayalab-projects-projects.vercel.app,cryptosignal-ai-ezkj4q9c4-hadayalab-projects-projects.vercel.app,dpl_snnUW69HoSexCn3LbddVCnPK7rHR,,,,,🌐 Fetching: https://api.cryptoquant.com/v1/btc/exchange-flows/netflow?exchange=all_exchange&window=day&limit=1,prj_tTazyIAJqpeYJ5JCTm3wmiNgPNWd,,,,,
2025-12-24 20:15:03,1766607303352,cryptosignal-ai-ezkj4q9c4-hadayalab-projects-projects.vercel.app/api/cron,GET,,200,48b6b-1766607303203-a1f5a7dd5b43,vercel-cron/1.0,info,production,main,MISS,serverless,/api/cron,cryptosignal-ai-ezkj4q9c4-hadayalab-projects-projects.vercel.app,cryptosignal-ai-ezkj4q9c4-hadayalab-projects-projects.vercel.app,dpl_snnUW69HoSexCn3LbddVCnPK7rHR,,,,,🌐 Fetching: https://api.cryptoquant.com/v1/btc/flow-indicator/mpi?window=day&limit=1,prj_tTazyIAJqpeYJ5JCTm3wmiNgPNWd,,,,,
2025-12-24 20:15:03,1766607303361,cryptosignal-ai-ezkj4q9c4-hadayalab-projects-projects.vercel.app/api/cron,GET,,200,48b6b-1766607303203-a1f5a7dd5b43,vercel-cron/1.0,error,production,main,MISS,serverless,/api/cron,cryptosignal-ai-ezkj4q9c4-hadayalab-projects-projects.vercel.app,cryptosignal-ai-ezkj4q9c4-hadayalab-projects-projects.vercel.app,dpl_snnUW69HoSexCn3LbddVCnPK7rHR,,,,,"(node:4) [DEP0169] DeprecationWarning: `url.parse()` behavior is not standardized and prone to errors that have security implications. Use the WHATWG URL API instead. CVEs are not issued for `url.parse()` vulnerabilities.
(Use `node --trace-deprecation ...` to show where the warning was created)",prj_tTazyIAJqpeYJ5JCTm3wmiNgPNWd,,,,,
2025-12-24 20:15:03,1766607303581,cryptosignal-ai-ezkj4q9c4-hadayalab-projects-projects.vercel.app/api/cron,GET,,200,48b6b-1766607303203-a1f5a7dd5b43,vercel-cron/1.0,info,production,main,MISS,serverless,/api/cron,cryptosignal-ai-ezkj4q9c4-hadayalab-projects-projects.vercel.app,cryptosignal-ai-ezkj4q9c4-hadayalab-projects-projects.vercel.app,dpl_snnUW69HoSexCn3LbddVCnPK7rHR,,,,,"📊 Exchange Netflow (BTC): -11379.222587299999 raw: {""date"":""2025-12-23"",""netflow_total"":-11379.222587299999}",prj_tTazyIAJqpeYJ5JCTm3wmiNgPNWd,,,,,
2025-12-24 20:15:03,1766607303602,cryptosignal-ai-ezkj4q9c4-hadayalab-projects-projects.vercel.app/api/cron,GET,,200,48b6b-1766607303203-a1f5a7dd5b43,vercel-cron/1.0,info,production,main,MISS,serverless,/api/cron,cryptosignal-ai-ezkj4q9c4-hadayalab-projects-projects.vercel.app,cryptosignal-ai-ezkj4q9c4-hadayalab-projects-projects.vercel.app,dpl_snnUW69HoSexCn3LbddVCnPK7rHR,,,,,"📊 Miner Position Index (BTC): -0.5211564700986901 raw: {""date"":""2025-12-23"",""mpi"":-0.5211564700986901}",prj_tTazyIAJqpeYJ5JCTm3wmiNgPNWd,,,,,
2025-12-24 20:15:03,1766607303203,cryptosignal-ai-ezkj4q9c4-hadayalab-projects-projects.vercel.app/api/cron,GET,,200,48b6b-1766607303203-a1f5a7dd5b43,vercel-cron/1.0,,production,main,MISS,serverless,/api/cron,cryptosignal-ai-ezkj4q9c4-hadayalab-projects-projects.vercel.app,cryptosignal-ai-ezkj4q9c4-hadayalab-projects-projects.vercel.app,dpl_snnUW69HoSexCn3LbddVCnPK7rHR,468,iad1,265,2048,,prj_tTazyIAJqpeYJ5JCTm3wmiNgPNWd,,,01KD900CHH3D071TFY1B6CFJZ7,1NBhnRZFlhyk,1
2025-12-24 20:00:03,1766606403134,cryptosignal-ai-ezkj4q9c4-hadayalab-projects-projects.vercel.app/api/cron,GET,,200,ndlpt-1766606403077-1849bfbe086d,vercel-cron/1.0,info,production,main,MISS,serverless,/api/cron,cryptosignal-ai-ezkj4q9c4-hadayalab-projects-projects.vercel.app,cryptosignal-ai-ezkj4q9c4-hadayalab-projects-projects.vercel.app,dpl_snnUW69HoSexCn3LbddVCnPK7rHR,,,,,🚀 Cron Job Started: Whale Monitor,prj_tTazyIAJqpeYJ5JCTm3wmiNgPNWd,,,,,
2025-12-24 20:00:03,1766606403134,cryptosignal-ai-ezkj4q9c4-hadayalab-projects-projects.vercel.app/api/cron,GET,,200,ndlpt-1766606403077-1849bfbe086d,vercel-cron/1.0,info,production,main,MISS,serverless,/api/cron,cryptosignal-ai-ezkj4q9c4-hadayalab-projects-projects.vercel.app,cryptosignal-ai-ezkj4q9c4-hadayalab-projects-projects.vercel.app,dpl_snnUW69HoSexCn3LbddVCnPK7rHR,,,,,"Slot check => utcHour=20, utcMinute=0, isRegularSlot=true, force=false",prj_tTazyIAJqpeYJ5JCTm3wmiNgPNWd,,,,,
2025-12-24 20:00:03,1766606403134,cryptosignal-ai-ezkj4q9c4-hadayalab-projects-projects.vercel.app/api/cron,GET,,200,ndlpt-1766606403077-1849bfbe086d,vercel-cron/1.0,info,production,main,MISS,serverless,/api/cron,cryptosignal-ai-ezkj4q9c4-hadayalab-projects-projects.vercel.app,cryptosignal-ai-ezkj4q9c4-hadayalab-projects-projects.vercel.app,dpl_snnUW69HoSexCn3LbddVCnPK7rHR,,,,,🌐 Fetching: https://api.cryptoquant.com/v1/btc/exchange-flows/netflow?exchange=all_exchange&window=day&limit=1,prj_tTazyIAJqpeYJ5JCTm3wmiNgPNWd,,,,,
2025-12-24 20:00:03,1766606403134,cryptosignal-ai-ezkj4q9c4-hadayalab-projects-projects.vercel.app/api/cron,GET,,200,ndlpt-1766606403077-1849bfbe086d,vercel-cron/1.0,info,production,main,MISS,serverless,/api/cron,cryptosignal-ai-ezkj4q9c4-hadayalab-projects-projects.vercel.app,cryptosignal-ai-ezkj4q9c4-hadayalab-projects-projects.vercel.app,dpl_snnUW69HoSexCn3LbddVCnPK7rHR,,,,,🌐 Fetching: https://api.cryptoquant.com/v1/btc/flow-indicator/mpi?window=day&limit=1,prj_tTazyIAJqpeYJ5JCTm3wmiNgPNWd,,,,,
2025-12-24 20:00:03,1766606403366,cryptosignal-ai-ezkj4q9c4-hadayalab-projects-projects.vercel.app/api/cron,GET,,200,ndlpt-1766606403077-1849bfbe086d,vercel-cron/1.0,info,production,main,MISS,serverless,/api/cron,cryptosignal-ai-ezkj4q9c4-hadayalab-projects-projects.vercel.app,cryptosignal-ai-ezkj4q9c4-hadayalab-projects-projects.vercel.app,dpl_snnUW69HoSexCn3LbddVCnPK7rHR,,,,,"📊 Miner Position Index (BTC): -0.5211564700986901 raw: {""date"":""2025-12-23"",""mpi"":-0.5211564700986901}",prj_tTazyIAJqpeYJ5JCTm3wmiNgPNWd,,,,,
2025-12-24 20:00:03,1766606403392,cryptosignal-ai-ezkj4q9c4-hadayalab-projects-projects.vercel.app/api/cron,GET,,200,ndlpt-1766606403077-1849bfbe086d,vercel-cron/1.0,info,production,main,MISS,serverless,/api/cron,cryptosignal-ai-ezkj4q9c4-hadayalab-projects-projects.vercel.app,cryptosignal-ai-ezkj4q9c4-hadayalab-projects-projects.vercel.app,dpl_snnUW69HoSexCn3LbddVCnPK7rHR,,,,,"📊 Exchange Netflow (BTC): -11379.222587299999 raw: {""date"":""2025-12-23"",""netflow_total"":-11379.222587299999}",prj_tTazyIAJqpeYJ5JCTm3wmiNgPNWd,,,,,
2025-12-24 20:00:48,1766606448055,cryptosignal-ai-ezkj4q9c4-hadayalab-projects-projects.vercel.app/api/cron,GET,,200,ndlpt-1766606403077-1849bfbe086d,vercel-cron/1.0,info,production,main,MISS,serverless,/api/cron,cryptosignal-ai-ezkj4q9c4-hadayalab-projects-projects.vercel.app,cryptosignal-ai-ezkj4q9c4-hadayalab-projects-projects.vercel.app,dpl_snnUW69HoSexCn3LbddVCnPK7rHR,,,,,Sending REGULAR message...,prj_tTazyIAJqpeYJ5JCTm3wmiNgPNWd,,,,,
2025-12-24 20:00:48,1766606448056,cryptosignal-ai-ezkj4q9c4-hadayalab-projects-projects.vercel.app/api/cron,GET,,200,ndlpt-1766606403077-1849bfbe086d,vercel-cron/1.0,info,production,main,MISS,serverless,/api/cron,cryptosignal-ai-ezkj4q9c4-hadayalab-projects-projects.vercel.app,cryptosignal-ai-ezkj4q9c4-hadayalab-projects-projects.vercel.app,dpl_snnUW69HoSexCn3LbddVCnPK7rHR,,,,,🌐 Fetching: https://api.cryptoquant.com/v1/btc/exchange-flows/netflow?exchange=all_exchange&window=day&limit=1,prj_tTazyIAJqpeYJ5JCTm3wmiNgPNWd,,,,,
2025-12-24 20:00:48,1766606448057,cryptosignal-ai-ezkj4q9c4-hadayalab-projects-projects.vercel.app/api/cron,GET,,200,ndlpt-1766606403077-1849bfbe086d,vercel-cron/1.0,info,production,main,MISS,serverless,/api/cron,cryptosignal-ai-ezkj4q9c4-hadayalab-projects-projects.vercel.app,cryptosignal-ai-ezkj4q9c4-hadayalab-projects-projects.vercel.app,dpl_snnUW69HoSexCn3LbddVCnPK7rHR,,,,,🌐 Fetching: https://api.cryptoquant.com/v1/btc/flow-indicator/mpi?window=day&limit=1,prj_tTazyIAJqpeYJ5JCTm3wmiNgPNWd,,,,,
2025-12-24 20:00:48,1766606448238,cryptosignal-ai-ezkj4q9c4-hadayalab-projects-projects.vercel.app/api/cron,GET,,200,ndlpt-1766606403077-1849bfbe086d,vercel-cron/1.0,info,production,main,MISS,serverless,/api/cron,cryptosignal-ai-ezkj4q9c4-hadayalab-projects-projects.vercel.app,cryptosignal-ai-ezkj4q9c4-hadayalab-projects-projects.vercel.app,dpl_snnUW69HoSexCn3LbddVCnPK7rHR,,,,,"📊 Miner Position Index (BTC): -0.5211564700986901 raw: {""date"":""2025-12-23"",""mpi"":-0.5211564700986901}",prj_tTazyIAJqpeYJ5JCTm3wmiNgPNWd,,,,,
2025-12-24 20:00:48,1766606448378,cryptosignal-ai-ezkj4q9c4-hadayalab-projects-projects.vercel.app/api/cron,GET,,200,ndlpt-1766606403077-1849bfbe086d,vercel-cron/1.0,info,production,main,MISS,serverless,/api/cron,cryptosignal-ai-ezkj4q9c4-hadayalab-projects-projects.vercel.app,cryptosignal-ai-ezkj4q9c4-hadayalab-projects-projects.vercel.app,dpl_snnUW69HoSexCn3LbddVCnPK7rHR,,,,,"📊 Exchange Netflow (BTC): -11379.222587299999 raw: {""date"":""2025-12-23"",""netflow_total"":-11379.222587299999}",prj_tTazyIAJqpeYJ5JCTm3wmiNgPNWd,,,,,
2025-12-24 20:00:48,1766606448378,cryptosignal-ai-ezkj4q9c4-hadayalab-projects-projects.vercel.app/api/cron,GET,,200,ndlpt-1766606403077-1849bfbe086d,vercel-cron/1.0,info,production,main,MISS,serverless,/api/cron,cryptosignal-ai-ezkj4q9c4-hadayalab-projects-projects.vercel.app,cryptosignal-ai-ezkj4q9c4-hadayalab-projects-projects.vercel.app,dpl_snnUW69HoSexCn3LbddVCnPK7rHR,,,,,🌐 Fetching: https://api.cryptoquant.com/v1/btc/exchange-flows/inflow-sum?exchange=upbit&window=day&limit=1,prj_tTazyIAJqpeYJ5JCTm3wmiNgPNWd,,,,,
2025-12-24 20:00:48,1766606448378,cryptosignal-ai-ezkj4q9c4-hadayalab-projects-projects.vercel.app/api/cron,GET,,200,ndlpt-1766606403077-1849bfbe086d,vercel-cron/1.0,info,production,main,MISS,serverless,/api/cron,cryptosignal-ai-ezkj4q9c4-hadayalab-projects-projects.vercel.app,cryptosignal-ai-ezkj4q9c4-hadayalab-projects-projects.vercel.app,dpl_snnUW69HoSexCn3LbddVCnPK7rHR,,,,,🌐 Fetching: https://api.cryptoquant.com/v1/btc/exchange-flows/inflow-sum?exchange=binance&window=day&limit=1,prj_tTazyIAJqpeYJ5JCTm3wmiNgPNWd,,,,,
2025-12-24 20:00:48,1766606448470,cryptosignal-ai-ezkj4q9c4-hadayalab-projects-projects.vercel.app/api/cron,GET,,200,ndlpt-1766606403077-1849bfbe086d,vercel-cron/1.0,error,production,main,MISS,serverless,/api/cron,cryptosignal-ai-ezkj4q9c4-hadayalab-projects-projects.vercel.app,cryptosignal-ai-ezkj4q9c4-hadayalab-projects-projects.vercel.app,dpl_snnUW69HoSexCn3LbddVCnPK7rHR,,,,,❌ CryptoQuant Request Failed: API Error: 404 Not Found,prj_tTazyIAJqpeYJ5JCTm3wmiNgPNWd,,,,,
2025-12-24 20:00:48,1766606448470,cryptosignal-ai-ezkj4q9c4-hadayalab-projects-projects.vercel.app/api/cron,GET,,200,ndlpt-1766606403077-1849bfbe086d,vercel-cron/1.0,warning,production,main,MISS,serverless,/api/cron,cryptosignal-ai-ezkj4q9c4-hadayalab-projects-projects.vercel.app,cryptosignal-ai-ezkj4q9c4-hadayalab-projects-projects.vercel.app,dpl_snnUW69HoSexCn3LbddVCnPK7rHR,,,,,[deepMetrics] Error fetching Binance inflow: API Error: 404 Not Found,prj_tTazyIAJqpeYJ5JCTm3wmiNgPNWd,,,,,
2025-12-24 20:00:48,1766606448472,cryptosignal-ai-ezkj4q9c4-hadayalab-projects-projects.vercel.app/api/cron,GET,,200,ndlpt-1766606403077-1849bfbe086d,vercel-cron/1.0,error,production,main,MISS,serverless,/api/cron,cryptosignal-ai-ezkj4q9c4-hadayalab-projects-projects.vercel.app,cryptosignal-ai-ezkj4q9c4-hadayalab-projects-projects.vercel.app,dpl_snnUW69HoSexCn3LbddVCnPK7rHR,,,,,❌ CryptoQuant Request Failed: API Error: 404 Not Found,prj_tTazyIAJqpeYJ5JCTm3wmiNgPNWd,,,,,
2025-12-24 20:00:48,1766606448473,cryptosignal-ai-ezkj4q9c4-hadayalab-projects-projects.vercel.app/api/cron,GET,,200,ndlpt-1766606403077-1849bfbe086d,vercel-cron/1.0,warning,production,main,MISS,serverless,/api/cron,cryptosignal-ai-ezkj4q9c4-hadayalab-projects-projects.vercel.app,cryptosignal-ai-ezkj4q9c4-hadayalab-projects-projects.vercel.app,dpl_snnUW69HoSexCn3LbddVCnPK7rHR,,,,,[deepMetrics] Error fetching Upbit inflow: API Error: 404 Not Found,prj_tTazyIAJqpeYJ5JCTm3wmiNgPNWd,,,,,
2025-12-24 20:00:48,1766606448962,cryptosignal-ai-ezkj4q9c4-hadayalab-projects-projects.vercel.app/api/cron,GET,,200,ndlpt-1766606403077-1849bfbe086d,vercel-cron/1.0,info,production,main,MISS,serverless,/api/cron,cryptosignal-ai-ezkj4q9c4-hadayalab-projects-projects.vercel.app,cryptosignal-ai-ezkj4q9c4-hadayalab-projects-projects.vercel.app,dpl_snnUW69HoSexCn3LbddVCnPK7rHR,,,,,"📨 Telegram sent: {
  ""ok"": true,
  ""result"": {
    ""message_id"": 84,
    ""from"": {
      ""id"": 8201678191,
      ""is_bot"": true,
      ""first_name"": ""CryptoSignal AI KO"",
      ""username"": ""CryptoSignal_AI_KR_bot""
    },
    ""chat"": {
      ""id"": -1003372446009,
      ""title"": ""CryptoSignal AI – Starter Signals (KO)"",
      ""type"": ""supergroup""
    },
    ""date"": 1766606448,
    ""text"": ""📚 Dr. Grok 마켓 리크\n세션 브리핑 @ 2025-12-24 20:00:03 UTC\n\n💰 BTC 가격: $87,497 (-0.25% / 24h)\n📊 거래소 순유입: Outflow 11379 BTC\n⛏ Miners' Position Index (MPI): -0.52\n🧠 시장 심리: Extreme Fear\n\n📈 시장 점수: 19/100\n🥟 김치 프리미엄: -99.92% ✅ 정상\n• 업비트: ₩87,497\n• 바이낸스: $87,497\n✅ 트랩 감지기: 치명적인 트랩은 감지되지 않았습니다.\n\n🎯 트레이드 verdict\n🛡️ 시그널: BUG STANDBY (Defense Active)\n• 진입가 (스팟 기준): $87,497\n• 모드: Bug Standby — 에지가 불명확. 관망하며 자본을 보호하세요.\n• Take Profit: n/a\n• Stop Loss: n/a\n\n🧬 Dr. Grok의 인사이트\n아래 내용은 전략 아이디어일 뿐, 공식 True Bug 진입 시그널이 아닙니다. 본인 매매 플랜과 리스크 관리에 맞을 때만 참고하세요.\n### BTC 시장 분석 (Dr. Grok)\n\n현재 상황 요약:\n- 가격: $87,497 (24h 변동: -0.25% ↓)\n- 감정: Extreme Fear (극단적 공포) – 시장이 불안정함.\n- 유입: -11,379 (자금 유출 중) – MPI -0.52로 약세 신호.\n- 고래 편향: 0 (중립) | 소매 FOMO: 50 (중간 관심) | 뉴스 영향: 0 (무시할 수준).\n- 점수: 19.17 | 신호: NONE (무신호) | 트랩: 없음.\n\n위험 우선 평가:\n- 공포 지배적: 급락 리스크 높음. 자금 유출로 추가 하락 가능성 큼.\n- 고래 중립 + 소매 FOMO 중간: 반등 기대 어려움. 뉴스 없어 변동성 ↑.\n- 리스크: 85K 지지선 깨지면 80K까지 밀릴 수 있음. 과매도 상태지만, 반등 없이 추세 지속될 위험.\n\n전술 조언:\n- 포지션: 지금은 관망. 신호 NONE이니 무리한 진입 피함. 롱은 90K 돌파 시 고려, 숏은 85K 하회 시.\n- 리스크 관리: SL 5% 이내 설정. 포트폴리오 2%만 노출. 공포 속에서 인내가 핵심 – FOMO에 휘말리지 마라.\n- 다음 주시: 유입 반전이나 고래 바이어스 +로 전환 시 매수 기회. X에서 실시간 트윗 팔로우.\n\n트레이딩은 리스크 게임. 냉정히 판단하고, 손실부터 막아라. 추가 데이터 있으면 업데이트! 🚀\n\n교육 목적의 정보 제공일 뿐이며, 투자/재무 자문을 구성하지 않습니다.""
  }
}",prj_tTazyIAJqpeYJ5JCTm3wmiNgPNWd,,,,,
2025-12-24 20:00:03,1766606403077,cryptosignal-ai-ezkj4q9c4-hadayalab-projects-projects.vercel.app/api/cron,GET,,200,ndlpt-1766606403077-1849bfbe086d,vercel-cron/1.0,,production,main,MISS,serverless,/api/cron,cryptosignal-ai-ezkj4q9c4-hadayalab-projects-projects.vercel.app,cryptosignal-ai-ezkj4q9c4-hadayalab-projects-projects.vercel.app,dpl_snnUW69HoSexCn3LbddVCnPK7rHR,45839,iad1,276,2048,,prj_tTazyIAJqpeYJ5JCTm3wmiNgPNWd,,,01KD8Z4XH4YX3N0EYSXS35B59B,3KM1G4bs0xcU,1
2025-12-24 19:45:03,1766605503281,cryptosignal-ai-ezkj4q9c4-hadayalab-projects-projects.vercel.app/api/cron,GET,,200,fcl8d-1766605503240-b4af4284e249,vercel-cron/1.0,info,production,main,MISS,serverless,/api/cron,cryptosignal-ai-ezkj4q9c4-hadayalab-projects-projects.vercel.app,cryptosignal-ai-ezkj4q9c4-hadayalab-projects-projects.vercel.app,dpl_snnUW69HoSexCn3LbddVCnPK7rHR,,,,,🚀 Cron Job Started: Whale Monitor,prj_tTazyIAJqpeYJ5JCTm3wmiNgPNWd,,,,,
2025-12-24 19:45:03,1766605503282,cryptosignal-ai-ezkj4q9c4-hadayalab-projects-projects.vercel.app/api/cron,GET,,200,fcl8d-1766605503240-b4af4284e249,vercel-cron/1.0,info,production,main,MISS,serverless,/api/cron,cryptosignal-ai-ezkj4q9c4-hadayalab-projects-projects.vercel.app,cryptosignal-ai-ezkj4q9c4-hadayalab-projects-projects.vercel.app,dpl_snnUW69HoSexCn3LbddVCnPK7rHR,,,,,"Slot check => utcHour=19, utcMinute=45, isRegularSlot=false, force=false",prj_tTazyIAJqpeYJ5JCTm3wmiNgPNWd,,,,,
2025-12-24 19:45:03,1766605503282,cryptosignal-ai-ezkj4q9c4-hadayalab-projects-projects.vercel.app/api/cron,GET,,200,fcl8d-1766605503240-b4af4284e249,vercel-cron/1.0,info,production,main,MISS,serverless,/api/cron,cryptosignal-ai-ezkj4q9c4-hadayalab-projects-projects.vercel.app,cryptosignal-ai-ezkj4q9c4-hadayalab-projects-projects.vercel.app,dpl_snnUW69HoSexCn3LbddVCnPK7rHR,,,,,🌐 Fetching: https://api.cryptoquant.com/v1/btc/exchange-flows/netflow?exchange=all_exchange&window=day&limit=1,prj_tTazyIAJqpeYJ5JCTm3wmiNgPNWd,,,,,
2025-12-24 19:45:03,1766605503282,cryptosignal-ai-ezkj4q9c4-hadayalab-projects-projects.vercel.app/api/cron,GET,,200,fcl8d-1766605503240-b4af4284e249,vercel-cron/1.0,info,production,main,MISS,serverless,/api/cron,cryptosignal-ai-ezkj4q9c4-hadayalab-projects-projects.vercel.app,cryptosignal-ai-ezkj4q9c4-hadayalab-projects-projects.vercel.app,dpl_snnUW69HoSexCn3LbddVCnPK7rHR,,,,,🌐 Fetching: https://api.cryptoquant.com/v1/btc/flow-indicator/mpi?window=day&limit=1,prj_tTazyIAJqpeYJ5JCTm3wmiNgPNWd,,,,,
2025-12-24 19:45:03,1766605503578,cryptosignal-ai-ezkj4q9c4-hadayalab-projects-projects.vercel.app/api/cron,GET,,200,fcl8d-1766605503240-b4af4284e249,vercel-cron/1.0,info,production,main,MISS,serverless,/api/cron,cryptosignal-ai-ezkj4q9c4-hadayalab-projects-projects.vercel.app,cryptosignal-ai-ezkj4q9c4-hadayalab-projects-projects.vercel.app,dpl_snnUW69HoSexCn3LbddVCnPK7rHR,,,,,"📊 Miner Position Index (BTC): -0.5211564700986901 raw: {""date"":""2025-12-23"",""mpi"":-0.5211564700986901}",prj_tTazyIAJqpeYJ5JCTm3wmiNgPNWd,,,,,
2025-12-24 19:45:03,1766605503651,cryptosignal-ai-ezkj4q9c4-hadayalab-projects-projects.vercel.app/api/cron,GET,,200,fcl8d-1766605503240-b4af4284e249,vercel-cron/1.0,info,production,main,MISS,serverless,/api/cron,cryptosignal-ai-ezkj4q9c4-hadayalab-projects-projects.vercel.app,cryptosignal-ai-ezkj4q9c4-hadayalab-projects-projects.vercel.app,dpl_snnUW69HoSexCn3LbddVCnPK7rHR,,,,,"📊 Exchange Netflow (BTC): -11379.222587299999 raw: {""date"":""2025-12-23"",""netflow_total"":-11379.222587299999}",prj_tTazyIAJqpeYJ5JCTm3wmiNgPNWd,,,,,
2025-12-24 19:45:03,1766605503240,cryptosignal-ai-ezkj4q9c4-hadayalab-projects-projects.vercel.app/api/cron,GET,,200,fcl8d-1766605503240-b4af4284e249,vercel-cron/1.0,,production,main,MISS,serverless,/api/cron,cryptosignal-ai-ezkj4q9c4-hadayalab-projects-projects.vercel.app,cryptosignal-ai-ezkj4q9c4-hadayalab-projects-projects.vercel.app,dpl_snnUW69HoSexCn3LbddVCnPK7rHR,441,iad1,270,2048,,prj_tTazyIAJqpeYJ5JCTm3wmiNgPNWd,,,01KD8Y9ERNR6XEG9M92MZK5MS2,3KM1G4bs0xcU,1
2025-12-24 19:30:03,1766604603145,cryptosignal-ai-ezkj4q9c4-hadayalab-projects-projects.vercel.app/api/cron,GET,,200,wnrvj-1766604603104-52f6f01df4ad,vercel-cron/1.0,info,production,main,MISS,serverless,/api/cron,cryptosignal-ai-ezkj4q9c4-hadayalab-projects-projects.vercel.app,cryptosignal-ai-ezkj4q9c4-hadayalab-projects-projects.vercel.app,dpl_snnUW69HoSexCn3LbddVCnPK7rHR,,,,,🚀 Cron Job Started: Whale Monitor,prj_tTazyIAJqpeYJ5JCTm3wmiNgPNWd,,,,,
2025-12-24 19:30:03,1766604603145,cryptosignal-ai-ezkj4q9c4-hadayalab-projects-projects.vercel.app/api/cron,GET,,200,wnrvj-1766604603104-52f6f01df4ad,vercel-cron/1.0,info,production,main,MISS,serverless,/api/cron,cryptosignal-ai-ezkj4q9c4-hadayalab-projects-projects.vercel.app,cryptosignal-ai-ezkj4q9c4-hadayalab-projects-projects.vercel.app,dpl_snnUW69HoSexCn3LbddVCnPK7rHR,,,,,"Slot check => utcHour=19, utcMinute=30, isRegularSlot=false, force=false",prj_tTazyIAJqpeYJ5JCTm3wmiNgPNWd,,,,,
2025-12-24 19:30:03,1766604603145,cryptosignal-ai-ezkj4q9c4-hadayalab-projects-projects.vercel.app/api/cron,GET,,200,wnrvj-1766604603104-52f6f01df4ad,vercel-cron/1.0,info,production,main,MISS,serverless,/api/cron,cryptosignal-ai-ezkj4q9c4-hadayalab-projects-projects.vercel.app,cryptosignal-ai-ezkj4q9c4-hadayalab-projects-projects.vercel.app,dpl_snnUW69HoSexCn3LbddVCnPK7rHR,,,,,🌐 Fetching: https://api.cryptoquant.com/v1/btc/exchange-flows/netflow?exchange=all_exchange&window=day&limit=1,prj_tTazyIAJqpeYJ5JCTm3wmiNgPNWd,,,,,
2025-12-24 19:30:03,1766604603145,cryptosignal-ai-ezkj4q9c4-hadayalab-projects-projects.vercel.app/api/cron,GET,,200,wnrvj-1766604603104-52f6f01df4ad,vercel-cron/1.0,info,production,main,MISS,serverless,/api/cron,cryptosignal-ai-ezkj4q9c4-hadayalab-projects-projects.vercel.app,cryptosignal-ai-ezkj4q9c4-hadayalab-projects-projects.vercel.app,dpl_snnUW69HoSexCn3LbddVCnPK7rHR,,,,,🌐 Fetching: https://api.cryptoquant.com/v1/btc/flow-indicator/mpi?window=day&limit=1,prj_tTazyIAJqpeYJ5JCTm3wmiNgPNWd,,,,,
2025-12-24 19:30:03,1766604603403,cryptosignal-ai-ezkj4q9c4-hadayalab-projects-projects.vercel.app/api/cron,GET,,200,wnrvj-1766604603104-52f6f01df4ad,vercel-cron/1.0,info,production,main,MISS,serverless,/api/cron,cryptosignal-ai-ezkj4q9c4-hadayalab-projects-projects.vercel.app,cryptosignal-ai-ezkj4q9c4-hadayalab-projects-projects.vercel.app,dpl_snnUW69HoSexCn3LbddVCnPK7rHR,,,,,"📊 Exchange Netflow (BTC): -11379.222587299999 raw: {""date"":""2025-12-23"",""netflow_total"":-11379.222587299999}",prj_tTazyIAJqpeYJ5JCTm3wmiNgPNWd,,,,,
2025-12-24 19:30:03,1766604603492,cryptosignal-ai-ezkj4q9c4-hadayalab-projects-projects.vercel.app/api/cron,GET,,200,wnrvj-1766604603104-52f6f01df4ad,vercel-cron/1.0,info,production,main,MISS,serverless,/api/cron,cryptosignal-ai-ezkj4q9c4-hadayalab-projects-projects.vercel.app,cryptosignal-ai-ezkj4q9c4-hadayalab-projects-projects.vercel.app,dpl_snnUW69HoSexCn3LbddVCnPK7rHR,,,,,"📊 Miner Position Index (BTC): -0.5211564700986901 raw: {""date"":""2025-12-23"",""mpi"":-0.5211564700986901}",prj_tTazyIAJqpeYJ5JCTm3wmiNgPNWd,,,,,
2025-12-24 19:30:03,1766604603104,cryptosignal-ai-ezkj4q9c4-hadayalab-projects-projects.vercel.app/api/cron,GET,,200,wnrvj-1766604603104-52f6f01df4ad,vercel-cron/1.0,,production,main,MISS,serverless,/api/cron,cryptosignal-ai-ezkj4q9c4-hadayalab-projects-projects.vercel.app,cryptosignal-ai-ezkj4q9c4-hadayalab-projects-projects.vercel.app,dpl_snnUW69HoSexCn3LbddVCnPK7rHR,415,iad1,269,2048,,prj_tTazyIAJqpeYJ5JCTm3wmiNgPNWd,,,01KD8XDZQQF0DYRZPXBHMP5HBW,3KM1G4bs0xcU,1
2025-12-24 19:15:03,1766603703206,cryptosignal-ai-ezkj4q9c4-hadayalab-projects-projects.vercel.app/api/cron,GET,,200,gfmq6-1766603703140-67d08f07b21a,vercel-cron/1.0,info,production,main,MISS,serverless,/api/cron,cryptosignal-ai-ezkj4q9c4-hadayalab-projects-projects.vercel.app,cryptosignal-ai-ezkj4q9c4-hadayalab-projects-projects.vercel.app,dpl_snnUW69HoSexCn3LbddVCnPK7rHR,,,,,🚀 Cron Job Started: Whale Monitor,prj_tTazyIAJqpeYJ5JCTm3wmiNgPNWd,,,,,
2025-12-24 19:15:03,1766603703206,cryptosignal-ai-ezkj4q9c4-hadayalab-projects-projects.vercel.app/api/cron,GET,,200,gfmq6-1766603703140-67d08f07b21a,vercel-cron/1.0,info,production,main,MISS,serverless,/api/cron,cryptosignal-ai-ezkj4q9c4-hadayalab-projects-projects.vercel.app,cryptosignal-ai-ezkj4q9c4-hadayalab-projects-projects.vercel.app,dpl_snnUW69HoSexCn3LbddVCnPK7rHR,,,,,"Slot check => utcHour=19, utcMinute=15, isRegularSlot=false, force=false",prj_tTazyIAJqpeYJ5JCTm3wmiNgPNWd,,,,,
2025-12-24 19:15:03,1766603703206,cryptosignal-ai-ezkj4q9c4-hadayalab-projects-projects.vercel.app/api/cron,GET,,200,gfmq6-1766603703140-67d08f07b21a,vercel-cron/1.0,info,production,main,MISS,serverless,/api/cron,cryptosignal-ai-ezkj4q9c4-hadayalab-projects-projects.vercel.app,cryptosignal-ai-ezkj4q9c4-hadayalab-projects-projects.vercel.app,dpl_snnUW69HoSexCn3LbddVCnPK7rHR,,,,,🌐 Fetching: https://api.cryptoquant.com/v1/btc/exchange-flows/netflow?exchange=all_exchange&window=day&limit=1,prj_tTazyIAJqpeYJ5JCTm3wmiNgPNWd,,,,,
2025-12-24 19:15:03,1766603703207,cryptosignal-ai-ezkj4q9c4-hadayalab-projects-projects.vercel.app/api/cron,GET,,200,gfmq6-1766603703140-67d08f07b21a,vercel-cron/1.0,info,production,main,MISS,serverless,/api/cron,cryptosignal-ai-ezkj4q9c4-hadayalab-projects-projects.vercel.app,cryptosignal-ai-ezkj4q9c4-hadayalab-projects-projects.vercel.app,dpl_snnUW69HoSexCn3LbddVCnPK7rHR,,,,,🌐 Fetching: https://api.cryptoquant.com/v1/btc/flow-indicator/mpi?window=day&limit=1,prj_tTazyIAJqpeYJ5JCTm3wmiNgPNWd,,,,,
2025-12-24 19:15:03,1766603703395,cryptosignal-ai-ezkj4q9c4-hadayalab-projects-projects.vercel.app/api/cron,GET,,200,gfmq6-1766603703140-67d08f07b21a,vercel-cron/1.0,info,production,main,MISS,serverless,/api/cron,cryptosignal-ai-ezkj4q9c4-hadayalab-projects-projects.vercel.app,cryptosignal-ai-ezkj4q9c4-hadayalab-projects-projects.vercel.app,dpl_snnUW69HoSexCn3LbddVCnPK7rHR,,,,,"📊 Exchange Netflow (BTC): -11379.222587299999 raw: {""date"":""2025-12-23"",""netflow_total"":-11379.222587299999}",prj_tTazyIAJqpeYJ5JCTm3wmiNgPNWd,,,,,
2025-12-24 19:15:03,1766603703428,cryptosignal-ai-ezkj4q9c4-hadayalab-projects-projects.vercel.app/api/cron,GET,,200,gfmq6-1766603703140-67d08f07b21a,vercel-cron/1.0,info,production,main,MISS,serverless,/api/cron,cryptosignal-ai-ezkj4q9c4-hadayalab-projects-projects.vercel.app,cryptosignal-ai-ezkj4q9c4-hadayalab-projects-projects.vercel.app,dpl_snnUW69HoSexCn3LbddVCnPK7rHR,,,,,"📊 Miner Position Index (BTC): -0.5211564700986901 raw: {""date"":""2025-12-23"",""mpi"":-0.5211564700986901}",prj_tTazyIAJqpeYJ5JCTm3wmiNgPNWd,,,,,
2025-12-24 19:15:03,1766603703140,cryptosignal-ai-ezkj4q9c4-hadayalab-projects-projects.vercel.app/api/cron,GET,,200,gfmq6-1766603703140-67d08f07b21a,vercel-cron/1.0,,production,main,MISS,serverless,/api/cron,cryptosignal-ai-ezkj4q9c4-hadayalab-projects-projects.vercel.app,cryptosignal-ai-ezkj4q9c4-hadayalab-projects-projects.vercel.app,dpl_snnUW69HoSexCn3LbddVCnPK7rHR,314,iad1,269,2048,,prj_tTazyIAJqpeYJ5JCTm3wmiNgPNWd,,,01KD8WJGW2QQNAPWND0PMMX549,3KM1G4bs0xcU,1
2025-12-24 19:00:03,1766602803191,cryptosignal-ai-ezkj4q9c4-hadayalab-projects-projects.vercel.app/api/cron,GET,,200,z2rsl-1766602803128-164b0c66e1b7,vercel-cron/1.0,info,production,main,MISS,serverless,/api/cron,cryptosignal-ai-ezkj4q9c4-hadayalab-projects-projects.vercel.app,cryptosignal-ai-ezkj4q9c4-hadayalab-projects-projects.vercel.app,dpl_snnUW69HoSexCn3LbddVCnPK7rHR,,,,,🚀 Cron Job Started: Whale Monitor,prj_tTazyIAJqpeYJ5JCTm3wmiNgPNWd,,,,,
2025-12-24 19:00:03,1766602803191,cryptosignal-ai-ezkj4q9c4-hadayalab-projects-projects.vercel.app/api/cron,GET,,200,z2rsl-1766602803128-164b0c66e1b7,vercel-cron/1.0,info,production,main,MISS,serverless,/api/cron,cryptosignal-ai-ezkj4q9c4-hadayalab-projects-projects.vercel.app,cryptosignal-ai-ezkj4q9c4-hadayalab-projects-projects.vercel.app,dpl_snnUW69HoSexCn3LbddVCnPK7rHR,,,,,"Slot check => utcHour=19, utcMinute=0, isRegularSlot=false, force=false",prj_tTazyIAJqpeYJ5JCTm3wmiNgPNWd,,,,,
2025-12-24 19:00:03,1766602803191,cryptosignal-ai-ezkj4q9c4-hadayalab-projects-projects.vercel.app/api/cron,GET,,200,z2rsl-1766602803128-164b0c66e1b7,vercel-cron/1.0,info,production,main,MISS,serverless,/api/cron,cryptosignal-ai-ezkj4q9c4-hadayalab-projects-projects.vercel.app,cryptosignal-ai-ezkj4q9c4-hadayalab-projects-projects.vercel.app,dpl_snnUW69HoSexCn3LbddVCnPK7rHR,,,,,🌐 Fetching: https://api.cryptoquant.com/v1/btc/exchange-flows/netflow?exchange=all_exchange&window=day&limit=1,prj_tTazyIAJqpeYJ5JCTm3wmiNgPNWd,,,,,
2025-12-24 19:00:03,1766602803191,cryptosignal-ai-ezkj4q9c4-hadayalab-projects-projects.vercel.app/api/cron,GET,,200,z2rsl-1766602803128-164b0c66e1b7,vercel-cron/1.0,info,production,main,MISS,serverless,/api/cron,cryptosignal-ai-ezkj4q9c4-hadayalab-projects-projects.vercel.app,cryptosignal-ai-ezkj4q9c4-hadayalab-projects-projects.vercel.app,dpl_snnUW69HoSexCn3LbddVCnPK7rHR,,,,,🌐 Fetching: https://api.cryptoquant.com/v1/btc/flow-indicator/mpi?window=day&limit=1,prj_tTazyIAJqpeYJ5JCTm3wmiNgPNWd,,,,,
2025-12-24 19:00:03,1766602803432,cryptosignal-ai-ezkj4q9c4-hadayalab-projects-projects.vercel.app/api/cron,GET,,200,z2rsl-1766602803128-164b0c66e1b7,vercel-cron/1.0,info,production,main,MISS,serverless,/api/cron,cryptosignal-ai-ezkj4q9c4-hadayalab-projects-projects.vercel.app,cryptosignal-ai-ezkj4q9c4-hadayalab-projects-projects.vercel.app,dpl_snnUW69HoSexCn3LbddVCnPK7rHR,,,,,"📊 Exchange Netflow (BTC): -11379.222587299999 raw: {""date"":""2025-12-23"",""netflow_total"":-11379.222587299999}",prj_tTazyIAJqpeYJ5JCTm3wmiNgPNWd,,,,,
2025-12-24 19:00:03,1766602803466,cryptosignal-ai-ezkj4q9c4-hadayalab-projects-projects.vercel.app/api/cron,GET,,200,z2rsl-1766602803128-164b0c66e1b7,vercel-cron/1.0,info,production,main,MISS,serverless,/api/cron,cryptosignal-ai-ezkj4q9c4-hadayalab-projects-projects.vercel.app,cryptosignal-ai-ezkj4q9c4-hadayalab-projects-projects.vercel.app,dpl_snnUW69HoSexCn3LbddVCnPK7rHR,,,,,"📊 Miner Position Index (BTC): -0.5211564700986901 raw: {""date"":""2025-12-23"",""mpi"":-0.5211564700986901}",prj_tTazyIAJqpeYJ5JCTm3wmiNgPNWd,,,,,
2025-12-24 19:00:03,1766602803128,cryptosignal-ai-ezkj4q9c4-hadayalab-projects-projects.vercel.app/api/cron,GET,,200,z2rsl-1766602803128-164b0c66e1b7,vercel-cron/1.0,,production,main,MISS,serverless,/api/cron,cryptosignal-ai-ezkj4q9c4-hadayalab-projects-projects.vercel.app,cryptosignal-ai-ezkj4q9c4-hadayalab-projects-projects.vercel.app,dpl_snnUW69HoSexCn3LbddVCnPK7rHR,363,iad1,268,2048,,prj_tTazyIAJqpeYJ5JCTm3wmiNgPNWd,,,01KD8VQ1Y8AS9EEJXCDYVV0T0F,3KM1G4bs0xcU,1
2025-12-24 18:45:03,1766601903251,cryptosignal-ai-ezkj4q9c4-hadayalab-projects-projects.vercel.app/api/cron,GET,,200,rglgm-1766601903209-c19f5af75f79,vercel-cron/1.0,info,production,main,MISS,serverless,/api/cron,cryptosignal-ai-ezkj4q9c4-hadayalab-projects-projects.vercel.app,cryptosignal-ai-ezkj4q9c4-hadayalab-projects-projects.vercel.app,dpl_snnUW69HoSexCn3LbddVCnPK7rHR,,,,,🚀 Cron Job Started: Whale Monitor,prj_tTazyIAJqpeYJ5JCTm3wmiNgPNWd,,,,,
2025-12-24 18:45:03,1766601903251,cryptosignal-ai-ezkj4q9c4-hadayalab-projects-projects.vercel.app/api/cron,GET,,200,rglgm-1766601903209-c19f5af75f79,vercel-cron/1.0,info,production,main,MISS,serverless,/api/cron,cryptosignal-ai-ezkj4q9c4-hadayalab-projects-projects.vercel.app,cryptosignal-ai-ezkj4q9c4-hadayalab-projects-projects.vercel.app,dpl_snnUW69HoSexCn3LbddVCnPK7rHR,,,,,"Slot check => utcHour=18, utcMinute=45, isRegularSlot=false, force=false",prj_tTazyIAJqpeYJ5JCTm3wmiNgPNWd,,,,,
2025-12-24 18:45:03,1766601903251,cryptosignal-ai-ezkj4q9c4-hadayalab-projects-projects.vercel.app/api/cron,GET,,200,rglgm-1766601903209-c19f5af75f79,vercel-cron/1.0,info,production,main,MISS,serverless,/api/cron,cryptosignal-ai-ezkj4q9c4-hadayalab-projects-projects.vercel.app,cryptosignal-ai-ezkj4q9c4-hadayalab-projects-projects.vercel.app,dpl_snnUW69HoSexCn3LbddVCnPK7rHR,,,,,🌐 Fetching: https://api.cryptoquant.com/v1/btc/exchange-flows/netflow?exchange=all_exchange&window=day&limit=1,prj_tTazyIAJqpeYJ5JCTm3wmiNgPNWd,,,,,
2025-12-24 18:45:03,1766601903253,cryptosignal-ai-ezkj4q9c4-hadayalab-projects-projects.vercel.app/api/cron,GET,,200,rglgm-1766601903209-c19f5af75f79,vercel-cron/1.0,info,production,main,MISS,serverless,/api/cron,cryptosignal-ai-ezkj4q9c4-hadayalab-projects-projects.vercel.app,cryptosignal-ai-ezkj4q9c4-hadayalab-projects-projects.vercel.app,dpl_snnUW69HoSexCn3LbddVCnPK7rHR,,,,,🌐 Fetching: https://api.cryptoquant.com/v1/btc/flow-indicator/mpi?window=day&limit=1,prj_tTazyIAJqpeYJ5JCTm3wmiNgPNWd,,,,,
2025-12-24 18:45:03,1766601903466,cryptosignal-ai-ezkj4q9c4-hadayalab-projects-projects.vercel.app/api/cron,GET,,200,rglgm-1766601903209-c19f5af75f79,vercel-cron/1.0,info,production,main,MISS,serverless,/api/cron,cryptosignal-ai-ezkj4q9c4-hadayalab-projects-projects.vercel.app,cryptosignal-ai-ezkj4q9c4-hadayalab-projects-projects.vercel.app,dpl_snnUW69HoSexCn3LbddVCnPK7rHR,,,,,"📊 Exchange Netflow (BTC): -11379.222587299999 raw: {""date"":""2025-12-23"",""netflow_total"":-11379.222587299999}",prj_tTazyIAJqpeYJ5JCTm3wmiNgPNWd,,,,,
2025-12-24 18:45:03,1766601903531,cryptosignal-ai-ezkj4q9c4-hadayalab-projects-projects.vercel.app/api/cron,GET,,200,rglgm-1766601903209-c19f5af75f79,vercel-cron/1.0,info,production,main,MISS,serverless,/api/cron,cryptosignal-ai-ezkj4q9c4-hadayalab-projects-projects.vercel.app,cryptosignal-ai-ezkj4q9c4-hadayalab-projects-projects.vercel.app,dpl_snnUW69HoSexCn3LbddVCnPK7rHR,,,,,"📊 Miner Position Index (BTC): -0.5211564700986901 raw: {""date"":""2025-12-23"",""mpi"":-0.5211564700986901}",prj_tTazyIAJqpeYJ5JCTm3wmiNgPNWd,,,,,
2025-12-24 18:45:03,1766601903209,cryptosignal-ai-ezkj4q9c4-hadayalab-projects-projects.vercel.app/api/cron,GET,,200,rglgm-1766601903209-c19f5af75f79,vercel-cron/1.0,,production,main,MISS,serverless,/api/cron,cryptosignal-ai-ezkj4q9c4-hadayalab-projects-projects.vercel.app,cryptosignal-ai-ezkj4q9c4-hadayalab-projects-projects.vercel.app,dpl_snnUW69HoSexCn3LbddVCnPK7rHR,370,iad1,268,2048,,prj_tTazyIAJqpeYJ5JCTm3wmiNgPNWd,,,01KD8TVK3SNKS0XTRQSKMT5R3S,3KM1G4bs0xcU,1
2025-12-24 18:30:03,1766601003304,cryptosignal-ai-ezkj4q9c4-hadayalab-projects-projects.vercel.app/api/cron,GET,,200,47nbv-1766601003250-9fd6e825d577,vercel-cron/1.0,info,production,main,MISS,serverless,/api/cron,cryptosignal-ai-ezkj4q9c4-hadayalab-projects-projects.vercel.app,cryptosignal-ai-ezkj4q9c4-hadayalab-projects-projects.vercel.app,dpl_snnUW69HoSexCn3LbddVCnPK7rHR,,,,,🚀 Cron Job Started: Whale Monitor,prj_tTazyIAJqpeYJ5JCTm3wmiNgPNWd,,,,,
2025-12-24 18:30:03,1766601003304,cryptosignal-ai-ezkj4q9c4-hadayalab-projects-projects.vercel.app/api/cron,GET,,200,47nbv-1766601003250-9fd6e825d577,vercel-cron/1.0,info,production,main,MISS,serverless,/api/cron,cryptosignal-ai-ezkj4q9c4-hadayalab-projects-projects.vercel.app,cryptosignal-ai-ezkj4q9c4-hadayalab-projects-projects.vercel.app,dpl_snnUW69HoSexCn3LbddVCnPK7rHR,,,,,"Slot check => utcHour=18, utcMinute=30, isRegularSlot=false, force=false",prj_tTazyIAJqpeYJ5JCTm3wmiNgPNWd,,,,,
2025-12-24 18:30:03,1766601003304,cryptosignal-ai-ezkj4q9c4-hadayalab-projects-projects.vercel.app/api/cron,GET,,200,47nbv-1766601003250-9fd6e825d577,vercel-cron/1.0,info,production,main,MISS,serverless,/api/cron,cryptosignal-ai-ezkj4q9c4-hadayalab-projects-projects.vercel.app,cryptosignal-ai-ezkj4q9c4-hadayalab-projects-projects.vercel.app,dpl_snnUW69HoSexCn3LbddVCnPK7rHR,,,,,🌐 Fetching: https://api.cryptoquant.com/v1/btc/exchange-flows/netflow?exchange=all_exchange&window=day&limit=1,prj_tTazyIAJqpeYJ5JCTm3wmiNgPNWd,,,,,
2025-12-24 18:30:03,1766601003304,cryptosignal-ai-ezkj4q9c4-hadayalab-projects-projects.vercel.app/api/cron,GET,,200,47nbv-1766601003250-9fd6e825d577,vercel-cron/1.0,info,production,main,MISS,serverless,/api/cron,cryptosignal-ai-ezkj4q9c4-hadayalab-projects-projects.vercel.app,cryptosignal-ai-ezkj4q9c4-hadayalab-projects-projects.vercel.app,dpl_snnUW69HoSexCn3LbddVCnPK7rHR,,,,,🌐 Fetching: https://api.cryptoquant.com/v1/btc/flow-indicator/mpi?window=day&limit=1,prj_tTazyIAJqpeYJ5JCTm3wmiNgPNWd,,,,,
2025-12-24 18:30:03,1766601003504,cryptosignal-ai-ezkj4q9c4-hadayalab-projects-projects.vercel.app/api/cron,GET,,200,47nbv-1766601003250-9fd6e825d577,vercel-cron/1.0,info,production,main,MISS,serverless,/api/cron,cryptosignal-ai-ezkj4q9c4-hadayalab-projects-projects.vercel.app,cryptosignal-ai-ezkj4q9c4-hadayalab-projects-projects.vercel.app,dpl_snnUW69HoSexCn3LbddVCnPK7rHR,,,,,"📊 Exchange Netflow (BTC): -11379.222587299999 raw: {""date"":""2025-12-23"",""netflow_total"":-11379.222587299999}",prj_tTazyIAJqpeYJ5JCTm3wmiNgPNWd,,,,,
2025-12-24 18:30:03,1766601003520,cryptosignal-ai-ezkj4q9c4-hadayalab-projects-projects.vercel.app/api/cron,GET,,200,47nbv-1766601003250-9fd6e825d577,vercel-cron/1.0,info,production,main,MISS,serverless,/api/cron,cryptosignal-ai-ezkj4q9c4-hadayalab-projects-projects.vercel.app,cryptosignal-ai-ezkj4q9c4-hadayalab-projects-projects.vercel.app,dpl_snnUW69HoSexCn3LbddVCnPK7rHR,,,,,"📊 Miner Position Index (BTC): -0.5211564700986901 raw: {""date"":""2025-12-23"",""mpi"":-0.5211564700986901}",prj_tTazyIAJqpeYJ5JCTm3wmiNgPNWd,,,,,
2025-12-24 18:30:03,1766601003250,cryptosignal-ai-ezkj4q9c4-hadayalab-projects-projects.vercel.app/api/cron,GET,,200,47nbv-1766601003250-9fd6e825d577,vercel-cron/1.0,,production,main,MISS,serverless,/api/cron,cryptosignal-ai-ezkj4q9c4-hadayalab-projects-projects.vercel.app,cryptosignal-ai-ezkj4q9c4-hadayalab-projects-projects.vercel.app,dpl_snnUW69HoSexCn3LbddVCnPK7rHR,290,iad1,267,2048,,prj_tTazyIAJqpeYJ5JCTm3wmiNgPNWd,,,01KD8T048ARPMY135PZ1M4VBZ8,3KM1G4bs0xcU,1
2025-12-24 18:15:03,1766600103277,cryptosignal-ai-ezkj4q9c4-hadayalab-projects-projects.vercel.app/api/cron,GET,,200,xfhq4-1766600103238-d22d68eb06ff,vercel-cron/1.0,info,production,main,MISS,serverless,/api/cron,cryptosignal-ai-ezkj4q9c4-hadayalab-projects-projects.vercel.app,cryptosignal-ai-ezkj4q9c4-hadayalab-projects-projects.vercel.app,dpl_snnUW69HoSexCn3LbddVCnPK7rHR,,,,,🚀 Cron Job Started: Whale Monitor,prj_tTazyIAJqpeYJ5JCTm3wmiNgPNWd,,,,,
2025-12-24 18:15:03,1766600103277,cryptosignal-ai-ezkj4q9c4-hadayalab-projects-projects.vercel.app/api/cron,GET,,200,xfhq4-1766600103238-d22d68eb06ff,vercel-cron/1.0,info,production,main,MISS,serverless,/api/cron,cryptosignal-ai-ezkj4q9c4-hadayalab-projects-projects.vercel.app,cryptosignal-ai-ezkj4q9c4-hadayalab-projects-projects.vercel.app,dpl_snnUW69HoSexCn3LbddVCnPK7rHR,,,,,"Slot check => utcHour=18, utcMinute=15, isRegularSlot=false, force=false",prj_tTazyIAJqpeYJ5JCTm3wmiNgPNWd,,,,,
2025-12-24 18:15:03,1766600103278,cryptosignal-ai-ezkj4q9c4-hadayalab-projects-projects.vercel.app/api/cron,GET,,200,xfhq4-1766600103238-d22d68eb06ff,vercel-cron/1.0,info,production,main,MISS,serverless,/api/cron,cryptosignal-ai-ezkj4q9c4-hadayalab-projects-projects.vercel.app,cryptosignal-ai-ezkj4q9c4-hadayalab-projects-projects.vercel.app,dpl_snnUW69HoSexCn3LbddVCnPK7rHR,,,,,🌐 Fetching: https://api.cryptoquant.com/v1/btc/exchange-flows/netflow?exchange=all_exchange&window=day&limit=1,prj_tTazyIAJqpeYJ5JCTm3wmiNgPNWd,,,,,
2025-12-24 18:15:03,1766600103284,cryptosignal-ai-ezkj4q9c4-hadayalab-projects-projects.vercel.app/api/cron,GET,,200,xfhq4-1766600103238-d22d68eb06ff,vercel-cron/1.0,info,production,main,MISS,serverless,/api/cron,cryptosignal-ai-ezkj4q9c4-hadayalab-projects-projects.vercel.app,cryptosignal-ai-ezkj4q9c4-hadayalab-projects-projects.vercel.app,dpl_snnUW69HoSexCn3LbddVCnPK7rHR,,,,,🌐 Fetching: https://api.cryptoquant.com/v1/btc/flow-indicator/mpi?window=day&limit=1,prj_tTazyIAJqpeYJ5JCTm3wmiNgPNWd,,,,,
2025-12-24 18:15:03,1766600103474,cryptosignal-ai-ezkj4q9c4-hadayalab-projects-projects.vercel.app/api/cron,GET,,200,xfhq4-1766600103238-d22d68eb06ff,vercel-cron/1.0,info,production,main,MISS,serverless,/api/cron,cryptosignal-ai-ezkj4q9c4-hadayalab-projects-projects.vercel.app,cryptosignal-ai-ezkj4q9c4-hadayalab-projects-projects.vercel.app,dpl_snnUW69HoSexCn3LbddVCnPK7rHR,,,,,"📊 Miner Position Index (BTC): -0.5211564700986901 raw: {""date"":""2025-12-23"",""mpi"":-0.5211564700986901}",prj_tTazyIAJqpeYJ5JCTm3wmiNgPNWd,,,,,
2025-12-24 18:15:03,1766600103477,cryptosignal-ai-ezkj4q9c4-hadayalab-projects-projects.vercel.app/api/cron,GET,,200,xfhq4-1766600103238-d22d68eb06ff,vercel-cron/1.0,info,production,main,MISS,serverless,/api/cron,cryptosignal-ai-ezkj4q9c4-hadayalab-projects-projects.vercel.app,cryptosignal-ai-ezkj4q9c4-hadayalab-projects-projects.vercel.app,dpl_snnUW69HoSexCn3LbddVCnPK7rHR,,,,,"📊 Exchange Netflow (BTC): -11379.222587299999 raw: {""date"":""2025-12-23"",""netflow_total"":-11379.222587299999}",prj_tTazyIAJqpeYJ5JCTm3wmiNgPNWd,,,,,
2025-12-24 18:15:03,1766600103238,cryptosignal-ai-ezkj4q9c4-hadayalab-projects-projects.vercel.app/api/cron,GET,,200,xfhq4-1766600103238-d22d68eb06ff,vercel-cron/1.0,,production,main,MISS,serverless,/api/cron,cryptosignal-ai-ezkj4q9c4-hadayalab-projects-projects.vercel.app,cryptosignal-ai-ezkj4q9c4-hadayalab-projects-projects.vercel.app,dpl_snnUW69HoSexCn3LbddVCnPK7rHR,289,iad1,265,2048,,prj_tTazyIAJqpeYJ5JCTm3wmiNgPNWd,,,01KD8S4NAPWVAYTZ2Q5Z12F55B,3KM1G4bs0xcU,1
2025-12-24 18:00:03,1766599203175,cryptosignal-ai-ezkj4q9c4-hadayalab-projects-projects.vercel.app/api/cron,GET,,200,cpkms-1766599203104-990e53356899,vercel-cron/1.0,info,production,main,MISS,serverless,/api/cron,cryptosignal-ai-ezkj4q9c4-hadayalab-projects-projects.vercel.app,cryptosignal-ai-ezkj4q9c4-hadayalab-projects-projects.vercel.app,dpl_snnUW69HoSexCn3LbddVCnPK7rHR,,,,,🚀 Cron Job Started: Whale Monitor,prj_tTazyIAJqpeYJ5JCTm3wmiNgPNWd,,,,,
2025-12-24 18:00:03,1766599203175,cryptosignal-ai-ezkj4q9c4-hadayalab-projects-projects.vercel.app/api/cron,GET,,200,cpkms-1766599203104-990e53356899,vercel-cron/1.0,info,production,main,MISS,serverless,/api/cron,cryptosignal-ai-ezkj4q9c4-hadayalab-projects-projects.vercel.app,cryptosignal-ai-ezkj4q9c4-hadayalab-projects-projects.vercel.app,dpl_snnUW69HoSexCn3LbddVCnPK7rHR,,,,,"Slot check => utcHour=18, utcMinute=0, isRegularSlot=false, force=false",prj_tTazyIAJqpeYJ5JCTm3wmiNgPNWd,,,,,
2025-12-24 18:00:03,1766599203177,cryptosignal-ai-ezkj4q9c4-hadayalab-projects-projects.vercel.app/api/cron,GET,,200,cpkms-1766599203104-990e53356899,vercel-cron/1.0,info,production,main,MISS,serverless,/api/cron,cryptosignal-ai-ezkj4q9c4-hadayalab-projects-projects.vercel.app,cryptosignal-ai-ezkj4q9c4-hadayalab-projects-projects.vercel.app,dpl_snnUW69HoSexCn3LbddVCnPK7rHR,,,,,🌐 Fetching: https://api.cryptoquant.com/v1/btc/exchange-flows/netflow?exchange=all_exchange&window=day&limit=1,prj_tTazyIAJqpeYJ5JCTm3wmiNgPNWd,,,,,
2025-12-24 18:00:03,1766599203264,cryptosignal-ai-ezkj4q9c4-hadayalab-projects-projects.vercel.app/api/cron,GET,,200,cpkms-1766599203104-990e53356899,vercel-cron/1.0,info,production,main,MISS,serverless,/api/cron,cryptosignal-ai-ezkj4q9c4-hadayalab-projects-projects.vercel.app,cryptosignal-ai-ezkj4q9c4-hadayalab-projects-projects.vercel.app,dpl_snnUW69HoSexCn3LbddVCnPK7rHR,,,,,🌐 Fetching: https://api.cryptoquant.com/v1/btc/flow-indicator/mpi?window=day&limit=1,prj_tTazyIAJqpeYJ5JCTm3wmiNgPNWd,,,,,
2025-12-24 18:00:03,1766599203266,cryptosignal-ai-ezkj4q9c4-hadayalab-projects-projects.vercel.app/api/cron,GET,,200,cpkms-1766599203104-990e53356899,vercel-cron/1.0,error,production,main,MISS,serverless,/api/cron,cryptosignal-ai-ezkj4q9c4-hadayalab-projects-projects.vercel.app,cryptosignal-ai-ezkj4q9c4-hadayalab-projects-projects.vercel.app,dpl_snnUW69HoSexCn3LbddVCnPK7rHR,,,,,"(node:4) [DEP0169] DeprecationWarning: `url.parse()` behavior is not standardized and prone to errors that have security implications. Use the WHATWG URL API instead. CVEs are not issued for `url.parse()` vulnerabilities.
(Use `node --trace-deprecation ...` to show where the warning was created)",prj_tTazyIAJqpeYJ5JCTm3wmiNgPNWd,,,,,
2025-12-24 18:00:03,1766599203472,cryptosignal-ai-ezkj4q9c4-hadayalab-projects-projects.vercel.app/api/cron,GET,,200,cpkms-1766599203104-990e53356899,vercel-cron/1.0,info,production,main,MISS,serverless,/api/cron,cryptosignal-ai-ezkj4q9c4-hadayalab-projects-projects.vercel.app,cryptosignal-ai-ezkj4q9c4-hadayalab-projects-projects.vercel.app,dpl_snnUW69HoSexCn3LbddVCnPK7rHR,,,,,"📊 Exchange Netflow (BTC): -11379.222587299999 raw: {""date"":""2025-12-23"",""netflow_total"":-11379.222587299999}",prj_tTazyIAJqpeYJ5JCTm3wmiNgPNWd,,,,,
2025-12-24 18:00:03,1766599203700,cryptosignal-ai-ezkj4q9c4-hadayalab-projects-projects.vercel.app/api/cron,GET,,200,cpkms-1766599203104-990e53356899,vercel-cron/1.0,info,production,main,MISS,serverless,/api/cron,cryptosignal-ai-ezkj4q9c4-hadayalab-projects-projects.vercel.app,cryptosignal-ai-ezkj4q9c4-hadayalab-projects-projects.vercel.app,dpl_snnUW69HoSexCn3LbddVCnPK7rHR,,,,,"📊 Miner Position Index (BTC): -0.5211564700986901 raw: {""date"":""2025-12-23"",""mpi"":-0.5211564700986901}",prj_tTazyIAJqpeYJ5JCTm3wmiNgPNWd,,,,,
2025-12-24 18:00:03,1766599203104,cryptosignal-ai-ezkj4q9c4-hadayalab-projects-projects.vercel.app/api/cron,GET,,200,cpkms-1766599203104-990e53356899,vercel-cron/1.0,,production,main,MISS,serverless,/api/cron,cryptosignal-ai-ezkj4q9c4-hadayalab-projects-projects.vercel.app,cryptosignal-ai-ezkj4q9c4-hadayalab-projects-projects.vercel.app,dpl_snnUW69HoSexCn3LbddVCnPK7rHR,637,iad1,264,2048,,prj_tTazyIAJqpeYJ5JCTm3wmiNgPNWd,,,01KD8R969YZ6MAJ115J6D2E2G7,3KM1G4bs0xcU,1
2025-12-24 17:45:03,1766598303154,cryptosignal-ai-ezkj4q9c4-hadayalab-projects-projects.vercel.app/api/cron,GET,,200,kqjjg-1766598303099-b0de032272be,vercel-cron/1.0,info,production,main,MISS,serverless,/api/cron,cryptosignal-ai-ezkj4q9c4-hadayalab-projects-projects.vercel.app,cryptosignal-ai-ezkj4q9c4-hadayalab-projects-projects.vercel.app,dpl_snnUW69HoSexCn3LbddVCnPK7rHR,,,,,🚀 Cron Job Started: Whale Monitor,prj_tTazyIAJqpeYJ5JCTm3wmiNgPNWd,,,,,
2025-12-24 17:45:03,1766598303154,cryptosignal-ai-ezkj4q9c4-hadayalab-projects-projects.vercel.app/api/cron,GET,,200,kqjjg-1766598303099-b0de032272be,vercel-cron/1.0,info,production,main,MISS,serverless,/api/cron,cryptosignal-ai-ezkj4q9c4-hadayalab-projects-projects.vercel.app,cryptosignal-ai-ezkj4q9c4-hadayalab-projects-projects.vercel.app,dpl_snnUW69HoSexCn3LbddVCnPK7rHR,,,,,"Slot check => utcHour=17, utcMinute=45, isRegularSlot=false, force=false",prj_tTazyIAJqpeYJ5JCTm3wmiNgPNWd,,,,,
2025-12-24 17:45:03,1766598303154,cryptosignal-ai-ezkj4q9c4-hadayalab-projects-projects.vercel.app/api/cron,GET,,200,kqjjg-1766598303099-b0de032272be,vercel-cron/1.0,info,production,main,MISS,serverless,/api/cron,cryptosignal-ai-ezkj4q9c4-hadayalab-projects-projects.vercel.app,cryptosignal-ai-ezkj4q9c4-hadayalab-projects-projects.vercel.app,dpl_snnUW69HoSexCn3LbddVCnPK7rHR,,,,,🌐 Fetching: https://api.cryptoquant.com/v1/btc/exchange-flows/netflow?exchange=all_exchange&window=day&limit=1,prj_tTazyIAJqpeYJ5JCTm3wmiNgPNWd,,,,,
2025-12-24 17:45:03,1766598303155,cryptosignal-ai-ezkj4q9c4-hadayalab-projects-projects.vercel.app/api/cron,GET,,200,kqjjg-1766598303099-b0de032272be,vercel-cron/1.0,info,production,main,MISS,serverless,/api/cron,cryptosignal-ai-ezkj4q9c4-hadayalab-projects-projects.vercel.app,cryptosignal-ai-ezkj4q9c4-hadayalab-projects-projects.vercel.app,dpl_snnUW69HoSexCn3LbddVCnPK7rHR,,,,,🌐 Fetching: https://api.cryptoquant.com/v1/btc/flow-indicator/mpi?window=day&limit=1,prj_tTazyIAJqpeYJ5JCTm3wmiNgPNWd,,,,,
2025-12-24 17:45:03,1766598303397,cryptosignal-ai-ezkj4q9c4-hadayalab-projects-projects.vercel.app/api/cron,GET,,200,kqjjg-1766598303099-b0de032272be,vercel-cron/1.0,info,production,main,MISS,serverless,/api/cron,cryptosignal-ai-ezkj4q9c4-hadayalab-projects-projects.vercel.app,cryptosignal-ai-ezkj4q9c4-hadayalab-projects-projects.vercel.app,dpl_snnUW69HoSexCn3LbddVCnPK7rHR,,,,,"📊 Miner Position Index (BTC): -0.5211564700986901 raw: {""date"":""2025-12-23"",""mpi"":-0.5211564700986901}",prj_tTazyIAJqpeYJ5JCTm3wmiNgPNWd,,,,,
2025-12-24 17:45:03,1766598303439,cryptosignal-ai-ezkj4q9c4-hadayalab-projects-projects.vercel.app/api/cron,GET,,200,kqjjg-1766598303099-b0de032272be,vercel-cron/1.0,info,production,main,MISS,serverless,/api/cron,cryptosignal-ai-ezkj4q9c4-hadayalab-projects-projects.vercel.app,cryptosignal-ai-ezkj4q9c4-hadayalab-projects-projects.vercel.app,dpl_snnUW69HoSexCn3LbddVCnPK7rHR,,,,,"📊 Exchange Netflow (BTC): -11379.222587299999 raw: {""date"":""2025-12-23"",""netflow_total"":-11379.222587299999}",prj_tTazyIAJqpeYJ5JCTm3wmiNgPNWd,,,,,
2025-12-24 17:45:03,1766598303099,cryptosignal-ai-ezkj4q9c4-hadayalab-projects-projects.vercel.app/api/cron,GET,,200,kqjjg-1766598303099-b0de032272be,vercel-cron/1.0,,production,main,MISS,serverless,/api/cron,cryptosignal-ai-ezkj4q9c4-hadayalab-projects-projects.vercel.app,cryptosignal-ai-ezkj4q9c4-hadayalab-projects-projects.vercel.app,dpl_snnUW69HoSexCn3LbddVCnPK7rHR,350,iad1,272,2048,,prj_tTazyIAJqpeYJ5JCTm3wmiNgPNWd,,,01KD8QDQCH5QJYMYG0H7HKQVRX,LzZwHuBHUrPr,1
2025-12-24 17:30:03,1766597403154,cryptosignal-ai-ezkj4q9c4-hadayalab-projects-projects.vercel.app/api/cron,GET,,200,lmqgj-1766597403112-aee3ba38db5b,vercel-cron/1.0,info,production,main,MISS,serverless,/api/cron,cryptosignal-ai-ezkj4q9c4-hadayalab-projects-projects.vercel.app,cryptosignal-ai-ezkj4q9c4-hadayalab-projects-projects.vercel.app,dpl_snnUW69HoSexCn3LbddVCnPK7rHR,,,,,🚀 Cron Job Started: Whale Monitor,prj_tTazyIAJqpeYJ5JCTm3wmiNgPNWd,,,,,
2025-12-24 17:30:03,1766597403154,cryptosignal-ai-ezkj4q9c4-hadayalab-projects-projects.vercel.app/api/cron,GET,,200,lmqgj-1766597403112-aee3ba38db5b,vercel-cron/1.0,info,production,main,MISS,serverless,/api/cron,cryptosignal-ai-ezkj4q9c4-hadayalab-projects-projects.vercel.app,cryptosignal-ai-ezkj4q9c4-hadayalab-projects-projects.vercel.app,dpl_snnUW69HoSexCn3LbddVCnPK7rHR,,,,,"Slot check => utcHour=17, utcMinute=30, isRegularSlot=false, force=false",prj_tTazyIAJqpeYJ5JCTm3wmiNgPNWd,,,,,
2025-12-24 17:30:03,1766597403154,cryptosignal-ai-ezkj4q9c4-hadayalab-projects-projects.vercel.app/api/cron,GET,,200,lmqgj-1766597403112-aee3ba38db5b,vercel-cron/1.0,info,production,main,MISS,serverless,/api/cron,cryptosignal-ai-ezkj4q9c4-hadayalab-projects-projects.vercel.app,cryptosignal-ai-ezkj4q9c4-hadayalab-projects-projects.vercel.app,dpl_snnUW69HoSexCn3LbddVCnPK7rHR,,,,,🌐 Fetching: https://api.cryptoquant.com/v1/btc/exchange-flows/netflow?exchange=all_exchange&window=day&limit=1,prj_tTazyIAJqpeYJ5JCTm3wmiNgPNWd,,,,,
2025-12-24 17:30:03,1766597403154,cryptosignal-ai-ezkj4q9c4-hadayalab-projects-projects.vercel.app/api/cron,GET,,200,lmqgj-1766597403112-aee3ba38db5b,vercel-cron/1.0,info,production,main,MISS,serverless,/api/cron,cryptosignal-ai-ezkj4q9c4-hadayalab-projects-projects.vercel.app,cryptosignal-ai-ezkj4q9c4-hadayalab-projects-projects.vercel.app,dpl_snnUW69HoSexCn3LbddVCnPK7rHR,,,,,🌐 Fetching: https://api.cryptoquant.com/v1/btc/flow-indicator/mpi?window=day&limit=1,prj_tTazyIAJqpeYJ5JCTm3wmiNgPNWd,,,,,
2025-12-24 17:30:03,1766597403334,cryptosignal-ai-ezkj4q9c4-hadayalab-projects-projects.vercel.app/api/cron,GET,,200,lmqgj-1766597403112-aee3ba38db5b,vercel-cron/1.0,info,production,main,MISS,serverless,/api/cron,cryptosignal-ai-ezkj4q9c4-hadayalab-projects-projects.vercel.app,cryptosignal-ai-ezkj4q9c4-hadayalab-projects-projects.vercel.app,dpl_snnUW69HoSexCn3LbddVCnPK7rHR,,,,,"📊 Exchange Netflow (BTC): -11379.222587299999 raw: {""date"":""2025-12-23"",""netflow_total"":-11379.222587299999}",prj_tTazyIAJqpeYJ5JCTm3wmiNgPNWd,,,,,
2025-12-24 17:30:03,1766597403401,cryptosignal-ai-ezkj4q9c4-hadayalab-projects-projects.vercel.app/api/cron,GET,,200,lmqgj-1766597403112-aee3ba38db5b,vercel-cron/1.0,info,production,main,MISS,serverless,/api/cron,cryptosignal-ai-ezkj4q9c4-hadayalab-projects-projects.vercel.app,cryptosignal-ai-ezkj4q9c4-hadayalab-projects-projects.vercel.app,dpl_snnUW69HoSexCn3LbddVCnPK7rHR,,,,,"📊 Miner Position Index (BTC): -0.5211564700986901 raw: {""date"":""2025-12-23"",""mpi"":-0.5211564700986901}",prj_tTazyIAJqpeYJ5JCTm3wmiNgPNWd,,,,,
2025-12-24 17:30:03,1766597403112,cryptosignal-ai-ezkj4q9c4-hadayalab-projects-projects.vercel.app/api/cron,GET,,200,lmqgj-1766597403112-aee3ba38db5b,vercel-cron/1.0,,production,main,MISS,serverless,/api/cron,cryptosignal-ai-ezkj4q9c4-hadayalab-projects-projects.vercel.app,cryptosignal-ai-ezkj4q9c4-hadayalab-projects-projects.vercel.app,dpl_snnUW69HoSexCn3LbddVCnPK7rHR,316,iad1,272,2048,,prj_tTazyIAJqpeYJ5JCTm3wmiNgPNWd,,,01KD8PJ8FYEB7D3X27RBZMBTGJ,LzZwHuBHUrPr,1
2025-12-24 17:15:03,1766596503305,cryptosignal-ai-ezkj4q9c4-hadayalab-projects-projects.vercel.app/api/cron,GET,,200,vrfjl-1766596503272-d75a6a693d10,vercel-cron/1.0,info,production,main,MISS,serverless,/api/cron,cryptosignal-ai-ezkj4q9c4-hadayalab-projects-projects.vercel.app,cryptosignal-ai-ezkj4q9c4-hadayalab-projects-projects.vercel.app,dpl_snnUW69HoSexCn3LbddVCnPK7rHR,,,,,🚀 Cron Job Started: Whale Monitor,prj_tTazyIAJqpeYJ5JCTm3wmiNgPNWd,,,,,
2025-12-24 17:15:03,1766596503305,cryptosignal-ai-ezkj4q9c4-hadayalab-projects-projects.vercel.app/api/cron,GET,,200,vrfjl-1766596503272-d75a6a693d10,vercel-cron/1.0,info,production,main,MISS,serverless,/api/cron,cryptosignal-ai-ezkj4q9c4-hadayalab-projects-projects.vercel.app,cryptosignal-ai-ezkj4q9c4-hadayalab-projects-projects.vercel.app,dpl_snnUW69HoSexCn3LbddVCnPK7rHR,,,,,"Slot check => utcHour=17, utcMinute=15, isRegularSlot=false, force=false",prj_tTazyIAJqpeYJ5JCTm3wmiNgPNWd,,,,,
2025-12-24 17:15:03,1766596503305,cryptosignal-ai-ezkj4q9c4-hadayalab-projects-projects.vercel.app/api/cron,GET,,200,vrfjl-1766596503272-d75a6a693d10,vercel-cron/1.0,info,production,main,MISS,serverless,/api/cron,cryptosignal-ai-ezkj4q9c4-hadayalab-projects-projects.vercel.app,cryptosignal-ai-ezkj4q9c4-hadayalab-projects-projects.vercel.app,dpl_snnUW69HoSexCn3LbddVCnPK7rHR,,,,,🌐 Fetching: https://api.cryptoquant.com/v1/btc/exchange-flows/netflow?exchange=all_exchange&window=day&limit=1,prj_tTazyIAJqpeYJ5JCTm3wmiNgPNWd,,,,,
2025-12-24 17:15:03,1766596503305,cryptosignal-ai-ezkj4q9c4-hadayalab-projects-projects.vercel.app/api/cron,GET,,200,vrfjl-1766596503272-d75a6a693d10,vercel-cron/1.0,info,production,main,MISS,serverless,/api/cron,cryptosignal-ai-ezkj4q9c4-hadayalab-projects-projects.vercel.app,cryptosignal-ai-ezkj4q9c4-hadayalab-projects-projects.vercel.app,dpl_snnUW69HoSexCn3LbddVCnPK7rHR,,,,,🌐 Fetching: https://api.cryptoquant.com/v1/btc/flow-indicator/mpi?window=day&limit=1,prj_tTazyIAJqpeYJ5JCTm3wmiNgPNWd,,,,,
2025-12-24 17:15:03,1766596503504,cryptosignal-ai-ezkj4q9c4-hadayalab-projects-projects.vercel.app/api/cron,GET,,200,vrfjl-1766596503272-d75a6a693d10,vercel-cron/1.0,info,production,main,MISS,serverless,/api/cron,cryptosignal-ai-ezkj4q9c4-hadayalab-projects-projects.vercel.app,cryptosignal-ai-ezkj4q9c4-hadayalab-projects-projects.vercel.app,dpl_snnUW69HoSexCn3LbddVCnPK7rHR,,,,,"📊 Exchange Netflow (BTC): -11379.222587299999 raw: {""date"":""2025-12-23"",""netflow_total"":-11379.222587299999}",prj_tTazyIAJqpeYJ5JCTm3wmiNgPNWd,,,,,
2025-12-24 17:15:03,1766596503517,cryptosignal-ai-ezkj4q9c4-hadayalab-projects-projects.vercel.app/api/cron,GET,,200,vrfjl-1766596503272-d75a6a693d10,vercel-cron/1.0,info,production,main,MISS,serverless,/api/cron,cryptosignal-ai-ezkj4q9c4-hadayalab-projects-projects.vercel.app,cryptosignal-ai-ezkj4q9c4-hadayalab-projects-projects.vercel.app,dpl_snnUW69HoSexCn3LbddVCnPK7rHR,,,,,"📊 Miner Position Index (BTC): -0.5211564700986901 raw: {""date"":""2025-12-23"",""mpi"":-0.5211564700986901}",prj_tTazyIAJqpeYJ5JCTm3wmiNgPNWd,,,,,
2025-12-24 17:15:03,1766596503272,cryptosignal-ai-ezkj4q9c4-hadayalab-projects-projects.vercel.app/api/cron,GET,,200,vrfjl-1766596503272-d75a6a693d10,vercel-cron/1.0,,production,main,MISS,serverless,/api/cron,cryptosignal-ai-ezkj4q9c4-hadayalab-projects-projects.vercel.app,cryptosignal-ai-ezkj4q9c4-hadayalab-projects-projects.vercel.app,dpl_snnUW69HoSexCn3LbddVCnPK7rHR,279,iad1,271,2048,,prj_tTazyIAJqpeYJ5JCTm3wmiNgPNWd,,,01KD8NPSQQ5PZAD9V4WDCJQY55,LzZwHuBHUrPr,1
2025-12-24 17:00:03,1766595603236,cryptosignal-ai-ezkj4q9c4-hadayalab-projects-projects.vercel.app/api/cron,GET,,200,sjfws-1766595603192-c1c62d609ea8,vercel-cron/1.0,info,production,main,MISS,serverless,/api/cron,cryptosignal-ai-ezkj4q9c4-hadayalab-projects-projects.vercel.app,cryptosignal-ai-ezkj4q9c4-hadayalab-projects-projects.vercel.app,dpl_snnUW69HoSexCn3LbddVCnPK7rHR,,,,,🚀 Cron Job Started: Whale Monitor,prj_tTazyIAJqpeYJ5JCTm3wmiNgPNWd,,,,,
2025-12-24 17:00:03,1766595603236,cryptosignal-ai-ezkj4q9c4-hadayalab-projects-projects.vercel.app/api/cron,GET,,200,sjfws-1766595603192-c1c62d609ea8,vercel-cron/1.0,info,production,main,MISS,serverless,/api/cron,cryptosignal-ai-ezkj4q9c4-hadayalab-projects-projects.vercel.app,cryptosignal-ai-ezkj4q9c4-hadayalab-projects-projects.vercel.app,dpl_snnUW69HoSexCn3LbddVCnPK7rHR,,,,,"Slot check => utcHour=17, utcMinute=0, isRegularSlot=false, force=false",prj_tTazyIAJqpeYJ5JCTm3wmiNgPNWd,,,,,
2025-12-24 17:00:03,1766595603236,cryptosignal-ai-ezkj4q9c4-hadayalab-projects-projects.vercel.app/api/cron,GET,,200,sjfws-1766595603192-c1c62d609ea8,vercel-cron/1.0,info,production,main,MISS,serverless,/api/cron,cryptosignal-ai-ezkj4q9c4-hadayalab-projects-projects.vercel.app,cryptosignal-ai-ezkj4q9c4-hadayalab-projects-projects.vercel.app,dpl_snnUW69HoSexCn3LbddVCnPK7rHR,,,,,🌐 Fetching: https://api.cryptoquant.com/v1/btc/exchange-flows/netflow?exchange=all_exchange&window=day&limit=1,prj_tTazyIAJqpeYJ5JCTm3wmiNgPNWd,,,,,
2025-12-24 17:00:03,1766595603236,cryptosignal-ai-ezkj4q9c4-hadayalab-projects-projects.vercel.app/api/cron,GET,,200,sjfws-1766595603192-c1c62d609ea8,vercel-cron/1.0,info,production,main,MISS,serverless,/api/cron,cryptosignal-ai-ezkj4q9c4-hadayalab-projects-projects.vercel.app,cryptosignal-ai-ezkj4q9c4-hadayalab-projects-projects.vercel.app,dpl_snnUW69HoSexCn3LbddVCnPK7rHR,,,,,🌐 Fetching: https://api.cryptoquant.com/v1/btc/flow-indicator/mpi?window=day&limit=1,prj_tTazyIAJqpeYJ5JCTm3wmiNgPNWd,,,,,
2025-12-24 17:00:03,1766595603463,cryptosignal-ai-ezkj4q9c4-hadayalab-projects-projects.vercel.app/api/cron,GET,,200,sjfws-1766595603192-c1c62d609ea8,vercel-cron/1.0,info,production,main,MISS,serverless,/api/cron,cryptosignal-ai-ezkj4q9c4-hadayalab-projects-projects.vercel.app,cryptosignal-ai-ezkj4q9c4-hadayalab-projects-projects.vercel.app,dpl_snnUW69HoSexCn3LbddVCnPK7rHR,,,,,"📊 Miner Position Index (BTC): -0.5211564700986901 raw: {""date"":""2025-12-23"",""mpi"":-0.5211564700986901}",prj_tTazyIAJqpeYJ5JCTm3wmiNgPNWd,,,,,
2025-12-24 17:00:03,1766595603508,cryptosignal-ai-ezkj4q9c4-hadayalab-projects-projects.vercel.app/api/cron,GET,,200,sjfws-1766595603192-c1c62d609ea8,vercel-cron/1.0,info,production,main,MISS,serverless,/api/cron,cryptosignal-ai-ezkj4q9c4-hadayalab-projects-projects.vercel.app,cryptosignal-ai-ezkj4q9c4-hadayalab-projects-projects.vercel.app,dpl_snnUW69HoSexCn3LbddVCnPK7rHR,,,,,"📊 Exchange Netflow (BTC): -11379.222587299999 raw: {""date"":""2025-12-23"",""netflow_total"":-11379.222587299999}",prj_tTazyIAJqpeYJ5JCTm3wmiNgPNWd,,,,,
2025-12-24 17:00:03,1766595603192,cryptosignal-ai-ezkj4q9c4-hadayalab-projects-projects.vercel.app/api/cron,GET,,200,sjfws-1766595603192-c1c62d609ea8,vercel-cron/1.0,,production,main,MISS,serverless,/api/cron,cryptosignal-ai-ezkj4q9c4-hadayalab-projects-projects.vercel.app,cryptosignal-ai-ezkj4q9c4-hadayalab-projects-projects.vercel.app,dpl_snnUW69HoSexCn3LbddVCnPK7rHR,350,iad1,271,2048,,prj_tTazyIAJqpeYJ5JCTm3wmiNgPNWd,,,01KD8MVARD4GZGT3Z4EJKNH8VV,LzZwHuBHUrPr,1
2025-12-24 16:45:03,1766594703114,cryptosignal-ai-ezkj4q9c4-hadayalab-projects-projects.vercel.app/api/cron,GET,,200,mns86-1766594703076-ee2d206768e9,vercel-cron/1.0,info,production,main,MISS,serverless,/api/cron,cryptosignal-ai-ezkj4q9c4-hadayalab-projects-projects.vercel.app,cryptosignal-ai-ezkj4q9c4-hadayalab-projects-projects.vercel.app,dpl_snnUW69HoSexCn3LbddVCnPK7rHR,,,,,🚀 Cron Job Started: Whale Monitor,prj_tTazyIAJqpeYJ5JCTm3wmiNgPNWd,,,,,
2025-12-24 16:45:03,1766594703114,cryptosignal-ai-ezkj4q9c4-hadayalab-projects-projects.vercel.app/api/cron,GET,,200,mns86-1766594703076-ee2d206768e9,vercel-cron/1.0,info,production,main,MISS,serverless,/api/cron,cryptosignal-ai-ezkj4q9c4-hadayalab-projects-projects.vercel.app,cryptosignal-ai-ezkj4q9c4-hadayalab-projects-projects.vercel.app,dpl_snnUW69HoSexCn3LbddVCnPK7rHR,,,,,"Slot check => utcHour=16, utcMinute=45, isRegularSlot=false, force=false",prj_tTazyIAJqpeYJ5JCTm3wmiNgPNWd,,,,,
2025-12-24 16:45:03,1766594703114,cryptosignal-ai-ezkj4q9c4-hadayalab-projects-projects.vercel.app/api/cron,GET,,200,mns86-1766594703076-ee2d206768e9,vercel-cron/1.0,info,production,main,MISS,serverless,/api/cron,cryptosignal-ai-ezkj4q9c4-hadayalab-projects-projects.vercel.app,cryptosignal-ai-ezkj4q9c4-hadayalab-projects-projects.vercel.app,dpl_snnUW69HoSexCn3LbddVCnPK7rHR,,,,,🌐 Fetching: https://api.cryptoquant.com/v1/btc/exchange-flows/netflow?exchange=all_exchange&window=day&limit=1,prj_tTazyIAJqpeYJ5JCTm3wmiNgPNWd,,,,,
2025-12-24 16:45:03,1766594703114,cryptosignal-ai-ezkj4q9c4-hadayalab-projects-projects.vercel.app/api/cron,GET,,200,mns86-1766594703076-ee2d206768e9,vercel-cron/1.0,info,production,main,MISS,serverless,/api/cron,cryptosignal-ai-ezkj4q9c4-hadayalab-projects-projects.vercel.app,cryptosignal-ai-ezkj4q9c4-hadayalab-projects-projects.vercel.app,dpl_snnUW69HoSexCn3LbddVCnPK7rHR,,,,,🌐 Fetching: https://api.cryptoquant.com/v1/btc/flow-indicator/mpi?window=day&limit=1,prj_tTazyIAJqpeYJ5JCTm3wmiNgPNWd,,,,,
2025-12-24 16:45:03,1766594703293,cryptosignal-ai-ezkj4q9c4-hadayalab-projects-projects.vercel.app/api/cron,GET,,200,mns86-1766594703076-ee2d206768e9,vercel-cron/1.0,info,production,main,MISS,serverless,/api/cron,cryptosignal-ai-ezkj4q9c4-hadayalab-projects-projects.vercel.app,cryptosignal-ai-ezkj4q9c4-hadayalab-projects-projects.vercel.app,dpl_snnUW69HoSexCn3LbddVCnPK7rHR,,,,,"📊 Exchange Netflow (BTC): -11379.222587299999 raw: {""date"":""2025-12-23"",""netflow_total"":-11379.222587299999}",prj_tTazyIAJqpeYJ5JCTm3wmiNgPNWd,,,,,
2025-12-24 16:45:03,1766594703320,cryptosignal-ai-ezkj4q9c4-hadayalab-projects-projects.vercel.app/api/cron,GET,,200,mns86-1766594703076-ee2d206768e9,vercel-cron/1.0,info,production,main,MISS,serverless,/api/cron,cryptosignal-ai-ezkj4q9c4-hadayalab-projects-projects.vercel.app,cryptosignal-ai-ezkj4q9c4-hadayalab-projects-projects.vercel.app,dpl_snnUW69HoSexCn3LbddVCnPK7rHR,,,,,"📊 Miner Position Index (BTC): -0.5211564700986901 raw: {""date"":""2025-12-23"",""mpi"":-0.5211564700986901}",prj_tTazyIAJqpeYJ5JCTm3wmiNgPNWd,,,,,
2025-12-24 16:45:03,1766594703076,cryptosignal-ai-ezkj4q9c4-hadayalab-projects-projects.vercel.app/api/cron,GET,,200,mns86-1766594703076-ee2d206768e9,vercel-cron/1.0,,production,main,MISS,serverless,/api/cron,cryptosignal-ai-ezkj4q9c4-hadayalab-projects-projects.vercel.app,cryptosignal-ai-ezkj4q9c4-hadayalab-projects-projects.vercel.app,dpl_snnUW69HoSexCn3LbddVCnPK7rHR,278,iad1,271,2048,,prj_tTazyIAJqpeYJ5JCTm3wmiNgPNWd,,,01KD8KZVQJBC8FYBMTXMKJMF0C,LzZwHuBHUrPr,1
2025-12-24 16:30:03,1766593803149,cryptosignal-ai-ezkj4q9c4-hadayalab-projects-projects.vercel.app/api/cron,GET,,200,ncxsm-1766593803106-9ed31c66c5e8,vercel-cron/1.0,info,production,main,MISS,serverless,/api/cron,cryptosignal-ai-ezkj4q9c4-hadayalab-projects-projects.vercel.app,cryptosignal-ai-ezkj4q9c4-hadayalab-projects-projects.vercel.app,dpl_snnUW69HoSexCn3LbddVCnPK7rHR,,,,,🚀 Cron Job Started: Whale Monitor,prj_tTazyIAJqpeYJ5JCTm3wmiNgPNWd,,,,,
2025-12-24 16:30:03,1766593803149,cryptosignal-ai-ezkj4q9c4-hadayalab-projects-projects.vercel.app/api/cron,GET,,200,ncxsm-1766593803106-9ed31c66c5e8,vercel-cron/1.0,info,production,main,MISS,serverless,/api/cron,cryptosignal-ai-ezkj4q9c4-hadayalab-projects-projects.vercel.app,cryptosignal-ai-ezkj4q9c4-hadayalab-projects-projects.vercel.app,dpl_snnUW69HoSexCn3LbddVCnPK7rHR,,,,,"Slot check => utcHour=16, utcMinute=30, isRegularSlot=false, force=false",prj_tTazyIAJqpeYJ5JCTm3wmiNgPNWd,,,,,
2025-12-24 16:30:03,1766593803149,cryptosignal-ai-ezkj4q9c4-hadayalab-projects-projects.vercel.app/api/cron,GET,,200,ncxsm-1766593803106-9ed31c66c5e8,vercel-cron/1.0,info,production,main,MISS,serverless,/api/cron,cryptosignal-ai-ezkj4q9c4-hadayalab-projects-projects.vercel.app,cryptosignal-ai-ezkj4q9c4-hadayalab-projects-projects.vercel.app,dpl_snnUW69HoSexCn3LbddVCnPK7rHR,,,,,🌐 Fetching: https://api.cryptoquant.com/v1/btc/exchange-flows/netflow?exchange=all_exchange&window=day&limit=1,prj_tTazyIAJqpeYJ5JCTm3wmiNgPNWd,,,,,
2025-12-24 16:30:03,1766593803149,cryptosignal-ai-ezkj4q9c4-hadayalab-projects-projects.vercel.app/api/cron,GET,,200,ncxsm-1766593803106-9ed31c66c5e8,vercel-cron/1.0,info,production,main,MISS,serverless,/api/cron,cryptosignal-ai-ezkj4q9c4-hadayalab-projects-projects.vercel.app,cryptosignal-ai-ezkj4q9c4-hadayalab-projects-projects.vercel.app,dpl_snnUW69HoSexCn3LbddVCnPK7rHR,,,,,🌐 Fetching: https://api.cryptoquant.com/v1/btc/flow-indicator/mpi?window=day&limit=1,prj_tTazyIAJqpeYJ5JCTm3wmiNgPNWd,,,,,
2025-12-24 16:30:03,1766593803337,cryptosignal-ai-ezkj4q9c4-hadayalab-projects-projects.vercel.app/api/cron,GET,,200,ncxsm-1766593803106-9ed31c66c5e8,vercel-cron/1.0,info,production,main,MISS,serverless,/api/cron,cryptosignal-ai-ezkj4q9c4-hadayalab-projects-projects.vercel.app,cryptosignal-ai-ezkj4q9c4-hadayalab-projects-projects.vercel.app,dpl_snnUW69HoSexCn3LbddVCnPK7rHR,,,,,"📊 Exchange Netflow (BTC): -11379.222587299999 raw: {""date"":""2025-12-23"",""netflow_total"":-11379.222587299999}",prj_tTazyIAJqpeYJ5JCTm3wmiNgPNWd,,,,,
2025-12-24 16:30:03,1766593803382,cryptosignal-ai-ezkj4q9c4-hadayalab-projects-projects.vercel.app/api/cron,GET,,200,ncxsm-1766593803106-9ed31c66c5e8,vercel-cron/1.0,info,production,main,MISS,serverless,/api/cron,cryptosignal-ai-ezkj4q9c4-hadayalab-projects-projects.vercel.app,cryptosignal-ai-ezkj4q9c4-hadayalab-projects-projects.vercel.app,dpl_snnUW69HoSexCn3LbddVCnPK7rHR,,,,,"📊 Miner Position Index (BTC): -0.5211564700986901 raw: {""date"":""2025-12-23"",""mpi"":-0.5211564700986901}",prj_tTazyIAJqpeYJ5JCTm3wmiNgPNWd,,,,,
2025-12-24 16:30:03,1766593803106,cryptosignal-ai-ezkj4q9c4-hadayalab-projects-projects.vercel.app/api/cron,GET,,200,ncxsm-1766593803106-9ed31c66c5e8,vercel-cron/1.0,,production,main,MISS,serverless,/api/cron,cryptosignal-ai-ezkj4q9c4-hadayalab-projects-projects.vercel.app,cryptosignal-ai-ezkj4q9c4-hadayalab-projects-projects.vercel.app,dpl_snnUW69HoSexCn3LbddVCnPK7rHR,307,iad1,271,2048,,prj_tTazyIAJqpeYJ5JCTm3wmiNgPNWd,,,01KD8K4CVHEBYG691R7FPV90VM,LzZwHuBHUrPr,1
2025-12-24 16:15:03,1766592903220,cryptosignal-ai-ezkj4q9c4-hadayalab-projects-projects.vercel.app/api/cron,GET,,200,qd2mb-1766592903155-87d2bd622271,vercel-cron/1.0,info,production,main,MISS,serverless,/api/cron,cryptosignal-ai-ezkj4q9c4-hadayalab-projects-projects.vercel.app,cryptosignal-ai-ezkj4q9c4-hadayalab-projects-projects.vercel.app,dpl_snnUW69HoSexCn3LbddVCnPK7rHR,,,,,🚀 Cron Job Started: Whale Monitor,prj_tTazyIAJqpeYJ5JCTm3wmiNgPNWd,,,,,
2025-12-24 16:15:03,1766592903220,cryptosignal-ai-ezkj4q9c4-hadayalab-projects-projects.vercel.app/api/cron,GET,,200,qd2mb-1766592903155-87d2bd622271,vercel-cron/1.0,info,production,main,MISS,serverless,/api/cron,cryptosignal-ai-ezkj4q9c4-hadayalab-projects-projects.vercel.app,cryptosignal-ai-ezkj4q9c4-hadayalab-projects-projects.vercel.app,dpl_snnUW69HoSexCn3LbddVCnPK7rHR,,,,,"Slot check => utcHour=16, utcMinute=15, isRegularSlot=false, force=false",prj_tTazyIAJqpeYJ5JCTm3wmiNgPNWd,,,,,
2025-12-24 16:15:03,1766592903220,cryptosignal-ai-ezkj4q9c4-hadayalab-projects-projects.vercel.app/api/cron,GET,,200,qd2mb-1766592903155-87d2bd622271,vercel-cron/1.0,info,production,main,MISS,serverless,/api/cron,cryptosignal-ai-ezkj4q9c4-hadayalab-projects-projects.vercel.app,cryptosignal-ai-ezkj4q9c4-hadayalab-projects-projects.vercel.app,dpl_snnUW69HoSexCn3LbddVCnPK7rHR,,,,,🌐 Fetching: https://api.cryptoquant.com/v1/btc/exchange-flows/netflow?exchange=all_exchange&window=day&limit=1,prj_tTazyIAJqpeYJ5JCTm3wmiNgPNWd,,,,,
2025-12-24 16:15:03,1766592903220,cryptosignal-ai-ezkj4q9c4-hadayalab-projects-projects.vercel.app/api/cron,GET,,200,qd2mb-1766592903155-87d2bd622271,vercel-cron/1.0,info,production,main,MISS,serverless,/api/cron,cryptosignal-ai-ezkj4q9c4-hadayalab-projects-projects.vercel.app,cryptosignal-ai-ezkj4q9c4-hadayalab-projects-projects.vercel.app,dpl_snnUW69HoSexCn3LbddVCnPK7rHR,,,,,🌐 Fetching: https://api.cryptoquant.com/v1/btc/flow-indicator/mpi?window=day&limit=1,prj_tTazyIAJqpeYJ5JCTm3wmiNgPNWd,,,,,
2025-12-24 16:15:03,1766592903442,cryptosignal-ai-ezkj4q9c4-hadayalab-projects-projects.vercel.app/api/cron,GET,,200,qd2mb-1766592903155-87d2bd622271,vercel-cron/1.0,info,production,main,MISS,serverless,/api/cron,cryptosignal-ai-ezkj4q9c4-hadayalab-projects-projects.vercel.app,cryptosignal-ai-ezkj4q9c4-hadayalab-projects-projects.vercel.app,dpl_snnUW69HoSexCn3LbddVCnPK7rHR,,,,,"📊 Exchange Netflow (BTC): -11379.222587299999 raw: {""date"":""2025-12-23"",""netflow_total"":-11379.222587299999}",prj_tTazyIAJqpeYJ5JCTm3wmiNgPNWd,,,,,
2025-12-24 16:15:03,1766592903480,cryptosignal-ai-ezkj4q9c4-hadayalab-projects-projects.vercel.app/api/cron,GET,,200,qd2mb-1766592903155-87d2bd622271,vercel-cron/1.0,info,production,main,MISS,serverless,/api/cron,cryptosignal-ai-ezkj4q9c4-hadayalab-projects-projects.vercel.app,cryptosignal-ai-ezkj4q9c4-hadayalab-projects-projects.vercel.app,dpl_snnUW69HoSexCn3LbddVCnPK7rHR,,,,,"📊 Miner Position Index (BTC): -0.5211564700986901 raw: {""date"":""2025-12-23"",""mpi"":-0.5211564700986901}",prj_tTazyIAJqpeYJ5JCTm3wmiNgPNWd,,,,,
2025-12-24 16:15:03,1766592903155,cryptosignal-ai-ezkj4q9c4-hadayalab-projects-projects.vercel.app/api/cron,GET,,200,qd2mb-1766592903155-87d2bd622271,vercel-cron/1.0,,production,main,MISS,serverless,/api/cron,cryptosignal-ai-ezkj4q9c4-hadayalab-projects-projects.vercel.app,cryptosignal-ai-ezkj4q9c4-hadayalab-projects-projects.vercel.app,dpl_snnUW69HoSexCn3LbddVCnPK7rHR,335,iad1,269,2048,,prj_tTazyIAJqpeYJ5JCTm3wmiNgPNWd,,,01KD8J8Y0P045XG4EW1VG4T4P5,LzZwHuBHUrPr,1
2025-12-24 16:00:03,1766592003198,cryptosignal-ai-ezkj4q9c4-hadayalab-projects-projects.vercel.app/api/cron,GET,,200,gxsg7-1766592003148-3edc119f8831,vercel-cron/1.0,info,production,main,MISS,serverless,/api/cron,cryptosignal-ai-ezkj4q9c4-hadayalab-projects-projects.vercel.app,cryptosignal-ai-ezkj4q9c4-hadayalab-projects-projects.vercel.app,dpl_snnUW69HoSexCn3LbddVCnPK7rHR,,,,,🚀 Cron Job Started: Whale Monitor,prj_tTazyIAJqpeYJ5JCTm3wmiNgPNWd,,,,,
2025-12-24 16:00:03,1766592003198,cryptosignal-ai-ezkj4q9c4-hadayalab-projects-projects.vercel.app/api/cron,GET,,200,gxsg7-1766592003148-3edc119f8831,vercel-cron/1.0,info,production,main,MISS,serverless,/api/cron,cryptosignal-ai-ezkj4q9c4-hadayalab-projects-projects.vercel.app,cryptosignal-ai-ezkj4q9c4-hadayalab-projects-projects.vercel.app,dpl_snnUW69HoSexCn3LbddVCnPK7rHR,,,,,"Slot check => utcHour=16, utcMinute=0, isRegularSlot=true, force=false",prj_tTazyIAJqpeYJ5JCTm3wmiNgPNWd,,,,,
2025-12-24 16:00:03,1766592003198,cryptosignal-ai-ezkj4q9c4-hadayalab-projects-projects.vercel.app/api/cron,GET,,200,gxsg7-1766592003148-3edc119f8831,vercel-cron/1.0,info,production,main,MISS,serverless,/api/cron,cryptosignal-ai-ezkj4q9c4-hadayalab-projects-projects.vercel.app,cryptosignal-ai-ezkj4q9c4-hadayalab-projects-projects.vercel.app,dpl_snnUW69HoSexCn3LbddVCnPK7rHR,,,,,🌐 Fetching: https://api.cryptoquant.com/v1/btc/exchange-flows/netflow?exchange=all_exchange&window=day&limit=1,prj_tTazyIAJqpeYJ5JCTm3wmiNgPNWd,,,,,
2025-12-24 16:00:03,1766592003316,cryptosignal-ai-ezkj4q9c4-hadayalab-projects-projects.vercel.app/api/cron,GET,,200,gxsg7-1766592003148-3edc119f8831,vercel-cron/1.0,info,production,main,MISS,serverless,/api/cron,cryptosignal-ai-ezkj4q9c4-hadayalab-projects-projects.vercel.app,cryptosignal-ai-ezkj4q9c4-hadayalab-projects-projects.vercel.app,dpl_snnUW69HoSexCn3LbddVCnPK7rHR,,,,,🌐 Fetching: https://api.cryptoquant.com/v1/btc/flow-indicator/mpi?window=day&limit=1,prj_tTazyIAJqpeYJ5JCTm3wmiNgPNWd,,,,,
2025-12-24 16:00:03,1766592003316,cryptosignal-ai-ezkj4q9c4-hadayalab-projects-projects.vercel.app/api/cron,GET,,200,gxsg7-1766592003148-3edc119f8831,vercel-cron/1.0,error,production,main,MISS,serverless,/api/cron,cryptosignal-ai-ezkj4q9c4-hadayalab-projects-projects.vercel.app,cryptosignal-ai-ezkj4q9c4-hadayalab-projects-projects.vercel.app,dpl_snnUW69HoSexCn3LbddVCnPK7rHR,,,,,"(node:4) [DEP0169] DeprecationWarning: `url.parse()` behavior is not standardized and prone to errors that have security implications. Use the WHATWG URL API instead. CVEs are not issued for `url.parse()` vulnerabilities.
(Use `node --trace-deprecation ...` to show where the warning was created)",prj_tTazyIAJqpeYJ5JCTm3wmiNgPNWd,,,,,
2025-12-24 16:00:03,1766592003568,cryptosignal-ai-ezkj4q9c4-hadayalab-projects-projects.vercel.app/api/cron,GET,,200,gxsg7-1766592003148-3edc119f8831,vercel-cron/1.0,info,production,main,MISS,serverless,/api/cron,cryptosignal-ai-ezkj4q9c4-hadayalab-projects-projects.vercel.app,cryptosignal-ai-ezkj4q9c4-hadayalab-projects-projects.vercel.app,dpl_snnUW69HoSexCn3LbddVCnPK7rHR,,,,,"📊 Exchange Netflow (BTC): -11379.222587299999 raw: {""date"":""2025-12-23"",""netflow_total"":-11379.222587299999}",prj_tTazyIAJqpeYJ5JCTm3wmiNgPNWd,,,,,
2025-12-24 16:00:03,1766592003568,cryptosignal-ai-ezkj4q9c4-hadayalab-projects-projects.vercel.app/api/cron,GET,,200,gxsg7-1766592003148-3edc119f8831,vercel-cron/1.0,info,production,main,MISS,serverless,/api/cron,cryptosignal-ai-ezkj4q9c4-hadayalab-projects-projects.vercel.app,cryptosignal-ai-ezkj4q9c4-hadayalab-projects-projects.vercel.app,dpl_snnUW69HoSexCn3LbddVCnPK7rHR,,,,,"📊 Miner Position Index (BTC): -0.5211564700986901 raw: {""date"":""2025-12-23"",""mpi"":-0.5211564700986901}",prj_tTazyIAJqpeYJ5JCTm3wmiNgPNWd,,,,,
2025-12-24 16:00:38,1766592038715,cryptosignal-ai-ezkj4q9c4-hadayalab-projects-projects.vercel.app/api/cron,GET,,200,gxsg7-1766592003148-3edc119f8831,vercel-cron/1.0,info,production,main,MISS,serverless,/api/cron,cryptosignal-ai-ezkj4q9c4-hadayalab-projects-projects.vercel.app,cryptosignal-ai-ezkj4q9c4-hadayalab-projects-projects.vercel.app,dpl_snnUW69HoSexCn3LbddVCnPK7rHR,,,,,Sending REGULAR message...,prj_tTazyIAJqpeYJ5JCTm3wmiNgPNWd,,,,,
2025-12-24 16:00:38,1766592038715,cryptosignal-ai-ezkj4q9c4-hadayalab-projects-projects.vercel.app/api/cron,GET,,200,gxsg7-1766592003148-3edc119f8831,vercel-cron/1.0,info,production,main,MISS,serverless,/api/cron,cryptosignal-ai-ezkj4q9c4-hadayalab-projects-projects.vercel.app,cryptosignal-ai-ezkj4q9c4-hadayalab-projects-projects.vercel.app,dpl_snnUW69HoSexCn3LbddVCnPK7rHR,,,,,🌐 Fetching: https://api.cryptoquant.com/v1/btc/exchange-flows/netflow?exchange=all_exchange&window=day&limit=1,prj_tTazyIAJqpeYJ5JCTm3wmiNgPNWd,,,,,
2025-12-24 16:00:38,1766592038718,cryptosignal-ai-ezkj4q9c4-hadayalab-projects-projects.vercel.app/api/cron,GET,,200,gxsg7-1766592003148-3edc119f8831,vercel-cron/1.0,info,production,main,MISS,serverless,/api/cron,cryptosignal-ai-ezkj4q9c4-hadayalab-projects-projects.vercel.app,cryptosignal-ai-ezkj4q9c4-hadayalab-projects-projects.vercel.app,dpl_snnUW69HoSexCn3LbddVCnPK7rHR,,,,,🌐 Fetching: https://api.cryptoquant.com/v1/btc/flow-indicator/mpi?window=day&limit=1,prj_tTazyIAJqpeYJ5JCTm3wmiNgPNWd,,,,,
2025-12-24 16:00:38,1766592038897,cryptosignal-ai-ezkj4q9c4-hadayalab-projects-projects.vercel.app/api/cron,GET,,200,gxsg7-1766592003148-3edc119f8831,vercel-cron/1.0,info,production,main,MISS,serverless,/api/cron,cryptosignal-ai-ezkj4q9c4-hadayalab-projects-projects.vercel.app,cryptosignal-ai-ezkj4q9c4-hadayalab-projects-projects.vercel.app,dpl_snnUW69HoSexCn3LbddVCnPK7rHR,,,,,"📊 Exchange Netflow (BTC): -11379.222587299999 raw: {""date"":""2025-12-23"",""netflow_total"":-11379.222587299999}",prj_tTazyIAJqpeYJ5JCTm3wmiNgPNWd,,,,,
2025-12-24 16:00:39,1766592039066,cryptosignal-ai-ezkj4q9c4-hadayalab-projects-projects.vercel.app/api/cron,GET,,200,gxsg7-1766592003148-3edc119f8831,vercel-cron/1.0,info,production,main,MISS,serverless,/api/cron,cryptosignal-ai-ezkj4q9c4-hadayalab-projects-projects.vercel.app,cryptosignal-ai-ezkj4q9c4-hadayalab-projects-projects.vercel.app,dpl_snnUW69HoSexCn3LbddVCnPK7rHR,,,,,"📊 Miner Position Index (BTC): -0.5211564700986901 raw: {""date"":""2025-12-23"",""mpi"":-0.5211564700986901}",prj_tTazyIAJqpeYJ5JCTm3wmiNgPNWd,,,,,
2025-12-24 16:00:39,1766592039066,cryptosignal-ai-ezkj4q9c4-hadayalab-projects-projects.vercel.app/api/cron,GET,,200,gxsg7-1766592003148-3edc119f8831,vercel-cron/1.0,info,production,main,MISS,serverless,/api/cron,cryptosignal-ai-ezkj4q9c4-hadayalab-projects-projects.vercel.app,cryptosignal-ai-ezkj4q9c4-hadayalab-projects-projects.vercel.app,dpl_snnUW69HoSexCn3LbddVCnPK7rHR,,,,,🌐 Fetching: https://api.cryptoquant.com/v1/btc/exchange-flows/inflow-sum?exchange=upbit&window=day&limit=1,prj_tTazyIAJqpeYJ5JCTm3wmiNgPNWd,,,,,
2025-12-24 16:00:39,1766592039067,cryptosignal-ai-ezkj4q9c4-hadayalab-projects-projects.vercel.app/api/cron,GET,,200,gxsg7-1766592003148-3edc119f8831,vercel-cron/1.0,info,production,main,MISS,serverless,/api/cron,cryptosignal-ai-ezkj4q9c4-hadayalab-projects-projects.vercel.app,cryptosignal-ai-ezkj4q9c4-hadayalab-projects-projects.vercel.app,dpl_snnUW69HoSexCn3LbddVCnPK7rHR,,,,,🌐 Fetching: https://api.cryptoquant.com/v1/btc/exchange-flows/inflow-sum?exchange=binance&window=day&limit=1,prj_tTazyIAJqpeYJ5JCTm3wmiNgPNWd,,,,,
2025-12-24 16:00:39,1766592039158,cryptosignal-ai-ezkj4q9c4-hadayalab-projects-projects.vercel.app/api/cron,GET,,200,gxsg7-1766592003148-3edc119f8831,vercel-cron/1.0,error,production,main,MISS,serverless,/api/cron,cryptosignal-ai-ezkj4q9c4-hadayalab-projects-projects.vercel.app,cryptosignal-ai-ezkj4q9c4-hadayalab-projects-projects.vercel.app,dpl_snnUW69HoSexCn3LbddVCnPK7rHR,,,,,❌ CryptoQuant Request Failed: API Error: 404 Not Found,prj_tTazyIAJqpeYJ5JCTm3wmiNgPNWd,,,,,
2025-12-24 16:00:39,1766592039158,cryptosignal-ai-ezkj4q9c4-hadayalab-projects-projects.vercel.app/api/cron,GET,,200,gxsg7-1766592003148-3edc119f8831,vercel-cron/1.0,warning,production,main,MISS,serverless,/api/cron,cryptosignal-ai-ezkj4q9c4-hadayalab-projects-projects.vercel.app,cryptosignal-ai-ezkj4q9c4-hadayalab-projects-projects.vercel.app,dpl_snnUW69HoSexCn3LbddVCnPK7rHR,,,,,[deepMetrics] Error fetching Upbit inflow: API Error: 404 Not Found,prj_tTazyIAJqpeYJ5JCTm3wmiNgPNWd,,,,,
2025-12-24 16:00:39,1766592039161,cryptosignal-ai-ezkj4q9c4-hadayalab-projects-projects.vercel.app/api/cron,GET,,200,gxsg7-1766592003148-3edc119f8831,vercel-cron/1.0,error,production,main,MISS,serverless,/api/cron,cryptosignal-ai-ezkj4q9c4-hadayalab-projects-projects.vercel.app,cryptosignal-ai-ezkj4q9c4-hadayalab-projects-projects.vercel.app,dpl_snnUW69HoSexCn3LbddVCnPK7rHR,,,,,❌ CryptoQuant Request Failed: API Error: 404 Not Found,prj_tTazyIAJqpeYJ5JCTm3wmiNgPNWd,,,,,
2025-12-24 16:00:39,1766592039161,cryptosignal-ai-ezkj4q9c4-hadayalab-projects-projects.vercel.app/api/cron,GET,,200,gxsg7-1766592003148-3edc119f8831,vercel-cron/1.0,warning,production,main,MISS,serverless,/api/cron,cryptosignal-ai-ezkj4q9c4-hadayalab-projects-projects.vercel.app,cryptosignal-ai-ezkj4q9c4-hadayalab-projects-projects.vercel.app,dpl_snnUW69HoSexCn3LbddVCnPK7rHR,,,,,[deepMetrics] Error fetching Binance inflow: API Error: 404 Not Found,prj_tTazyIAJqpeYJ5JCTm3wmiNgPNWd,,,,,
2025-12-24 16:00:39,1766592039666,cryptosignal-ai-ezkj4q9c4-hadayalab-projects-projects.vercel.app/api/cron,GET,,200,gxsg7-1766592003148-3edc119f8831,vercel-cron/1.0,info,production,main,MISS,serverless,/api/cron,cryptosignal-ai-ezkj4q9c4-hadayalab-projects-projects.vercel.app,cryptosignal-ai-ezkj4q9c4-hadayalab-projects-projects.vercel.app,dpl_snnUW69HoSexCn3LbddVCnPK7rHR,,,,,"📨 Telegram sent: {
  ""ok"": true,
  ""result"": {
    ""message_id"": 83,
    ""from"": {
      ""id"": 8201678191,
      ""is_bot"": true,
      ""first_name"": ""CryptoSignal AI KO"",
      ""username"": ""CryptoSignal_AI_KR_bot""
    },
    ""chat"": {
      ""id"": -1003372446009,
      ""title"": ""CryptoSignal AI – Starter Signals (KO)"",
      ""type"": ""supergroup""
    },
    ""date"": 1766592039,
    ""text"": ""📚 Dr. Grok 마켓 리크\n세션 브리핑 @ 2025-12-24 16:00:03 UTC\n\n💰 BTC 가격: $86,913 (-0.51% / 24h)\n📊 거래소 순유입: Outflow 11379 BTC\n⛏ Miners' Position Index (MPI): -0.52\n🧠 시장 심리: Extreme Fear\n\n📈 시장 점수: 19/100\n🥟 김치 프리미엄: -99.92% ✅ 정상\n• 업비트: ₩86,913\n• 바이낸스: $86,913\n✅ 트랩 감지기: 치명적인 트랩은 감지되지 않았습니다.\n\n🎯 트레이드 verdict\n🛡️ 시그널: BUG STANDBY (Defense Active)\n• 진입가 (스팟 기준): $86,913\n• 모드: Bug Standby — 에지가 불명확. 관망하며 자본을 보호하세요.\n• Take Profit: n/a\n• Stop Loss: n/a\n\n🧬 Dr. Grok의 인사이트\n아래 내용은 전략 아이디어일 뿐, 공식 True Bug 진입 시그널이 아닙니다. 본인 매매 플랜과 리스크 관리에 맞을 때만 참고하세요.\n### BTC 트레이딩 업데이트 (리스크 우선)\n\n현재 상황 요약:\n- 가격: $86,913 (24h 변화: -0.51% ↓) – 약간의 하락세, Extreme Fear 분위기.\n- 유입: -11,379 (자금 유출 중) – 시장 압력 (MPI: -0.52)으로 약세 신호.\n- 감정: 고래 바이어스 0 (중립), 소매 FOMO 50 (중간 관심), 뉴스 영향 0 (평온).\n- 점수: 19.17 (낮음) – 신호: NONE (트랩 없음).\n\n리스크 우선 분석:\n- Extreme Fear + 음의 유입 = 단기 패닉 매도 위험 ↑. $85k 지지선 깨지면 더 큰 하락 가능 (10-15% 드롭 리스크).\n- 고래 중립 + 소매 FOMO 중간 = 갑작스러운 반등 없음. 뉴스 없어 변동성 낮지만, FUD (공포) 확산 시 추가 하락.\n\n전술 조언:\n- 숏 포지션 고려: $87k 저항 돌파 실패 시 숏 진입. SL: $87.5k (리스크 1-2%), TP: $84k.\n- 롱 대기: Fear 지표 바닥 찍을 때까지 홀드. $82k 아래로 가면 매수 기회 (리스크 관리: 5% 포트폴리오 한도).\n- 전략 팁: 볼륨 모니터링 – 유입 양전환 시 반등 신호. 스톱로스 필수, 과도한 레버리지 피하세요. 트위터 고래 움직임 주시.\n\n트레이딩은 리스크 관리부터! 다음 업데이트 기다림. #BTC #CryptoTrading\n\n교육 목적의 정보 제공일 뿐이며, 투자/재무 자문을 구성하지 않습니다."",
    ""entities"": [
      {
        ""offset"": 1196,
        ""length"": 4,
        ""type"": ""hashtag""
      },
      {
        ""offset"": 1201,
        ""length"": 14,
        ""type"": ""hashtag""
      }
    ]
  }
}",prj_tTazyIAJqpeYJ5JCTm3wmiNgPNWd,,,,,
2025-12-24 16:00:03,1766592003148,cryptosignal-ai-ezkj4q9c4-hadayalab-projects-projects.vercel.app/api/cron,GET,,200,gxsg7-1766592003148-3edc119f8831,vercel-cron/1.0,,production,main,MISS,serverless,/api/cron,cryptosignal-ai-ezkj4q9c4-hadayalab-projects-projects.vercel.app,cryptosignal-ai-ezkj4q9c4-hadayalab-projects-projects.vercel.app,dpl_snnUW69HoSexCn3LbddVCnPK7rHR,36489,iad1,272,2048,,prj_tTazyIAJqpeYJ5JCTm3wmiNgPNWd,,,01KD8HDF2VNRY4WTZJFQWATGDS,LzZwHuBHUrPr,1
2025-12-24 15:45:03,1766591103323,cryptosignal-ai-ezkj4q9c4-hadayalab-projects-projects.vercel.app/api/cron,GET,,200,4t2f6-1766591103279-981deb162f8e,vercel-cron/1.0,info,production,main,MISS,serverless,/api/cron,cryptosignal-ai-ezkj4q9c4-hadayalab-projects-projects.vercel.app,cryptosignal-ai-ezkj4q9c4-hadayalab-projects-projects.vercel.app,dpl_snnUW69HoSexCn3LbddVCnPK7rHR,,,,,🚀 Cron Job Started: Whale Monitor,prj_tTazyIAJqpeYJ5JCTm3wmiNgPNWd,,,,,
2025-12-24 15:45:03,1766591103323,cryptosignal-ai-ezkj4q9c4-hadayalab-projects-projects.vercel.app/api/cron,GET,,200,4t2f6-1766591103279-981deb162f8e,vercel-cron/1.0,info,production,main,MISS,serverless,/api/cron,cryptosignal-ai-ezkj4q9c4-hadayalab-projects-projects.vercel.app,cryptosignal-ai-ezkj4q9c4-hadayalab-projects-projects.vercel.app,dpl_snnUW69HoSexCn3LbddVCnPK7rHR,,,,,"Slot check => utcHour=15, utcMinute=45, isRegularSlot=false, force=false",prj_tTazyIAJqpeYJ5JCTm3wmiNgPNWd,,,,,
2025-12-24 15:45:03,1766591103323,cryptosignal-ai-ezkj4q9c4-hadayalab-projects-projects.vercel.app/api/cron,GET,,200,4t2f6-1766591103279-981deb162f8e,vercel-cron/1.0,info,production,main,MISS,serverless,/api/cron,cryptosignal-ai-ezkj4q9c4-hadayalab-projects-projects.vercel.app,cryptosignal-ai-ezkj4q9c4-hadayalab-projects-projects.vercel.app,dpl_snnUW69HoSexCn3LbddVCnPK7rHR,,,,,🌐 Fetching: https://api.cryptoquant.com/v1/btc/exchange-flows/netflow?exchange=all_exchange&window=day&limit=1,prj_tTazyIAJqpeYJ5JCTm3wmiNgPNWd,,,,,
2025-12-24 15:45:03,1766591103323,cryptosignal-ai-ezkj4q9c4-hadayalab-projects-projects.vercel.app/api/cron,GET,,200,4t2f6-1766591103279-981deb162f8e,vercel-cron/1.0,info,production,main,MISS,serverless,/api/cron,cryptosignal-ai-ezkj4q9c4-hadayalab-projects-projects.vercel.app,cryptosignal-ai-ezkj4q9c4-hadayalab-projects-projects.vercel.app,dpl_snnUW69HoSexCn3LbddVCnPK7rHR,,,,,🌐 Fetching: https://api.cryptoquant.com/v1/btc/flow-indicator/mpi?window=day&limit=1,prj_tTazyIAJqpeYJ5JCTm3wmiNgPNWd,,,,,
2025-12-24 15:45:03,1766591103539,cryptosignal-ai-ezkj4q9c4-hadayalab-projects-projects.vercel.app/api/cron,GET,,200,4t2f6-1766591103279-981deb162f8e,vercel-cron/1.0,info,production,main,MISS,serverless,/api/cron,cryptosignal-ai-ezkj4q9c4-hadayalab-projects-projects.vercel.app,cryptosignal-ai-ezkj4q9c4-hadayalab-projects-projects.vercel.app,dpl_snnUW69HoSexCn3LbddVCnPK7rHR,,,,,"📊 Miner Position Index (BTC): -0.5211564700986901 raw: {""date"":""2025-12-23"",""mpi"":-0.5211564700986901}",prj_tTazyIAJqpeYJ5JCTm3wmiNgPNWd,,,,,
2025-12-24 15:45:03,1766591103573,cryptosignal-ai-ezkj4q9c4-hadayalab-projects-projects.vercel.app/api/cron,GET,,200,4t2f6-1766591103279-981deb162f8e,vercel-cron/1.0,info,production,main,MISS,serverless,/api/cron,cryptosignal-ai-ezkj4q9c4-hadayalab-projects-projects.vercel.app,cryptosignal-ai-ezkj4q9c4-hadayalab-projects-projects.vercel.app,dpl_snnUW69HoSexCn3LbddVCnPK7rHR,,,,,"📊 Exchange Netflow (BTC): -11379.222587299999 raw: {""date"":""2025-12-23"",""netflow_total"":-11379.222587299999}",prj_tTazyIAJqpeYJ5JCTm3wmiNgPNWd,,,,,
2025-12-24 15:45:03,1766591103279,cryptosignal-ai-ezkj4q9c4-hadayalab-projects-projects.vercel.app/api/cron,GET,,200,4t2f6-1766591103279-981deb162f8e,vercel-cron/1.0,,production,main,MISS,serverless,/api/cron,cryptosignal-ai-ezkj4q9c4-hadayalab-projects-projects.vercel.app,cryptosignal-ai-ezkj4q9c4-hadayalab-projects-projects.vercel.app,dpl_snnUW69HoSexCn3LbddVCnPK7rHR,368,iad1,270,2048,,prj_tTazyIAJqpeYJ5JCTm3wmiNgPNWd,,,01KD8GJ09ZABGC9GN5Z62QZR3R,g7mUgXIGdbOE,1
2025-12-24 15:30:03,1766590203150,cryptosignal-ai-ezkj4q9c4-hadayalab-projects-projects.vercel.app/api/cron,GET,,200,9dnsc-1766590203086-7eb3996efe11,vercel-cron/1.0,info,production,main,MISS,serverless,/api/cron,cryptosignal-ai-ezkj4q9c4-hadayalab-projects-projects.vercel.app,cryptosignal-ai-ezkj4q9c4-hadayalab-projects-projects.vercel.app,dpl_snnUW69HoSexCn3LbddVCnPK7rHR,,,,,🚀 Cron Job Started: Whale Monitor,prj_tTazyIAJqpeYJ5JCTm3wmiNgPNWd,,,,,
2025-12-24 15:30:03,1766590203150,cryptosignal-ai-ezkj4q9c4-hadayalab-projects-projects.vercel.app/api/cron,GET,,200,9dnsc-1766590203086-7eb3996efe11,vercel-cron/1.0,info,production,main,MISS,serverless,/api/cron,cryptosignal-ai-ezkj4q9c4-hadayalab-projects-projects.vercel.app,cryptosignal-ai-ezkj4q9c4-hadayalab-projects-projects.vercel.app,dpl_snnUW69HoSexCn3LbddVCnPK7rHR,,,,,"Slot check => utcHour=15, utcMinute=30, isRegularSlot=false, force=false",prj_tTazyIAJqpeYJ5JCTm3wmiNgPNWd,,,,,
2025-12-24 15:30:03,1766590203151,cryptosignal-ai-ezkj4q9c4-hadayalab-projects-projects.vercel.app/api/cron,GET,,200,9dnsc-1766590203086-7eb3996efe11,vercel-cron/1.0,info,production,main,MISS,serverless,/api/cron,cryptosignal-ai-ezkj4q9c4-hadayalab-projects-projects.vercel.app,cryptosignal-ai-ezkj4q9c4-hadayalab-projects-projects.vercel.app,dpl_snnUW69HoSexCn3LbddVCnPK7rHR,,,,,🌐 Fetching: https://api.cryptoquant.com/v1/btc/exchange-flows/netflow?exchange=all_exchange&window=day&limit=1,prj_tTazyIAJqpeYJ5JCTm3wmiNgPNWd,,,,,
2025-12-24 15:30:03,1766590203152,cryptosignal-ai-ezkj4q9c4-hadayalab-projects-projects.vercel.app/api/cron,GET,,200,9dnsc-1766590203086-7eb3996efe11,vercel-cron/1.0,info,production,main,MISS,serverless,/api/cron,cryptosignal-ai-ezkj4q9c4-hadayalab-projects-projects.vercel.app,cryptosignal-ai-ezkj4q9c4-hadayalab-projects-projects.vercel.app,dpl_snnUW69HoSexCn3LbddVCnPK7rHR,,,,,🌐 Fetching: https://api.cryptoquant.com/v1/btc/flow-indicator/mpi?window=day&limit=1,prj_tTazyIAJqpeYJ5JCTm3wmiNgPNWd,,,,,
2025-12-24 15:30:03,1766590203375,cryptosignal-ai-ezkj4q9c4-hadayalab-projects-projects.vercel.app/api/cron,GET,,200,9dnsc-1766590203086-7eb3996efe11,vercel-cron/1.0,info,production,main,MISS,serverless,/api/cron,cryptosignal-ai-ezkj4q9c4-hadayalab-projects-projects.vercel.app,cryptosignal-ai-ezkj4q9c4-hadayalab-projects-projects.vercel.app,dpl_snnUW69HoSexCn3LbddVCnPK7rHR,,,,,"📊 Miner Position Index (BTC): -0.5211564700986901 raw: {""date"":""2025-12-23"",""mpi"":-0.5211564700986901}",prj_tTazyIAJqpeYJ5JCTm3wmiNgPNWd,,,,,
2025-12-24 15:30:03,1766590203522,cryptosignal-ai-ezkj4q9c4-hadayalab-projects-projects.vercel.app/api/cron,GET,,200,9dnsc-1766590203086-7eb3996efe11,vercel-cron/1.0,info,production,main,MISS,serverless,/api/cron,cryptosignal-ai-ezkj4q9c4-hadayalab-projects-projects.vercel.app,cryptosignal-ai-ezkj4q9c4-hadayalab-projects-projects.vercel.app,dpl_snnUW69HoSexCn3LbddVCnPK7rHR,,,,,"📊 Exchange Netflow (BTC): -11379.222587299999 raw: {""date"":""2025-12-23"",""netflow_total"":-11379.222587299999}",prj_tTazyIAJqpeYJ5JCTm3wmiNgPNWd,,,,,
2025-12-24 15:30:03,1766590203086,cryptosignal-ai-ezkj4q9c4-hadayalab-projects-projects.vercel.app/api/cron,GET,,200,9dnsc-1766590203086-7eb3996efe11,vercel-cron/1.0,,production,main,MISS,serverless,/api/cron,cryptosignal-ai-ezkj4q9c4-hadayalab-projects-projects.vercel.app,cryptosignal-ai-ezkj4q9c4-hadayalab-projects-projects.vercel.app,dpl_snnUW69HoSexCn3LbddVCnPK7rHR,439,iad1,269,2048,,prj_tTazyIAJqpeYJ5JCTm3wmiNgPNWd,,,01KD8FPH7PA81PJMD1H0WDVHEH,g7mUgXIGdbOE,1
2025-12-24 15:15:03,1766589303172,cryptosignal-ai-ezkj4q9c4-hadayalab-projects-projects.vercel.app/api/cron,GET,,200,v82gp-1766589303129-34e8372126c3,vercel-cron/1.0,info,production,main,MISS,serverless,/api/cron,cryptosignal-ai-ezkj4q9c4-hadayalab-projects-projects.vercel.app,cryptosignal-ai-ezkj4q9c4-hadayalab-projects-projects.vercel.app,dpl_snnUW69HoSexCn3LbddVCnPK7rHR,,,,,🚀 Cron Job Started: Whale Monitor,prj_tTazyIAJqpeYJ5JCTm3wmiNgPNWd,,,,,
2025-12-24 15:15:03,1766589303172,cryptosignal-ai-ezkj4q9c4-hadayalab-projects-projects.vercel.app/api/cron,GET,,200,v82gp-1766589303129-34e8372126c3,vercel-cron/1.0,info,production,main,MISS,serverless,/api/cron,cryptosignal-ai-ezkj4q9c4-hadayalab-projects-projects.vercel.app,cryptosignal-ai-ezkj4q9c4-hadayalab-projects-projects.vercel.app,dpl_snnUW69HoSexCn3LbddVCnPK7rHR,,,,,"Slot check => utcHour=15, utcMinute=15, isRegularSlot=false, force=false",prj_tTazyIAJqpeYJ5JCTm3wmiNgPNWd,,,,,
2025-12-24 15:15:03,1766589303172,cryptosignal-ai-ezkj4q9c4-hadayalab-projects-projects.vercel.app/api/cron,GET,,200,v82gp-1766589303129-34e8372126c3,vercel-cron/1.0,info,production,main,MISS,serverless,/api/cron,cryptosignal-ai-ezkj4q9c4-hadayalab-projects-projects.vercel.app,cryptosignal-ai-ezkj4q9c4-hadayalab-projects-projects.vercel.app,dpl_snnUW69HoSexCn3LbddVCnPK7rHR,,,,,🌐 Fetching: https://api.cryptoquant.com/v1/btc/exchange-flows/netflow?exchange=all_exchange&window=day&limit=1,prj_tTazyIAJqpeYJ5JCTm3wmiNgPNWd,,,,,
2025-12-24 15:15:03,1766589303172,cryptosignal-ai-ezkj4q9c4-hadayalab-projects-projects.vercel.app/api/cron,GET,,200,v82gp-1766589303129-34e8372126c3,vercel-cron/1.0,info,production,main,MISS,serverless,/api/cron,cryptosignal-ai-ezkj4q9c4-hadayalab-projects-projects.vercel.app,cryptosignal-ai-ezkj4q9c4-hadayalab-projects-projects.vercel.app,dpl_snnUW69HoSexCn3LbddVCnPK7rHR,,,,,🌐 Fetching: https://api.cryptoquant.com/v1/btc/flow-indicator/mpi?window=day&limit=1,prj_tTazyIAJqpeYJ5JCTm3wmiNgPNWd,,,,,
2025-12-24 15:15:03,1766589303352,cryptosignal-ai-ezkj4q9c4-hadayalab-projects-projects.vercel.app/api/cron,GET,,200,v82gp-1766589303129-34e8372126c3,vercel-cron/1.0,info,production,main,MISS,serverless,/api/cron,cryptosignal-ai-ezkj4q9c4-hadayalab-projects-projects.vercel.app,cryptosignal-ai-ezkj4q9c4-hadayalab-projects-projects.vercel.app,dpl_snnUW69HoSexCn3LbddVCnPK7rHR,,,,,"📊 Exchange Netflow (BTC): -11379.222587299999 raw: {""date"":""2025-12-23"",""netflow_total"":-11379.222587299999}",prj_tTazyIAJqpeYJ5JCTm3wmiNgPNWd,,,,,
2025-12-24 15:15:03,1766589303534,cryptosignal-ai-ezkj4q9c4-hadayalab-projects-projects.vercel.app/api/cron,GET,,200,v82gp-1766589303129-34e8372126c3,vercel-cron/1.0,info,production,main,MISS,serverless,/api/cron,cryptosignal-ai-ezkj4q9c4-hadayalab-projects-projects.vercel.app,cryptosignal-ai-ezkj4q9c4-hadayalab-projects-projects.vercel.app,dpl_snnUW69HoSexCn3LbddVCnPK7rHR,,,,,"📊 Miner Position Index (BTC): -0.5211564700986901 raw: {""date"":""2025-12-23"",""mpi"":-0.5211564700986901}",prj_tTazyIAJqpeYJ5JCTm3wmiNgPNWd,,,,,
2025-12-24 15:15:03,1766589303129,cryptosignal-ai-ezkj4q9c4-hadayalab-projects-projects.vercel.app/api/cron,GET,,200,v82gp-1766589303129-34e8372126c3,vercel-cron/1.0,,production,main,MISS,serverless,/api/cron,cryptosignal-ai-ezkj4q9c4-hadayalab-projects-projects.vercel.app,cryptosignal-ai-ezkj4q9c4-hadayalab-projects-projects.vercel.app,dpl_snnUW69HoSexCn3LbddVCnPK7rHR,426,iad1,269,2048,,prj_tTazyIAJqpeYJ5JCTm3wmiNgPNWd,,,01KD8EV2B954J1HS7DATMVZQ52,g7mUgXIGdbOE,1
2025-12-24 15:00:03,1766588403546,cryptosignal-ai-ezkj4q9c4-hadayalab-projects-projects.vercel.app/api/cron,GET,,200,2dfbl-1766588403500-fb3c094c1684,vercel-cron/1.0,info,production,main,MISS,serverless,/api/cron,cryptosignal-ai-ezkj4q9c4-hadayalab-projects-projects.vercel.app,cryptosignal-ai-ezkj4q9c4-hadayalab-projects-projects.vercel.app,dpl_snnUW69HoSexCn3LbddVCnPK7rHR,,,,,🚀 Cron Job Started: Whale Monitor,prj_tTazyIAJqpeYJ5JCTm3wmiNgPNWd,,,,,
2025-12-24 15:00:03,1766588403546,cryptosignal-ai-ezkj4q9c4-hadayalab-projects-projects.vercel.app/api/cron,GET,,200,2dfbl-1766588403500-fb3c094c1684,vercel-cron/1.0,info,production,main,MISS,serverless,/api/cron,cryptosignal-ai-ezkj4q9c4-hadayalab-projects-projects.vercel.app,cryptosignal-ai-ezkj4q9c4-hadayalab-projects-projects.vercel.app,dpl_snnUW69HoSexCn3LbddVCnPK7rHR,,,,,"Slot check => utcHour=15, utcMinute=0, isRegularSlot=false, force=false",prj_tTazyIAJqpeYJ5JCTm3wmiNgPNWd,,,,,
2025-12-24 15:00:03,1766588403546,cryptosignal-ai-ezkj4q9c4-hadayalab-projects-projects.vercel.app/api/cron,GET,,200,2dfbl-1766588403500-fb3c094c1684,vercel-cron/1.0,info,production,main,MISS,serverless,/api/cron,cryptosignal-ai-ezkj4q9c4-hadayalab-projects-projects.vercel.app,cryptosignal-ai-ezkj4q9c4-hadayalab-projects-projects.vercel.app,dpl_snnUW69HoSexCn3LbddVCnPK7rHR,,,,,🌐 Fetching: https://api.cryptoquant.com/v1/btc/exchange-flows/netflow?exchange=all_exchange&window=day&limit=1,prj_tTazyIAJqpeYJ5JCTm3wmiNgPNWd,,,,,
2025-12-24 15:00:03,1766588403547,cryptosignal-ai-ezkj4q9c4-hadayalab-projects-projects.vercel.app/api/cron,GET,,200,2dfbl-1766588403500-fb3c094c1684,vercel-cron/1.0,info,production,main,MISS,serverless,/api/cron,cryptosignal-ai-ezkj4q9c4-hadayalab-projects-projects.vercel.app,cryptosignal-ai-ezkj4q9c4-hadayalab-projects-projects.vercel.app,dpl_snnUW69HoSexCn3LbddVCnPK7rHR,,,,,🌐 Fetching: https://api.cryptoquant.com/v1/btc/flow-indicator/mpi?window=day&limit=1,prj_tTazyIAJqpeYJ5JCTm3wmiNgPNWd,,,,,
2025-12-24 15:00:03,1766588403774,cryptosignal-ai-ezkj4q9c4-hadayalab-projects-projects.vercel.app/api/cron,GET,,200,2dfbl-1766588403500-fb3c094c1684,vercel-cron/1.0,info,production,main,MISS,serverless,/api/cron,cryptosignal-ai-ezkj4q9c4-hadayalab-projects-projects.vercel.app,cryptosignal-ai-ezkj4q9c4-hadayalab-projects-projects.vercel.app,dpl_snnUW69HoSexCn3LbddVCnPK7rHR,,,,,"📊 Miner Position Index (BTC): -0.5211564700986901 raw: {""date"":""2025-12-23"",""mpi"":-0.5211564700986901}",prj_tTazyIAJqpeYJ5JCTm3wmiNgPNWd,,,,,
2025-12-24 15:00:03,1766588403940,cryptosignal-ai-ezkj4q9c4-hadayalab-projects-projects.vercel.app/api/cron,GET,,200,2dfbl-1766588403500-fb3c094c1684,vercel-cron/1.0,info,production,main,MISS,serverless,/api/cron,cryptosignal-ai-ezkj4q9c4-hadayalab-projects-projects.vercel.app,cryptosignal-ai-ezkj4q9c4-hadayalab-projects-projects.vercel.app,dpl_snnUW69HoSexCn3LbddVCnPK7rHR,,,,,"📊 Exchange Netflow (BTC): -11379.222587299999 raw: {""date"":""2025-12-23"",""netflow_total"":-11379.222587299999}",prj_tTazyIAJqpeYJ5JCTm3wmiNgPNWd,,,,,
2025-12-24 15:00:03,1766588403500,cryptosignal-ai-ezkj4q9c4-hadayalab-projects-projects.vercel.app/api/cron,GET,,200,2dfbl-1766588403500-fb3c094c1684,vercel-cron/1.0,,production,main,MISS,serverless,/api/cron,cryptosignal-ai-ezkj4q9c4-hadayalab-projects-projects.vercel.app,cryptosignal-ai-ezkj4q9c4-hadayalab-projects-projects.vercel.app,dpl_snnUW69HoSexCn3LbddVCnPK7rHR,512,iad1,269,2048,,prj_tTazyIAJqpeYJ5JCTm3wmiNgPNWd,,,01KD8DZKSTVD5KAKG41FKJJ948,g7mUgXIGdbOE,1
2025-12-24 14:45:03,1766587503213,cryptosignal-ai-ezkj4q9c4-hadayalab-projects-projects.vercel.app/api/cron,GET,,200,tqq8m-1766587503156-1bbfc33529d2,vercel-cron/1.0,info,production,main,MISS,serverless,/api/cron,cryptosignal-ai-ezkj4q9c4-hadayalab-projects-projects.vercel.app,cryptosignal-ai-ezkj4q9c4-hadayalab-projects-projects.vercel.app,dpl_snnUW69HoSexCn3LbddVCnPK7rHR,,,,,🚀 Cron Job Started: Whale Monitor,prj_tTazyIAJqpeYJ5JCTm3wmiNgPNWd,,,,,
2025-12-24 14:45:03,1766587503213,cryptosignal-ai-ezkj4q9c4-hadayalab-projects-projects.vercel.app/api/cron,GET,,200,tqq8m-1766587503156-1bbfc33529d2,vercel-cron/1.0,info,production,main,MISS,serverless,/api/cron,cryptosignal-ai-ezkj4q9c4-hadayalab-projects-projects.vercel.app,cryptosignal-ai-ezkj4q9c4-hadayalab-projects-projects.vercel.app,dpl_snnUW69HoSexCn3LbddVCnPK7rHR,,,,,"Slot check => utcHour=14, utcMinute=45, isRegularSlot=false, force=false",prj_tTazyIAJqpeYJ5JCTm3wmiNgPNWd,,,,,
2025-12-24 14:45:03,1766587503213,cryptosignal-ai-ezkj4q9c4-hadayalab-projects-projects.vercel.app/api/cron,GET,,200,tqq8m-1766587503156-1bbfc33529d2,vercel-cron/1.0,info,production,main,MISS,serverless,/api/cron,cryptosignal-ai-ezkj4q9c4-hadayalab-projects-projects.vercel.app,cryptosignal-ai-ezkj4q9c4-hadayalab-projects-projects.vercel.app,dpl_snnUW69HoSexCn3LbddVCnPK7rHR,,,,,🌐 Fetching: https://api.cryptoquant.com/v1/btc/exchange-flows/netflow?exchange=all_exchange&window=day&limit=1,prj_tTazyIAJqpeYJ5JCTm3wmiNgPNWd,,,,,
2025-12-24 14:45:03,1766587503213,cryptosignal-ai-ezkj4q9c4-hadayalab-projects-projects.vercel.app/api/cron,GET,,200,tqq8m-1766587503156-1bbfc33529d2,vercel-cron/1.0,info,production,main,MISS,serverless,/api/cron,cryptosignal-ai-ezkj4q9c4-hadayalab-projects-projects.vercel.app,cryptosignal-ai-ezkj4q9c4-hadayalab-projects-projects.vercel.app,dpl_snnUW69HoSexCn3LbddVCnPK7rHR,,,,,🌐 Fetching: https://api.cryptoquant.com/v1/btc/flow-indicator/mpi?window=day&limit=1,prj_tTazyIAJqpeYJ5JCTm3wmiNgPNWd,,,,,
2025-12-24 14:45:03,1766587503413,cryptosignal-ai-ezkj4q9c4-hadayalab-projects-projects.vercel.app/api/cron,GET,,200,tqq8m-1766587503156-1bbfc33529d2,vercel-cron/1.0,info,production,main,MISS,serverless,/api/cron,cryptosignal-ai-ezkj4q9c4-hadayalab-projects-projects.vercel.app,cryptosignal-ai-ezkj4q9c4-hadayalab-projects-projects.vercel.app,dpl_snnUW69HoSexCn3LbddVCnPK7rHR,,,,,"📊 Exchange Netflow (BTC): -11379.222587299999 raw: {""date"":""2025-12-23"",""netflow_total"":-11379.222587299999}",prj_tTazyIAJqpeYJ5JCTm3wmiNgPNWd,,,,,
2025-12-24 14:45:03,1766587503469,cryptosignal-ai-ezkj4q9c4-hadayalab-projects-projects.vercel.app/api/cron,GET,,200,tqq8m-1766587503156-1bbfc33529d2,vercel-cron/1.0,info,production,main,MISS,serverless,/api/cron,cryptosignal-ai-ezkj4q9c4-hadayalab-projects-projects.vercel.app,cryptosignal-ai-ezkj4q9c4-hadayalab-projects-projects.vercel.app,dpl_snnUW69HoSexCn3LbddVCnPK7rHR,,,,,"📊 Miner Position Index (BTC): -0.5211564700986901 raw: {""date"":""2025-12-23"",""mpi"":-0.5211564700986901}",prj_tTazyIAJqpeYJ5JCTm3wmiNgPNWd,,,,,
2025-12-24 14:45:03,1766587503156,cryptosignal-ai-ezkj4q9c4-hadayalab-projects-projects.vercel.app/api/cron,GET,,200,tqq8m-1766587503156-1bbfc33529d2,vercel-cron/1.0,,production,main,MISS,serverless,/api/cron,cryptosignal-ai-ezkj4q9c4-hadayalab-projects-projects.vercel.app,cryptosignal-ai-ezkj4q9c4-hadayalab-projects-projects.vercel.app,dpl_snnUW69HoSexCn3LbddVCnPK7rHR,320,iad1,269,2048,,prj_tTazyIAJqpeYJ5JCTm3wmiNgPNWd,,,01KD8D44JB39A0Z6QA550R4K48,g7mUgXIGdbOE,1
2025-12-24 14:30:03,1766586603170,cryptosignal-ai-ezkj4q9c4-hadayalab-projects-projects.vercel.app/api/cron,GET,,200,fvcsv-1766586603126-b2a8a2f2f3b8,vercel-cron/1.0,info,production,main,MISS,serverless,/api/cron,cryptosignal-ai-ezkj4q9c4-hadayalab-projects-projects.vercel.app,cryptosignal-ai-ezkj4q9c4-hadayalab-projects-projects.vercel.app,dpl_snnUW69HoSexCn3LbddVCnPK7rHR,,,,,🚀 Cron Job Started: Whale Monitor,prj_tTazyIAJqpeYJ5JCTm3wmiNgPNWd,,,,,
2025-12-24 14:30:03,1766586603170,cryptosignal-ai-ezkj4q9c4-hadayalab-projects-projects.vercel.app/api/cron,GET,,200,fvcsv-1766586603126-b2a8a2f2f3b8,vercel-cron/1.0,info,production,main,MISS,serverless,/api/cron,cryptosignal-ai-ezkj4q9c4-hadayalab-projects-projects.vercel.app,cryptosignal-ai-ezkj4q9c4-hadayalab-projects-projects.vercel.app,dpl_snnUW69HoSexCn3LbddVCnPK7rHR,,,,,"Slot check => utcHour=14, utcMinute=30, isRegularSlot=false, force=false",prj_tTazyIAJqpeYJ5JCTm3wmiNgPNWd,,,,,
2025-12-24 14:30:03,1766586603170,cryptosignal-ai-ezkj4q9c4-hadayalab-projects-projects.vercel.app/api/cron,GET,,200,fvcsv-1766586603126-b2a8a2f2f3b8,vercel-cron/1.0,info,production,main,MISS,serverless,/api/cron,cryptosignal-ai-ezkj4q9c4-hadayalab-projects-projects.vercel.app,cryptosignal-ai-ezkj4q9c4-hadayalab-projects-projects.vercel.app,dpl_snnUW69HoSexCn3LbddVCnPK7rHR,,,,,🌐 Fetching: https://api.cryptoquant.com/v1/btc/exchange-flows/netflow?exchange=all_exchange&window=day&limit=1,prj_tTazyIAJqpeYJ5JCTm3wmiNgPNWd,,,,,
2025-12-24 14:30:03,1766586603172,cryptosignal-ai-ezkj4q9c4-hadayalab-projects-projects.vercel.app/api/cron,GET,,200,fvcsv-1766586603126-b2a8a2f2f3b8,vercel-cron/1.0,info,production,main,MISS,serverless,/api/cron,cryptosignal-ai-ezkj4q9c4-hadayalab-projects-projects.vercel.app,cryptosignal-ai-ezkj4q9c4-hadayalab-projects-projects.vercel.app,dpl_snnUW69HoSexCn3LbddVCnPK7rHR,,,,,🌐 Fetching: https://api.cryptoquant.com/v1/btc/flow-indicator/mpi?window=day&limit=1,prj_tTazyIAJqpeYJ5JCTm3wmiNgPNWd,,,,,
2025-12-24 14:30:03,1766586603401,cryptosignal-ai-ezkj4q9c4-hadayalab-projects-projects.vercel.app/api/cron,GET,,200,fvcsv-1766586603126-b2a8a2f2f3b8,vercel-cron/1.0,info,production,main,MISS,serverless,/api/cron,cryptosignal-ai-ezkj4q9c4-hadayalab-projects-projects.vercel.app,cryptosignal-ai-ezkj4q9c4-hadayalab-projects-projects.vercel.app,dpl_snnUW69HoSexCn3LbddVCnPK7rHR,,,,,"📊 Exchange Netflow (BTC): -11379.222587299999 raw: {""date"":""2025-12-23"",""netflow_total"":-11379.222587299999}",prj_tTazyIAJqpeYJ5JCTm3wmiNgPNWd,,,,,
2025-12-24 14:30:03,1766586603586,cryptosignal-ai-ezkj4q9c4-hadayalab-projects-projects.vercel.app/api/cron,GET,,200,fvcsv-1766586603126-b2a8a2f2f3b8,vercel-cron/1.0,info,production,main,MISS,serverless,/api/cron,cryptosignal-ai-ezkj4q9c4-hadayalab-projects-projects.vercel.app,cryptosignal-ai-ezkj4q9c4-hadayalab-projects-projects.vercel.app,dpl_snnUW69HoSexCn3LbddVCnPK7rHR,,,,,"📊 Miner Position Index (BTC): -0.5211564700986901 raw: {""date"":""2025-12-23"",""mpi"":-0.5211564700986901}",prj_tTazyIAJqpeYJ5JCTm3wmiNgPNWd,,,,,
2025-12-24 14:30:03,1766586603126,cryptosignal-ai-ezkj4q9c4-hadayalab-projects-projects.vercel.app/api/cron,GET,,200,fvcsv-1766586603126-b2a8a2f2f3b8,vercel-cron/1.0,,production,main,MISS,serverless,/api/cron,cryptosignal-ai-ezkj4q9c4-hadayalab-projects-projects.vercel.app,cryptosignal-ai-ezkj4q9c4-hadayalab-projects-projects.vercel.app,dpl_snnUW69HoSexCn3LbddVCnPK7rHR,496,iad1,267,2048,,prj_tTazyIAJqpeYJ5JCTm3wmiNgPNWd,,,01KD8C8NM6AF6WA220R3J9J7GM,g7mUgXIGdbOE,1
2025-12-24 14:15:03,1766585703226,cryptosignal-ai-ezkj4q9c4-hadayalab-projects-projects.vercel.app/api/cron,GET,,200,fxl7s-1766585703194-c0b5c6bdaf6c,vercel-cron/1.0,info,production,main,MISS,serverless,/api/cron,cryptosignal-ai-ezkj4q9c4-hadayalab-projects-projects.vercel.app,cryptosignal-ai-ezkj4q9c4-hadayalab-projects-projects.vercel.app,dpl_snnUW69HoSexCn3LbddVCnPK7rHR,,,,,🚀 Cron Job Started: Whale Monitor,prj_tTazyIAJqpeYJ5JCTm3wmiNgPNWd,,,,,
2025-12-24 14:15:03,1766585703226,cryptosignal-ai-ezkj4q9c4-hadayalab-projects-projects.vercel.app/api/cron,GET,,200,fxl7s-1766585703194-c0b5c6bdaf6c,vercel-cron/1.0,info,production,main,MISS,serverless,/api/cron,cryptosignal-ai-ezkj4q9c4-hadayalab-projects-projects.vercel.app,cryptosignal-ai-ezkj4q9c4-hadayalab-projects-projects.vercel.app,dpl_snnUW69HoSexCn3LbddVCnPK7rHR,,,,,"Slot check => utcHour=14, utcMinute=15, isRegularSlot=false, force=false",prj_tTazyIAJqpeYJ5JCTm3wmiNgPNWd,,,,,
2025-12-24 14:15:03,1766585703226,cryptosignal-ai-ezkj4q9c4-hadayalab-projects-projects.vercel.app/api/cron,GET,,200,fxl7s-1766585703194-c0b5c6bdaf6c,vercel-cron/1.0,info,production,main,MISS,serverless,/api/cron,cryptosignal-ai-ezkj4q9c4-hadayalab-projects-projects.vercel.app,cryptosignal-ai-ezkj4q9c4-hadayalab-projects-projects.vercel.app,dpl_snnUW69HoSexCn3LbddVCnPK7rHR,,,,,🌐 Fetching: https://api.cryptoquant.com/v1/btc/exchange-flows/netflow?exchange=all_exchange&window=day&limit=1,prj_tTazyIAJqpeYJ5JCTm3wmiNgPNWd,,,,,
2025-12-24 14:15:03,1766585703227,cryptosignal-ai-ezkj4q9c4-hadayalab-projects-projects.vercel.app/api/cron,GET,,200,fxl7s-1766585703194-c0b5c6bdaf6c,vercel-cron/1.0,info,production,main,MISS,serverless,/api/cron,cryptosignal-ai-ezkj4q9c4-hadayalab-projects-projects.vercel.app,cryptosignal-ai-ezkj4q9c4-hadayalab-projects-projects.vercel.app,dpl_snnUW69HoSexCn3LbddVCnPK7rHR,,,,,🌐 Fetching: https://api.cryptoquant.com/v1/btc/flow-indicator/mpi?window=day&limit=1,prj_tTazyIAJqpeYJ5JCTm3wmiNgPNWd,,,,,
2025-12-24 14:15:03,1766585703416,cryptosignal-ai-ezkj4q9c4-hadayalab-projects-projects.vercel.app/api/cron,GET,,200,fxl7s-1766585703194-c0b5c6bdaf6c,vercel-cron/1.0,info,production,main,MISS,serverless,/api/cron,cryptosignal-ai-ezkj4q9c4-hadayalab-projects-projects.vercel.app,cryptosignal-ai-ezkj4q9c4-hadayalab-projects-projects.vercel.app,dpl_snnUW69HoSexCn3LbddVCnPK7rHR,,,,,"📊 Exchange Netflow (BTC): -11379.222587299999 raw: {""date"":""2025-12-23"",""netflow_total"":-11379.222587299999}",prj_tTazyIAJqpeYJ5JCTm3wmiNgPNWd,,,,,
2025-12-24 14:15:03,1766585703437,cryptosignal-ai-ezkj4q9c4-hadayalab-projects-projects.vercel.app/api/cron,GET,,200,fxl7s-1766585703194-c0b5c6bdaf6c,vercel-cron/1.0,info,production,main,MISS,serverless,/api/cron,cryptosignal-ai-ezkj4q9c4-hadayalab-projects-projects.vercel.app,cryptosignal-ai-ezkj4q9c4-hadayalab-projects-projects.vercel.app,dpl_snnUW69HoSexCn3LbddVCnPK7rHR,,,,,"📊 Miner Position Index (BTC): -0.5211564700986901 raw: {""date"":""2025-12-23"",""mpi"":-0.5211564700986901}",prj_tTazyIAJqpeYJ5JCTm3wmiNgPNWd,,,,,
2025-12-24 14:15:03,1766585703194,cryptosignal-ai-ezkj4q9c4-hadayalab-projects-projects.vercel.app/api/cron,GET,,200,fxl7s-1766585703194-c0b5c6bdaf6c,vercel-cron/1.0,,production,main,MISS,serverless,/api/cron,cryptosignal-ai-ezkj4q9c4-hadayalab-projects-projects.vercel.app,cryptosignal-ai-ezkj4q9c4-hadayalab-projects-projects.vercel.app,dpl_snnUW69HoSexCn3LbddVCnPK7rHR,300,iad1,265,2048,,prj_tTazyIAJqpeYJ5JCTm3wmiNgPNWd,,,01KD8BD6S8F0ZG2N64E5EEY764,g7mUgXIGdbOE,1
2025-12-24 14:00:03,1766584803440,cryptosignal-ai-ezkj4q9c4-hadayalab-projects-projects.vercel.app/api/cron,GET,,200,qfjfg-1766584803364-b82f1d62f1a6,vercel-cron/1.0,info,production,main,MISS,serverless,/api/cron,cryptosignal-ai-ezkj4q9c4-hadayalab-projects-projects.vercel.app,cryptosignal-ai-ezkj4q9c4-hadayalab-projects-projects.vercel.app,dpl_snnUW69HoSexCn3LbddVCnPK7rHR,,,,,🚀 Cron Job Started: Whale Monitor,prj_tTazyIAJqpeYJ5JCTm3wmiNgPNWd,,,,,
2025-12-24 14:00:03,1766584803440,cryptosignal-ai-ezkj4q9c4-hadayalab-projects-projects.vercel.app/api/cron,GET,,200,qfjfg-1766584803364-b82f1d62f1a6,vercel-cron/1.0,info,production,main,MISS,serverless,/api/cron,cryptosignal-ai-ezkj4q9c4-hadayalab-projects-projects.vercel.app,cryptosignal-ai-ezkj4q9c4-hadayalab-projects-projects.vercel.app,dpl_snnUW69HoSexCn3LbddVCnPK7rHR,,,,,"Slot check => utcHour=14, utcMinute=0, isRegularSlot=false, force=false",prj_tTazyIAJqpeYJ5JCTm3wmiNgPNWd,,,,,
2025-12-24 14:00:03,1766584803445,cryptosignal-ai-ezkj4q9c4-hadayalab-projects-projects.vercel.app/api/cron,GET,,200,qfjfg-1766584803364-b82f1d62f1a6,vercel-cron/1.0,info,production,main,MISS,serverless,/api/cron,cryptosignal-ai-ezkj4q9c4-hadayalab-projects-projects.vercel.app,cryptosignal-ai-ezkj4q9c4-hadayalab-projects-projects.vercel.app,dpl_snnUW69HoSexCn3LbddVCnPK7rHR,,,,,🌐 Fetching: https://api.cryptoquant.com/v1/btc/exchange-flows/netflow?exchange=all_exchange&window=day&limit=1,prj_tTazyIAJqpeYJ5JCTm3wmiNgPNWd,,,,,
2025-12-24 14:00:03,1766584803534,cryptosignal-ai-ezkj4q9c4-hadayalab-projects-projects.vercel.app/api/cron,GET,,200,qfjfg-1766584803364-b82f1d62f1a6,vercel-cron/1.0,info,production,main,MISS,serverless,/api/cron,cryptosignal-ai-ezkj4q9c4-hadayalab-projects-projects.vercel.app,cryptosignal-ai-ezkj4q9c4-hadayalab-projects-projects.vercel.app,dpl_snnUW69HoSexCn3LbddVCnPK7rHR,,,,,🌐 Fetching: https://api.cryptoquant.com/v1/btc/flow-indicator/mpi?window=day&limit=1,prj_tTazyIAJqpeYJ5JCTm3wmiNgPNWd,,,,,
2025-12-24 14:00:03,1766584803536,cryptosignal-ai-ezkj4q9c4-hadayalab-projects-projects.vercel.app/api/cron,GET,,200,qfjfg-1766584803364-b82f1d62f1a6,vercel-cron/1.0,error,production,main,MISS,serverless,/api/cron,cryptosignal-ai-ezkj4q9c4-hadayalab-projects-projects.vercel.app,cryptosignal-ai-ezkj4q9c4-hadayalab-projects-projects.vercel.app,dpl_snnUW69HoSexCn3LbddVCnPK7rHR,,,,,"(node:4) [DEP0169] DeprecationWarning: `url.parse()` behavior is not standardized and prone to errors that have security implications. Use the WHATWG URL API instead. CVEs are not issued for `url.parse()` vulnerabilities.
(Use `node --trace-deprecation ...` to show where the warning was created)",prj_tTazyIAJqpeYJ5JCTm3wmiNgPNWd,,,,,
2025-12-24 14:00:03,1766584803745,cryptosignal-ai-ezkj4q9c4-hadayalab-projects-projects.vercel.app/api/cron,GET,,200,qfjfg-1766584803364-b82f1d62f1a6,vercel-cron/1.0,info,production,main,MISS,serverless,/api/cron,cryptosignal-ai-ezkj4q9c4-hadayalab-projects-projects.vercel.app,cryptosignal-ai-ezkj4q9c4-hadayalab-projects-projects.vercel.app,dpl_snnUW69HoSexCn3LbddVCnPK7rHR,,,,,"📊 Exchange Netflow (BTC): -11379.222587299999 raw: {""date"":""2025-12-23"",""netflow_total"":-11379.222587299999}",prj_tTazyIAJqpeYJ5JCTm3wmiNgPNWd,,,,,
2025-12-24 14:00:03,1766584803799,cryptosignal-ai-ezkj4q9c4-hadayalab-projects-projects.vercel.app/api/cron,GET,,200,qfjfg-1766584803364-b82f1d62f1a6,vercel-cron/1.0,info,production,main,MISS,serverless,/api/cron,cryptosignal-ai-ezkj4q9c4-hadayalab-projects-projects.vercel.app,cryptosignal-ai-ezkj4q9c4-hadayalab-projects-projects.vercel.app,dpl_snnUW69HoSexCn3LbddVCnPK7rHR,,,,,"📊 Miner Position Index (BTC): -0.5211564700986901 raw: {""date"":""2025-12-23"",""mpi"":-0.5211564700986901}",prj_tTazyIAJqpeYJ5JCTm3wmiNgPNWd,,,,,
2025-12-24 14:00:03,1766584803364,cryptosignal-ai-ezkj4q9c4-hadayalab-projects-projects.vercel.app/api/cron,GET,,200,qfjfg-1766584803364-b82f1d62f1a6,vercel-cron/1.0,,production,main,MISS,serverless,/api/cron,cryptosignal-ai-ezkj4q9c4-hadayalab-projects-projects.vercel.app,cryptosignal-ai-ezkj4q9c4-hadayalab-projects-projects.vercel.app,dpl_snnUW69HoSexCn3LbddVCnPK7rHR,471,iad1,260,2048,,prj_tTazyIAJqpeYJ5JCTm3wmiNgPNWd,,,01KD8AHR2DWKW4PC6SNANZN47V,g7mUgXIGdbOE,1
2025-12-24 13:45:03,1766583903393,cryptosignal-ai-ezkj4q9c4-hadayalab-projects-projects.vercel.app/api/cron,GET,,200,56qtz-1766583903350-9fd59777db62,vercel-cron/1.0,info,production,main,MISS,serverless,/api/cron,cryptosignal-ai-ezkj4q9c4-hadayalab-projects-projects.vercel.app,cryptosignal-ai-ezkj4q9c4-hadayalab-projects-projects.vercel.app,dpl_snnUW69HoSexCn3LbddVCnPK7rHR,,,,,🚀 Cron Job Started: Whale Monitor,prj_tTazyIAJqpeYJ5JCTm3wmiNgPNWd,,,,,
2025-12-24 13:45:03,1766583903393,cryptosignal-ai-ezkj4q9c4-hadayalab-projects-projects.vercel.app/api/cron,GET,,200,56qtz-1766583903350-9fd59777db62,vercel-cron/1.0,info,production,main,MISS,serverless,/api/cron,cryptosignal-ai-ezkj4q9c4-hadayalab-projects-projects.vercel.app,cryptosignal-ai-ezkj4q9c4-hadayalab-projects-projects.vercel.app,dpl_snnUW69HoSexCn3LbddVCnPK7rHR,,,,,"Slot check => utcHour=13, utcMinute=45, isRegularSlot=false, force=false",prj_tTazyIAJqpeYJ5JCTm3wmiNgPNWd,,,,,
2025-12-24 13:45:03,1766583903393,cryptosignal-ai-ezkj4q9c4-hadayalab-projects-projects.vercel.app/api/cron,GET,,200,56qtz-1766583903350-9fd59777db62,vercel-cron/1.0,info,production,main,MISS,serverless,/api/cron,cryptosignal-ai-ezkj4q9c4-hadayalab-projects-projects.vercel.app,cryptosignal-ai-ezkj4q9c4-hadayalab-projects-projects.vercel.app,dpl_snnUW69HoSexCn3LbddVCnPK7rHR,,,,,🌐 Fetching: https://api.cryptoquant.com/v1/btc/exchange-flows/netflow?exchange=all_exchange&window=day&limit=1,prj_tTazyIAJqpeYJ5JCTm3wmiNgPNWd,,,,,
2025-12-24 13:45:03,1766583903394,cryptosignal-ai-ezkj4q9c4-hadayalab-projects-projects.vercel.app/api/cron,GET,,200,56qtz-1766583903350-9fd59777db62,vercel-cron/1.0,info,production,main,MISS,serverless,/api/cron,cryptosignal-ai-ezkj4q9c4-hadayalab-projects-projects.vercel.app,cryptosignal-ai-ezkj4q9c4-hadayalab-projects-projects.vercel.app,dpl_snnUW69HoSexCn3LbddVCnPK7rHR,,,,,🌐 Fetching: https://api.cryptoquant.com/v1/btc/flow-indicator/mpi?window=day&limit=1,prj_tTazyIAJqpeYJ5JCTm3wmiNgPNWd,,,,,
2025-12-24 13:45:03,1766583903601,cryptosignal-ai-ezkj4q9c4-hadayalab-projects-projects.vercel.app/api/cron,GET,,200,56qtz-1766583903350-9fd59777db62,vercel-cron/1.0,info,production,main,MISS,serverless,/api/cron,cryptosignal-ai-ezkj4q9c4-hadayalab-projects-projects.vercel.app,cryptosignal-ai-ezkj4q9c4-hadayalab-projects-projects.vercel.app,dpl_snnUW69HoSexCn3LbddVCnPK7rHR,,,,,"📊 Exchange Netflow (BTC): -11379.222587299999 raw: {""date"":""2025-12-23"",""netflow_total"":-11379.222587299999}",prj_tTazyIAJqpeYJ5JCTm3wmiNgPNWd,,,,,
2025-12-24 13:45:03,1766583903643,cryptosignal-ai-ezkj4q9c4-hadayalab-projects-projects.vercel.app/api/cron,GET,,200,56qtz-1766583903350-9fd59777db62,vercel-cron/1.0,info,production,main,MISS,serverless,/api/cron,cryptosignal-ai-ezkj4q9c4-hadayalab-projects-projects.vercel.app,cryptosignal-ai-ezkj4q9c4-hadayalab-projects-projects.vercel.app,dpl_snnUW69HoSexCn3LbddVCnPK7rHR,,,,,"📊 Miner Position Index (BTC): -0.5211564700986901 raw: {""date"":""2025-12-23"",""mpi"":-0.5211564700986901}",prj_tTazyIAJqpeYJ5JCTm3wmiNgPNWd,,,,,
2025-12-24 13:45:03,1766583903350,cryptosignal-ai-ezkj4q9c4-hadayalab-projects-projects.vercel.app/api/cron,GET,,200,56qtz-1766583903350-9fd59777db62,vercel-cron/1.0,,production,main,MISS,serverless,/api/cron,cryptosignal-ai-ezkj4q9c4-hadayalab-projects-projects.vercel.app,cryptosignal-ai-ezkj4q9c4-hadayalab-projects-projects.vercel.app,dpl_snnUW69HoSexCn3LbddVCnPK7rHR,340,iad1,271,2048,,prj_tTazyIAJqpeYJ5JCTm3wmiNgPNWd,,,01KD89P9472ZQB6398XN4NPN95,kqT77UHhBalN,1
2025-12-24 13:30:03,1766583003267,cryptosignal-ai-ezkj4q9c4-hadayalab-projects-projects.vercel.app/api/cron,GET,,200,xcngp-1766583003227-c9063621107a,vercel-cron/1.0,info,production,main,MISS,serverless,/api/cron,cryptosignal-ai-ezkj4q9c4-hadayalab-projects-projects.vercel.app,cryptosignal-ai-ezkj4q9c4-hadayalab-projects-projects.vercel.app,dpl_snnUW69HoSexCn3LbddVCnPK7rHR,,,,,🚀 Cron Job Started: Whale Monitor,prj_tTazyIAJqpeYJ5JCTm3wmiNgPNWd,,,,,
2025-12-24 13:30:03,1766583003267,cryptosignal-ai-ezkj4q9c4-hadayalab-projects-projects.vercel.app/api/cron,GET,,200,xcngp-1766583003227-c9063621107a,vercel-cron/1.0,info,production,main,MISS,serverless,/api/cron,cryptosignal-ai-ezkj4q9c4-hadayalab-projects-projects.vercel.app,cryptosignal-ai-ezkj4q9c4-hadayalab-projects-projects.vercel.app,dpl_snnUW69HoSexCn3LbddVCnPK7rHR,,,,,"Slot check => utcHour=13, utcMinute=30, isRegularSlot=false, force=false",prj_tTazyIAJqpeYJ5JCTm3wmiNgPNWd,,,,,
2025-12-24 13:30:03,1766583003267,cryptosignal-ai-ezkj4q9c4-hadayalab-projects-projects.vercel.app/api/cron,GET,,200,xcngp-1766583003227-c9063621107a,vercel-cron/1.0,info,production,main,MISS,serverless,/api/cron,cryptosignal-ai-ezkj4q9c4-hadayalab-projects-projects.vercel.app,cryptosignal-ai-ezkj4q9c4-hadayalab-projects-projects.vercel.app,dpl_snnUW69HoSexCn3LbddVCnPK7rHR,,,,,🌐 Fetching: https://api.cryptoquant.com/v1/btc/exchange-flows/netflow?exchange=all_exchange&window=day&limit=1,prj_tTazyIAJqpeYJ5JCTm3wmiNgPNWd,,,,,
2025-12-24 13:30:03,1766583003267,cryptosignal-ai-ezkj4q9c4-hadayalab-projects-projects.vercel.app/api/cron,GET,,200,xcngp-1766583003227-c9063621107a,vercel-cron/1.0,info,production,main,MISS,serverless,/api/cron,cryptosignal-ai-ezkj4q9c4-hadayalab-projects-projects.vercel.app,cryptosignal-ai-ezkj4q9c4-hadayalab-projects-projects.vercel.app,dpl_snnUW69HoSexCn3LbddVCnPK7rHR,,,,,🌐 Fetching: https://api.cryptoquant.com/v1/btc/flow-indicator/mpi?window=day&limit=1,prj_tTazyIAJqpeYJ5JCTm3wmiNgPNWd,,,,,
2025-12-24 13:30:03,1766583003470,cryptosignal-ai-ezkj4q9c4-hadayalab-projects-projects.vercel.app/api/cron,GET,,200,xcngp-1766583003227-c9063621107a,vercel-cron/1.0,info,production,main,MISS,serverless,/api/cron,cryptosignal-ai-ezkj4q9c4-hadayalab-projects-projects.vercel.app,cryptosignal-ai-ezkj4q9c4-hadayalab-projects-projects.vercel.app,dpl_snnUW69HoSexCn3LbddVCnPK7rHR,,,,,"📊 Miner Position Index (BTC): -0.5211564700986901 raw: {""date"":""2025-12-23"",""mpi"":-0.5211564700986901}",prj_tTazyIAJqpeYJ5JCTm3wmiNgPNWd,,,,,
2025-12-24 13:30:03,1766583003491,cryptosignal-ai-ezkj4q9c4-hadayalab-projects-projects.vercel.app/api/cron,GET,,200,xcngp-1766583003227-c9063621107a,vercel-cron/1.0,info,production,main,MISS,serverless,/api/cron,cryptosignal-ai-ezkj4q9c4-hadayalab-projects-projects.vercel.app,cryptosignal-ai-ezkj4q9c4-hadayalab-projects-projects.vercel.app,dpl_snnUW69HoSexCn3LbddVCnPK7rHR,,,,,"📊 Exchange Netflow (BTC): -11379.222587299999 raw: {""date"":""2025-12-23"",""netflow_total"":-11379.222587299999}",prj_tTazyIAJqpeYJ5JCTm3wmiNgPNWd,,,,,
2025-12-24 13:30:03,1766583003227,cryptosignal-ai-ezkj4q9c4-hadayalab-projects-projects.vercel.app/api/cron,GET,,200,xcngp-1766583003227-c9063621107a,vercel-cron/1.0,,production,main,MISS,serverless,/api/cron,cryptosignal-ai-ezkj4q9c4-hadayalab-projects-projects.vercel.app,cryptosignal-ai-ezkj4q9c4-hadayalab-projects-projects.vercel.app,dpl_snnUW69HoSexCn3LbddVCnPK7rHR,314,iad1,271,2048,,prj_tTazyIAJqpeYJ5JCTm3wmiNgPNWd,,,01KD88TT39BNWKWNV6KRAM3B5R,kqT77UHhBalN,1
2025-12-24 13:15:03,1766582103842,cryptosignal-ai-ezkj4q9c4-hadayalab-projects-projects.vercel.app/api/cron,GET,,200,9xs7q-1766582103779-b87c4fd13c85,vercel-cron/1.0,info,production,main,MISS,serverless,/api/cron,cryptosignal-ai-ezkj4q9c4-hadayalab-projects-projects.vercel.app,cryptosignal-ai-ezkj4q9c4-hadayalab-projects-projects.vercel.app,dpl_snnUW69HoSexCn3LbddVCnPK7rHR,,,,,🚀 Cron Job Started: Whale Monitor,prj_tTazyIAJqpeYJ5JCTm3wmiNgPNWd,,,,,
2025-12-24 13:15:03,1766582103842,cryptosignal-ai-ezkj4q9c4-hadayalab-projects-projects.vercel.app/api/cron,GET,,200,9xs7q-1766582103779-b87c4fd13c85,vercel-cron/1.0,info,production,main,MISS,serverless,/api/cron,cryptosignal-ai-ezkj4q9c4-hadayalab-projects-projects.vercel.app,cryptosignal-ai-ezkj4q9c4-hadayalab-projects-projects.vercel.app,dpl_snnUW69HoSexCn3LbddVCnPK7rHR,,,,,"Slot check => utcHour=13, utcMinute=15, isRegularSlot=false, force=false",prj_tTazyIAJqpeYJ5JCTm3wmiNgPNWd,,,,,
2025-12-24 13:15:03,1766582103842,cryptosignal-ai-ezkj4q9c4-hadayalab-projects-projects.vercel.app/api/cron,GET,,200,9xs7q-1766582103779-b87c4fd13c85,vercel-cron/1.0,info,production,main,MISS,serverless,/api/cron,cryptosignal-ai-ezkj4q9c4-hadayalab-projects-projects.vercel.app,cryptosignal-ai-ezkj4q9c4-hadayalab-projects-projects.vercel.app,dpl_snnUW69HoSexCn3LbddVCnPK7rHR,,,,,🌐 Fetching: https://api.cryptoquant.com/v1/btc/exchange-flows/netflow?exchange=all_exchange&window=day&limit=1,prj_tTazyIAJqpeYJ5JCTm3wmiNgPNWd,,,,,
2025-12-24 13:15:03,1766582103842,cryptosignal-ai-ezkj4q9c4-hadayalab-projects-projects.vercel.app/api/cron,GET,,200,9xs7q-1766582103779-b87c4fd13c85,vercel-cron/1.0,info,production,main,MISS,serverless,/api/cron,cryptosignal-ai-ezkj4q9c4-hadayalab-projects-projects.vercel.app,cryptosignal-ai-ezkj4q9c4-hadayalab-projects-projects.vercel.app,dpl_snnUW69HoSexCn3LbddVCnPK7rHR,,,,,🌐 Fetching: https://api.cryptoquant.com/v1/btc/flow-indicator/mpi?window=day&limit=1,prj_tTazyIAJqpeYJ5JCTm3wmiNgPNWd,,,,,
2025-12-24 13:15:04,1766582104014,cryptosignal-ai-ezkj4q9c4-hadayalab-projects-projects.vercel.app/api/cron,GET,,200,9xs7q-1766582103779-b87c4fd13c85,vercel-cron/1.0,info,production,main,MISS,serverless,/api/cron,cryptosignal-ai-ezkj4q9c4-hadayalab-projects-projects.vercel.app,cryptosignal-ai-ezkj4q9c4-hadayalab-projects-projects.vercel.app,dpl_snnUW69HoSexCn3LbddVCnPK7rHR,,,,,"📊 Exchange Netflow (BTC): -11379.222587299999 raw: {""date"":""2025-12-23"",""netflow_total"":-11379.222587299999}",prj_tTazyIAJqpeYJ5JCTm3wmiNgPNWd,,,,,
2025-12-24 13:15:04,1766582104020,cryptosignal-ai-ezkj4q9c4-hadayalab-projects-projects.vercel.app/api/cron,GET,,200,9xs7q-1766582103779-b87c4fd13c85,vercel-cron/1.0,info,production,main,MISS,serverless,/api/cron,cryptosignal-ai-ezkj4q9c4-hadayalab-projects-projects.vercel.app,cryptosignal-ai-ezkj4q9c4-hadayalab-projects-projects.vercel.app,dpl_snnUW69HoSexCn3LbddVCnPK7rHR,,,,,"📊 Miner Position Index (BTC): -0.5211564700986901 raw: {""date"":""2025-12-23"",""mpi"":-0.5211564700986901}",prj_tTazyIAJqpeYJ5JCTm3wmiNgPNWd,,,,,
2025-12-24 13:15:03,1766582103779,cryptosignal-ai-ezkj4q9c4-hadayalab-projects-projects.vercel.app/api/cron,GET,,200,9xs7q-1766582103779-b87c4fd13c85,vercel-cron/1.0,,production,main,MISS,serverless,/api/cron,cryptosignal-ai-ezkj4q9c4-hadayalab-projects-projects.vercel.app,cryptosignal-ai-ezkj4q9c4-hadayalab-projects-projects.vercel.app,dpl_snnUW69HoSexCn3LbddVCnPK7rHR,245,iad1,271,2048,,prj_tTazyIAJqpeYJ5JCTm3wmiNgPNWd,,,01KD87ZBR989DS0YH2PVB8E5FP,kqT77UHhBalN,1
2025-12-24 13:00:03,1766581203318,cryptosignal-ai-ezkj4q9c4-hadayalab-projects-projects.vercel.app/api/cron,GET,,200,wzhq2-1766581203271-f40fb1ead6f9,vercel-cron/1.0,info,production,main,MISS,serverless,/api/cron,cryptosignal-ai-ezkj4q9c4-hadayalab-projects-projects.vercel.app,cryptosignal-ai-ezkj4q9c4-hadayalab-projects-projects.vercel.app,dpl_snnUW69HoSexCn3LbddVCnPK7rHR,,,,,🚀 Cron Job Started: Whale Monitor,prj_tTazyIAJqpeYJ5JCTm3wmiNgPNWd,,,,,
2025-12-24 13:00:03,1766581203319,cryptosignal-ai-ezkj4q9c4-hadayalab-projects-projects.vercel.app/api/cron,GET,,200,wzhq2-1766581203271-f40fb1ead6f9,vercel-cron/1.0,info,production,main,MISS,serverless,/api/cron,cryptosignal-ai-ezkj4q9c4-hadayalab-projects-projects.vercel.app,cryptosignal-ai-ezkj4q9c4-hadayalab-projects-projects.vercel.app,dpl_snnUW69HoSexCn3LbddVCnPK7rHR,,,,,"Slot check => utcHour=13, utcMinute=0, isRegularSlot=false, force=false",prj_tTazyIAJqpeYJ5JCTm3wmiNgPNWd,,,,,
2025-12-24 13:00:03,1766581203319,cryptosignal-ai-ezkj4q9c4-hadayalab-projects-projects.vercel.app/api/cron,GET,,200,wzhq2-1766581203271-f40fb1ead6f9,vercel-cron/1.0,info,production,main,MISS,serverless,/api/cron,cryptosignal-ai-ezkj4q9c4-hadayalab-projects-projects.vercel.app,cryptosignal-ai-ezkj4q9c4-hadayalab-projects-projects.vercel.app,dpl_snnUW69HoSexCn3LbddVCnPK7rHR,,,,,🌐 Fetching: https://api.cryptoquant.com/v1/btc/exchange-flows/netflow?exchange=all_exchange&window=day&limit=1,prj_tTazyIAJqpeYJ5JCTm3wmiNgPNWd,,,,,
2025-12-24 13:00:03,1766581203319,cryptosignal-ai-ezkj4q9c4-hadayalab-projects-projects.vercel.app/api/cron,GET,,200,wzhq2-1766581203271-f40fb1ead6f9,vercel-cron/1.0,info,production,main,MISS,serverless,/api/cron,cryptosignal-ai-ezkj4q9c4-hadayalab-projects-projects.vercel.app,cryptosignal-ai-ezkj4q9c4-hadayalab-projects-projects.vercel.app,dpl_snnUW69HoSexCn3LbddVCnPK7rHR,,,,,🌐 Fetching: https://api.cryptoquant.com/v1/btc/flow-indicator/mpi?window=day&limit=1,prj_tTazyIAJqpeYJ5JCTm3wmiNgPNWd,,,,,
2025-12-24 13:00:03,1766581203576,cryptosignal-ai-ezkj4q9c4-hadayalab-projects-projects.vercel.app/api/cron,GET,,200,wzhq2-1766581203271-f40fb1ead6f9,vercel-cron/1.0,info,production,main,MISS,serverless,/api/cron,cryptosignal-ai-ezkj4q9c4-hadayalab-projects-projects.vercel.app,cryptosignal-ai-ezkj4q9c4-hadayalab-projects-projects.vercel.app,dpl_snnUW69HoSexCn3LbddVCnPK7rHR,,,,,"📊 Exchange Netflow (BTC): -11379.222587299999 raw: {""date"":""2025-12-23"",""netflow_total"":-11379.222587299999}",prj_tTazyIAJqpeYJ5JCTm3wmiNgPNWd,,,,,
2025-12-24 13:00:03,1766581203687,cryptosignal-ai-ezkj4q9c4-hadayalab-projects-projects.vercel.app/api/cron,GET,,200,wzhq2-1766581203271-f40fb1ead6f9,vercel-cron/1.0,info,production,main,MISS,serverless,/api/cron,cryptosignal-ai-ezkj4q9c4-hadayalab-projects-projects.vercel.app,cryptosignal-ai-ezkj4q9c4-hadayalab-projects-projects.vercel.app,dpl_snnUW69HoSexCn3LbddVCnPK7rHR,,,,,"📊 Miner Position Index (BTC): -0.5211564700986901 raw: {""date"":""2025-12-23"",""mpi"":-0.5211564700986901}",prj_tTazyIAJqpeYJ5JCTm3wmiNgPNWd,,,,,
2025-12-24 13:00:03,1766581203271,cryptosignal-ai-ezkj4q9c4-hadayalab-projects-projects.vercel.app/api/cron,GET,,200,wzhq2-1766581203271-f40fb1ead6f9,vercel-cron/1.0,,production,main,MISS,serverless,/api/cron,cryptosignal-ai-ezkj4q9c4-hadayalab-projects-projects.vercel.app,cryptosignal-ai-ezkj4q9c4-hadayalab-projects-projects.vercel.app,dpl_snnUW69HoSexCn3LbddVCnPK7rHR,463,iad1,271,2048,,prj_tTazyIAJqpeYJ5JCTm3wmiNgPNWd,,,01KD873WATP05X5ANGY0F854CW,kqT77UHhBalN,1
2025-12-24 12:45:03,1766580303238,cryptosignal-ai-ezkj4q9c4-hadayalab-projects-projects.vercel.app/api/cron,GET,,200,4652s-1766580303196-bdada766e058,vercel-cron/1.0,info,production,main,MISS,serverless,/api/cron,cryptosignal-ai-ezkj4q9c4-hadayalab-projects-projects.vercel.app,cryptosignal-ai-ezkj4q9c4-hadayalab-projects-projects.vercel.app,dpl_snnUW69HoSexCn3LbddVCnPK7rHR,,,,,🚀 Cron Job Started: Whale Monitor,prj_tTazyIAJqpeYJ5JCTm3wmiNgPNWd,,,,,
2025-12-24 12:45:03,1766580303238,cryptosignal-ai-ezkj4q9c4-hadayalab-projects-projects.vercel.app/api/cron,GET,,200,4652s-1766580303196-bdada766e058,vercel-cron/1.0,info,production,main,MISS,serverless,/api/cron,cryptosignal-ai-ezkj4q9c4-hadayalab-projects-projects.vercel.app,cryptosignal-ai-ezkj4q9c4-hadayalab-projects-projects.vercel.app,dpl_snnUW69HoSexCn3LbddVCnPK7rHR,,,,,"Slot check => utcHour=12, utcMinute=45, isRegularSlot=false, force=false",prj_tTazyIAJqpeYJ5JCTm3wmiNgPNWd,,,,,
2025-12-24 12:45:03,1766580303238,cryptosignal-ai-ezkj4q9c4-hadayalab-projects-projects.vercel.app/api/cron,GET,,200,4652s-1766580303196-bdada766e058,vercel-cron/1.0,info,production,main,MISS,serverless,/api/cron,cryptosignal-ai-ezkj4q9c4-hadayalab-projects-projects.vercel.app,cryptosignal-ai-ezkj4q9c4-hadayalab-projects-projects.vercel.app,dpl_snnUW69HoSexCn3LbddVCnPK7rHR,,,,,🌐 Fetching: https://api.cryptoquant.com/v1/btc/exchange-flows/netflow?exchange=all_exchange&window=day&limit=1,prj_tTazyIAJqpeYJ5JCTm3wmiNgPNWd,,,,,
2025-12-24 12:45:03,1766580303242,cryptosignal-ai-ezkj4q9c4-hadayalab-projects-projects.vercel.app/api/cron,GET,,200,4652s-1766580303196-bdada766e058,vercel-cron/1.0,info,production,main,MISS,serverless,/api/cron,cryptosignal-ai-ezkj4q9c4-hadayalab-projects-projects.vercel.app,cryptosignal-ai-ezkj4q9c4-hadayalab-projects-projects.vercel.app,dpl_snnUW69HoSexCn3LbddVCnPK7rHR,,,,,🌐 Fetching: https://api.cryptoquant.com/v1/btc/flow-indicator/mpi?window=day&limit=1,prj_tTazyIAJqpeYJ5JCTm3wmiNgPNWd,,,,,
2025-12-24 12:45:03,1766580303455,cryptosignal-ai-ezkj4q9c4-hadayalab-projects-projects.vercel.app/api/cron,GET,,200,4652s-1766580303196-bdada766e058,vercel-cron/1.0,info,production,main,MISS,serverless,/api/cron,cryptosignal-ai-ezkj4q9c4-hadayalab-projects-projects.vercel.app,cryptosignal-ai-ezkj4q9c4-hadayalab-projects-projects.vercel.app,dpl_snnUW69HoSexCn3LbddVCnPK7rHR,,,,,"📊 Exchange Netflow (BTC): -11379.222587299999 raw: {""date"":""2025-12-23"",""netflow_total"":-11379.222587299999}",prj_tTazyIAJqpeYJ5JCTm3wmiNgPNWd,,,,,
2025-12-24 12:45:03,1766580303480,cryptosignal-ai-ezkj4q9c4-hadayalab-projects-projects.vercel.app/api/cron,GET,,200,4652s-1766580303196-bdada766e058,vercel-cron/1.0,info,production,main,MISS,serverless,/api/cron,cryptosignal-ai-ezkj4q9c4-hadayalab-projects-projects.vercel.app,cryptosignal-ai-ezkj4q9c4-hadayalab-projects-projects.vercel.app,dpl_snnUW69HoSexCn3LbddVCnPK7rHR,,,,,"📊 Miner Position Index (BTC): -0.5211564700986901 raw: {""date"":""2025-12-23"",""mpi"":-0.5211564700986901}",prj_tTazyIAJqpeYJ5JCTm3wmiNgPNWd,,,,,
2025-12-24 12:45:03,1766580303196,cryptosignal-ai-ezkj4q9c4-hadayalab-projects-projects.vercel.app/api/cron,GET,,200,4652s-1766580303196-bdada766e058,vercel-cron/1.0,,production,main,MISS,serverless,/api/cron,cryptosignal-ai-ezkj4q9c4-hadayalab-projects-projects.vercel.app,cryptosignal-ai-ezkj4q9c4-hadayalab-projects-projects.vercel.app,dpl_snnUW69HoSexCn3LbddVCnPK7rHR,340,iad1,271,2048,,prj_tTazyIAJqpeYJ5JCTm3wmiNgPNWd,,,01KD868DBADY1HDC8SV507NDY4,kqT77UHhBalN,1