TimeUTC,timestampInMs,requestPath,requestMethod,requestQueryString,responseStatusCode,requestId,requestUserAgent,level,environment,branch,vercelCache,type,function,host,deploymentDomain,deploymentId,durationMs,region,maxMemoryUsed,memorySize,message,projectId,traceId,sessionId,invocationId,instanceId,concurrency
2025-12-25 00:15:04,1766621704138,cryptosignal-ai-ptbr-43c4b7lkp-hadayalab-projects-projects.vercel.app/api/cron,GET,,200,j494n-1766621704076-795144844e36,vercel-cron/1.0,info,production,main,MISS,serverless,/api/cron,cryptosignal-ai-ptbr-43c4b7lkp-hadayalab-projects-projects.vercel.app,cryptosignal-ai-ptbr-43c4b7lkp-hadayalab-projects-projects.vercel.app,dpl_F1pbZc1zJgTwMvW1W23jN11o9HL4,,,,,🚀 Cron Job Started: Whale Monitor,prj_70cfabLGqzgIBeQN5cw1Y4AyuxyA,,,,,
2025-12-25 00:15:04,1766621704138,cryptosignal-ai-ptbr-43c4b7lkp-hadayalab-projects-projects.vercel.app/api/cron,GET,,200,j494n-1766621704076-795144844e36,vercel-cron/1.0,info,production,main,MISS,serverless,/api/cron,cryptosignal-ai-ptbr-43c4b7lkp-hadayalab-projects-projects.vercel.app,cryptosignal-ai-ptbr-43c4b7lkp-hadayalab-projects-projects.vercel.app,dpl_F1pbZc1zJgTwMvW1W23jN11o9HL4,,,,,"Slot check => utcHour=0, utcMinute=15, isRegularSlot=false, force=false",prj_70cfabLGqzgIBeQN5cw1Y4AyuxyA,,,,,
2025-12-25 00:15:04,1766621704138,cryptosignal-ai-ptbr-43c4b7lkp-hadayalab-projects-projects.vercel.app/api/cron,GET,,200,j494n-1766621704076-795144844e36,vercel-cron/1.0,info,production,main,MISS,serverless,/api/cron,cryptosignal-ai-ptbr-43c4b7lkp-hadayalab-projects-projects.vercel.app,cryptosignal-ai-ptbr-43c4b7lkp-hadayalab-projects-projects.vercel.app,dpl_F1pbZc1zJgTwMvW1W23jN11o9HL4,,,,,🌐 Fetching: https://api.cryptoquant.com/v1/btc/exchange-flows/netflow?exchange=all_exchange&window=day&limit=1,prj_70cfabLGqzgIBeQN5cw1Y4AyuxyA,,,,,
2025-12-25 00:15:04,1766621704138,cryptosignal-ai-ptbr-43c4b7lkp-hadayalab-projects-projects.vercel.app/api/cron,GET,,200,j494n-1766621704076-795144844e36,vercel-cron/1.0,info,production,main,MISS,serverless,/api/cron,cryptosignal-ai-ptbr-43c4b7lkp-hadayalab-projects-projects.vercel.app,cryptosignal-ai-ptbr-43c4b7lkp-hadayalab-projects-projects.vercel.app,dpl_F1pbZc1zJgTwMvW1W23jN11o9HL4,,,,,🌐 Fetching: https://api.cryptoquant.com/v1/btc/flow-indicator/mpi?window=day&limit=1,prj_70cfabLGqzgIBeQN5cw1Y4AyuxyA,,,,,
2025-12-25 00:15:04,1766621704316,cryptosignal-ai-ptbr-43c4b7lkp-hadayalab-projects-projects.vercel.app/api/cron,GET,,200,j494n-1766621704076-795144844e36,vercel-cron/1.0,info,production,main,MISS,serverless,/api/cron,cryptosignal-ai-ptbr-43c4b7lkp-hadayalab-projects-projects.vercel.app,cryptosignal-ai-ptbr-43c4b7lkp-hadayalab-projects-projects.vercel.app,dpl_F1pbZc1zJgTwMvW1W23jN11o9HL4,,,,,"📊 Exchange Netflow (BTC): -11379.222587299999 raw: {""date"":""2025-12-23"",""netflow_total"":-11379.222587299999}",prj_70cfabLGqzgIBeQN5cw1Y4AyuxyA,,,,,
2025-12-25 00:15:04,1766621704340,cryptosignal-ai-ptbr-43c4b7lkp-hadayalab-projects-projects.vercel.app/api/cron,GET,,200,j494n-1766621704076-795144844e36,vercel-cron/1.0,info,production,main,MISS,serverless,/api/cron,cryptosignal-ai-ptbr-43c4b7lkp-hadayalab-projects-projects.vercel.app,cryptosignal-ai-ptbr-43c4b7lkp-hadayalab-projects-projects.vercel.app,dpl_F1pbZc1zJgTwMvW1W23jN11o9HL4,,,,,"📊 Miner Position Index (BTC): -0.5211564700986901 raw: {""date"":""2025-12-23"",""mpi"":-0.5211564700986901}",prj_70cfabLGqzgIBeQN5cw1Y4AyuxyA,,,,,
2025-12-25 00:15:04,1766621704076,cryptosignal-ai-ptbr-43c4b7lkp-hadayalab-projects-projects.vercel.app/api/cron,GET,,200,j494n-1766621704076-795144844e36,vercel-cron/1.0,,production,main,MISS,serverless,/api/cron,cryptosignal-ai-ptbr-43c4b7lkp-hadayalab-projects-projects.vercel.app,cryptosignal-ai-ptbr-43c4b7lkp-hadayalab-projects-projects.vercel.app,dpl_F1pbZc1zJgTwMvW1W23jN11o9HL4,288,iad1,274,2048,,prj_70cfabLGqzgIBeQN5cw1Y4AyuxyA,,,01KD9DQVXFP3EP7PQDKB6FG26X,s5jNxI9oc5WA,1
2025-12-25 00:00:04,1766620804156,cryptosignal-ai-ptbr-43c4b7lkp-hadayalab-projects-projects.vercel.app/api/cron,GET,,200,qj7nt-1766620804119-8de979a9ffd2,vercel-cron/1.0,info,production,main,MISS,serverless,/api/cron,cryptosignal-ai-ptbr-43c4b7lkp-hadayalab-projects-projects.vercel.app,cryptosignal-ai-ptbr-43c4b7lkp-hadayalab-projects-projects.vercel.app,dpl_F1pbZc1zJgTwMvW1W23jN11o9HL4,,,,,🚀 Cron Job Started: Whale Monitor,prj_70cfabLGqzgIBeQN5cw1Y4AyuxyA,,,,,
2025-12-25 00:00:04,1766620804157,cryptosignal-ai-ptbr-43c4b7lkp-hadayalab-projects-projects.vercel.app/api/cron,GET,,200,qj7nt-1766620804119-8de979a9ffd2,vercel-cron/1.0,info,production,main,MISS,serverless,/api/cron,cryptosignal-ai-ptbr-43c4b7lkp-hadayalab-projects-projects.vercel.app,cryptosignal-ai-ptbr-43c4b7lkp-hadayalab-projects-projects.vercel.app,dpl_F1pbZc1zJgTwMvW1W23jN11o9HL4,,,,,"Slot check => utcHour=0, utcMinute=0, isRegularSlot=true, force=false",prj_70cfabLGqzgIBeQN5cw1Y4AyuxyA,,,,,
2025-12-25 00:00:04,1766620804158,cryptosignal-ai-ptbr-43c4b7lkp-hadayalab-projects-projects.vercel.app/api/cron,GET,,200,qj7nt-1766620804119-8de979a9ffd2,vercel-cron/1.0,info,production,main,MISS,serverless,/api/cron,cryptosignal-ai-ptbr-43c4b7lkp-hadayalab-projects-projects.vercel.app,cryptosignal-ai-ptbr-43c4b7lkp-hadayalab-projects-projects.vercel.app,dpl_F1pbZc1zJgTwMvW1W23jN11o9HL4,,,,,🌐 Fetching: https://api.cryptoquant.com/v1/btc/exchange-flows/netflow?exchange=all_exchange&window=day&limit=1,prj_70cfabLGqzgIBeQN5cw1Y4AyuxyA,,,,,
2025-12-25 00:00:04,1766620804161,cryptosignal-ai-ptbr-43c4b7lkp-hadayalab-projects-projects.vercel.app/api/cron,GET,,200,qj7nt-1766620804119-8de979a9ffd2,vercel-cron/1.0,info,production,main,MISS,serverless,/api/cron,cryptosignal-ai-ptbr-43c4b7lkp-hadayalab-projects-projects.vercel.app,cryptosignal-ai-ptbr-43c4b7lkp-hadayalab-projects-projects.vercel.app,dpl_F1pbZc1zJgTwMvW1W23jN11o9HL4,,,,,🌐 Fetching: https://api.cryptoquant.com/v1/btc/flow-indicator/mpi?window=day&limit=1,prj_70cfabLGqzgIBeQN5cw1Y4AyuxyA,,,,,
2025-12-25 00:00:04,1766620804342,cryptosignal-ai-ptbr-43c4b7lkp-hadayalab-projects-projects.vercel.app/api/cron,GET,,200,qj7nt-1766620804119-8de979a9ffd2,vercel-cron/1.0,info,production,main,MISS,serverless,/api/cron,cryptosignal-ai-ptbr-43c4b7lkp-hadayalab-projects-projects.vercel.app,cryptosignal-ai-ptbr-43c4b7lkp-hadayalab-projects-projects.vercel.app,dpl_F1pbZc1zJgTwMvW1W23jN11o9HL4,,,,,"📊 Miner Position Index (BTC): -0.5211564700986901 raw: {""date"":""2025-12-23"",""mpi"":-0.5211564700986901}",prj_70cfabLGqzgIBeQN5cw1Y4AyuxyA,,,,,
2025-12-25 00:00:04,1766620804369,cryptosignal-ai-ptbr-43c4b7lkp-hadayalab-projects-projects.vercel.app/api/cron,GET,,200,qj7nt-1766620804119-8de979a9ffd2,vercel-cron/1.0,info,production,main,MISS,serverless,/api/cron,cryptosignal-ai-ptbr-43c4b7lkp-hadayalab-projects-projects.vercel.app,cryptosignal-ai-ptbr-43c4b7lkp-hadayalab-projects-projects.vercel.app,dpl_F1pbZc1zJgTwMvW1W23jN11o9HL4,,,,,"📊 Exchange Netflow (BTC): -11379.222587299999 raw: {""date"":""2025-12-23"",""netflow_total"":-11379.222587299999}",prj_70cfabLGqzgIBeQN5cw1Y4AyuxyA,,,,,
2025-12-25 00:00:36,1766620836931,cryptosignal-ai-ptbr-43c4b7lkp-hadayalab-projects-projects.vercel.app/api/cron,GET,,200,qj7nt-1766620804119-8de979a9ffd2,vercel-cron/1.0,info,production,main,MISS,serverless,/api/cron,cryptosignal-ai-ptbr-43c4b7lkp-hadayalab-projects-projects.vercel.app,cryptosignal-ai-ptbr-43c4b7lkp-hadayalab-projects-projects.vercel.app,dpl_F1pbZc1zJgTwMvW1W23jN11o9HL4,,,,,Sending REGULAR message...,prj_70cfabLGqzgIBeQN5cw1Y4AyuxyA,,,,,
2025-12-25 00:00:36,1766620836932,cryptosignal-ai-ptbr-43c4b7lkp-hadayalab-projects-projects.vercel.app/api/cron,GET,,200,qj7nt-1766620804119-8de979a9ffd2,vercel-cron/1.0,info,production,main,MISS,serverless,/api/cron,cryptosignal-ai-ptbr-43c4b7lkp-hadayalab-projects-projects.vercel.app,cryptosignal-ai-ptbr-43c4b7lkp-hadayalab-projects-projects.vercel.app,dpl_F1pbZc1zJgTwMvW1W23jN11o9HL4,,,,,🌐 Fetching: https://api.cryptoquant.com/v1/btc/exchange-flows/netflow?exchange=all_exchange&window=day&limit=1,prj_70cfabLGqzgIBeQN5cw1Y4AyuxyA,,,,,
2025-12-25 00:00:36,1766620836933,cryptosignal-ai-ptbr-43c4b7lkp-hadayalab-projects-projects.vercel.app/api/cron,GET,,200,qj7nt-1766620804119-8de979a9ffd2,vercel-cron/1.0,info,production,main,MISS,serverless,/api/cron,cryptosignal-ai-ptbr-43c4b7lkp-hadayalab-projects-projects.vercel.app,cryptosignal-ai-ptbr-43c4b7lkp-hadayalab-projects-projects.vercel.app,dpl_F1pbZc1zJgTwMvW1W23jN11o9HL4,,,,,🌐 Fetching: https://api.cryptoquant.com/v1/btc/flow-indicator/mpi?window=day&limit=1,prj_70cfabLGqzgIBeQN5cw1Y4AyuxyA,,,,,
2025-12-25 00:00:37,1766620837080,cryptosignal-ai-ptbr-43c4b7lkp-hadayalab-projects-projects.vercel.app/api/cron,GET,,200,qj7nt-1766620804119-8de979a9ffd2,vercel-cron/1.0,info,production,main,MISS,serverless,/api/cron,cryptosignal-ai-ptbr-43c4b7lkp-hadayalab-projects-projects.vercel.app,cryptosignal-ai-ptbr-43c4b7lkp-hadayalab-projects-projects.vercel.app,dpl_F1pbZc1zJgTwMvW1W23jN11o9HL4,,,,,"📊 Exchange Netflow (BTC): -11379.222587299999 raw: {""date"":""2025-12-23"",""netflow_total"":-11379.222587299999}",prj_70cfabLGqzgIBeQN5cw1Y4AyuxyA,,,,,
2025-12-25 00:00:37,1766620837103,cryptosignal-ai-ptbr-43c4b7lkp-hadayalab-projects-projects.vercel.app/api/cron,GET,,200,qj7nt-1766620804119-8de979a9ffd2,vercel-cron/1.0,info,production,main,MISS,serverless,/api/cron,cryptosignal-ai-ptbr-43c4b7lkp-hadayalab-projects-projects.vercel.app,cryptosignal-ai-ptbr-43c4b7lkp-hadayalab-projects-projects.vercel.app,dpl_F1pbZc1zJgTwMvW1W23jN11o9HL4,,,,,"📊 Miner Position Index (BTC): -0.5211564700986901 raw: {""date"":""2025-12-23"",""mpi"":-0.5211564700986901}",prj_70cfabLGqzgIBeQN5cw1Y4AyuxyA,,,,,
2025-12-25 00:00:37,1766620837636,cryptosignal-ai-ptbr-43c4b7lkp-hadayalab-projects-projects.vercel.app/api/cron,GET,,200,qj7nt-1766620804119-8de979a9ffd2,vercel-cron/1.0,info,production,main,MISS,serverless,/api/cron,cryptosignal-ai-ptbr-43c4b7lkp-hadayalab-projects-projects.vercel.app,cryptosignal-ai-ptbr-43c4b7lkp-hadayalab-projects-projects.vercel.app,dpl_F1pbZc1zJgTwMvW1W23jN11o9HL4,,,,,"📨 Telegram sent: {
  ""ok"": true,
  ""result"": {
    ""message_id"": 86,
    ""from"": {
      ""id"": 8535744390,
      ""is_bot"": true,
      ""first_name"": ""CryptoSignal AI PT-BR"",
      ""username"": ""CryptoSignal_AI_PTBR_bot""
    },
    ""chat"": {
      ""id"": -1003401011131,
      ""title"": ""CryptoSignal AI – Starter Signals (PT-BR)"",
      ""type"": ""supergroup""
    },
    ""date"": 1766620837,
    ""text"": ""📚 Market Leak do Dr. Grok\nBriefing da sessão @ 2025-12-25 00:00:04 UTC\n\n💰 Preço do BTC: $87,619 (+0.24% / 24h)\n📊 Fluxo líquido nas exchanges: Outflow 11379 BTC\n⛏ Miners' Position Index (MPI): -0.52\n🧠 Sentimento de mercado: Extreme Fear\n\n📈 Score de mercado: 19/100\n✅ Detector de armadilhas: Nenhuma armadilha crítica detectada.\n\n🎯 Veredito de trade\n🛡️ Sinal: BUG STANDBY (Defense Active)\n• Entrada (ref. spot): $87,619\n• Modo: Bug Standby — sem edge limpo. Fique de fora e proteja o capital.\n• Take Profit: n/a\n• Stop Loss: n/a\n\n🧬 Visão do Dr. Grok\nO conteúdo abaixo é uma ideia estratégica, não um sinal oficial de entrada True Bug. Siga apenas se estiver alinhado com o seu plano e gestão de risco.\nEi, trader! Dr. Grok aqui, analisando esse dado de BTC como um veterano do X. Foco no risco primeiro: inflow negativo (-11k), MPI caindo (-0.52) e sentimento em \""Extreme Fear\"" gritam cautela – mercado sangrando saída de grana, com whales neutros (bias 0) e retail no FOMO médio (50). Preço em $87.619 com +0.24% em 24h, mas sem sinal claro (NONE) e zero trap.\n\nRisco principal: Volatilidade alta em medo extremo pode virar dump rápido. Não entre sem stop-loss apertado.\n\nTática: Fique de lado por agora – signal NONE significa observar, não agir. Se bullish, espere inflow positivo ou retail FOMO >70 pra long. Short se MPI afundar mais. Gerencie risco: max 1-2% por trade.\n\nFique esperto, não force. Qual sua posição atual?\n\nApenas para fins educacionais. Não constitui recomendação ou aconselhamento financeiro."",
    ""entities"": [
      {
        ""offset"": 227,
        ""length"": 12,
        ""type"": ""bold""
      }
    ]
  }
}",prj_70cfabLGqzgIBeQN5cw1Y4AyuxyA,,,,,
2025-12-25 00:00:04,1766620804119,cryptosignal-ai-ptbr-43c4b7lkp-hadayalab-projects-projects.vercel.app/api/cron,GET,,200,qj7nt-1766620804119-8de979a9ffd2,vercel-cron/1.0,,production,main,MISS,serverless,/api/cron,cryptosignal-ai-ptbr-43c4b7lkp-hadayalab-projects-projects.vercel.app,cryptosignal-ai-ptbr-43c4b7lkp-hadayalab-projects-projects.vercel.app,dpl_F1pbZc1zJgTwMvW1W23jN11o9HL4,33486,iad1,273,2048,,prj_70cfabLGqzgIBeQN5cw1Y4AyuxyA,,,01KD9CWD17JNSNC9GHNX7G92NN,s5jNxI9oc5WA,1
2025-12-24 23:45:04,1766619904269,cryptosignal-ai-ptbr-43c4b7lkp-hadayalab-projects-projects.vercel.app/api/cron,GET,,200,mq8hk-1766619904228-3ca0f26b927e,vercel-cron/1.0,info,production,main,MISS,serverless,/api/cron,cryptosignal-ai-ptbr-43c4b7lkp-hadayalab-projects-projects.vercel.app,cryptosignal-ai-ptbr-43c4b7lkp-hadayalab-projects-projects.vercel.app,dpl_F1pbZc1zJgTwMvW1W23jN11o9HL4,,,,,🚀 Cron Job Started: Whale Monitor,prj_70cfabLGqzgIBeQN5cw1Y4AyuxyA,,,,,
2025-12-24 23:45:04,1766619904269,cryptosignal-ai-ptbr-43c4b7lkp-hadayalab-projects-projects.vercel.app/api/cron,GET,,200,mq8hk-1766619904228-3ca0f26b927e,vercel-cron/1.0,info,production,main,MISS,serverless,/api/cron,cryptosignal-ai-ptbr-43c4b7lkp-hadayalab-projects-projects.vercel.app,cryptosignal-ai-ptbr-43c4b7lkp-hadayalab-projects-projects.vercel.app,dpl_F1pbZc1zJgTwMvW1W23jN11o9HL4,,,,,"Slot check => utcHour=23, utcMinute=45, isRegularSlot=false, force=false",prj_70cfabLGqzgIBeQN5cw1Y4AyuxyA,,,,,
2025-12-24 23:45:04,1766619904269,cryptosignal-ai-ptbr-43c4b7lkp-hadayalab-projects-projects.vercel.app/api/cron,GET,,200,mq8hk-1766619904228-3ca0f26b927e,vercel-cron/1.0,info,production,main,MISS,serverless,/api/cron,cryptosignal-ai-ptbr-43c4b7lkp-hadayalab-projects-projects.vercel.app,cryptosignal-ai-ptbr-43c4b7lkp-hadayalab-projects-projects.vercel.app,dpl_F1pbZc1zJgTwMvW1W23jN11o9HL4,,,,,🌐 Fetching: https://api.cryptoquant.com/v1/btc/exchange-flows/netflow?exchange=all_exchange&window=day&limit=1,prj_70cfabLGqzgIBeQN5cw1Y4AyuxyA,,,,,
2025-12-24 23:45:04,1766619904271,cryptosignal-ai-ptbr-43c4b7lkp-hadayalab-projects-projects.vercel.app/api/cron,GET,,200,mq8hk-1766619904228-3ca0f26b927e,vercel-cron/1.0,info,production,main,MISS,serverless,/api/cron,cryptosignal-ai-ptbr-43c4b7lkp-hadayalab-projects-projects.vercel.app,cryptosignal-ai-ptbr-43c4b7lkp-hadayalab-projects-projects.vercel.app,dpl_F1pbZc1zJgTwMvW1W23jN11o9HL4,,,,,🌐 Fetching: https://api.cryptoquant.com/v1/btc/flow-indicator/mpi?window=day&limit=1,prj_70cfabLGqzgIBeQN5cw1Y4AyuxyA,,,,,
2025-12-24 23:45:04,1766619904432,cryptosignal-ai-ptbr-43c4b7lkp-hadayalab-projects-projects.vercel.app/api/cron,GET,,200,mq8hk-1766619904228-3ca0f26b927e,vercel-cron/1.0,info,production,main,MISS,serverless,/api/cron,cryptosignal-ai-ptbr-43c4b7lkp-hadayalab-projects-projects.vercel.app,cryptosignal-ai-ptbr-43c4b7lkp-hadayalab-projects-projects.vercel.app,dpl_F1pbZc1zJgTwMvW1W23jN11o9HL4,,,,,"📊 Exchange Netflow (BTC): -11379.222587299999 raw: {""date"":""2025-12-23"",""netflow_total"":-11379.222587299999}",prj_70cfabLGqzgIBeQN5cw1Y4AyuxyA,,,,,
2025-12-24 23:45:04,1766619904491,cryptosignal-ai-ptbr-43c4b7lkp-hadayalab-projects-projects.vercel.app/api/cron,GET,,200,mq8hk-1766619904228-3ca0f26b927e,vercel-cron/1.0,info,production,main,MISS,serverless,/api/cron,cryptosignal-ai-ptbr-43c4b7lkp-hadayalab-projects-projects.vercel.app,cryptosignal-ai-ptbr-43c4b7lkp-hadayalab-projects-projects.vercel.app,dpl_F1pbZc1zJgTwMvW1W23jN11o9HL4,,,,,"📊 Miner Position Index (BTC): -0.5211564700986901 raw: {""date"":""2025-12-23"",""mpi"":-0.5211564700986901}",prj_70cfabLGqzgIBeQN5cw1Y4AyuxyA,,,,,
2025-12-24 23:45:04,1766619904228,cryptosignal-ai-ptbr-43c4b7lkp-hadayalab-projects-projects.vercel.app/api/cron,GET,,200,mq8hk-1766619904228-3ca0f26b927e,vercel-cron/1.0,,production,main,MISS,serverless,/api/cron,cryptosignal-ai-ptbr-43c4b7lkp-hadayalab-projects-projects.vercel.app,cryptosignal-ai-ptbr-43c4b7lkp-hadayalab-projects-projects.vercel.app,dpl_F1pbZc1zJgTwMvW1W23jN11o9HL4,316,iad1,265,2048,,prj_70cfabLGqzgIBeQN5cw1Y4AyuxyA,,,01KD9C0Y7K5BZX7RP4BVTDWZHC,s5jNxI9oc5WA,1
2025-12-24 23:30:04,1766619004275,cryptosignal-ai-ptbr-43c4b7lkp-hadayalab-projects-projects.vercel.app/api/cron,GET,,200,64g8n-1766619004217-e0fa591adb99,vercel-cron/1.0,info,production,main,MISS,serverless,/api/cron,cryptosignal-ai-ptbr-43c4b7lkp-hadayalab-projects-projects.vercel.app,cryptosignal-ai-ptbr-43c4b7lkp-hadayalab-projects-projects.vercel.app,dpl_F1pbZc1zJgTwMvW1W23jN11o9HL4,,,,,🚀 Cron Job Started: Whale Monitor,prj_70cfabLGqzgIBeQN5cw1Y4AyuxyA,,,,,
2025-12-24 23:30:04,1766619004276,cryptosignal-ai-ptbr-43c4b7lkp-hadayalab-projects-projects.vercel.app/api/cron,GET,,200,64g8n-1766619004217-e0fa591adb99,vercel-cron/1.0,info,production,main,MISS,serverless,/api/cron,cryptosignal-ai-ptbr-43c4b7lkp-hadayalab-projects-projects.vercel.app,cryptosignal-ai-ptbr-43c4b7lkp-hadayalab-projects-projects.vercel.app,dpl_F1pbZc1zJgTwMvW1W23jN11o9HL4,,,,,"Slot check => utcHour=23, utcMinute=30, isRegularSlot=false, force=false",prj_70cfabLGqzgIBeQN5cw1Y4AyuxyA,,,,,
2025-12-24 23:30:04,1766619004276,cryptosignal-ai-ptbr-43c4b7lkp-hadayalab-projects-projects.vercel.app/api/cron,GET,,200,64g8n-1766619004217-e0fa591adb99,vercel-cron/1.0,info,production,main,MISS,serverless,/api/cron,cryptosignal-ai-ptbr-43c4b7lkp-hadayalab-projects-projects.vercel.app,cryptosignal-ai-ptbr-43c4b7lkp-hadayalab-projects-projects.vercel.app,dpl_F1pbZc1zJgTwMvW1W23jN11o9HL4,,,,,🌐 Fetching: https://api.cryptoquant.com/v1/btc/exchange-flows/netflow?exchange=all_exchange&window=day&limit=1,prj_70cfabLGqzgIBeQN5cw1Y4AyuxyA,,,,,
2025-12-24 23:30:04,1766619004371,cryptosignal-ai-ptbr-43c4b7lkp-hadayalab-projects-projects.vercel.app/api/cron,GET,,200,64g8n-1766619004217-e0fa591adb99,vercel-cron/1.0,info,production,main,MISS,serverless,/api/cron,cryptosignal-ai-ptbr-43c4b7lkp-hadayalab-projects-projects.vercel.app,cryptosignal-ai-ptbr-43c4b7lkp-hadayalab-projects-projects.vercel.app,dpl_F1pbZc1zJgTwMvW1W23jN11o9HL4,,,,,🌐 Fetching: https://api.cryptoquant.com/v1/btc/flow-indicator/mpi?window=day&limit=1,prj_70cfabLGqzgIBeQN5cw1Y4AyuxyA,,,,,
2025-12-24 23:30:04,1766619004372,cryptosignal-ai-ptbr-43c4b7lkp-hadayalab-projects-projects.vercel.app/api/cron,GET,,200,64g8n-1766619004217-e0fa591adb99,vercel-cron/1.0,error,production,main,MISS,serverless,/api/cron,cryptosignal-ai-ptbr-43c4b7lkp-hadayalab-projects-projects.vercel.app,cryptosignal-ai-ptbr-43c4b7lkp-hadayalab-projects-projects.vercel.app,dpl_F1pbZc1zJgTwMvW1W23jN11o9HL4,,,,,"(node:4) [DEP0169] DeprecationWarning: `url.parse()` behavior is not standardized and prone to errors that have security implications. Use the WHATWG URL API instead. CVEs are not issued for `url.parse()` vulnerabilities.
(Use `node --trace-deprecation ...` to show where the warning was created)",prj_70cfabLGqzgIBeQN5cw1Y4AyuxyA,,,,,
2025-12-24 23:30:04,1766619004600,cryptosignal-ai-ptbr-43c4b7lkp-hadayalab-projects-projects.vercel.app/api/cron,GET,,200,64g8n-1766619004217-e0fa591adb99,vercel-cron/1.0,info,production,main,MISS,serverless,/api/cron,cryptosignal-ai-ptbr-43c4b7lkp-hadayalab-projects-projects.vercel.app,cryptosignal-ai-ptbr-43c4b7lkp-hadayalab-projects-projects.vercel.app,dpl_F1pbZc1zJgTwMvW1W23jN11o9HL4,,,,,"📊 Exchange Netflow (BTC): -11379.222587299999 raw: {""date"":""2025-12-23"",""netflow_total"":-11379.222587299999}",prj_70cfabLGqzgIBeQN5cw1Y4AyuxyA,,,,,
2025-12-24 23:30:04,1766619004601,cryptosignal-ai-ptbr-43c4b7lkp-hadayalab-projects-projects.vercel.app/api/cron,GET,,200,64g8n-1766619004217-e0fa591adb99,vercel-cron/1.0,info,production,main,MISS,serverless,/api/cron,cryptosignal-ai-ptbr-43c4b7lkp-hadayalab-projects-projects.vercel.app,cryptosignal-ai-ptbr-43c4b7lkp-hadayalab-projects-projects.vercel.app,dpl_F1pbZc1zJgTwMvW1W23jN11o9HL4,,,,,"📊 Miner Position Index (BTC): -0.5211564700986901 raw: {""date"":""2025-12-23"",""mpi"":-0.5211564700986901}",prj_70cfabLGqzgIBeQN5cw1Y4AyuxyA,,,,,
2025-12-24 23:30:04,1766619004217,cryptosignal-ai-ptbr-43c4b7lkp-hadayalab-projects-projects.vercel.app/api/cron,GET,,200,64g8n-1766619004217-e0fa591adb99,vercel-cron/1.0,,production,main,MISS,serverless,/api/cron,cryptosignal-ai-ptbr-43c4b7lkp-hadayalab-projects-projects.vercel.app,cryptosignal-ai-ptbr-43c4b7lkp-hadayalab-projects-projects.vercel.app,dpl_F1pbZc1zJgTwMvW1W23jN11o9HL4,424,iad1,269,2048,,prj_70cfabLGqzgIBeQN5cw1Y4AyuxyA,,,01KD9B5FAGP8W9HR6HYYWDGHJN,s5jNxI9oc5WA,1
2025-12-24 23:15:04,1766618104183,cryptosignal-ai-ptbr-43c4b7lkp-hadayalab-projects-projects.vercel.app/api/cron,GET,,200,5bxt2-1766618104139-c0cbafb2128e,vercel-cron/1.0,info,production,main,MISS,serverless,/api/cron,cryptosignal-ai-ptbr-43c4b7lkp-hadayalab-projects-projects.vercel.app,cryptosignal-ai-ptbr-43c4b7lkp-hadayalab-projects-projects.vercel.app,dpl_F1pbZc1zJgTwMvW1W23jN11o9HL4,,,,,🚀 Cron Job Started: Whale Monitor,prj_70cfabLGqzgIBeQN5cw1Y4AyuxyA,,,,,
2025-12-24 23:15:04,1766618104183,cryptosignal-ai-ptbr-43c4b7lkp-hadayalab-projects-projects.vercel.app/api/cron,GET,,200,5bxt2-1766618104139-c0cbafb2128e,vercel-cron/1.0,info,production,main,MISS,serverless,/api/cron,cryptosignal-ai-ptbr-43c4b7lkp-hadayalab-projects-projects.vercel.app,cryptosignal-ai-ptbr-43c4b7lkp-hadayalab-projects-projects.vercel.app,dpl_F1pbZc1zJgTwMvW1W23jN11o9HL4,,,,,"Slot check => utcHour=23, utcMinute=15, isRegularSlot=false, force=false",prj_70cfabLGqzgIBeQN5cw1Y4AyuxyA,,,,,
2025-12-24 23:15:04,1766618104183,cryptosignal-ai-ptbr-43c4b7lkp-hadayalab-projects-projects.vercel.app/api/cron,GET,,200,5bxt2-1766618104139-c0cbafb2128e,vercel-cron/1.0,info,production,main,MISS,serverless,/api/cron,cryptosignal-ai-ptbr-43c4b7lkp-hadayalab-projects-projects.vercel.app,cryptosignal-ai-ptbr-43c4b7lkp-hadayalab-projects-projects.vercel.app,dpl_F1pbZc1zJgTwMvW1W23jN11o9HL4,,,,,🌐 Fetching: https://api.cryptoquant.com/v1/btc/exchange-flows/netflow?exchange=all_exchange&window=day&limit=1,prj_70cfabLGqzgIBeQN5cw1Y4AyuxyA,,,,,
2025-12-24 23:15:04,1766618104183,cryptosignal-ai-ptbr-43c4b7lkp-hadayalab-projects-projects.vercel.app/api/cron,GET,,200,5bxt2-1766618104139-c0cbafb2128e,vercel-cron/1.0,info,production,main,MISS,serverless,/api/cron,cryptosignal-ai-ptbr-43c4b7lkp-hadayalab-projects-projects.vercel.app,cryptosignal-ai-ptbr-43c4b7lkp-hadayalab-projects-projects.vercel.app,dpl_F1pbZc1zJgTwMvW1W23jN11o9HL4,,,,,🌐 Fetching: https://api.cryptoquant.com/v1/btc/flow-indicator/mpi?window=day&limit=1,prj_70cfabLGqzgIBeQN5cw1Y4AyuxyA,,,,,
2025-12-24 23:15:04,1766618104392,cryptosignal-ai-ptbr-43c4b7lkp-hadayalab-projects-projects.vercel.app/api/cron,GET,,200,5bxt2-1766618104139-c0cbafb2128e,vercel-cron/1.0,info,production,main,MISS,serverless,/api/cron,cryptosignal-ai-ptbr-43c4b7lkp-hadayalab-projects-projects.vercel.app,cryptosignal-ai-ptbr-43c4b7lkp-hadayalab-projects-projects.vercel.app,dpl_F1pbZc1zJgTwMvW1W23jN11o9HL4,,,,,"📊 Miner Position Index (BTC): -0.5211564700986901 raw: {""date"":""2025-12-23"",""mpi"":-0.5211564700986901}",prj_70cfabLGqzgIBeQN5cw1Y4AyuxyA,,,,,
2025-12-24 23:15:04,1766618104530,cryptosignal-ai-ptbr-43c4b7lkp-hadayalab-projects-projects.vercel.app/api/cron,GET,,200,5bxt2-1766618104139-c0cbafb2128e,vercel-cron/1.0,info,production,main,MISS,serverless,/api/cron,cryptosignal-ai-ptbr-43c4b7lkp-hadayalab-projects-projects.vercel.app,cryptosignal-ai-ptbr-43c4b7lkp-hadayalab-projects-projects.vercel.app,dpl_F1pbZc1zJgTwMvW1W23jN11o9HL4,,,,,"📊 Exchange Netflow (BTC): -11379.222587299999 raw: {""date"":""2025-12-23"",""netflow_total"":-11379.222587299999}",prj_70cfabLGqzgIBeQN5cw1Y4AyuxyA,,,,,
2025-12-24 23:15:04,1766618104139,cryptosignal-ai-ptbr-43c4b7lkp-hadayalab-projects-projects.vercel.app/api/cron,GET,,200,5bxt2-1766618104139-c0cbafb2128e,vercel-cron/1.0,,production,main,MISS,serverless,/api/cron,cryptosignal-ai-ptbr-43c4b7lkp-hadayalab-projects-projects.vercel.app,cryptosignal-ai-ptbr-43c4b7lkp-hadayalab-projects-projects.vercel.app,dpl_F1pbZc1zJgTwMvW1W23jN11o9HL4,416,iad1,272,2048,,prj_70cfabLGqzgIBeQN5cw1Y4AyuxyA,,,01KD9AA0AVG6XB9VXH8EM74EE2,LCez20IAkH7M,1
2025-12-24 23:00:04,1766617204243,cryptosignal-ai-ptbr-43c4b7lkp-hadayalab-projects-projects.vercel.app/api/cron,GET,,200,dwzwp-1766617204206-8c3efa609e3f,vercel-cron/1.0,info,production,main,MISS,serverless,/api/cron,cryptosignal-ai-ptbr-43c4b7lkp-hadayalab-projects-projects.vercel.app,cryptosignal-ai-ptbr-43c4b7lkp-hadayalab-projects-projects.vercel.app,dpl_F1pbZc1zJgTwMvW1W23jN11o9HL4,,,,,🚀 Cron Job Started: Whale Monitor,prj_70cfabLGqzgIBeQN5cw1Y4AyuxyA,,,,,
2025-12-24 23:00:04,1766617204243,cryptosignal-ai-ptbr-43c4b7lkp-hadayalab-projects-projects.vercel.app/api/cron,GET,,200,dwzwp-1766617204206-8c3efa609e3f,vercel-cron/1.0,info,production,main,MISS,serverless,/api/cron,cryptosignal-ai-ptbr-43c4b7lkp-hadayalab-projects-projects.vercel.app,cryptosignal-ai-ptbr-43c4b7lkp-hadayalab-projects-projects.vercel.app,dpl_F1pbZc1zJgTwMvW1W23jN11o9HL4,,,,,"Slot check => utcHour=23, utcMinute=0, isRegularSlot=false, force=false",prj_70cfabLGqzgIBeQN5cw1Y4AyuxyA,,,,,
2025-12-24 23:00:04,1766617204243,cryptosignal-ai-ptbr-43c4b7lkp-hadayalab-projects-projects.vercel.app/api/cron,GET,,200,dwzwp-1766617204206-8c3efa609e3f,vercel-cron/1.0,info,production,main,MISS,serverless,/api/cron,cryptosignal-ai-ptbr-43c4b7lkp-hadayalab-projects-projects.vercel.app,cryptosignal-ai-ptbr-43c4b7lkp-hadayalab-projects-projects.vercel.app,dpl_F1pbZc1zJgTwMvW1W23jN11o9HL4,,,,,🌐 Fetching: https://api.cryptoquant.com/v1/btc/exchange-flows/netflow?exchange=all_exchange&window=day&limit=1,prj_70cfabLGqzgIBeQN5cw1Y4AyuxyA,,,,,
2025-12-24 23:00:04,1766617204244,cryptosignal-ai-ptbr-43c4b7lkp-hadayalab-projects-projects.vercel.app/api/cron,GET,,200,dwzwp-1766617204206-8c3efa609e3f,vercel-cron/1.0,info,production,main,MISS,serverless,/api/cron,cryptosignal-ai-ptbr-43c4b7lkp-hadayalab-projects-projects.vercel.app,cryptosignal-ai-ptbr-43c4b7lkp-hadayalab-projects-projects.vercel.app,dpl_F1pbZc1zJgTwMvW1W23jN11o9HL4,,,,,🌐 Fetching: https://api.cryptoquant.com/v1/btc/flow-indicator/mpi?window=day&limit=1,prj_70cfabLGqzgIBeQN5cw1Y4AyuxyA,,,,,
2025-12-24 23:00:04,1766617204413,cryptosignal-ai-ptbr-43c4b7lkp-hadayalab-projects-projects.vercel.app/api/cron,GET,,200,dwzwp-1766617204206-8c3efa609e3f,vercel-cron/1.0,info,production,main,MISS,serverless,/api/cron,cryptosignal-ai-ptbr-43c4b7lkp-hadayalab-projects-projects.vercel.app,cryptosignal-ai-ptbr-43c4b7lkp-hadayalab-projects-projects.vercel.app,dpl_F1pbZc1zJgTwMvW1W23jN11o9HL4,,,,,"📊 Exchange Netflow (BTC): -11379.222587299999 raw: {""date"":""2025-12-23"",""netflow_total"":-11379.222587299999}",prj_70cfabLGqzgIBeQN5cw1Y4AyuxyA,,,,,
2025-12-24 23:00:04,1766617204474,cryptosignal-ai-ptbr-43c4b7lkp-hadayalab-projects-projects.vercel.app/api/cron,GET,,200,dwzwp-1766617204206-8c3efa609e3f,vercel-cron/1.0,info,production,main,MISS,serverless,/api/cron,cryptosignal-ai-ptbr-43c4b7lkp-hadayalab-projects-projects.vercel.app,cryptosignal-ai-ptbr-43c4b7lkp-hadayalab-projects-projects.vercel.app,dpl_F1pbZc1zJgTwMvW1W23jN11o9HL4,,,,,"📊 Miner Position Index (BTC): -0.5211564700986901 raw: {""date"":""2025-12-23"",""mpi"":-0.5211564700986901}",prj_70cfabLGqzgIBeQN5cw1Y4AyuxyA,,,,,
2025-12-24 23:00:04,1766617204206,cryptosignal-ai-ptbr-43c4b7lkp-hadayalab-projects-projects.vercel.app/api/cron,GET,,200,dwzwp-1766617204206-8c3efa609e3f,vercel-cron/1.0,,production,main,MISS,serverless,/api/cron,cryptosignal-ai-ptbr-43c4b7lkp-hadayalab-projects-projects.vercel.app,cryptosignal-ai-ptbr-43c4b7lkp-hadayalab-projects-projects.vercel.app,dpl_F1pbZc1zJgTwMvW1W23jN11o9HL4,299,iad1,271,2048,,prj_70cfabLGqzgIBeQN5cw1Y4AyuxyA,,,01KD99EHG15GRHJXH10G860XZQ,LCez20IAkH7M,1
2025-12-24 22:45:04,1766616304253,cryptosignal-ai-ptbr-43c4b7lkp-hadayalab-projects-projects.vercel.app/api/cron,GET,,200,69t5c-1766616304199-d0beac4bd04f,vercel-cron/1.0,info,production,main,MISS,serverless,/api/cron,cryptosignal-ai-ptbr-43c4b7lkp-hadayalab-projects-projects.vercel.app,cryptosignal-ai-ptbr-43c4b7lkp-hadayalab-projects-projects.vercel.app,dpl_F1pbZc1zJgTwMvW1W23jN11o9HL4,,,,,🚀 Cron Job Started: Whale Monitor,prj_70cfabLGqzgIBeQN5cw1Y4AyuxyA,,,,,
2025-12-24 22:45:04,1766616304253,cryptosignal-ai-ptbr-43c4b7lkp-hadayalab-projects-projects.vercel.app/api/cron,GET,,200,69t5c-1766616304199-d0beac4bd04f,vercel-cron/1.0,info,production,main,MISS,serverless,/api/cron,cryptosignal-ai-ptbr-43c4b7lkp-hadayalab-projects-projects.vercel.app,cryptosignal-ai-ptbr-43c4b7lkp-hadayalab-projects-projects.vercel.app,dpl_F1pbZc1zJgTwMvW1W23jN11o9HL4,,,,,"Slot check => utcHour=22, utcMinute=45, isRegularSlot=false, force=false",prj_70cfabLGqzgIBeQN5cw1Y4AyuxyA,,,,,
2025-12-24 22:45:04,1766616304253,cryptosignal-ai-ptbr-43c4b7lkp-hadayalab-projects-projects.vercel.app/api/cron,GET,,200,69t5c-1766616304199-d0beac4bd04f,vercel-cron/1.0,info,production,main,MISS,serverless,/api/cron,cryptosignal-ai-ptbr-43c4b7lkp-hadayalab-projects-projects.vercel.app,cryptosignal-ai-ptbr-43c4b7lkp-hadayalab-projects-projects.vercel.app,dpl_F1pbZc1zJgTwMvW1W23jN11o9HL4,,,,,🌐 Fetching: https://api.cryptoquant.com/v1/btc/exchange-flows/netflow?exchange=all_exchange&window=day&limit=1,prj_70cfabLGqzgIBeQN5cw1Y4AyuxyA,,,,,
2025-12-24 22:45:04,1766616304253,cryptosignal-ai-ptbr-43c4b7lkp-hadayalab-projects-projects.vercel.app/api/cron,GET,,200,69t5c-1766616304199-d0beac4bd04f,vercel-cron/1.0,info,production,main,MISS,serverless,/api/cron,cryptosignal-ai-ptbr-43c4b7lkp-hadayalab-projects-projects.vercel.app,cryptosignal-ai-ptbr-43c4b7lkp-hadayalab-projects-projects.vercel.app,dpl_F1pbZc1zJgTwMvW1W23jN11o9HL4,,,,,🌐 Fetching: https://api.cryptoquant.com/v1/btc/flow-indicator/mpi?window=day&limit=1,prj_70cfabLGqzgIBeQN5cw1Y4AyuxyA,,,,,
2025-12-24 22:45:04,1766616304431,cryptosignal-ai-ptbr-43c4b7lkp-hadayalab-projects-projects.vercel.app/api/cron,GET,,200,69t5c-1766616304199-d0beac4bd04f,vercel-cron/1.0,info,production,main,MISS,serverless,/api/cron,cryptosignal-ai-ptbr-43c4b7lkp-hadayalab-projects-projects.vercel.app,cryptosignal-ai-ptbr-43c4b7lkp-hadayalab-projects-projects.vercel.app,dpl_F1pbZc1zJgTwMvW1W23jN11o9HL4,,,,,"📊 Exchange Netflow (BTC): -11379.222587299999 raw: {""date"":""2025-12-23"",""netflow_total"":-11379.222587299999}",prj_70cfabLGqzgIBeQN5cw1Y4AyuxyA,,,,,
2025-12-24 22:45:04,1766616304465,cryptosignal-ai-ptbr-43c4b7lkp-hadayalab-projects-projects.vercel.app/api/cron,GET,,200,69t5c-1766616304199-d0beac4bd04f,vercel-cron/1.0,info,production,main,MISS,serverless,/api/cron,cryptosignal-ai-ptbr-43c4b7lkp-hadayalab-projects-projects.vercel.app,cryptosignal-ai-ptbr-43c4b7lkp-hadayalab-projects-projects.vercel.app,dpl_F1pbZc1zJgTwMvW1W23jN11o9HL4,,,,,"📊 Miner Position Index (BTC): -0.5211564700986901 raw: {""date"":""2025-12-23"",""mpi"":-0.5211564700986901}",prj_70cfabLGqzgIBeQN5cw1Y4AyuxyA,,,,,
2025-12-24 22:45:04,1766616304199,cryptosignal-ai-ptbr-43c4b7lkp-hadayalab-projects-projects.vercel.app/api/cron,GET,,200,69t5c-1766616304199-d0beac4bd04f,vercel-cron/1.0,,production,main,MISS,serverless,/api/cron,cryptosignal-ai-ptbr-43c4b7lkp-hadayalab-projects-projects.vercel.app,cryptosignal-ai-ptbr-43c4b7lkp-hadayalab-projects-projects.vercel.app,dpl_F1pbZc1zJgTwMvW1W23jN11o9HL4,302,iad1,270,2048,,prj_70cfabLGqzgIBeQN5cw1Y4AyuxyA,,,01KD98K2KCFYW0TPX5EYX5ZD82,LCez20IAkH7M,1
2025-12-24 22:30:04,1766615404360,cryptosignal-ai-ptbr-43c4b7lkp-hadayalab-projects-projects.vercel.app/api/cron,GET,,200,fhxtf-1766615404318-5b574c4f304f,vercel-cron/1.0,info,production,main,MISS,serverless,/api/cron,cryptosignal-ai-ptbr-43c4b7lkp-hadayalab-projects-projects.vercel.app,cryptosignal-ai-ptbr-43c4b7lkp-hadayalab-projects-projects.vercel.app,dpl_F1pbZc1zJgTwMvW1W23jN11o9HL4,,,,,🚀 Cron Job Started: Whale Monitor,prj_70cfabLGqzgIBeQN5cw1Y4AyuxyA,,,,,
2025-12-24 22:30:04,1766615404360,cryptosignal-ai-ptbr-43c4b7lkp-hadayalab-projects-projects.vercel.app/api/cron,GET,,200,fhxtf-1766615404318-5b574c4f304f,vercel-cron/1.0,info,production,main,MISS,serverless,/api/cron,cryptosignal-ai-ptbr-43c4b7lkp-hadayalab-projects-projects.vercel.app,cryptosignal-ai-ptbr-43c4b7lkp-hadayalab-projects-projects.vercel.app,dpl_F1pbZc1zJgTwMvW1W23jN11o9HL4,,,,,"Slot check => utcHour=22, utcMinute=30, isRegularSlot=false, force=false",prj_70cfabLGqzgIBeQN5cw1Y4AyuxyA,,,,,
2025-12-24 22:30:04,1766615404360,cryptosignal-ai-ptbr-43c4b7lkp-hadayalab-projects-projects.vercel.app/api/cron,GET,,200,fhxtf-1766615404318-5b574c4f304f,vercel-cron/1.0,info,production,main,MISS,serverless,/api/cron,cryptosignal-ai-ptbr-43c4b7lkp-hadayalab-projects-projects.vercel.app,cryptosignal-ai-ptbr-43c4b7lkp-hadayalab-projects-projects.vercel.app,dpl_F1pbZc1zJgTwMvW1W23jN11o9HL4,,,,,🌐 Fetching: https://api.cryptoquant.com/v1/btc/exchange-flows/netflow?exchange=all_exchange&window=day&limit=1,prj_70cfabLGqzgIBeQN5cw1Y4AyuxyA,,,,,
2025-12-24 22:30:04,1766615404361,cryptosignal-ai-ptbr-43c4b7lkp-hadayalab-projects-projects.vercel.app/api/cron,GET,,200,fhxtf-1766615404318-5b574c4f304f,vercel-cron/1.0,info,production,main,MISS,serverless,/api/cron,cryptosignal-ai-ptbr-43c4b7lkp-hadayalab-projects-projects.vercel.app,cryptosignal-ai-ptbr-43c4b7lkp-hadayalab-projects-projects.vercel.app,dpl_F1pbZc1zJgTwMvW1W23jN11o9HL4,,,,,🌐 Fetching: https://api.cryptoquant.com/v1/btc/flow-indicator/mpi?window=day&limit=1,prj_70cfabLGqzgIBeQN5cw1Y4AyuxyA,,,,,
2025-12-24 22:30:04,1766615404535,cryptosignal-ai-ptbr-43c4b7lkp-hadayalab-projects-projects.vercel.app/api/cron,GET,,200,fhxtf-1766615404318-5b574c4f304f,vercel-cron/1.0,info,production,main,MISS,serverless,/api/cron,cryptosignal-ai-ptbr-43c4b7lkp-hadayalab-projects-projects.vercel.app,cryptosignal-ai-ptbr-43c4b7lkp-hadayalab-projects-projects.vercel.app,dpl_F1pbZc1zJgTwMvW1W23jN11o9HL4,,,,,"📊 Miner Position Index (BTC): -0.5211564700986901 raw: {""date"":""2025-12-23"",""mpi"":-0.5211564700986901}",prj_70cfabLGqzgIBeQN5cw1Y4AyuxyA,,,,,
2025-12-24 22:30:04,1766615404573,cryptosignal-ai-ptbr-43c4b7lkp-hadayalab-projects-projects.vercel.app/api/cron,GET,,200,fhxtf-1766615404318-5b574c4f304f,vercel-cron/1.0,info,production,main,MISS,serverless,/api/cron,cryptosignal-ai-ptbr-43c4b7lkp-hadayalab-projects-projects.vercel.app,cryptosignal-ai-ptbr-43c4b7lkp-hadayalab-projects-projects.vercel.app,dpl_F1pbZc1zJgTwMvW1W23jN11o9HL4,,,,,"📊 Exchange Netflow (BTC): -11379.222587299999 raw: {""date"":""2025-12-23"",""netflow_total"":-11379.222587299999}",prj_70cfabLGqzgIBeQN5cw1Y4AyuxyA,,,,,
2025-12-24 22:30:04,1766615404318,cryptosignal-ai-ptbr-43c4b7lkp-hadayalab-projects-projects.vercel.app/api/cron,GET,,200,fhxtf-1766615404318-5b574c4f304f,vercel-cron/1.0,,production,main,MISS,serverless,/api/cron,cryptosignal-ai-ptbr-43c4b7lkp-hadayalab-projects-projects.vercel.app,cryptosignal-ai-ptbr-43c4b7lkp-hadayalab-projects-projects.vercel.app,dpl_F1pbZc1zJgTwMvW1W23jN11o9HL4,277,iad1,270,2048,,prj_70cfabLGqzgIBeQN5cw1Y4AyuxyA,,,01KD97QKSDK9A3ASGS4F5MR3SD,LCez20IAkH7M,1
2025-12-24 22:15:04,1766614504173,cryptosignal-ai-ptbr-43c4b7lkp-hadayalab-projects-projects.vercel.app/api/cron,GET,,200,4s5cg-1766614504127-0bc27bd45043,vercel-cron/1.0,info,production,main,MISS,serverless,/api/cron,cryptosignal-ai-ptbr-43c4b7lkp-hadayalab-projects-projects.vercel.app,cryptosignal-ai-ptbr-43c4b7lkp-hadayalab-projects-projects.vercel.app,dpl_F1pbZc1zJgTwMvW1W23jN11o9HL4,,,,,🚀 Cron Job Started: Whale Monitor,prj_70cfabLGqzgIBeQN5cw1Y4AyuxyA,,,,,
2025-12-24 22:15:04,1766614504173,cryptosignal-ai-ptbr-43c4b7lkp-hadayalab-projects-projects.vercel.app/api/cron,GET,,200,4s5cg-1766614504127-0bc27bd45043,vercel-cron/1.0,info,production,main,MISS,serverless,/api/cron,cryptosignal-ai-ptbr-43c4b7lkp-hadayalab-projects-projects.vercel.app,cryptosignal-ai-ptbr-43c4b7lkp-hadayalab-projects-projects.vercel.app,dpl_F1pbZc1zJgTwMvW1W23jN11o9HL4,,,,,"Slot check => utcHour=22, utcMinute=15, isRegularSlot=false, force=false",prj_70cfabLGqzgIBeQN5cw1Y4AyuxyA,,,,,
2025-12-24 22:15:04,1766614504173,cryptosignal-ai-ptbr-43c4b7lkp-hadayalab-projects-projects.vercel.app/api/cron,GET,,200,4s5cg-1766614504127-0bc27bd45043,vercel-cron/1.0,info,production,main,MISS,serverless,/api/cron,cryptosignal-ai-ptbr-43c4b7lkp-hadayalab-projects-projects.vercel.app,cryptosignal-ai-ptbr-43c4b7lkp-hadayalab-projects-projects.vercel.app,dpl_F1pbZc1zJgTwMvW1W23jN11o9HL4,,,,,🌐 Fetching: https://api.cryptoquant.com/v1/btc/exchange-flows/netflow?exchange=all_exchange&window=day&limit=1,prj_70cfabLGqzgIBeQN5cw1Y4AyuxyA,,,,,
2025-12-24 22:15:04,1766614504173,cryptosignal-ai-ptbr-43c4b7lkp-hadayalab-projects-projects.vercel.app/api/cron,GET,,200,4s5cg-1766614504127-0bc27bd45043,vercel-cron/1.0,info,production,main,MISS,serverless,/api/cron,cryptosignal-ai-ptbr-43c4b7lkp-hadayalab-projects-projects.vercel.app,cryptosignal-ai-ptbr-43c4b7lkp-hadayalab-projects-projects.vercel.app,dpl_F1pbZc1zJgTwMvW1W23jN11o9HL4,,,,,🌐 Fetching: https://api.cryptoquant.com/v1/btc/flow-indicator/mpi?window=day&limit=1,prj_70cfabLGqzgIBeQN5cw1Y4AyuxyA,,,,,
2025-12-24 22:15:04,1766614504336,cryptosignal-ai-ptbr-43c4b7lkp-hadayalab-projects-projects.vercel.app/api/cron,GET,,200,4s5cg-1766614504127-0bc27bd45043,vercel-cron/1.0,info,production,main,MISS,serverless,/api/cron,cryptosignal-ai-ptbr-43c4b7lkp-hadayalab-projects-projects.vercel.app,cryptosignal-ai-ptbr-43c4b7lkp-hadayalab-projects-projects.vercel.app,dpl_F1pbZc1zJgTwMvW1W23jN11o9HL4,,,,,"📊 Exchange Netflow (BTC): -11379.222587299999 raw: {""date"":""2025-12-23"",""netflow_total"":-11379.222587299999}",prj_70cfabLGqzgIBeQN5cw1Y4AyuxyA,,,,,
2025-12-24 22:15:04,1766614504364,cryptosignal-ai-ptbr-43c4b7lkp-hadayalab-projects-projects.vercel.app/api/cron,GET,,200,4s5cg-1766614504127-0bc27bd45043,vercel-cron/1.0,info,production,main,MISS,serverless,/api/cron,cryptosignal-ai-ptbr-43c4b7lkp-hadayalab-projects-projects.vercel.app,cryptosignal-ai-ptbr-43c4b7lkp-hadayalab-projects-projects.vercel.app,dpl_F1pbZc1zJgTwMvW1W23jN11o9HL4,,,,,"📊 Miner Position Index (BTC): -0.5211564700986901 raw: {""date"":""2025-12-23"",""mpi"":-0.5211564700986901}",prj_70cfabLGqzgIBeQN5cw1Y4AyuxyA,,,,,
2025-12-24 22:15:04,1766614504127,cryptosignal-ai-ptbr-43c4b7lkp-hadayalab-projects-projects.vercel.app/api/cron,GET,,200,4s5cg-1766614504127-0bc27bd45043,vercel-cron/1.0,,production,main,MISS,serverless,/api/cron,cryptosignal-ai-ptbr-43c4b7lkp-hadayalab-projects-projects.vercel.app,cryptosignal-ai-ptbr-43c4b7lkp-hadayalab-projects-projects.vercel.app,dpl_F1pbZc1zJgTwMvW1W23jN11o9HL4,286,iad1,270,2048,,prj_70cfabLGqzgIBeQN5cw1Y4AyuxyA,,,01KD96W4PDRMW27CRFRJ14JVZ6,LCez20IAkH7M,1
2025-12-24 22:00:04,1766613604112,cryptosignal-ai-ptbr-43c4b7lkp-hadayalab-projects-projects.vercel.app/api/cron,GET,,200,zpb5z-1766613604070-8cdd09d3f9ea,vercel-cron/1.0,info,production,main,MISS,serverless,/api/cron,cryptosignal-ai-ptbr-43c4b7lkp-hadayalab-projects-projects.vercel.app,cryptosignal-ai-ptbr-43c4b7lkp-hadayalab-projects-projects.vercel.app,dpl_F1pbZc1zJgTwMvW1W23jN11o9HL4,,,,,🚀 Cron Job Started: Whale Monitor,prj_70cfabLGqzgIBeQN5cw1Y4AyuxyA,,,,,
2025-12-24 22:00:04,1766613604112,cryptosignal-ai-ptbr-43c4b7lkp-hadayalab-projects-projects.vercel.app/api/cron,GET,,200,zpb5z-1766613604070-8cdd09d3f9ea,vercel-cron/1.0,info,production,main,MISS,serverless,/api/cron,cryptosignal-ai-ptbr-43c4b7lkp-hadayalab-projects-projects.vercel.app,cryptosignal-ai-ptbr-43c4b7lkp-hadayalab-projects-projects.vercel.app,dpl_F1pbZc1zJgTwMvW1W23jN11o9HL4,,,,,"Slot check => utcHour=22, utcMinute=0, isRegularSlot=false, force=false",prj_70cfabLGqzgIBeQN5cw1Y4AyuxyA,,,,,
2025-12-24 22:00:04,1766613604112,cryptosignal-ai-ptbr-43c4b7lkp-hadayalab-projects-projects.vercel.app/api/cron,GET,,200,zpb5z-1766613604070-8cdd09d3f9ea,vercel-cron/1.0,info,production,main,MISS,serverless,/api/cron,cryptosignal-ai-ptbr-43c4b7lkp-hadayalab-projects-projects.vercel.app,cryptosignal-ai-ptbr-43c4b7lkp-hadayalab-projects-projects.vercel.app,dpl_F1pbZc1zJgTwMvW1W23jN11o9HL4,,,,,🌐 Fetching: https://api.cryptoquant.com/v1/btc/exchange-flows/netflow?exchange=all_exchange&window=day&limit=1,prj_70cfabLGqzgIBeQN5cw1Y4AyuxyA,,,,,
2025-12-24 22:00:04,1766613604112,cryptosignal-ai-ptbr-43c4b7lkp-hadayalab-projects-projects.vercel.app/api/cron,GET,,200,zpb5z-1766613604070-8cdd09d3f9ea,vercel-cron/1.0,info,production,main,MISS,serverless,/api/cron,cryptosignal-ai-ptbr-43c4b7lkp-hadayalab-projects-projects.vercel.app,cryptosignal-ai-ptbr-43c4b7lkp-hadayalab-projects-projects.vercel.app,dpl_F1pbZc1zJgTwMvW1W23jN11o9HL4,,,,,🌐 Fetching: https://api.cryptoquant.com/v1/btc/flow-indicator/mpi?window=day&limit=1,prj_70cfabLGqzgIBeQN5cw1Y4AyuxyA,,,,,
2025-12-24 22:00:04,1766613604332,cryptosignal-ai-ptbr-43c4b7lkp-hadayalab-projects-projects.vercel.app/api/cron,GET,,200,zpb5z-1766613604070-8cdd09d3f9ea,vercel-cron/1.0,info,production,main,MISS,serverless,/api/cron,cryptosignal-ai-ptbr-43c4b7lkp-hadayalab-projects-projects.vercel.app,cryptosignal-ai-ptbr-43c4b7lkp-hadayalab-projects-projects.vercel.app,dpl_F1pbZc1zJgTwMvW1W23jN11o9HL4,,,,,"📊 Exchange Netflow (BTC): -11379.222587299999 raw: {""date"":""2025-12-23"",""netflow_total"":-11379.222587299999}",prj_70cfabLGqzgIBeQN5cw1Y4AyuxyA,,,,,
2025-12-24 22:00:04,1766613604363,cryptosignal-ai-ptbr-43c4b7lkp-hadayalab-projects-projects.vercel.app/api/cron,GET,,200,zpb5z-1766613604070-8cdd09d3f9ea,vercel-cron/1.0,info,production,main,MISS,serverless,/api/cron,cryptosignal-ai-ptbr-43c4b7lkp-hadayalab-projects-projects.vercel.app,cryptosignal-ai-ptbr-43c4b7lkp-hadayalab-projects-projects.vercel.app,dpl_F1pbZc1zJgTwMvW1W23jN11o9HL4,,,,,"📊 Miner Position Index (BTC): -0.5211564700986901 raw: {""date"":""2025-12-23"",""mpi"":-0.5211564700986901}",prj_70cfabLGqzgIBeQN5cw1Y4AyuxyA,,,,,
2025-12-24 22:00:04,1766613604070,cryptosignal-ai-ptbr-43c4b7lkp-hadayalab-projects-projects.vercel.app/api/cron,GET,,200,zpb5z-1766613604070-8cdd09d3f9ea,vercel-cron/1.0,,production,main,MISS,serverless,/api/cron,cryptosignal-ai-ptbr-43c4b7lkp-hadayalab-projects-projects.vercel.app,cryptosignal-ai-ptbr-43c4b7lkp-hadayalab-projects-projects.vercel.app,dpl_F1pbZc1zJgTwMvW1W23jN11o9HL4,347,iad1,270,2048,,prj_70cfabLGqzgIBeQN5cw1Y4AyuxyA,,,01KD960NQWQQKJRZ8RNS2BAY8R,LCez20IAkH7M,1
2025-12-24 21:45:04,1766612704292,cryptosignal-ai-ptbr-43c4b7lkp-hadayalab-projects-projects.vercel.app/api/cron,GET,,200,lzcwv-1766612704239-22099eac5d6a,vercel-cron/1.0,info,production,main,MISS,serverless,/api/cron,cryptosignal-ai-ptbr-43c4b7lkp-hadayalab-projects-projects.vercel.app,cryptosignal-ai-ptbr-43c4b7lkp-hadayalab-projects-projects.vercel.app,dpl_F1pbZc1zJgTwMvW1W23jN11o9HL4,,,,,🚀 Cron Job Started: Whale Monitor,prj_70cfabLGqzgIBeQN5cw1Y4AyuxyA,,,,,
2025-12-24 21:45:04,1766612704292,cryptosignal-ai-ptbr-43c4b7lkp-hadayalab-projects-projects.vercel.app/api/cron,GET,,200,lzcwv-1766612704239-22099eac5d6a,vercel-cron/1.0,info,production,main,MISS,serverless,/api/cron,cryptosignal-ai-ptbr-43c4b7lkp-hadayalab-projects-projects.vercel.app,cryptosignal-ai-ptbr-43c4b7lkp-hadayalab-projects-projects.vercel.app,dpl_F1pbZc1zJgTwMvW1W23jN11o9HL4,,,,,"Slot check => utcHour=21, utcMinute=45, isRegularSlot=false, force=false",prj_70cfabLGqzgIBeQN5cw1Y4AyuxyA,,,,,
2025-12-24 21:45:04,1766612704292,cryptosignal-ai-ptbr-43c4b7lkp-hadayalab-projects-projects.vercel.app/api/cron,GET,,200,lzcwv-1766612704239-22099eac5d6a,vercel-cron/1.0,info,production,main,MISS,serverless,/api/cron,cryptosignal-ai-ptbr-43c4b7lkp-hadayalab-projects-projects.vercel.app,cryptosignal-ai-ptbr-43c4b7lkp-hadayalab-projects-projects.vercel.app,dpl_F1pbZc1zJgTwMvW1W23jN11o9HL4,,,,,🌐 Fetching: https://api.cryptoquant.com/v1/btc/exchange-flows/netflow?exchange=all_exchange&window=day&limit=1,prj_70cfabLGqzgIBeQN5cw1Y4AyuxyA,,,,,
2025-12-24 21:45:04,1766612704292,cryptosignal-ai-ptbr-43c4b7lkp-hadayalab-projects-projects.vercel.app/api/cron,GET,,200,lzcwv-1766612704239-22099eac5d6a,vercel-cron/1.0,info,production,main,MISS,serverless,/api/cron,cryptosignal-ai-ptbr-43c4b7lkp-hadayalab-projects-projects.vercel.app,cryptosignal-ai-ptbr-43c4b7lkp-hadayalab-projects-projects.vercel.app,dpl_F1pbZc1zJgTwMvW1W23jN11o9HL4,,,,,🌐 Fetching: https://api.cryptoquant.com/v1/btc/flow-indicator/mpi?window=day&limit=1,prj_70cfabLGqzgIBeQN5cw1Y4AyuxyA,,,,,
2025-12-24 21:45:04,1766612704491,cryptosignal-ai-ptbr-43c4b7lkp-hadayalab-projects-projects.vercel.app/api/cron,GET,,200,lzcwv-1766612704239-22099eac5d6a,vercel-cron/1.0,info,production,main,MISS,serverless,/api/cron,cryptosignal-ai-ptbr-43c4b7lkp-hadayalab-projects-projects.vercel.app,cryptosignal-ai-ptbr-43c4b7lkp-hadayalab-projects-projects.vercel.app,dpl_F1pbZc1zJgTwMvW1W23jN11o9HL4,,,,,"📊 Miner Position Index (BTC): -0.5211564700986901 raw: {""date"":""2025-12-23"",""mpi"":-0.5211564700986901}",prj_70cfabLGqzgIBeQN5cw1Y4AyuxyA,,,,,
2025-12-24 21:45:04,1766612704497,cryptosignal-ai-ptbr-43c4b7lkp-hadayalab-projects-projects.vercel.app/api/cron,GET,,200,lzcwv-1766612704239-22099eac5d6a,vercel-cron/1.0,info,production,main,MISS,serverless,/api/cron,cryptosignal-ai-ptbr-43c4b7lkp-hadayalab-projects-projects.vercel.app,cryptosignal-ai-ptbr-43c4b7lkp-hadayalab-projects-projects.vercel.app,dpl_F1pbZc1zJgTwMvW1W23jN11o9HL4,,,,,"📊 Exchange Netflow (BTC): -11379.222587299999 raw: {""date"":""2025-12-23"",""netflow_total"":-11379.222587299999}",prj_70cfabLGqzgIBeQN5cw1Y4AyuxyA,,,,,
2025-12-24 21:45:04,1766612704239,cryptosignal-ai-ptbr-43c4b7lkp-hadayalab-projects-projects.vercel.app/api/cron,GET,,200,lzcwv-1766612704239-22099eac5d6a,vercel-cron/1.0,,production,main,MISS,serverless,/api/cron,cryptosignal-ai-ptbr-43c4b7lkp-hadayalab-projects-projects.vercel.app,cryptosignal-ai-ptbr-43c4b7lkp-hadayalab-projects-projects.vercel.app,dpl_F1pbZc1zJgTwMvW1W23jN11o9HL4,308,iad1,267,2048,,prj_70cfabLGqzgIBeQN5cw1Y4AyuxyA,,,01KD955700HER3RA7D7VCSF47X,LCez20IAkH7M,1
2025-12-24 21:30:04,1766611804233,cryptosignal-ai-ptbr-43c4b7lkp-hadayalab-projects-projects.vercel.app/api/cron,GET,,200,z8htr-1766611804137-e46e59fde36c,vercel-cron/1.0,info,production,main,MISS,serverless,/api/cron,cryptosignal-ai-ptbr-43c4b7lkp-hadayalab-projects-projects.vercel.app,cryptosignal-ai-ptbr-43c4b7lkp-hadayalab-projects-projects.vercel.app,dpl_F1pbZc1zJgTwMvW1W23jN11o9HL4,,,,,🚀 Cron Job Started: Whale Monitor,prj_70cfabLGqzgIBeQN5cw1Y4AyuxyA,,,,,
2025-12-24 21:30:04,1766611804233,cryptosignal-ai-ptbr-43c4b7lkp-hadayalab-projects-projects.vercel.app/api/cron,GET,,200,z8htr-1766611804137-e46e59fde36c,vercel-cron/1.0,info,production,main,MISS,serverless,/api/cron,cryptosignal-ai-ptbr-43c4b7lkp-hadayalab-projects-projects.vercel.app,cryptosignal-ai-ptbr-43c4b7lkp-hadayalab-projects-projects.vercel.app,dpl_F1pbZc1zJgTwMvW1W23jN11o9HL4,,,,,"Slot check => utcHour=21, utcMinute=30, isRegularSlot=false, force=false",prj_70cfabLGqzgIBeQN5cw1Y4AyuxyA,,,,,
2025-12-24 21:30:04,1766611804240,cryptosignal-ai-ptbr-43c4b7lkp-hadayalab-projects-projects.vercel.app/api/cron,GET,,200,z8htr-1766611804137-e46e59fde36c,vercel-cron/1.0,info,production,main,MISS,serverless,/api/cron,cryptosignal-ai-ptbr-43c4b7lkp-hadayalab-projects-projects.vercel.app,cryptosignal-ai-ptbr-43c4b7lkp-hadayalab-projects-projects.vercel.app,dpl_F1pbZc1zJgTwMvW1W23jN11o9HL4,,,,,🌐 Fetching: https://api.cryptoquant.com/v1/btc/exchange-flows/netflow?exchange=all_exchange&window=day&limit=1,prj_70cfabLGqzgIBeQN5cw1Y4AyuxyA,,,,,
2025-12-24 21:30:04,1766611804347,cryptosignal-ai-ptbr-43c4b7lkp-hadayalab-projects-projects.vercel.app/api/cron,GET,,200,z8htr-1766611804137-e46e59fde36c,vercel-cron/1.0,info,production,main,MISS,serverless,/api/cron,cryptosignal-ai-ptbr-43c4b7lkp-hadayalab-projects-projects.vercel.app,cryptosignal-ai-ptbr-43c4b7lkp-hadayalab-projects-projects.vercel.app,dpl_F1pbZc1zJgTwMvW1W23jN11o9HL4,,,,,🌐 Fetching: https://api.cryptoquant.com/v1/btc/flow-indicator/mpi?window=day&limit=1,prj_70cfabLGqzgIBeQN5cw1Y4AyuxyA,,,,,
2025-12-24 21:30:04,1766611804349,cryptosignal-ai-ptbr-43c4b7lkp-hadayalab-projects-projects.vercel.app/api/cron,GET,,200,z8htr-1766611804137-e46e59fde36c,vercel-cron/1.0,error,production,main,MISS,serverless,/api/cron,cryptosignal-ai-ptbr-43c4b7lkp-hadayalab-projects-projects.vercel.app,cryptosignal-ai-ptbr-43c4b7lkp-hadayalab-projects-projects.vercel.app,dpl_F1pbZc1zJgTwMvW1W23jN11o9HL4,,,,,"(node:4) [DEP0169] DeprecationWarning: `url.parse()` behavior is not standardized and prone to errors that have security implications. Use the WHATWG URL API instead. CVEs are not issued for `url.parse()` vulnerabilities.
(Use `node --trace-deprecation ...` to show where the warning was created)",prj_70cfabLGqzgIBeQN5cw1Y4AyuxyA,,,,,
2025-12-24 21:30:04,1766611804622,cryptosignal-ai-ptbr-43c4b7lkp-hadayalab-projects-projects.vercel.app/api/cron,GET,,200,z8htr-1766611804137-e46e59fde36c,vercel-cron/1.0,info,production,main,MISS,serverless,/api/cron,cryptosignal-ai-ptbr-43c4b7lkp-hadayalab-projects-projects.vercel.app,cryptosignal-ai-ptbr-43c4b7lkp-hadayalab-projects-projects.vercel.app,dpl_F1pbZc1zJgTwMvW1W23jN11o9HL4,,,,,"📊 Exchange Netflow (BTC): -11379.222587299999 raw: {""date"":""2025-12-23"",""netflow_total"":-11379.222587299999}",prj_70cfabLGqzgIBeQN5cw1Y4AyuxyA,,,,,
2025-12-24 21:30:04,1766611804622,cryptosignal-ai-ptbr-43c4b7lkp-hadayalab-projects-projects.vercel.app/api/cron,GET,,200,z8htr-1766611804137-e46e59fde36c,vercel-cron/1.0,info,production,main,MISS,serverless,/api/cron,cryptosignal-ai-ptbr-43c4b7lkp-hadayalab-projects-projects.vercel.app,cryptosignal-ai-ptbr-43c4b7lkp-hadayalab-projects-projects.vercel.app,dpl_F1pbZc1zJgTwMvW1W23jN11o9HL4,,,,,"📊 Miner Position Index (BTC): -0.5211564700986901 raw: {""date"":""2025-12-23"",""mpi"":-0.5211564700986901}",prj_70cfabLGqzgIBeQN5cw1Y4AyuxyA,,,,,
2025-12-24 21:30:04,1766611804137,cryptosignal-ai-ptbr-43c4b7lkp-hadayalab-projects-projects.vercel.app/api/cron,GET,,200,z8htr-1766611804137-e46e59fde36c,vercel-cron/1.0,,production,main,MISS,serverless,/api/cron,cryptosignal-ai-ptbr-43c4b7lkp-hadayalab-projects-projects.vercel.app,cryptosignal-ai-ptbr-43c4b7lkp-hadayalab-projects-projects.vercel.app,dpl_F1pbZc1zJgTwMvW1W23jN11o9HL4,508,iad1,271,2048,,prj_70cfabLGqzgIBeQN5cw1Y4AyuxyA,,,01KD949QZPACEV5AB81MV6TYKQ,LCez20IAkH7M,1
2025-12-24 21:15:04,1766610904144,cryptosignal-ai-ptbr-43c4b7lkp-hadayalab-projects-projects.vercel.app/api/cron,GET,,200,dxq8b-1766610904085-7a3813ae301a,vercel-cron/1.0,info,production,main,MISS,serverless,/api/cron,cryptosignal-ai-ptbr-43c4b7lkp-hadayalab-projects-projects.vercel.app,cryptosignal-ai-ptbr-43c4b7lkp-hadayalab-projects-projects.vercel.app,dpl_F1pbZc1zJgTwMvW1W23jN11o9HL4,,,,,🚀 Cron Job Started: Whale Monitor,prj_70cfabLGqzgIBeQN5cw1Y4AyuxyA,,,,,
2025-12-24 21:15:04,1766610904144,cryptosignal-ai-ptbr-43c4b7lkp-hadayalab-projects-projects.vercel.app/api/cron,GET,,200,dxq8b-1766610904085-7a3813ae301a,vercel-cron/1.0,info,production,main,MISS,serverless,/api/cron,cryptosignal-ai-ptbr-43c4b7lkp-hadayalab-projects-projects.vercel.app,cryptosignal-ai-ptbr-43c4b7lkp-hadayalab-projects-projects.vercel.app,dpl_F1pbZc1zJgTwMvW1W23jN11o9HL4,,,,,"Slot check => utcHour=21, utcMinute=15, isRegularSlot=false, force=false",prj_70cfabLGqzgIBeQN5cw1Y4AyuxyA,,,,,
2025-12-24 21:15:04,1766610904144,cryptosignal-ai-ptbr-43c4b7lkp-hadayalab-projects-projects.vercel.app/api/cron,GET,,200,dxq8b-1766610904085-7a3813ae301a,vercel-cron/1.0,info,production,main,MISS,serverless,/api/cron,cryptosignal-ai-ptbr-43c4b7lkp-hadayalab-projects-projects.vercel.app,cryptosignal-ai-ptbr-43c4b7lkp-hadayalab-projects-projects.vercel.app,dpl_F1pbZc1zJgTwMvW1W23jN11o9HL4,,,,,🌐 Fetching: https://api.cryptoquant.com/v1/btc/exchange-flows/netflow?exchange=all_exchange&window=day&limit=1,prj_70cfabLGqzgIBeQN5cw1Y4AyuxyA,,,,,
2025-12-24 21:15:04,1766610904144,cryptosignal-ai-ptbr-43c4b7lkp-hadayalab-projects-projects.vercel.app/api/cron,GET,,200,dxq8b-1766610904085-7a3813ae301a,vercel-cron/1.0,info,production,main,MISS,serverless,/api/cron,cryptosignal-ai-ptbr-43c4b7lkp-hadayalab-projects-projects.vercel.app,cryptosignal-ai-ptbr-43c4b7lkp-hadayalab-projects-projects.vercel.app,dpl_F1pbZc1zJgTwMvW1W23jN11o9HL4,,,,,🌐 Fetching: https://api.cryptoquant.com/v1/btc/flow-indicator/mpi?window=day&limit=1,prj_70cfabLGqzgIBeQN5cw1Y4AyuxyA,,,,,
2025-12-24 21:15:04,1766610904340,cryptosignal-ai-ptbr-43c4b7lkp-hadayalab-projects-projects.vercel.app/api/cron,GET,,200,dxq8b-1766610904085-7a3813ae301a,vercel-cron/1.0,info,production,main,MISS,serverless,/api/cron,cryptosignal-ai-ptbr-43c4b7lkp-hadayalab-projects-projects.vercel.app,cryptosignal-ai-ptbr-43c4b7lkp-hadayalab-projects-projects.vercel.app,dpl_F1pbZc1zJgTwMvW1W23jN11o9HL4,,,,,"📊 Miner Position Index (BTC): -0.5211564700986901 raw: {""date"":""2025-12-23"",""mpi"":-0.5211564700986901}",prj_70cfabLGqzgIBeQN5cw1Y4AyuxyA,,,,,
2025-12-24 21:15:04,1766610904341,cryptosignal-ai-ptbr-43c4b7lkp-hadayalab-projects-projects.vercel.app/api/cron,GET,,200,dxq8b-1766610904085-7a3813ae301a,vercel-cron/1.0,info,production,main,MISS,serverless,/api/cron,cryptosignal-ai-ptbr-43c4b7lkp-hadayalab-projects-projects.vercel.app,cryptosignal-ai-ptbr-43c4b7lkp-hadayalab-projects-projects.vercel.app,dpl_F1pbZc1zJgTwMvW1W23jN11o9HL4,,,,,"📊 Exchange Netflow (BTC): -11379.222587299999 raw: {""date"":""2025-12-23"",""netflow_total"":-11379.222587299999}",prj_70cfabLGqzgIBeQN5cw1Y4AyuxyA,,,,,
2025-12-24 21:15:04,1766610904085,cryptosignal-ai-ptbr-43c4b7lkp-hadayalab-projects-projects.vercel.app/api/cron,GET,,200,dxq8b-1766610904085-7a3813ae301a,vercel-cron/1.0,,production,main,MISS,serverless,/api/cron,cryptosignal-ai-ptbr-43c4b7lkp-hadayalab-projects-projects.vercel.app,cryptosignal-ai-ptbr-43c4b7lkp-hadayalab-projects-projects.vercel.app,dpl_F1pbZc1zJgTwMvW1W23jN11o9HL4,269,iad1,270,2048,,prj_70cfabLGqzgIBeQN5cw1Y4AyuxyA,,,01KD93E91S3Y6GSFAC6890Y05J,FTB9eIcb4mq9,1
2025-12-24 21:00:04,1766610004184,cryptosignal-ai-ptbr-43c4b7lkp-hadayalab-projects-projects.vercel.app/api/cron,GET,,200,8lsc7-1766610004143-45d14d3f522d,vercel-cron/1.0,info,production,main,MISS,serverless,/api/cron,cryptosignal-ai-ptbr-43c4b7lkp-hadayalab-projects-projects.vercel.app,cryptosignal-ai-ptbr-43c4b7lkp-hadayalab-projects-projects.vercel.app,dpl_F1pbZc1zJgTwMvW1W23jN11o9HL4,,,,,🚀 Cron Job Started: Whale Monitor,prj_70cfabLGqzgIBeQN5cw1Y4AyuxyA,,,,,
2025-12-24 21:00:04,1766610004184,cryptosignal-ai-ptbr-43c4b7lkp-hadayalab-projects-projects.vercel.app/api/cron,GET,,200,8lsc7-1766610004143-45d14d3f522d,vercel-cron/1.0,info,production,main,MISS,serverless,/api/cron,cryptosignal-ai-ptbr-43c4b7lkp-hadayalab-projects-projects.vercel.app,cryptosignal-ai-ptbr-43c4b7lkp-hadayalab-projects-projects.vercel.app,dpl_F1pbZc1zJgTwMvW1W23jN11o9HL4,,,,,"Slot check => utcHour=21, utcMinute=0, isRegularSlot=false, force=false",prj_70cfabLGqzgIBeQN5cw1Y4AyuxyA,,,,,
2025-12-24 21:00:04,1766610004184,cryptosignal-ai-ptbr-43c4b7lkp-hadayalab-projects-projects.vercel.app/api/cron,GET,,200,8lsc7-1766610004143-45d14d3f522d,vercel-cron/1.0,info,production,main,MISS,serverless,/api/cron,cryptosignal-ai-ptbr-43c4b7lkp-hadayalab-projects-projects.vercel.app,cryptosignal-ai-ptbr-43c4b7lkp-hadayalab-projects-projects.vercel.app,dpl_F1pbZc1zJgTwMvW1W23jN11o9HL4,,,,,🌐 Fetching: https://api.cryptoquant.com/v1/btc/exchange-flows/netflow?exchange=all_exchange&window=day&limit=1,prj_70cfabLGqzgIBeQN5cw1Y4AyuxyA,,,,,
2025-12-24 21:00:04,1766610004184,cryptosignal-ai-ptbr-43c4b7lkp-hadayalab-projects-projects.vercel.app/api/cron,GET,,200,8lsc7-1766610004143-45d14d3f522d,vercel-cron/1.0,info,production,main,MISS,serverless,/api/cron,cryptosignal-ai-ptbr-43c4b7lkp-hadayalab-projects-projects.vercel.app,cryptosignal-ai-ptbr-43c4b7lkp-hadayalab-projects-projects.vercel.app,dpl_F1pbZc1zJgTwMvW1W23jN11o9HL4,,,,,🌐 Fetching: https://api.cryptoquant.com/v1/btc/flow-indicator/mpi?window=day&limit=1,prj_70cfabLGqzgIBeQN5cw1Y4AyuxyA,,,,,
2025-12-24 21:00:04,1766610004368,cryptosignal-ai-ptbr-43c4b7lkp-hadayalab-projects-projects.vercel.app/api/cron,GET,,200,8lsc7-1766610004143-45d14d3f522d,vercel-cron/1.0,info,production,main,MISS,serverless,/api/cron,cryptosignal-ai-ptbr-43c4b7lkp-hadayalab-projects-projects.vercel.app,cryptosignal-ai-ptbr-43c4b7lkp-hadayalab-projects-projects.vercel.app,dpl_F1pbZc1zJgTwMvW1W23jN11o9HL4,,,,,"📊 Exchange Netflow (BTC): -11379.222587299999 raw: {""date"":""2025-12-23"",""netflow_total"":-11379.222587299999}",prj_70cfabLGqzgIBeQN5cw1Y4AyuxyA,,,,,
2025-12-24 21:00:04,1766610004404,cryptosignal-ai-ptbr-43c4b7lkp-hadayalab-projects-projects.vercel.app/api/cron,GET,,200,8lsc7-1766610004143-45d14d3f522d,vercel-cron/1.0,info,production,main,MISS,serverless,/api/cron,cryptosignal-ai-ptbr-43c4b7lkp-hadayalab-projects-projects.vercel.app,cryptosignal-ai-ptbr-43c4b7lkp-hadayalab-projects-projects.vercel.app,dpl_F1pbZc1zJgTwMvW1W23jN11o9HL4,,,,,"📊 Miner Position Index (BTC): -0.5211564700986901 raw: {""date"":""2025-12-23"",""mpi"":-0.5211564700986901}",prj_70cfabLGqzgIBeQN5cw1Y4AyuxyA,,,,,
2025-12-24 21:00:04,1766610004143,cryptosignal-ai-ptbr-43c4b7lkp-hadayalab-projects-projects.vercel.app/api/cron,GET,,200,8lsc7-1766610004143-45d14d3f522d,vercel-cron/1.0,,production,main,MISS,serverless,/api/cron,cryptosignal-ai-ptbr-43c4b7lkp-hadayalab-projects-projects.vercel.app,cryptosignal-ai-ptbr-43c4b7lkp-hadayalab-projects-projects.vercel.app,dpl_F1pbZc1zJgTwMvW1W23jN11o9HL4,285,iad1,270,2048,,prj_70cfabLGqzgIBeQN5cw1Y4AyuxyA,,,01KD92JT5ZE8H54DXH3PR1TGPE,FTB9eIcb4mq9,1
2025-12-24 20:45:04,1766609104120,cryptosignal-ai-ptbr-43c4b7lkp-hadayalab-projects-projects.vercel.app/api/cron,GET,,200,5qb9n-1766609104083-f28c9613bcde,vercel-cron/1.0,info,production,main,MISS,serverless,/api/cron,cryptosignal-ai-ptbr-43c4b7lkp-hadayalab-projects-projects.vercel.app,cryptosignal-ai-ptbr-43c4b7lkp-hadayalab-projects-projects.vercel.app,dpl_F1pbZc1zJgTwMvW1W23jN11o9HL4,,,,,🚀 Cron Job Started: Whale Monitor,prj_70cfabLGqzgIBeQN5cw1Y4AyuxyA,,,,,
2025-12-24 20:45:04,1766609104120,cryptosignal-ai-ptbr-43c4b7lkp-hadayalab-projects-projects.vercel.app/api/cron,GET,,200,5qb9n-1766609104083-f28c9613bcde,vercel-cron/1.0,info,production,main,MISS,serverless,/api/cron,cryptosignal-ai-ptbr-43c4b7lkp-hadayalab-projects-projects.vercel.app,cryptosignal-ai-ptbr-43c4b7lkp-hadayalab-projects-projects.vercel.app,dpl_F1pbZc1zJgTwMvW1W23jN11o9HL4,,,,,"Slot check => utcHour=20, utcMinute=45, isRegularSlot=false, force=false",prj_70cfabLGqzgIBeQN5cw1Y4AyuxyA,,,,,
2025-12-24 20:45:04,1766609104120,cryptosignal-ai-ptbr-43c4b7lkp-hadayalab-projects-projects.vercel.app/api/cron,GET,,200,5qb9n-1766609104083-f28c9613bcde,vercel-cron/1.0,info,production,main,MISS,serverless,/api/cron,cryptosignal-ai-ptbr-43c4b7lkp-hadayalab-projects-projects.vercel.app,cryptosignal-ai-ptbr-43c4b7lkp-hadayalab-projects-projects.vercel.app,dpl_F1pbZc1zJgTwMvW1W23jN11o9HL4,,,,,🌐 Fetching: https://api.cryptoquant.com/v1/btc/exchange-flows/netflow?exchange=all_exchange&window=day&limit=1,prj_70cfabLGqzgIBeQN5cw1Y4AyuxyA,,,,,
2025-12-24 20:45:04,1766609104120,cryptosignal-ai-ptbr-43c4b7lkp-hadayalab-projects-projects.vercel.app/api/cron,GET,,200,5qb9n-1766609104083-f28c9613bcde,vercel-cron/1.0,info,production,main,MISS,serverless,/api/cron,cryptosignal-ai-ptbr-43c4b7lkp-hadayalab-projects-projects.vercel.app,cryptosignal-ai-ptbr-43c4b7lkp-hadayalab-projects-projects.vercel.app,dpl_F1pbZc1zJgTwMvW1W23jN11o9HL4,,,,,🌐 Fetching: https://api.cryptoquant.com/v1/btc/flow-indicator/mpi?window=day&limit=1,prj_70cfabLGqzgIBeQN5cw1Y4AyuxyA,,,,,
2025-12-24 20:45:04,1766609104344,cryptosignal-ai-ptbr-43c4b7lkp-hadayalab-projects-projects.vercel.app/api/cron,GET,,200,5qb9n-1766609104083-f28c9613bcde,vercel-cron/1.0,info,production,main,MISS,serverless,/api/cron,cryptosignal-ai-ptbr-43c4b7lkp-hadayalab-projects-projects.vercel.app,cryptosignal-ai-ptbr-43c4b7lkp-hadayalab-projects-projects.vercel.app,dpl_F1pbZc1zJgTwMvW1W23jN11o9HL4,,,,,"📊 Exchange Netflow (BTC): -11379.222587299999 raw: {""date"":""2025-12-23"",""netflow_total"":-11379.222587299999}",prj_70cfabLGqzgIBeQN5cw1Y4AyuxyA,,,,,
2025-12-24 20:45:04,1766609104365,cryptosignal-ai-ptbr-43c4b7lkp-hadayalab-projects-projects.vercel.app/api/cron,GET,,200,5qb9n-1766609104083-f28c9613bcde,vercel-cron/1.0,info,production,main,MISS,serverless,/api/cron,cryptosignal-ai-ptbr-43c4b7lkp-hadayalab-projects-projects.vercel.app,cryptosignal-ai-ptbr-43c4b7lkp-hadayalab-projects-projects.vercel.app,dpl_F1pbZc1zJgTwMvW1W23jN11o9HL4,,,,,"📊 Miner Position Index (BTC): -0.5211564700986901 raw: {""date"":""2025-12-23"",""mpi"":-0.5211564700986901}",prj_70cfabLGqzgIBeQN5cw1Y4AyuxyA,,,,,
2025-12-24 20:45:04,1766609104083,cryptosignal-ai-ptbr-43c4b7lkp-hadayalab-projects-projects.vercel.app/api/cron,GET,,200,5qb9n-1766609104083-f28c9613bcde,vercel-cron/1.0,,production,main,MISS,serverless,/api/cron,cryptosignal-ai-ptbr-43c4b7lkp-hadayalab-projects-projects.vercel.app,cryptosignal-ai-ptbr-43c4b7lkp-hadayalab-projects-projects.vercel.app,dpl_F1pbZc1zJgTwMvW1W23jN11o9HL4,312,iad1,270,2048,,prj_70cfabLGqzgIBeQN5cw1Y4AyuxyA,,,01KD91QB72D7TZJFAJVNS4833M,FTB9eIcb4mq9,1
2025-12-24 20:30:04,1766608204201,cryptosignal-ai-ptbr-43c4b7lkp-hadayalab-projects-projects.vercel.app/api/cron,GET,,200,xq6sl-1766608204139-6ac13ccf9cc8,vercel-cron/1.0,info,production,main,MISS,serverless,/api/cron,cryptosignal-ai-ptbr-43c4b7lkp-hadayalab-projects-projects.vercel.app,cryptosignal-ai-ptbr-43c4b7lkp-hadayalab-projects-projects.vercel.app,dpl_F1pbZc1zJgTwMvW1W23jN11o9HL4,,,,,🚀 Cron Job Started: Whale Monitor,prj_70cfabLGqzgIBeQN5cw1Y4AyuxyA,,,,,
2025-12-24 20:30:04,1766608204201,cryptosignal-ai-ptbr-43c4b7lkp-hadayalab-projects-projects.vercel.app/api/cron,GET,,200,xq6sl-1766608204139-6ac13ccf9cc8,vercel-cron/1.0,info,production,main,MISS,serverless,/api/cron,cryptosignal-ai-ptbr-43c4b7lkp-hadayalab-projects-projects.vercel.app,cryptosignal-ai-ptbr-43c4b7lkp-hadayalab-projects-projects.vercel.app,dpl_F1pbZc1zJgTwMvW1W23jN11o9HL4,,,,,"Slot check => utcHour=20, utcMinute=30, isRegularSlot=false, force=false",prj_70cfabLGqzgIBeQN5cw1Y4AyuxyA,,,,,
2025-12-24 20:30:04,1766608204201,cryptosignal-ai-ptbr-43c4b7lkp-hadayalab-projects-projects.vercel.app/api/cron,GET,,200,xq6sl-1766608204139-6ac13ccf9cc8,vercel-cron/1.0,info,production,main,MISS,serverless,/api/cron,cryptosignal-ai-ptbr-43c4b7lkp-hadayalab-projects-projects.vercel.app,cryptosignal-ai-ptbr-43c4b7lkp-hadayalab-projects-projects.vercel.app,dpl_F1pbZc1zJgTwMvW1W23jN11o9HL4,,,,,🌐 Fetching: https://api.cryptoquant.com/v1/btc/exchange-flows/netflow?exchange=all_exchange&window=day&limit=1,prj_70cfabLGqzgIBeQN5cw1Y4AyuxyA,,,,,
2025-12-24 20:30:04,1766608204201,cryptosignal-ai-ptbr-43c4b7lkp-hadayalab-projects-projects.vercel.app/api/cron,GET,,200,xq6sl-1766608204139-6ac13ccf9cc8,vercel-cron/1.0,info,production,main,MISS,serverless,/api/cron,cryptosignal-ai-ptbr-43c4b7lkp-hadayalab-projects-projects.vercel.app,cryptosignal-ai-ptbr-43c4b7lkp-hadayalab-projects-projects.vercel.app,dpl_F1pbZc1zJgTwMvW1W23jN11o9HL4,,,,,🌐 Fetching: https://api.cryptoquant.com/v1/btc/flow-indicator/mpi?window=day&limit=1,prj_70cfabLGqzgIBeQN5cw1Y4AyuxyA,,,,,
2025-12-24 20:30:04,1766608204409,cryptosignal-ai-ptbr-43c4b7lkp-hadayalab-projects-projects.vercel.app/api/cron,GET,,200,xq6sl-1766608204139-6ac13ccf9cc8,vercel-cron/1.0,info,production,main,MISS,serverless,/api/cron,cryptosignal-ai-ptbr-43c4b7lkp-hadayalab-projects-projects.vercel.app,cryptosignal-ai-ptbr-43c4b7lkp-hadayalab-projects-projects.vercel.app,dpl_F1pbZc1zJgTwMvW1W23jN11o9HL4,,,,,"📊 Exchange Netflow (BTC): -11379.222587299999 raw: {""date"":""2025-12-23"",""netflow_total"":-11379.222587299999}",prj_70cfabLGqzgIBeQN5cw1Y4AyuxyA,,,,,
2025-12-24 20:30:04,1766608204419,cryptosignal-ai-ptbr-43c4b7lkp-hadayalab-projects-projects.vercel.app/api/cron,GET,,200,xq6sl-1766608204139-6ac13ccf9cc8,vercel-cron/1.0,info,production,main,MISS,serverless,/api/cron,cryptosignal-ai-ptbr-43c4b7lkp-hadayalab-projects-projects.vercel.app,cryptosignal-ai-ptbr-43c4b7lkp-hadayalab-projects-projects.vercel.app,dpl_F1pbZc1zJgTwMvW1W23jN11o9HL4,,,,,"📊 Miner Position Index (BTC): -0.5211564700986901 raw: {""date"":""2025-12-23"",""mpi"":-0.5211564700986901}",prj_70cfabLGqzgIBeQN5cw1Y4AyuxyA,,,,,
2025-12-24 20:30:04,1766608204139,cryptosignal-ai-ptbr-43c4b7lkp-hadayalab-projects-projects.vercel.app/api/cron,GET,,200,xq6sl-1766608204139-6ac13ccf9cc8,vercel-cron/1.0,,production,main,MISS,serverless,/api/cron,cryptosignal-ai-ptbr-43c4b7lkp-hadayalab-projects-projects.vercel.app,cryptosignal-ai-ptbr-43c4b7lkp-hadayalab-projects-projects.vercel.app,dpl_F1pbZc1zJgTwMvW1W23jN11o9HL4,295,iad1,269,2048,,prj_70cfabLGqzgIBeQN5cw1Y4AyuxyA,,,01KD90VWCKBDHST5T6QCM6FH4K,FTB9eIcb4mq9,1
2025-12-24 20:15:04,1766607304095,cryptosignal-ai-ptbr-43c4b7lkp-hadayalab-projects-projects.vercel.app/api/cron,GET,,200,g5lm7-1766607304053-60a32979f94f,vercel-cron/1.0,info,production,main,MISS,serverless,/api/cron,cryptosignal-ai-ptbr-43c4b7lkp-hadayalab-projects-projects.vercel.app,cryptosignal-ai-ptbr-43c4b7lkp-hadayalab-projects-projects.vercel.app,dpl_F1pbZc1zJgTwMvW1W23jN11o9HL4,,,,,🚀 Cron Job Started: Whale Monitor,prj_70cfabLGqzgIBeQN5cw1Y4AyuxyA,,,,,
2025-12-24 20:15:04,1766607304096,cryptosignal-ai-ptbr-43c4b7lkp-hadayalab-projects-projects.vercel.app/api/cron,GET,,200,g5lm7-1766607304053-60a32979f94f,vercel-cron/1.0,info,production,main,MISS,serverless,/api/cron,cryptosignal-ai-ptbr-43c4b7lkp-hadayalab-projects-projects.vercel.app,cryptosignal-ai-ptbr-43c4b7lkp-hadayalab-projects-projects.vercel.app,dpl_F1pbZc1zJgTwMvW1W23jN11o9HL4,,,,,"Slot check => utcHour=20, utcMinute=15, isRegularSlot=false, force=false",prj_70cfabLGqzgIBeQN5cw1Y4AyuxyA,,,,,
2025-12-24 20:15:04,1766607304096,cryptosignal-ai-ptbr-43c4b7lkp-hadayalab-projects-projects.vercel.app/api/cron,GET,,200,g5lm7-1766607304053-60a32979f94f,vercel-cron/1.0,info,production,main,MISS,serverless,/api/cron,cryptosignal-ai-ptbr-43c4b7lkp-hadayalab-projects-projects.vercel.app,cryptosignal-ai-ptbr-43c4b7lkp-hadayalab-projects-projects.vercel.app,dpl_F1pbZc1zJgTwMvW1W23jN11o9HL4,,,,,🌐 Fetching: https://api.cryptoquant.com/v1/btc/exchange-flows/netflow?exchange=all_exchange&window=day&limit=1,prj_70cfabLGqzgIBeQN5cw1Y4AyuxyA,,,,,
2025-12-24 20:15:04,1766607304096,cryptosignal-ai-ptbr-43c4b7lkp-hadayalab-projects-projects.vercel.app/api/cron,GET,,200,g5lm7-1766607304053-60a32979f94f,vercel-cron/1.0,info,production,main,MISS,serverless,/api/cron,cryptosignal-ai-ptbr-43c4b7lkp-hadayalab-projects-projects.vercel.app,cryptosignal-ai-ptbr-43c4b7lkp-hadayalab-projects-projects.vercel.app,dpl_F1pbZc1zJgTwMvW1W23jN11o9HL4,,,,,🌐 Fetching: https://api.cryptoquant.com/v1/btc/flow-indicator/mpi?window=day&limit=1,prj_70cfabLGqzgIBeQN5cw1Y4AyuxyA,,,,,
2025-12-24 20:15:04,1766607304298,cryptosignal-ai-ptbr-43c4b7lkp-hadayalab-projects-projects.vercel.app/api/cron,GET,,200,g5lm7-1766607304053-60a32979f94f,vercel-cron/1.0,info,production,main,MISS,serverless,/api/cron,cryptosignal-ai-ptbr-43c4b7lkp-hadayalab-projects-projects.vercel.app,cryptosignal-ai-ptbr-43c4b7lkp-hadayalab-projects-projects.vercel.app,dpl_F1pbZc1zJgTwMvW1W23jN11o9HL4,,,,,"📊 Exchange Netflow (BTC): -11379.222587299999 raw: {""date"":""2025-12-23"",""netflow_total"":-11379.222587299999}",prj_70cfabLGqzgIBeQN5cw1Y4AyuxyA,,,,,
2025-12-24 20:15:04,1766607304454,cryptosignal-ai-ptbr-43c4b7lkp-hadayalab-projects-projects.vercel.app/api/cron,GET,,200,g5lm7-1766607304053-60a32979f94f,vercel-cron/1.0,info,production,main,MISS,serverless,/api/cron,cryptosignal-ai-ptbr-43c4b7lkp-hadayalab-projects-projects.vercel.app,cryptosignal-ai-ptbr-43c4b7lkp-hadayalab-projects-projects.vercel.app,dpl_F1pbZc1zJgTwMvW1W23jN11o9HL4,,,,,"📊 Miner Position Index (BTC): -0.5211564700986901 raw: {""date"":""2025-12-23"",""mpi"":-0.5211564700986901}",prj_70cfabLGqzgIBeQN5cw1Y4AyuxyA,,,,,
2025-12-24 20:15:04,1766607304053,cryptosignal-ai-ptbr-43c4b7lkp-hadayalab-projects-projects.vercel.app/api/cron,GET,,200,g5lm7-1766607304053-60a32979f94f,vercel-cron/1.0,,production,main,MISS,serverless,/api/cron,cryptosignal-ai-ptbr-43c4b7lkp-hadayalab-projects-projects.vercel.app,cryptosignal-ai-ptbr-43c4b7lkp-hadayalab-projects-projects.vercel.app,dpl_F1pbZc1zJgTwMvW1W23jN11o9HL4,447,iad1,268,2048,,prj_70cfabLGqzgIBeQN5cw1Y4AyuxyA,,,01KD900DC73AGX29W3FTHDCHP3,FTB9eIcb4mq9,1
2025-12-24 20:00:04,1766606404301,cryptosignal-ai-ptbr-43c4b7lkp-hadayalab-projects-projects.vercel.app/api/cron,GET,,200,whmnk-1766606404259-2c3a2f396d4d,vercel-cron/1.0,info,production,main,MISS,serverless,/api/cron,cryptosignal-ai-ptbr-43c4b7lkp-hadayalab-projects-projects.vercel.app,cryptosignal-ai-ptbr-43c4b7lkp-hadayalab-projects-projects.vercel.app,dpl_F1pbZc1zJgTwMvW1W23jN11o9HL4,,,,,🚀 Cron Job Started: Whale Monitor,prj_70cfabLGqzgIBeQN5cw1Y4AyuxyA,,,,,
2025-12-24 20:00:04,1766606404301,cryptosignal-ai-ptbr-43c4b7lkp-hadayalab-projects-projects.vercel.app/api/cron,GET,,200,whmnk-1766606404259-2c3a2f396d4d,vercel-cron/1.0,info,production,main,MISS,serverless,/api/cron,cryptosignal-ai-ptbr-43c4b7lkp-hadayalab-projects-projects.vercel.app,cryptosignal-ai-ptbr-43c4b7lkp-hadayalab-projects-projects.vercel.app,dpl_F1pbZc1zJgTwMvW1W23jN11o9HL4,,,,,"Slot check => utcHour=20, utcMinute=0, isRegularSlot=true, force=false",prj_70cfabLGqzgIBeQN5cw1Y4AyuxyA,,,,,
2025-12-24 20:00:04,1766606404301,cryptosignal-ai-ptbr-43c4b7lkp-hadayalab-projects-projects.vercel.app/api/cron,GET,,200,whmnk-1766606404259-2c3a2f396d4d,vercel-cron/1.0,info,production,main,MISS,serverless,/api/cron,cryptosignal-ai-ptbr-43c4b7lkp-hadayalab-projects-projects.vercel.app,cryptosignal-ai-ptbr-43c4b7lkp-hadayalab-projects-projects.vercel.app,dpl_F1pbZc1zJgTwMvW1W23jN11o9HL4,,,,,🌐 Fetching: https://api.cryptoquant.com/v1/btc/exchange-flows/netflow?exchange=all_exchange&window=day&limit=1,prj_70cfabLGqzgIBeQN5cw1Y4AyuxyA,,,,,
2025-12-24 20:00:04,1766606404303,cryptosignal-ai-ptbr-43c4b7lkp-hadayalab-projects-projects.vercel.app/api/cron,GET,,200,whmnk-1766606404259-2c3a2f396d4d,vercel-cron/1.0,info,production,main,MISS,serverless,/api/cron,cryptosignal-ai-ptbr-43c4b7lkp-hadayalab-projects-projects.vercel.app,cryptosignal-ai-ptbr-43c4b7lkp-hadayalab-projects-projects.vercel.app,dpl_F1pbZc1zJgTwMvW1W23jN11o9HL4,,,,,🌐 Fetching: https://api.cryptoquant.com/v1/btc/flow-indicator/mpi?window=day&limit=1,prj_70cfabLGqzgIBeQN5cw1Y4AyuxyA,,,,,
2025-12-24 20:00:04,1766606404515,cryptosignal-ai-ptbr-43c4b7lkp-hadayalab-projects-projects.vercel.app/api/cron,GET,,200,whmnk-1766606404259-2c3a2f396d4d,vercel-cron/1.0,info,production,main,MISS,serverless,/api/cron,cryptosignal-ai-ptbr-43c4b7lkp-hadayalab-projects-projects.vercel.app,cryptosignal-ai-ptbr-43c4b7lkp-hadayalab-projects-projects.vercel.app,dpl_F1pbZc1zJgTwMvW1W23jN11o9HL4,,,,,"📊 Exchange Netflow (BTC): -11379.222587299999 raw: {""date"":""2025-12-23"",""netflow_total"":-11379.222587299999}",prj_70cfabLGqzgIBeQN5cw1Y4AyuxyA,,,,,
2025-12-24 20:00:04,1766606404583,cryptosignal-ai-ptbr-43c4b7lkp-hadayalab-projects-projects.vercel.app/api/cron,GET,,200,whmnk-1766606404259-2c3a2f396d4d,vercel-cron/1.0,info,production,main,MISS,serverless,/api/cron,cryptosignal-ai-ptbr-43c4b7lkp-hadayalab-projects-projects.vercel.app,cryptosignal-ai-ptbr-43c4b7lkp-hadayalab-projects-projects.vercel.app,dpl_F1pbZc1zJgTwMvW1W23jN11o9HL4,,,,,"📊 Miner Position Index (BTC): -0.5211564700986901 raw: {""date"":""2025-12-23"",""mpi"":-0.5211564700986901}",prj_70cfabLGqzgIBeQN5cw1Y4AyuxyA,,,,,
2025-12-24 20:00:38,1766606438353,cryptosignal-ai-ptbr-43c4b7lkp-hadayalab-projects-projects.vercel.app/api/cron,GET,,200,whmnk-1766606404259-2c3a2f396d4d,vercel-cron/1.0,info,production,main,MISS,serverless,/api/cron,cryptosignal-ai-ptbr-43c4b7lkp-hadayalab-projects-projects.vercel.app,cryptosignal-ai-ptbr-43c4b7lkp-hadayalab-projects-projects.vercel.app,dpl_F1pbZc1zJgTwMvW1W23jN11o9HL4,,,,,Sending REGULAR message...,prj_70cfabLGqzgIBeQN5cw1Y4AyuxyA,,,,,
2025-12-24 20:00:38,1766606438353,cryptosignal-ai-ptbr-43c4b7lkp-hadayalab-projects-projects.vercel.app/api/cron,GET,,200,whmnk-1766606404259-2c3a2f396d4d,vercel-cron/1.0,info,production,main,MISS,serverless,/api/cron,cryptosignal-ai-ptbr-43c4b7lkp-hadayalab-projects-projects.vercel.app,cryptosignal-ai-ptbr-43c4b7lkp-hadayalab-projects-projects.vercel.app,dpl_F1pbZc1zJgTwMvW1W23jN11o9HL4,,,,,🌐 Fetching: https://api.cryptoquant.com/v1/btc/exchange-flows/netflow?exchange=all_exchange&window=day&limit=1,prj_70cfabLGqzgIBeQN5cw1Y4AyuxyA,,,,,
2025-12-24 20:00:38,1766606438353,cryptosignal-ai-ptbr-43c4b7lkp-hadayalab-projects-projects.vercel.app/api/cron,GET,,200,whmnk-1766606404259-2c3a2f396d4d,vercel-cron/1.0,info,production,main,MISS,serverless,/api/cron,cryptosignal-ai-ptbr-43c4b7lkp-hadayalab-projects-projects.vercel.app,cryptosignal-ai-ptbr-43c4b7lkp-hadayalab-projects-projects.vercel.app,dpl_F1pbZc1zJgTwMvW1W23jN11o9HL4,,,,,🌐 Fetching: https://api.cryptoquant.com/v1/btc/flow-indicator/mpi?window=day&limit=1,prj_70cfabLGqzgIBeQN5cw1Y4AyuxyA,,,,,
2025-12-24 20:00:38,1766606438531,cryptosignal-ai-ptbr-43c4b7lkp-hadayalab-projects-projects.vercel.app/api/cron,GET,,200,whmnk-1766606404259-2c3a2f396d4d,vercel-cron/1.0,info,production,main,MISS,serverless,/api/cron,cryptosignal-ai-ptbr-43c4b7lkp-hadayalab-projects-projects.vercel.app,cryptosignal-ai-ptbr-43c4b7lkp-hadayalab-projects-projects.vercel.app,dpl_F1pbZc1zJgTwMvW1W23jN11o9HL4,,,,,"📊 Miner Position Index (BTC): -0.5211564700986901 raw: {""date"":""2025-12-23"",""mpi"":-0.5211564700986901}",prj_70cfabLGqzgIBeQN5cw1Y4AyuxyA,,,,,
2025-12-24 20:00:38,1766606438544,cryptosignal-ai-ptbr-43c4b7lkp-hadayalab-projects-projects.vercel.app/api/cron,GET,,200,whmnk-1766606404259-2c3a2f396d4d,vercel-cron/1.0,info,production,main,MISS,serverless,/api/cron,cryptosignal-ai-ptbr-43c4b7lkp-hadayalab-projects-projects.vercel.app,cryptosignal-ai-ptbr-43c4b7lkp-hadayalab-projects-projects.vercel.app,dpl_F1pbZc1zJgTwMvW1W23jN11o9HL4,,,,,"📊 Exchange Netflow (BTC): -11379.222587299999 raw: {""date"":""2025-12-23"",""netflow_total"":-11379.222587299999}",prj_70cfabLGqzgIBeQN5cw1Y4AyuxyA,,,,,
2025-12-24 20:00:39,1766606439084,cryptosignal-ai-ptbr-43c4b7lkp-hadayalab-projects-projects.vercel.app/api/cron,GET,,200,whmnk-1766606404259-2c3a2f396d4d,vercel-cron/1.0,info,production,main,MISS,serverless,/api/cron,cryptosignal-ai-ptbr-43c4b7lkp-hadayalab-projects-projects.vercel.app,cryptosignal-ai-ptbr-43c4b7lkp-hadayalab-projects-projects.vercel.app,dpl_F1pbZc1zJgTwMvW1W23jN11o9HL4,,,,,"📨 Telegram sent: {
  ""ok"": true,
  ""result"": {
    ""message_id"": 85,
    ""from"": {
      ""id"": 8535744390,
      ""is_bot"": true,
      ""first_name"": ""CryptoSignal AI PT-BR"",
      ""username"": ""CryptoSignal_AI_PTBR_bot""
    },
    ""chat"": {
      ""id"": -1003401011131,
      ""title"": ""CryptoSignal AI – Starter Signals (PT-BR)"",
      ""type"": ""supergroup""
    },
    ""date"": 1766606438,
    ""text"": ""📚 Market Leak do Dr. Grok\nBriefing da sessão @ 2025-12-24 20:00:04 UTC\n\n💰 Preço do BTC: $87,497 (-0.25% / 24h)\n📊 Fluxo líquido nas exchanges: Outflow 11379 BTC\n⛏ Miners' Position Index (MPI): -0.52\n🧠 Sentimento de mercado: Extreme Fear\n\n📈 Score de mercado: 19/100\n✅ Detector de armadilhas: Nenhuma armadilha crítica detectada.\n\n🎯 Veredito de trade\n🛡️ Sinal: BUG STANDBY (Defense Active)\n• Entrada (ref. spot): $87,497\n• Modo: Bug Standby — sem edge limpo. Fique de fora e proteja o capital.\n• Take Profit: n/a\n• Stop Loss: n/a\n\n🧬 Visão do Dr. Grok\nO conteúdo abaixo é uma ideia estratégica, não um sinal oficial de entrada True Bug. Siga apenas se estiver alinhado com o seu plano e gestão de risco.\nEi, trader! Aqui vai uma análise rápida e tática no BTC, com risco em primeiro lugar. Dados mostram inflow negativo (-11k), MPI caindo (-0.52), e sentimento em Medo Extremo. Preço em $87.497 com leve queda de -0.24% em 24h. Baleias neutras (whaleBias 0), retail com FOMO moderado (50), sem impacto de notícias.\n\nRisco primeiro: Mercado gelado, outflows indicam venda de holders. Sem sinal claro (NONE), risco de mais downside se medo piorar. Evite entradas long sem suporte forte em $85k-$86k. Armadilha? Nenhuma detectada, mas fique de olho em fakeouts.\n\nTática: Fique de lado ou short bias se romper low diário. SL apertado em 1-2% pra não queimar conta. Aguarde inflow positivo ou retail FOMO >70 pra bullish flip. Trade smart, não force! #BTC 🇧🇷\n\nApenas para fins educacionais. Não constitui recomendação ou aconselhamento financeiro."",
    ""entities"": [
      {
        ""offset"": 227,
        ""length"": 12,
        ""type"": ""bold""
      },
      {
        ""offset"": 1450,
        ""length"": 4,
        ""type"": ""hashtag""
      }
    ]
  }
}",prj_70cfabLGqzgIBeQN5cw1Y4AyuxyA,,,,,
2025-12-24 20:00:04,1766606404259,cryptosignal-ai-ptbr-43c4b7lkp-hadayalab-projects-projects.vercel.app/api/cron,GET,,200,whmnk-1766606404259-2c3a2f396d4d,vercel-cron/1.0,,production,main,MISS,serverless,/api/cron,cryptosignal-ai-ptbr-43c4b7lkp-hadayalab-projects-projects.vercel.app,cryptosignal-ai-ptbr-43c4b7lkp-hadayalab-projects-projects.vercel.app,dpl_F1pbZc1zJgTwMvW1W23jN11o9HL4,34791,iad1,269,2048,,prj_70cfabLGqzgIBeQN5cw1Y4AyuxyA,,,01KD8Z4YNMYB842MCJWW8HNJ5K,FTB9eIcb4mq9,1
2025-12-24 19:45:04,1766605504151,cryptosignal-ai-ptbr-43c4b7lkp-hadayalab-projects-projects.vercel.app/api/cron,GET,,200,s24n8-1766605504083-c3c9f9e2002a,vercel-cron/1.0,info,production,main,MISS,serverless,/api/cron,cryptosignal-ai-ptbr-43c4b7lkp-hadayalab-projects-projects.vercel.app,cryptosignal-ai-ptbr-43c4b7lkp-hadayalab-projects-projects.vercel.app,dpl_F1pbZc1zJgTwMvW1W23jN11o9HL4,,,,,🚀 Cron Job Started: Whale Monitor,prj_70cfabLGqzgIBeQN5cw1Y4AyuxyA,,,,,
2025-12-24 19:45:04,1766605504151,cryptosignal-ai-ptbr-43c4b7lkp-hadayalab-projects-projects.vercel.app/api/cron,GET,,200,s24n8-1766605504083-c3c9f9e2002a,vercel-cron/1.0,info,production,main,MISS,serverless,/api/cron,cryptosignal-ai-ptbr-43c4b7lkp-hadayalab-projects-projects.vercel.app,cryptosignal-ai-ptbr-43c4b7lkp-hadayalab-projects-projects.vercel.app,dpl_F1pbZc1zJgTwMvW1W23jN11o9HL4,,,,,"Slot check => utcHour=19, utcMinute=45, isRegularSlot=false, force=false",prj_70cfabLGqzgIBeQN5cw1Y4AyuxyA,,,,,
2025-12-24 19:45:04,1766605504151,cryptosignal-ai-ptbr-43c4b7lkp-hadayalab-projects-projects.vercel.app/api/cron,GET,,200,s24n8-1766605504083-c3c9f9e2002a,vercel-cron/1.0,info,production,main,MISS,serverless,/api/cron,cryptosignal-ai-ptbr-43c4b7lkp-hadayalab-projects-projects.vercel.app,cryptosignal-ai-ptbr-43c4b7lkp-hadayalab-projects-projects.vercel.app,dpl_F1pbZc1zJgTwMvW1W23jN11o9HL4,,,,,🌐 Fetching: https://api.cryptoquant.com/v1/btc/exchange-flows/netflow?exchange=all_exchange&window=day&limit=1,prj_70cfabLGqzgIBeQN5cw1Y4AyuxyA,,,,,
2025-12-24 19:45:04,1766605504154,cryptosignal-ai-ptbr-43c4b7lkp-hadayalab-projects-projects.vercel.app/api/cron,GET,,200,s24n8-1766605504083-c3c9f9e2002a,vercel-cron/1.0,info,production,main,MISS,serverless,/api/cron,cryptosignal-ai-ptbr-43c4b7lkp-hadayalab-projects-projects.vercel.app,cryptosignal-ai-ptbr-43c4b7lkp-hadayalab-projects-projects.vercel.app,dpl_F1pbZc1zJgTwMvW1W23jN11o9HL4,,,,,🌐 Fetching: https://api.cryptoquant.com/v1/btc/flow-indicator/mpi?window=day&limit=1,prj_70cfabLGqzgIBeQN5cw1Y4AyuxyA,,,,,
2025-12-24 19:45:04,1766605504340,cryptosignal-ai-ptbr-43c4b7lkp-hadayalab-projects-projects.vercel.app/api/cron,GET,,200,s24n8-1766605504083-c3c9f9e2002a,vercel-cron/1.0,info,production,main,MISS,serverless,/api/cron,cryptosignal-ai-ptbr-43c4b7lkp-hadayalab-projects-projects.vercel.app,cryptosignal-ai-ptbr-43c4b7lkp-hadayalab-projects-projects.vercel.app,dpl_F1pbZc1zJgTwMvW1W23jN11o9HL4,,,,,"📊 Exchange Netflow (BTC): -11379.222587299999 raw: {""date"":""2025-12-23"",""netflow_total"":-11379.222587299999}",prj_70cfabLGqzgIBeQN5cw1Y4AyuxyA,,,,,
2025-12-24 19:45:04,1766605504439,cryptosignal-ai-ptbr-43c4b7lkp-hadayalab-projects-projects.vercel.app/api/cron,GET,,200,s24n8-1766605504083-c3c9f9e2002a,vercel-cron/1.0,info,production,main,MISS,serverless,/api/cron,cryptosignal-ai-ptbr-43c4b7lkp-hadayalab-projects-projects.vercel.app,cryptosignal-ai-ptbr-43c4b7lkp-hadayalab-projects-projects.vercel.app,dpl_F1pbZc1zJgTwMvW1W23jN11o9HL4,,,,,"📊 Miner Position Index (BTC): -0.5211564700986901 raw: {""date"":""2025-12-23"",""mpi"":-0.5211564700986901}",prj_70cfabLGqzgIBeQN5cw1Y4AyuxyA,,,,,
2025-12-24 19:45:04,1766605504083,cryptosignal-ai-ptbr-43c4b7lkp-hadayalab-projects-projects.vercel.app/api/cron,GET,,200,s24n8-1766605504083-c3c9f9e2002a,vercel-cron/1.0,,production,main,MISS,serverless,/api/cron,cryptosignal-ai-ptbr-43c4b7lkp-hadayalab-projects-projects.vercel.app,cryptosignal-ai-ptbr-43c4b7lkp-hadayalab-projects-projects.vercel.app,dpl_F1pbZc1zJgTwMvW1W23jN11o9HL4,378,iad1,268,2048,,prj_70cfabLGqzgIBeQN5cw1Y4AyuxyA,,,01KD8Y9FKNFZFSBJXZ6KBCFDRM,FTB9eIcb4mq9,1
2025-12-24 19:30:04,1766604604401,cryptosignal-ai-ptbr-43c4b7lkp-hadayalab-projects-projects.vercel.app/api/cron,GET,,200,ktp8v-1766604604331-d26944399cb5,vercel-cron/1.0,info,production,main,MISS,serverless,/api/cron,cryptosignal-ai-ptbr-43c4b7lkp-hadayalab-projects-projects.vercel.app,cryptosignal-ai-ptbr-43c4b7lkp-hadayalab-projects-projects.vercel.app,dpl_F1pbZc1zJgTwMvW1W23jN11o9HL4,,,,,🚀 Cron Job Started: Whale Monitor,prj_70cfabLGqzgIBeQN5cw1Y4AyuxyA,,,,,
2025-12-24 19:30:04,1766604604401,cryptosignal-ai-ptbr-43c4b7lkp-hadayalab-projects-projects.vercel.app/api/cron,GET,,200,ktp8v-1766604604331-d26944399cb5,vercel-cron/1.0,info,production,main,MISS,serverless,/api/cron,cryptosignal-ai-ptbr-43c4b7lkp-hadayalab-projects-projects.vercel.app,cryptosignal-ai-ptbr-43c4b7lkp-hadayalab-projects-projects.vercel.app,dpl_F1pbZc1zJgTwMvW1W23jN11o9HL4,,,,,"Slot check => utcHour=19, utcMinute=30, isRegularSlot=false, force=false",prj_70cfabLGqzgIBeQN5cw1Y4AyuxyA,,,,,
2025-12-24 19:30:04,1766604604401,cryptosignal-ai-ptbr-43c4b7lkp-hadayalab-projects-projects.vercel.app/api/cron,GET,,200,ktp8v-1766604604331-d26944399cb5,vercel-cron/1.0,info,production,main,MISS,serverless,/api/cron,cryptosignal-ai-ptbr-43c4b7lkp-hadayalab-projects-projects.vercel.app,cryptosignal-ai-ptbr-43c4b7lkp-hadayalab-projects-projects.vercel.app,dpl_F1pbZc1zJgTwMvW1W23jN11o9HL4,,,,,🌐 Fetching: https://api.cryptoquant.com/v1/btc/exchange-flows/netflow?exchange=all_exchange&window=day&limit=1,prj_70cfabLGqzgIBeQN5cw1Y4AyuxyA,,,,,
2025-12-24 19:30:04,1766604604401,cryptosignal-ai-ptbr-43c4b7lkp-hadayalab-projects-projects.vercel.app/api/cron,GET,,200,ktp8v-1766604604331-d26944399cb5,vercel-cron/1.0,info,production,main,MISS,serverless,/api/cron,cryptosignal-ai-ptbr-43c4b7lkp-hadayalab-projects-projects.vercel.app,cryptosignal-ai-ptbr-43c4b7lkp-hadayalab-projects-projects.vercel.app,dpl_F1pbZc1zJgTwMvW1W23jN11o9HL4,,,,,🌐 Fetching: https://api.cryptoquant.com/v1/btc/flow-indicator/mpi?window=day&limit=1,prj_70cfabLGqzgIBeQN5cw1Y4AyuxyA,,,,,
2025-12-24 19:30:04,1766604604591,cryptosignal-ai-ptbr-43c4b7lkp-hadayalab-projects-projects.vercel.app/api/cron,GET,,200,ktp8v-1766604604331-d26944399cb5,vercel-cron/1.0,info,production,main,MISS,serverless,/api/cron,cryptosignal-ai-ptbr-43c4b7lkp-hadayalab-projects-projects.vercel.app,cryptosignal-ai-ptbr-43c4b7lkp-hadayalab-projects-projects.vercel.app,dpl_F1pbZc1zJgTwMvW1W23jN11o9HL4,,,,,"📊 Exchange Netflow (BTC): -11379.222587299999 raw: {""date"":""2025-12-23"",""netflow_total"":-11379.222587299999}",prj_70cfabLGqzgIBeQN5cw1Y4AyuxyA,,,,,
2025-12-24 19:30:04,1766604604613,cryptosignal-ai-ptbr-43c4b7lkp-hadayalab-projects-projects.vercel.app/api/cron,GET,,200,ktp8v-1766604604331-d26944399cb5,vercel-cron/1.0,info,production,main,MISS,serverless,/api/cron,cryptosignal-ai-ptbr-43c4b7lkp-hadayalab-projects-projects.vercel.app,cryptosignal-ai-ptbr-43c4b7lkp-hadayalab-projects-projects.vercel.app,dpl_F1pbZc1zJgTwMvW1W23jN11o9HL4,,,,,"📊 Miner Position Index (BTC): -0.5211564700986901 raw: {""date"":""2025-12-23"",""mpi"":-0.5211564700986901}",prj_70cfabLGqzgIBeQN5cw1Y4AyuxyA,,,,,
2025-12-24 19:30:04,1766604604331,cryptosignal-ai-ptbr-43c4b7lkp-hadayalab-projects-projects.vercel.app/api/cron,GET,,200,ktp8v-1766604604331-d26944399cb5,vercel-cron/1.0,,production,main,MISS,serverless,/api/cron,cryptosignal-ai-ptbr-43c4b7lkp-hadayalab-projects-projects.vercel.app,cryptosignal-ai-ptbr-43c4b7lkp-hadayalab-projects-projects.vercel.app,dpl_F1pbZc1zJgTwMvW1W23jN11o9HL4,309,iad1,264,2048,,prj_70cfabLGqzgIBeQN5cw1Y4AyuxyA,,,01KD8XE0XY9MAE7VQGAMJAPSHD,FTB9eIcb4mq9,1
2025-12-24 19:15:04,1766603704282,cryptosignal-ai-ptbr-43c4b7lkp-hadayalab-projects-projects.vercel.app/api/cron,GET,,200,wmv9b-1766603704226-7607a8c276c4,vercel-cron/1.0,info,production,main,MISS,serverless,/api/cron,cryptosignal-ai-ptbr-43c4b7lkp-hadayalab-projects-projects.vercel.app,cryptosignal-ai-ptbr-43c4b7lkp-hadayalab-projects-projects.vercel.app,dpl_F1pbZc1zJgTwMvW1W23jN11o9HL4,,,,,🚀 Cron Job Started: Whale Monitor,prj_70cfabLGqzgIBeQN5cw1Y4AyuxyA,,,,,
2025-12-24 19:15:04,1766603704282,cryptosignal-ai-ptbr-43c4b7lkp-hadayalab-projects-projects.vercel.app/api/cron,GET,,200,wmv9b-1766603704226-7607a8c276c4,vercel-cron/1.0,info,production,main,MISS,serverless,/api/cron,cryptosignal-ai-ptbr-43c4b7lkp-hadayalab-projects-projects.vercel.app,cryptosignal-ai-ptbr-43c4b7lkp-hadayalab-projects-projects.vercel.app,dpl_F1pbZc1zJgTwMvW1W23jN11o9HL4,,,,,"Slot check => utcHour=19, utcMinute=15, isRegularSlot=false, force=false",prj_70cfabLGqzgIBeQN5cw1Y4AyuxyA,,,,,
2025-12-24 19:15:04,1766603704282,cryptosignal-ai-ptbr-43c4b7lkp-hadayalab-projects-projects.vercel.app/api/cron,GET,,200,wmv9b-1766603704226-7607a8c276c4,vercel-cron/1.0,info,production,main,MISS,serverless,/api/cron,cryptosignal-ai-ptbr-43c4b7lkp-hadayalab-projects-projects.vercel.app,cryptosignal-ai-ptbr-43c4b7lkp-hadayalab-projects-projects.vercel.app,dpl_F1pbZc1zJgTwMvW1W23jN11o9HL4,,,,,🌐 Fetching: https://api.cryptoquant.com/v1/btc/exchange-flows/netflow?exchange=all_exchange&window=day&limit=1,prj_70cfabLGqzgIBeQN5cw1Y4AyuxyA,,,,,
2025-12-24 19:15:04,1766603704382,cryptosignal-ai-ptbr-43c4b7lkp-hadayalab-projects-projects.vercel.app/api/cron,GET,,200,wmv9b-1766603704226-7607a8c276c4,vercel-cron/1.0,info,production,main,MISS,serverless,/api/cron,cryptosignal-ai-ptbr-43c4b7lkp-hadayalab-projects-projects.vercel.app,cryptosignal-ai-ptbr-43c4b7lkp-hadayalab-projects-projects.vercel.app,dpl_F1pbZc1zJgTwMvW1W23jN11o9HL4,,,,,🌐 Fetching: https://api.cryptoquant.com/v1/btc/flow-indicator/mpi?window=day&limit=1,prj_70cfabLGqzgIBeQN5cw1Y4AyuxyA,,,,,
2025-12-24 19:15:04,1766603704392,cryptosignal-ai-ptbr-43c4b7lkp-hadayalab-projects-projects.vercel.app/api/cron,GET,,200,wmv9b-1766603704226-7607a8c276c4,vercel-cron/1.0,error,production,main,MISS,serverless,/api/cron,cryptosignal-ai-ptbr-43c4b7lkp-hadayalab-projects-projects.vercel.app,cryptosignal-ai-ptbr-43c4b7lkp-hadayalab-projects-projects.vercel.app,dpl_F1pbZc1zJgTwMvW1W23jN11o9HL4,,,,,"(node:4) [DEP0169] DeprecationWarning: `url.parse()` behavior is not standardized and prone to errors that have security implications. Use the WHATWG URL API instead. CVEs are not issued for `url.parse()` vulnerabilities.
(Use `node --trace-deprecation ...` to show where the warning was created)",prj_70cfabLGqzgIBeQN5cw1Y4AyuxyA,,,,,
2025-12-24 19:15:04,1766603704631,cryptosignal-ai-ptbr-43c4b7lkp-hadayalab-projects-projects.vercel.app/api/cron,GET,,200,wmv9b-1766603704226-7607a8c276c4,vercel-cron/1.0,info,production,main,MISS,serverless,/api/cron,cryptosignal-ai-ptbr-43c4b7lkp-hadayalab-projects-projects.vercel.app,cryptosignal-ai-ptbr-43c4b7lkp-hadayalab-projects-projects.vercel.app,dpl_F1pbZc1zJgTwMvW1W23jN11o9HL4,,,,,"📊 Exchange Netflow (BTC): -11379.222587299999 raw: {""date"":""2025-12-23"",""netflow_total"":-11379.222587299999}",prj_70cfabLGqzgIBeQN5cw1Y4AyuxyA,,,,,
2025-12-24 19:15:04,1766603704653,cryptosignal-ai-ptbr-43c4b7lkp-hadayalab-projects-projects.vercel.app/api/cron,GET,,200,wmv9b-1766603704226-7607a8c276c4,vercel-cron/1.0,info,production,main,MISS,serverless,/api/cron,cryptosignal-ai-ptbr-43c4b7lkp-hadayalab-projects-projects.vercel.app,cryptosignal-ai-ptbr-43c4b7lkp-hadayalab-projects-projects.vercel.app,dpl_F1pbZc1zJgTwMvW1W23jN11o9HL4,,,,,"📊 Miner Position Index (BTC): -0.5211564700986901 raw: {""date"":""2025-12-23"",""mpi"":-0.5211564700986901}",prj_70cfabLGqzgIBeQN5cw1Y4AyuxyA,,,,,
2025-12-24 19:15:04,1766603704226,cryptosignal-ai-ptbr-43c4b7lkp-hadayalab-projects-projects.vercel.app/api/cron,GET,,200,wmv9b-1766603704226-7607a8c276c4,vercel-cron/1.0,,production,main,MISS,serverless,/api/cron,cryptosignal-ai-ptbr-43c4b7lkp-hadayalab-projects-projects.vercel.app,cryptosignal-ai-ptbr-43c4b7lkp-hadayalab-projects-projects.vercel.app,dpl_F1pbZc1zJgTwMvW1W23jN11o9HL4,489,iad1,264,2048,,prj_70cfabLGqzgIBeQN5cw1Y4AyuxyA,,,01KD8WJHXNYM4J7MFCP57PV8Z1,FTB9eIcb4mq9,1
2025-12-24 19:00:04,1766602804392,cryptosignal-ai-ptbr-43c4b7lkp-hadayalab-projects-projects.vercel.app/api/cron,GET,,200,qqzcb-1766602804335-c110f9e9ee38,vercel-cron/1.0,info,production,main,MISS,serverless,/api/cron,cryptosignal-ai-ptbr-43c4b7lkp-hadayalab-projects-projects.vercel.app,cryptosignal-ai-ptbr-43c4b7lkp-hadayalab-projects-projects.vercel.app,dpl_F1pbZc1zJgTwMvW1W23jN11o9HL4,,,,,🚀 Cron Job Started: Whale Monitor,prj_70cfabLGqzgIBeQN5cw1Y4AyuxyA,,,,,
2025-12-24 19:00:04,1766602804392,cryptosignal-ai-ptbr-43c4b7lkp-hadayalab-projects-projects.vercel.app/api/cron,GET,,200,qqzcb-1766602804335-c110f9e9ee38,vercel-cron/1.0,info,production,main,MISS,serverless,/api/cron,cryptosignal-ai-ptbr-43c4b7lkp-hadayalab-projects-projects.vercel.app,cryptosignal-ai-ptbr-43c4b7lkp-hadayalab-projects-projects.vercel.app,dpl_F1pbZc1zJgTwMvW1W23jN11o9HL4,,,,,"Slot check => utcHour=19, utcMinute=0, isRegularSlot=false, force=false",prj_70cfabLGqzgIBeQN5cw1Y4AyuxyA,,,,,
2025-12-24 19:00:04,1766602804392,cryptosignal-ai-ptbr-43c4b7lkp-hadayalab-projects-projects.vercel.app/api/cron,GET,,200,qqzcb-1766602804335-c110f9e9ee38,vercel-cron/1.0,info,production,main,MISS,serverless,/api/cron,cryptosignal-ai-ptbr-43c4b7lkp-hadayalab-projects-projects.vercel.app,cryptosignal-ai-ptbr-43c4b7lkp-hadayalab-projects-projects.vercel.app,dpl_F1pbZc1zJgTwMvW1W23jN11o9HL4,,,,,🌐 Fetching: https://api.cryptoquant.com/v1/btc/exchange-flows/netflow?exchange=all_exchange&window=day&limit=1,prj_70cfabLGqzgIBeQN5cw1Y4AyuxyA,,,,,
2025-12-24 19:00:04,1766602804393,cryptosignal-ai-ptbr-43c4b7lkp-hadayalab-projects-projects.vercel.app/api/cron,GET,,200,qqzcb-1766602804335-c110f9e9ee38,vercel-cron/1.0,info,production,main,MISS,serverless,/api/cron,cryptosignal-ai-ptbr-43c4b7lkp-hadayalab-projects-projects.vercel.app,cryptosignal-ai-ptbr-43c4b7lkp-hadayalab-projects-projects.vercel.app,dpl_F1pbZc1zJgTwMvW1W23jN11o9HL4,,,,,🌐 Fetching: https://api.cryptoquant.com/v1/btc/flow-indicator/mpi?window=day&limit=1,prj_70cfabLGqzgIBeQN5cw1Y4AyuxyA,,,,,
2025-12-24 19:00:04,1766602804572,cryptosignal-ai-ptbr-43c4b7lkp-hadayalab-projects-projects.vercel.app/api/cron,GET,,200,qqzcb-1766602804335-c110f9e9ee38,vercel-cron/1.0,info,production,main,MISS,serverless,/api/cron,cryptosignal-ai-ptbr-43c4b7lkp-hadayalab-projects-projects.vercel.app,cryptosignal-ai-ptbr-43c4b7lkp-hadayalab-projects-projects.vercel.app,dpl_F1pbZc1zJgTwMvW1W23jN11o9HL4,,,,,"📊 Exchange Netflow (BTC): -11379.222587299999 raw: {""date"":""2025-12-23"",""netflow_total"":-11379.222587299999}",prj_70cfabLGqzgIBeQN5cw1Y4AyuxyA,,,,,
2025-12-24 19:00:04,1766602804640,cryptosignal-ai-ptbr-43c4b7lkp-hadayalab-projects-projects.vercel.app/api/cron,GET,,200,qqzcb-1766602804335-c110f9e9ee38,vercel-cron/1.0,info,production,main,MISS,serverless,/api/cron,cryptosignal-ai-ptbr-43c4b7lkp-hadayalab-projects-projects.vercel.app,cryptosignal-ai-ptbr-43c4b7lkp-hadayalab-projects-projects.vercel.app,dpl_F1pbZc1zJgTwMvW1W23jN11o9HL4,,,,,"📊 Miner Position Index (BTC): -0.5211564700986901 raw: {""date"":""2025-12-23"",""mpi"":-0.5211564700986901}",prj_70cfabLGqzgIBeQN5cw1Y4AyuxyA,,,,,
2025-12-24 19:00:04,1766602804335,cryptosignal-ai-ptbr-43c4b7lkp-hadayalab-projects-projects.vercel.app/api/cron,GET,,200,qqzcb-1766602804335-c110f9e9ee38,vercel-cron/1.0,,production,main,MISS,serverless,/api/cron,cryptosignal-ai-ptbr-43c4b7lkp-hadayalab-projects-projects.vercel.app,cryptosignal-ai-ptbr-43c4b7lkp-hadayalab-projects-projects.vercel.app,dpl_F1pbZc1zJgTwMvW1W23jN11o9HL4,324,iad1,270,2048,,prj_70cfabLGqzgIBeQN5cw1Y4AyuxyA,,,01KD8VQ34M958NBGQR192G5JD4,ZE1tny7hARfv,1
2025-12-24 18:45:04,1766601904330,cryptosignal-ai-ptbr-43c4b7lkp-hadayalab-projects-projects.vercel.app/api/cron,GET,,200,5zmgq-1766601904289-382cc950135f,vercel-cron/1.0,info,production,main,MISS,serverless,/api/cron,cryptosignal-ai-ptbr-43c4b7lkp-hadayalab-projects-projects.vercel.app,cryptosignal-ai-ptbr-43c4b7lkp-hadayalab-projects-projects.vercel.app,dpl_F1pbZc1zJgTwMvW1W23jN11o9HL4,,,,,🚀 Cron Job Started: Whale Monitor,prj_70cfabLGqzgIBeQN5cw1Y4AyuxyA,,,,,
2025-12-24 18:45:04,1766601904330,cryptosignal-ai-ptbr-43c4b7lkp-hadayalab-projects-projects.vercel.app/api/cron,GET,,200,5zmgq-1766601904289-382cc950135f,vercel-cron/1.0,info,production,main,MISS,serverless,/api/cron,cryptosignal-ai-ptbr-43c4b7lkp-hadayalab-projects-projects.vercel.app,cryptosignal-ai-ptbr-43c4b7lkp-hadayalab-projects-projects.vercel.app,dpl_F1pbZc1zJgTwMvW1W23jN11o9HL4,,,,,"Slot check => utcHour=18, utcMinute=45, isRegularSlot=false, force=false",prj_70cfabLGqzgIBeQN5cw1Y4AyuxyA,,,,,
2025-12-24 18:45:04,1766601904330,cryptosignal-ai-ptbr-43c4b7lkp-hadayalab-projects-projects.vercel.app/api/cron,GET,,200,5zmgq-1766601904289-382cc950135f,vercel-cron/1.0,info,production,main,MISS,serverless,/api/cron,cryptosignal-ai-ptbr-43c4b7lkp-hadayalab-projects-projects.vercel.app,cryptosignal-ai-ptbr-43c4b7lkp-hadayalab-projects-projects.vercel.app,dpl_F1pbZc1zJgTwMvW1W23jN11o9HL4,,,,,🌐 Fetching: https://api.cryptoquant.com/v1/btc/exchange-flows/netflow?exchange=all_exchange&window=day&limit=1,prj_70cfabLGqzgIBeQN5cw1Y4AyuxyA,,,,,
2025-12-24 18:45:04,1766601904335,cryptosignal-ai-ptbr-43c4b7lkp-hadayalab-projects-projects.vercel.app/api/cron,GET,,200,5zmgq-1766601904289-382cc950135f,vercel-cron/1.0,info,production,main,MISS,serverless,/api/cron,cryptosignal-ai-ptbr-43c4b7lkp-hadayalab-projects-projects.vercel.app,cryptosignal-ai-ptbr-43c4b7lkp-hadayalab-projects-projects.vercel.app,dpl_F1pbZc1zJgTwMvW1W23jN11o9HL4,,,,,🌐 Fetching: https://api.cryptoquant.com/v1/btc/flow-indicator/mpi?window=day&limit=1,prj_70cfabLGqzgIBeQN5cw1Y4AyuxyA,,,,,
2025-12-24 18:45:04,1766601904534,cryptosignal-ai-ptbr-43c4b7lkp-hadayalab-projects-projects.vercel.app/api/cron,GET,,200,5zmgq-1766601904289-382cc950135f,vercel-cron/1.0,info,production,main,MISS,serverless,/api/cron,cryptosignal-ai-ptbr-43c4b7lkp-hadayalab-projects-projects.vercel.app,cryptosignal-ai-ptbr-43c4b7lkp-hadayalab-projects-projects.vercel.app,dpl_F1pbZc1zJgTwMvW1W23jN11o9HL4,,,,,"📊 Exchange Netflow (BTC): -11379.222587299999 raw: {""date"":""2025-12-23"",""netflow_total"":-11379.222587299999}",prj_70cfabLGqzgIBeQN5cw1Y4AyuxyA,,,,,
2025-12-24 18:45:04,1766601904557,cryptosignal-ai-ptbr-43c4b7lkp-hadayalab-projects-projects.vercel.app/api/cron,GET,,200,5zmgq-1766601904289-382cc950135f,vercel-cron/1.0,info,production,main,MISS,serverless,/api/cron,cryptosignal-ai-ptbr-43c4b7lkp-hadayalab-projects-projects.vercel.app,cryptosignal-ai-ptbr-43c4b7lkp-hadayalab-projects-projects.vercel.app,dpl_F1pbZc1zJgTwMvW1W23jN11o9HL4,,,,,"📊 Miner Position Index (BTC): -0.5211564700986901 raw: {""date"":""2025-12-23"",""mpi"":-0.5211564700986901}",prj_70cfabLGqzgIBeQN5cw1Y4AyuxyA,,,,,
2025-12-24 18:45:04,1766601904289,cryptosignal-ai-ptbr-43c4b7lkp-hadayalab-projects-projects.vercel.app/api/cron,GET,,200,5zmgq-1766601904289-382cc950135f,vercel-cron/1.0,,production,main,MISS,serverless,/api/cron,cryptosignal-ai-ptbr-43c4b7lkp-hadayalab-projects-projects.vercel.app,cryptosignal-ai-ptbr-43c4b7lkp-hadayalab-projects-projects.vercel.app,dpl_F1pbZc1zJgTwMvW1W23jN11o9HL4,300,iad1,270,2048,,prj_70cfabLGqzgIBeQN5cw1Y4AyuxyA,,,01KD8TVM5EHHNB9S3N6BZAH32B,ZE1tny7hARfv,1
2025-12-24 18:30:04,1766601004287,cryptosignal-ai-ptbr-43c4b7lkp-hadayalab-projects-projects.vercel.app/api/cron,GET,,200,qd2mb-1766601004237-e079bd829d59,vercel-cron/1.0,info,production,main,MISS,serverless,/api/cron,cryptosignal-ai-ptbr-43c4b7lkp-hadayalab-projects-projects.vercel.app,cryptosignal-ai-ptbr-43c4b7lkp-hadayalab-projects-projects.vercel.app,dpl_F1pbZc1zJgTwMvW1W23jN11o9HL4,,,,,🚀 Cron Job Started: Whale Monitor,prj_70cfabLGqzgIBeQN5cw1Y4AyuxyA,,,,,
2025-12-24 18:30:04,1766601004287,cryptosignal-ai-ptbr-43c4b7lkp-hadayalab-projects-projects.vercel.app/api/cron,GET,,200,qd2mb-1766601004237-e079bd829d59,vercel-cron/1.0,info,production,main,MISS,serverless,/api/cron,cryptosignal-ai-ptbr-43c4b7lkp-hadayalab-projects-projects.vercel.app,cryptosignal-ai-ptbr-43c4b7lkp-hadayalab-projects-projects.vercel.app,dpl_F1pbZc1zJgTwMvW1W23jN11o9HL4,,,,,"Slot check => utcHour=18, utcMinute=30, isRegularSlot=false, force=false",prj_70cfabLGqzgIBeQN5cw1Y4AyuxyA,,,,,
2025-12-24 18:30:04,1766601004287,cryptosignal-ai-ptbr-43c4b7lkp-hadayalab-projects-projects.vercel.app/api/cron,GET,,200,qd2mb-1766601004237-e079bd829d59,vercel-cron/1.0,info,production,main,MISS,serverless,/api/cron,cryptosignal-ai-ptbr-43c4b7lkp-hadayalab-projects-projects.vercel.app,cryptosignal-ai-ptbr-43c4b7lkp-hadayalab-projects-projects.vercel.app,dpl_F1pbZc1zJgTwMvW1W23jN11o9HL4,,,,,🌐 Fetching: https://api.cryptoquant.com/v1/btc/exchange-flows/netflow?exchange=all_exchange&window=day&limit=1,prj_70cfabLGqzgIBeQN5cw1Y4AyuxyA,,,,,
2025-12-24 18:30:04,1766601004287,cryptosignal-ai-ptbr-43c4b7lkp-hadayalab-projects-projects.vercel.app/api/cron,GET,,200,qd2mb-1766601004237-e079bd829d59,vercel-cron/1.0,info,production,main,MISS,serverless,/api/cron,cryptosignal-ai-ptbr-43c4b7lkp-hadayalab-projects-projects.vercel.app,cryptosignal-ai-ptbr-43c4b7lkp-hadayalab-projects-projects.vercel.app,dpl_F1pbZc1zJgTwMvW1W23jN11o9HL4,,,,,🌐 Fetching: https://api.cryptoquant.com/v1/btc/flow-indicator/mpi?window=day&limit=1,prj_70cfabLGqzgIBeQN5cw1Y4AyuxyA,,,,,
2025-12-24 18:30:04,1766601004525,cryptosignal-ai-ptbr-43c4b7lkp-hadayalab-projects-projects.vercel.app/api/cron,GET,,200,qd2mb-1766601004237-e079bd829d59,vercel-cron/1.0,info,production,main,MISS,serverless,/api/cron,cryptosignal-ai-ptbr-43c4b7lkp-hadayalab-projects-projects.vercel.app,cryptosignal-ai-ptbr-43c4b7lkp-hadayalab-projects-projects.vercel.app,dpl_F1pbZc1zJgTwMvW1W23jN11o9HL4,,,,,"📊 Exchange Netflow (BTC): -11379.222587299999 raw: {""date"":""2025-12-23"",""netflow_total"":-11379.222587299999}",prj_70cfabLGqzgIBeQN5cw1Y4AyuxyA,,,,,
2025-12-24 18:30:04,1766601004583,cryptosignal-ai-ptbr-43c4b7lkp-hadayalab-projects-projects.vercel.app/api/cron,GET,,200,qd2mb-1766601004237-e079bd829d59,vercel-cron/1.0,info,production,main,MISS,serverless,/api/cron,cryptosignal-ai-ptbr-43c4b7lkp-hadayalab-projects-projects.vercel.app,cryptosignal-ai-ptbr-43c4b7lkp-hadayalab-projects-projects.vercel.app,dpl_F1pbZc1zJgTwMvW1W23jN11o9HL4,,,,,"📊 Miner Position Index (BTC): -0.5211564700986901 raw: {""date"":""2025-12-23"",""mpi"":-0.5211564700986901}",prj_70cfabLGqzgIBeQN5cw1Y4AyuxyA,,,,,
2025-12-24 18:30:04,1766601004237,cryptosignal-ai-ptbr-43c4b7lkp-hadayalab-projects-projects.vercel.app/api/cron,GET,,200,qd2mb-1766601004237-e079bd829d59,vercel-cron/1.0,,production,main,MISS,serverless,/api/cron,cryptosignal-ai-ptbr-43c4b7lkp-hadayalab-projects-projects.vercel.app,cryptosignal-ai-ptbr-43c4b7lkp-hadayalab-projects-projects.vercel.app,dpl_F1pbZc1zJgTwMvW1W23jN11o9HL4,379,iad1,270,2048,,prj_70cfabLGqzgIBeQN5cw1Y4AyuxyA,,,01KD8T05730QCPTKD1K6E2NGAG,ZE1tny7hARfv,1
2025-12-24 18:15:04,1766600104160,cryptosignal-ai-ptbr-43c4b7lkp-hadayalab-projects-projects.vercel.app/api/cron,GET,,200,ngwmw-1766600104091-8bbf2ffad412,vercel-cron/1.0,info,production,main,MISS,serverless,/api/cron,cryptosignal-ai-ptbr-43c4b7lkp-hadayalab-projects-projects.vercel.app,cryptosignal-ai-ptbr-43c4b7lkp-hadayalab-projects-projects.vercel.app,dpl_F1pbZc1zJgTwMvW1W23jN11o9HL4,,,,,🚀 Cron Job Started: Whale Monitor,prj_70cfabLGqzgIBeQN5cw1Y4AyuxyA,,,,,
2025-12-24 18:15:04,1766600104160,cryptosignal-ai-ptbr-43c4b7lkp-hadayalab-projects-projects.vercel.app/api/cron,GET,,200,ngwmw-1766600104091-8bbf2ffad412,vercel-cron/1.0,info,production,main,MISS,serverless,/api/cron,cryptosignal-ai-ptbr-43c4b7lkp-hadayalab-projects-projects.vercel.app,cryptosignal-ai-ptbr-43c4b7lkp-hadayalab-projects-projects.vercel.app,dpl_F1pbZc1zJgTwMvW1W23jN11o9HL4,,,,,"Slot check => utcHour=18, utcMinute=15, isRegularSlot=false, force=false",prj_70cfabLGqzgIBeQN5cw1Y4AyuxyA,,,,,
2025-12-24 18:15:04,1766600104160,cryptosignal-ai-ptbr-43c4b7lkp-hadayalab-projects-projects.vercel.app/api/cron,GET,,200,ngwmw-1766600104091-8bbf2ffad412,vercel-cron/1.0,info,production,main,MISS,serverless,/api/cron,cryptosignal-ai-ptbr-43c4b7lkp-hadayalab-projects-projects.vercel.app,cryptosignal-ai-ptbr-43c4b7lkp-hadayalab-projects-projects.vercel.app,dpl_F1pbZc1zJgTwMvW1W23jN11o9HL4,,,,,🌐 Fetching: https://api.cryptoquant.com/v1/btc/exchange-flows/netflow?exchange=all_exchange&window=day&limit=1,prj_70cfabLGqzgIBeQN5cw1Y4AyuxyA,,,,,
2025-12-24 18:15:04,1766600104165,cryptosignal-ai-ptbr-43c4b7lkp-hadayalab-projects-projects.vercel.app/api/cron,GET,,200,ngwmw-1766600104091-8bbf2ffad412,vercel-cron/1.0,info,production,main,MISS,serverless,/api/cron,cryptosignal-ai-ptbr-43c4b7lkp-hadayalab-projects-projects.vercel.app,cryptosignal-ai-ptbr-43c4b7lkp-hadayalab-projects-projects.vercel.app,dpl_F1pbZc1zJgTwMvW1W23jN11o9HL4,,,,,🌐 Fetching: https://api.cryptoquant.com/v1/btc/flow-indicator/mpi?window=day&limit=1,prj_70cfabLGqzgIBeQN5cw1Y4AyuxyA,,,,,
2025-12-24 18:15:04,1766600104354,cryptosignal-ai-ptbr-43c4b7lkp-hadayalab-projects-projects.vercel.app/api/cron,GET,,200,ngwmw-1766600104091-8bbf2ffad412,vercel-cron/1.0,info,production,main,MISS,serverless,/api/cron,cryptosignal-ai-ptbr-43c4b7lkp-hadayalab-projects-projects.vercel.app,cryptosignal-ai-ptbr-43c4b7lkp-hadayalab-projects-projects.vercel.app,dpl_F1pbZc1zJgTwMvW1W23jN11o9HL4,,,,,"📊 Miner Position Index (BTC): -0.5211564700986901 raw: {""date"":""2025-12-23"",""mpi"":-0.5211564700986901}",prj_70cfabLGqzgIBeQN5cw1Y4AyuxyA,,,,,
2025-12-24 18:15:04,1766600104512,cryptosignal-ai-ptbr-43c4b7lkp-hadayalab-projects-projects.vercel.app/api/cron,GET,,200,ngwmw-1766600104091-8bbf2ffad412,vercel-cron/1.0,info,production,main,MISS,serverless,/api/cron,cryptosignal-ai-ptbr-43c4b7lkp-hadayalab-projects-projects.vercel.app,cryptosignal-ai-ptbr-43c4b7lkp-hadayalab-projects-projects.vercel.app,dpl_F1pbZc1zJgTwMvW1W23jN11o9HL4,,,,,"📊 Exchange Netflow (BTC): -11379.222587299999 raw: {""date"":""2025-12-23"",""netflow_total"":-11379.222587299999}",prj_70cfabLGqzgIBeQN5cw1Y4AyuxyA,,,,,
2025-12-24 18:15:04,1766600104091,cryptosignal-ai-ptbr-43c4b7lkp-hadayalab-projects-projects.vercel.app/api/cron,GET,,200,ngwmw-1766600104091-8bbf2ffad412,vercel-cron/1.0,,production,main,MISS,serverless,/api/cron,cryptosignal-ai-ptbr-43c4b7lkp-hadayalab-projects-projects.vercel.app,cryptosignal-ai-ptbr-43c4b7lkp-hadayalab-projects-projects.vercel.app,dpl_F1pbZc1zJgTwMvW1W23jN11o9HL4,423,iad1,270,2048,,prj_70cfabLGqzgIBeQN5cw1Y4AyuxyA,,,01KD8S4P5XQPDBRBZP8SY80X8X,ZE1tny7hARfv,1
2025-12-24 18:00:04,1766599204295,cryptosignal-ai-ptbr-43c4b7lkp-hadayalab-projects-projects.vercel.app/api/cron,GET,,200,gw7s6-1766599204256-8a00f8500499,vercel-cron/1.0,info,production,main,MISS,serverless,/api/cron,cryptosignal-ai-ptbr-43c4b7lkp-hadayalab-projects-projects.vercel.app,cryptosignal-ai-ptbr-43c4b7lkp-hadayalab-projects-projects.vercel.app,dpl_F1pbZc1zJgTwMvW1W23jN11o9HL4,,,,,🚀 Cron Job Started: Whale Monitor,prj_70cfabLGqzgIBeQN5cw1Y4AyuxyA,,,,,
2025-12-24 18:00:04,1766599204295,cryptosignal-ai-ptbr-43c4b7lkp-hadayalab-projects-projects.vercel.app/api/cron,GET,,200,gw7s6-1766599204256-8a00f8500499,vercel-cron/1.0,info,production,main,MISS,serverless,/api/cron,cryptosignal-ai-ptbr-43c4b7lkp-hadayalab-projects-projects.vercel.app,cryptosignal-ai-ptbr-43c4b7lkp-hadayalab-projects-projects.vercel.app,dpl_F1pbZc1zJgTwMvW1W23jN11o9HL4,,,,,"Slot check => utcHour=18, utcMinute=0, isRegularSlot=false, force=false",prj_70cfabLGqzgIBeQN5cw1Y4AyuxyA,,,,,
2025-12-24 18:00:04,1766599204295,cryptosignal-ai-ptbr-43c4b7lkp-hadayalab-projects-projects.vercel.app/api/cron,GET,,200,gw7s6-1766599204256-8a00f8500499,vercel-cron/1.0,info,production,main,MISS,serverless,/api/cron,cryptosignal-ai-ptbr-43c4b7lkp-hadayalab-projects-projects.vercel.app,cryptosignal-ai-ptbr-43c4b7lkp-hadayalab-projects-projects.vercel.app,dpl_F1pbZc1zJgTwMvW1W23jN11o9HL4,,,,,🌐 Fetching: https://api.cryptoquant.com/v1/btc/exchange-flows/netflow?exchange=all_exchange&window=day&limit=1,prj_70cfabLGqzgIBeQN5cw1Y4AyuxyA,,,,,
2025-12-24 18:00:04,1766599204295,cryptosignal-ai-ptbr-43c4b7lkp-hadayalab-projects-projects.vercel.app/api/cron,GET,,200,gw7s6-1766599204256-8a00f8500499,vercel-cron/1.0,info,production,main,MISS,serverless,/api/cron,cryptosignal-ai-ptbr-43c4b7lkp-hadayalab-projects-projects.vercel.app,cryptosignal-ai-ptbr-43c4b7lkp-hadayalab-projects-projects.vercel.app,dpl_F1pbZc1zJgTwMvW1W23jN11o9HL4,,,,,🌐 Fetching: https://api.cryptoquant.com/v1/btc/flow-indicator/mpi?window=day&limit=1,prj_70cfabLGqzgIBeQN5cw1Y4AyuxyA,,,,,
2025-12-24 18:00:04,1766599204485,cryptosignal-ai-ptbr-43c4b7lkp-hadayalab-projects-projects.vercel.app/api/cron,GET,,200,gw7s6-1766599204256-8a00f8500499,vercel-cron/1.0,info,production,main,MISS,serverless,/api/cron,cryptosignal-ai-ptbr-43c4b7lkp-hadayalab-projects-projects.vercel.app,cryptosignal-ai-ptbr-43c4b7lkp-hadayalab-projects-projects.vercel.app,dpl_F1pbZc1zJgTwMvW1W23jN11o9HL4,,,,,"📊 Exchange Netflow (BTC): -11379.222587299999 raw: {""date"":""2025-12-23"",""netflow_total"":-11379.222587299999}",prj_70cfabLGqzgIBeQN5cw1Y4AyuxyA,,,,,
2025-12-24 18:00:04,1766599204690,cryptosignal-ai-ptbr-43c4b7lkp-hadayalab-projects-projects.vercel.app/api/cron,GET,,200,gw7s6-1766599204256-8a00f8500499,vercel-cron/1.0,info,production,main,MISS,serverless,/api/cron,cryptosignal-ai-ptbr-43c4b7lkp-hadayalab-projects-projects.vercel.app,cryptosignal-ai-ptbr-43c4b7lkp-hadayalab-projects-projects.vercel.app,dpl_F1pbZc1zJgTwMvW1W23jN11o9HL4,,,,,"📊 Miner Position Index (BTC): -0.5211564700986901 raw: {""date"":""2025-12-23"",""mpi"":-0.5211564700986901}",prj_70cfabLGqzgIBeQN5cw1Y4AyuxyA,,,,,
2025-12-24 18:00:04,1766599204256,cryptosignal-ai-ptbr-43c4b7lkp-hadayalab-projects-projects.vercel.app/api/cron,GET,,200,gw7s6-1766599204256-8a00f8500499,vercel-cron/1.0,,production,main,MISS,serverless,/api/cron,cryptosignal-ai-ptbr-43c4b7lkp-hadayalab-projects-projects.vercel.app,cryptosignal-ai-ptbr-43c4b7lkp-hadayalab-projects-projects.vercel.app,dpl_F1pbZc1zJgTwMvW1W23jN11o9HL4,460,iad1,269,2048,,prj_70cfabLGqzgIBeQN5cw1Y4AyuxyA,,,01KD8R97DFFV49WEA87P1RSEPE,ZE1tny7hARfv,1
2025-12-24 17:45:04,1766598304404,cryptosignal-ai-ptbr-43c4b7lkp-hadayalab-projects-projects.vercel.app/api/cron,GET,,200,6qsv5-1766598304363-6345fc359f92,vercel-cron/1.0,info,production,main,MISS,serverless,/api/cron,cryptosignal-ai-ptbr-43c4b7lkp-hadayalab-projects-projects.vercel.app,cryptosignal-ai-ptbr-43c4b7lkp-hadayalab-projects-projects.vercel.app,dpl_F1pbZc1zJgTwMvW1W23jN11o9HL4,,,,,🚀 Cron Job Started: Whale Monitor,prj_70cfabLGqzgIBeQN5cw1Y4AyuxyA,,,,,
2025-12-24 17:45:04,1766598304404,cryptosignal-ai-ptbr-43c4b7lkp-hadayalab-projects-projects.vercel.app/api/cron,GET,,200,6qsv5-1766598304363-6345fc359f92,vercel-cron/1.0,info,production,main,MISS,serverless,/api/cron,cryptosignal-ai-ptbr-43c4b7lkp-hadayalab-projects-projects.vercel.app,cryptosignal-ai-ptbr-43c4b7lkp-hadayalab-projects-projects.vercel.app,dpl_F1pbZc1zJgTwMvW1W23jN11o9HL4,,,,,"Slot check => utcHour=17, utcMinute=45, isRegularSlot=false, force=false",prj_70cfabLGqzgIBeQN5cw1Y4AyuxyA,,,,,
2025-12-24 17:45:04,1766598304404,cryptosignal-ai-ptbr-43c4b7lkp-hadayalab-projects-projects.vercel.app/api/cron,GET,,200,6qsv5-1766598304363-6345fc359f92,vercel-cron/1.0,info,production,main,MISS,serverless,/api/cron,cryptosignal-ai-ptbr-43c4b7lkp-hadayalab-projects-projects.vercel.app,cryptosignal-ai-ptbr-43c4b7lkp-hadayalab-projects-projects.vercel.app,dpl_F1pbZc1zJgTwMvW1W23jN11o9HL4,,,,,🌐 Fetching: https://api.cryptoquant.com/v1/btc/exchange-flows/netflow?exchange=all_exchange&window=day&limit=1,prj_70cfabLGqzgIBeQN5cw1Y4AyuxyA,,,,,
2025-12-24 17:45:04,1766598304406,cryptosignal-ai-ptbr-43c4b7lkp-hadayalab-projects-projects.vercel.app/api/cron,GET,,200,6qsv5-1766598304363-6345fc359f92,vercel-cron/1.0,info,production,main,MISS,serverless,/api/cron,cryptosignal-ai-ptbr-43c4b7lkp-hadayalab-projects-projects.vercel.app,cryptosignal-ai-ptbr-43c4b7lkp-hadayalab-projects-projects.vercel.app,dpl_F1pbZc1zJgTwMvW1W23jN11o9HL4,,,,,🌐 Fetching: https://api.cryptoquant.com/v1/btc/flow-indicator/mpi?window=day&limit=1,prj_70cfabLGqzgIBeQN5cw1Y4AyuxyA,,,,,
2025-12-24 17:45:04,1766598304613,cryptosignal-ai-ptbr-43c4b7lkp-hadayalab-projects-projects.vercel.app/api/cron,GET,,200,6qsv5-1766598304363-6345fc359f92,vercel-cron/1.0,info,production,main,MISS,serverless,/api/cron,cryptosignal-ai-ptbr-43c4b7lkp-hadayalab-projects-projects.vercel.app,cryptosignal-ai-ptbr-43c4b7lkp-hadayalab-projects-projects.vercel.app,dpl_F1pbZc1zJgTwMvW1W23jN11o9HL4,,,,,"📊 Exchange Netflow (BTC): -11379.222587299999 raw: {""date"":""2025-12-23"",""netflow_total"":-11379.222587299999}",prj_70cfabLGqzgIBeQN5cw1Y4AyuxyA,,,,,
2025-12-24 17:45:04,1766598304622,cryptosignal-ai-ptbr-43c4b7lkp-hadayalab-projects-projects.vercel.app/api/cron,GET,,200,6qsv5-1766598304363-6345fc359f92,vercel-cron/1.0,info,production,main,MISS,serverless,/api/cron,cryptosignal-ai-ptbr-43c4b7lkp-hadayalab-projects-projects.vercel.app,cryptosignal-ai-ptbr-43c4b7lkp-hadayalab-projects-projects.vercel.app,dpl_F1pbZc1zJgTwMvW1W23jN11o9HL4,,,,,"📊 Miner Position Index (BTC): -0.5211564700986901 raw: {""date"":""2025-12-23"",""mpi"":-0.5211564700986901}",prj_70cfabLGqzgIBeQN5cw1Y4AyuxyA,,,,,
2025-12-24 17:45:04,1766598304363,cryptosignal-ai-ptbr-43c4b7lkp-hadayalab-projects-projects.vercel.app/api/cron,GET,,200,6qsv5-1766598304363-6345fc359f92,vercel-cron/1.0,,production,main,MISS,serverless,/api/cron,cryptosignal-ai-ptbr-43c4b7lkp-hadayalab-projects-projects.vercel.app,cryptosignal-ai-ptbr-43c4b7lkp-hadayalab-projects-projects.vercel.app,dpl_F1pbZc1zJgTwMvW1W23jN11o9HL4,287,iad1,268,2048,,prj_70cfabLGqzgIBeQN5cw1Y4AyuxyA,,,01KD8QDRKW40X0G4RHGMM1GTTH,ZE1tny7hARfv,1
2025-12-24 17:30:04,1766597404219,cryptosignal-ai-ptbr-43c4b7lkp-hadayalab-projects-projects.vercel.app/api/cron,GET,,200,79wjc-1766597404142-a94d1618932f,vercel-cron/1.0,info,production,main,MISS,serverless,/api/cron,cryptosignal-ai-ptbr-43c4b7lkp-hadayalab-projects-projects.vercel.app,cryptosignal-ai-ptbr-43c4b7lkp-hadayalab-projects-projects.vercel.app,dpl_F1pbZc1zJgTwMvW1W23jN11o9HL4,,,,,🚀 Cron Job Started: Whale Monitor,prj_70cfabLGqzgIBeQN5cw1Y4AyuxyA,,,,,
2025-12-24 17:30:04,1766597404219,cryptosignal-ai-ptbr-43c4b7lkp-hadayalab-projects-projects.vercel.app/api/cron,GET,,200,79wjc-1766597404142-a94d1618932f,vercel-cron/1.0,info,production,main,MISS,serverless,/api/cron,cryptosignal-ai-ptbr-43c4b7lkp-hadayalab-projects-projects.vercel.app,cryptosignal-ai-ptbr-43c4b7lkp-hadayalab-projects-projects.vercel.app,dpl_F1pbZc1zJgTwMvW1W23jN11o9HL4,,,,,"Slot check => utcHour=17, utcMinute=30, isRegularSlot=false, force=false",prj_70cfabLGqzgIBeQN5cw1Y4AyuxyA,,,,,
2025-12-24 17:30:04,1766597404219,cryptosignal-ai-ptbr-43c4b7lkp-hadayalab-projects-projects.vercel.app/api/cron,GET,,200,79wjc-1766597404142-a94d1618932f,vercel-cron/1.0,info,production,main,MISS,serverless,/api/cron,cryptosignal-ai-ptbr-43c4b7lkp-hadayalab-projects-projects.vercel.app,cryptosignal-ai-ptbr-43c4b7lkp-hadayalab-projects-projects.vercel.app,dpl_F1pbZc1zJgTwMvW1W23jN11o9HL4,,,,,🌐 Fetching: https://api.cryptoquant.com/v1/btc/exchange-flows/netflow?exchange=all_exchange&window=day&limit=1,prj_70cfabLGqzgIBeQN5cw1Y4AyuxyA,,,,,
2025-12-24 17:30:04,1766597404219,cryptosignal-ai-ptbr-43c4b7lkp-hadayalab-projects-projects.vercel.app/api/cron,GET,,200,79wjc-1766597404142-a94d1618932f,vercel-cron/1.0,info,production,main,MISS,serverless,/api/cron,cryptosignal-ai-ptbr-43c4b7lkp-hadayalab-projects-projects.vercel.app,cryptosignal-ai-ptbr-43c4b7lkp-hadayalab-projects-projects.vercel.app,dpl_F1pbZc1zJgTwMvW1W23jN11o9HL4,,,,,🌐 Fetching: https://api.cryptoquant.com/v1/btc/flow-indicator/mpi?window=day&limit=1,prj_70cfabLGqzgIBeQN5cw1Y4AyuxyA,,,,,
2025-12-24 17:30:04,1766597404459,cryptosignal-ai-ptbr-43c4b7lkp-hadayalab-projects-projects.vercel.app/api/cron,GET,,200,79wjc-1766597404142-a94d1618932f,vercel-cron/1.0,info,production,main,MISS,serverless,/api/cron,cryptosignal-ai-ptbr-43c4b7lkp-hadayalab-projects-projects.vercel.app,cryptosignal-ai-ptbr-43c4b7lkp-hadayalab-projects-projects.vercel.app,dpl_F1pbZc1zJgTwMvW1W23jN11o9HL4,,,,,"📊 Exchange Netflow (BTC): -11379.222587299999 raw: {""date"":""2025-12-23"",""netflow_total"":-11379.222587299999}",prj_70cfabLGqzgIBeQN5cw1Y4AyuxyA,,,,,
2025-12-24 17:30:04,1766597404607,cryptosignal-ai-ptbr-43c4b7lkp-hadayalab-projects-projects.vercel.app/api/cron,GET,,200,79wjc-1766597404142-a94d1618932f,vercel-cron/1.0,info,production,main,MISS,serverless,/api/cron,cryptosignal-ai-ptbr-43c4b7lkp-hadayalab-projects-projects.vercel.app,cryptosignal-ai-ptbr-43c4b7lkp-hadayalab-projects-projects.vercel.app,dpl_F1pbZc1zJgTwMvW1W23jN11o9HL4,,,,,"📊 Miner Position Index (BTC): -0.5211564700986901 raw: {""date"":""2025-12-23"",""mpi"":-0.5211564700986901}",prj_70cfabLGqzgIBeQN5cw1Y4AyuxyA,,,,,
2025-12-24 17:30:04,1766597404142,cryptosignal-ai-ptbr-43c4b7lkp-hadayalab-projects-projects.vercel.app/api/cron,GET,,200,79wjc-1766597404142-a94d1618932f,vercel-cron/1.0,,production,main,MISS,serverless,/api/cron,cryptosignal-ai-ptbr-43c4b7lkp-hadayalab-projects-projects.vercel.app,cryptosignal-ai-ptbr-43c4b7lkp-hadayalab-projects-projects.vercel.app,dpl_F1pbZc1zJgTwMvW1W23jN11o9HL4,466,iad1,266,2048,,prj_70cfabLGqzgIBeQN5cw1Y4AyuxyA,,,01KD8PJ9H0NX6QQQJ26JAY5H7J,ZE1tny7hARfv,1
2025-12-24 17:15:04,1766596504435,cryptosignal-ai-ptbr-43c4b7lkp-hadayalab-projects-projects.vercel.app/api/cron,GET,,200,frq5s-1766596504337-b188dc952a12,vercel-cron/1.0,info,production,main,MISS,serverless,/api/cron,cryptosignal-ai-ptbr-43c4b7lkp-hadayalab-projects-projects.vercel.app,cryptosignal-ai-ptbr-43c4b7lkp-hadayalab-projects-projects.vercel.app,dpl_F1pbZc1zJgTwMvW1W23jN11o9HL4,,,,,🚀 Cron Job Started: Whale Monitor,prj_70cfabLGqzgIBeQN5cw1Y4AyuxyA,,,,,
2025-12-24 17:15:04,1766596504435,cryptosignal-ai-ptbr-43c4b7lkp-hadayalab-projects-projects.vercel.app/api/cron,GET,,200,frq5s-1766596504337-b188dc952a12,vercel-cron/1.0,info,production,main,MISS,serverless,/api/cron,cryptosignal-ai-ptbr-43c4b7lkp-hadayalab-projects-projects.vercel.app,cryptosignal-ai-ptbr-43c4b7lkp-hadayalab-projects-projects.vercel.app,dpl_F1pbZc1zJgTwMvW1W23jN11o9HL4,,,,,"Slot check => utcHour=17, utcMinute=15, isRegularSlot=false, force=false",prj_70cfabLGqzgIBeQN5cw1Y4AyuxyA,,,,,
2025-12-24 17:15:04,1766596504436,cryptosignal-ai-ptbr-43c4b7lkp-hadayalab-projects-projects.vercel.app/api/cron,GET,,200,frq5s-1766596504337-b188dc952a12,vercel-cron/1.0,info,production,main,MISS,serverless,/api/cron,cryptosignal-ai-ptbr-43c4b7lkp-hadayalab-projects-projects.vercel.app,cryptosignal-ai-ptbr-43c4b7lkp-hadayalab-projects-projects.vercel.app,dpl_F1pbZc1zJgTwMvW1W23jN11o9HL4,,,,,🌐 Fetching: https://api.cryptoquant.com/v1/btc/exchange-flows/netflow?exchange=all_exchange&window=day&limit=1,prj_70cfabLGqzgIBeQN5cw1Y4AyuxyA,,,,,
2025-12-24 17:15:04,1766596504523,cryptosignal-ai-ptbr-43c4b7lkp-hadayalab-projects-projects.vercel.app/api/cron,GET,,200,frq5s-1766596504337-b188dc952a12,vercel-cron/1.0,info,production,main,MISS,serverless,/api/cron,cryptosignal-ai-ptbr-43c4b7lkp-hadayalab-projects-projects.vercel.app,cryptosignal-ai-ptbr-43c4b7lkp-hadayalab-projects-projects.vercel.app,dpl_F1pbZc1zJgTwMvW1W23jN11o9HL4,,,,,🌐 Fetching: https://api.cryptoquant.com/v1/btc/flow-indicator/mpi?window=day&limit=1,prj_70cfabLGqzgIBeQN5cw1Y4AyuxyA,,,,,
2025-12-24 17:15:04,1766596504524,cryptosignal-ai-ptbr-43c4b7lkp-hadayalab-projects-projects.vercel.app/api/cron,GET,,200,frq5s-1766596504337-b188dc952a12,vercel-cron/1.0,error,production,main,MISS,serverless,/api/cron,cryptosignal-ai-ptbr-43c4b7lkp-hadayalab-projects-projects.vercel.app,cryptosignal-ai-ptbr-43c4b7lkp-hadayalab-projects-projects.vercel.app,dpl_F1pbZc1zJgTwMvW1W23jN11o9HL4,,,,,"(node:4) [DEP0169] DeprecationWarning: `url.parse()` behavior is not standardized and prone to errors that have security implications. Use the WHATWG URL API instead. CVEs are not issued for `url.parse()` vulnerabilities.
(Use `node --trace-deprecation ...` to show where the warning was created)",prj_70cfabLGqzgIBeQN5cw1Y4AyuxyA,,,,,
2025-12-24 17:15:04,1766596504779,cryptosignal-ai-ptbr-43c4b7lkp-hadayalab-projects-projects.vercel.app/api/cron,GET,,200,frq5s-1766596504337-b188dc952a12,vercel-cron/1.0,info,production,main,MISS,serverless,/api/cron,cryptosignal-ai-ptbr-43c4b7lkp-hadayalab-projects-projects.vercel.app,cryptosignal-ai-ptbr-43c4b7lkp-hadayalab-projects-projects.vercel.app,dpl_F1pbZc1zJgTwMvW1W23jN11o9HL4,,,,,"📊 Miner Position Index (BTC): -0.5211564700986901 raw: {""date"":""2025-12-23"",""mpi"":-0.5211564700986901}",prj_70cfabLGqzgIBeQN5cw1Y4AyuxyA,,,,,
2025-12-24 17:15:04,1766596504881,cryptosignal-ai-ptbr-43c4b7lkp-hadayalab-projects-projects.vercel.app/api/cron,GET,,200,frq5s-1766596504337-b188dc952a12,vercel-cron/1.0,info,production,main,MISS,serverless,/api/cron,cryptosignal-ai-ptbr-43c4b7lkp-hadayalab-projects-projects.vercel.app,cryptosignal-ai-ptbr-43c4b7lkp-hadayalab-projects-projects.vercel.app,dpl_F1pbZc1zJgTwMvW1W23jN11o9HL4,,,,,"📊 Exchange Netflow (BTC): -11379.222587299999 raw: {""date"":""2025-12-23"",""netflow_total"":-11379.222587299999}",prj_70cfabLGqzgIBeQN5cw1Y4AyuxyA,,,,,
2025-12-24 17:15:04,1766596504337,cryptosignal-ai-ptbr-43c4b7lkp-hadayalab-projects-projects.vercel.app/api/cron,GET,,200,frq5s-1766596504337-b188dc952a12,vercel-cron/1.0,,production,main,MISS,serverless,/api/cron,cryptosignal-ai-ptbr-43c4b7lkp-hadayalab-projects-projects.vercel.app,cryptosignal-ai-ptbr-43c4b7lkp-hadayalab-projects-projects.vercel.app,dpl_F1pbZc1zJgTwMvW1W23jN11o9HL4,532,iad1,268,2048,,prj_70cfabLGqzgIBeQN5cw1Y4AyuxyA,,,01KD8NPTTDJJ3X8JWJS5FKB07S,ZE1tny7hARfv,1
2025-12-24 17:00:04,1766595604314,cryptosignal-ai-ptbr-43c4b7lkp-hadayalab-projects-projects.vercel.app/api/cron,GET,,200,2dzgl-1766595604269-e9132a15c80c,vercel-cron/1.0,info,production,main,MISS,serverless,/api/cron,cryptosignal-ai-ptbr-43c4b7lkp-hadayalab-projects-projects.vercel.app,cryptosignal-ai-ptbr-43c4b7lkp-hadayalab-projects-projects.vercel.app,dpl_F1pbZc1zJgTwMvW1W23jN11o9HL4,,,,,🚀 Cron Job Started: Whale Monitor,prj_70cfabLGqzgIBeQN5cw1Y4AyuxyA,,,,,
2025-12-24 17:00:04,1766595604314,cryptosignal-ai-ptbr-43c4b7lkp-hadayalab-projects-projects.vercel.app/api/cron,GET,,200,2dzgl-1766595604269-e9132a15c80c,vercel-cron/1.0,info,production,main,MISS,serverless,/api/cron,cryptosignal-ai-ptbr-43c4b7lkp-hadayalab-projects-projects.vercel.app,cryptosignal-ai-ptbr-43c4b7lkp-hadayalab-projects-projects.vercel.app,dpl_F1pbZc1zJgTwMvW1W23jN11o9HL4,,,,,"Slot check => utcHour=17, utcMinute=0, isRegularSlot=false, force=false",prj_70cfabLGqzgIBeQN5cw1Y4AyuxyA,,,,,
2025-12-24 17:00:04,1766595604314,cryptosignal-ai-ptbr-43c4b7lkp-hadayalab-projects-projects.vercel.app/api/cron,GET,,200,2dzgl-1766595604269-e9132a15c80c,vercel-cron/1.0,info,production,main,MISS,serverless,/api/cron,cryptosignal-ai-ptbr-43c4b7lkp-hadayalab-projects-projects.vercel.app,cryptosignal-ai-ptbr-43c4b7lkp-hadayalab-projects-projects.vercel.app,dpl_F1pbZc1zJgTwMvW1W23jN11o9HL4,,,,,🌐 Fetching: https://api.cryptoquant.com/v1/btc/exchange-flows/netflow?exchange=all_exchange&window=day&limit=1,prj_70cfabLGqzgIBeQN5cw1Y4AyuxyA,,,,,
2025-12-24 17:00:04,1766595604323,cryptosignal-ai-ptbr-43c4b7lkp-hadayalab-projects-projects.vercel.app/api/cron,GET,,200,2dzgl-1766595604269-e9132a15c80c,vercel-cron/1.0,info,production,main,MISS,serverless,/api/cron,cryptosignal-ai-ptbr-43c4b7lkp-hadayalab-projects-projects.vercel.app,cryptosignal-ai-ptbr-43c4b7lkp-hadayalab-projects-projects.vercel.app,dpl_F1pbZc1zJgTwMvW1W23jN11o9HL4,,,,,🌐 Fetching: https://api.cryptoquant.com/v1/btc/flow-indicator/mpi?window=day&limit=1,prj_70cfabLGqzgIBeQN5cw1Y4AyuxyA,,,,,
2025-12-24 17:00:04,1766595604557,cryptosignal-ai-ptbr-43c4b7lkp-hadayalab-projects-projects.vercel.app/api/cron,GET,,200,2dzgl-1766595604269-e9132a15c80c,vercel-cron/1.0,info,production,main,MISS,serverless,/api/cron,cryptosignal-ai-ptbr-43c4b7lkp-hadayalab-projects-projects.vercel.app,cryptosignal-ai-ptbr-43c4b7lkp-hadayalab-projects-projects.vercel.app,dpl_F1pbZc1zJgTwMvW1W23jN11o9HL4,,,,,"📊 Miner Position Index (BTC): -0.5211564700986901 raw: {""date"":""2025-12-23"",""mpi"":-0.5211564700986901}",prj_70cfabLGqzgIBeQN5cw1Y4AyuxyA,,,,,
2025-12-24 17:00:04,1766595604586,cryptosignal-ai-ptbr-43c4b7lkp-hadayalab-projects-projects.vercel.app/api/cron,GET,,200,2dzgl-1766595604269-e9132a15c80c,vercel-cron/1.0,info,production,main,MISS,serverless,/api/cron,cryptosignal-ai-ptbr-43c4b7lkp-hadayalab-projects-projects.vercel.app,cryptosignal-ai-ptbr-43c4b7lkp-hadayalab-projects-projects.vercel.app,dpl_F1pbZc1zJgTwMvW1W23jN11o9HL4,,,,,"📊 Exchange Netflow (BTC): -11379.222587299999 raw: {""date"":""2025-12-23"",""netflow_total"":-11379.222587299999}",prj_70cfabLGqzgIBeQN5cw1Y4AyuxyA,,,,,
2025-12-24 17:00:04,1766595604269,cryptosignal-ai-ptbr-43c4b7lkp-hadayalab-projects-projects.vercel.app/api/cron,GET,,200,2dzgl-1766595604269-e9132a15c80c,vercel-cron/1.0,,production,main,MISS,serverless,/api/cron,cryptosignal-ai-ptbr-43c4b7lkp-hadayalab-projects-projects.vercel.app,cryptosignal-ai-ptbr-43c4b7lkp-hadayalab-projects-projects.vercel.app,dpl_F1pbZc1zJgTwMvW1W23jN11o9HL4,364,iad1,275,2048,,prj_70cfabLGqzgIBeQN5cw1Y4AyuxyA,,,01KD8MVBSVWQRNJXGJX475RFND,j2YD5buWZDj1,1
2025-12-24 16:45:04,1766594704226,cryptosignal-ai-ptbr-43c4b7lkp-hadayalab-projects-projects.vercel.app/api/cron,GET,,200,stjs2-1766594704149-e524b36bc5df,vercel-cron/1.0,info,production,main,MISS,serverless,/api/cron,cryptosignal-ai-ptbr-43c4b7lkp-hadayalab-projects-projects.vercel.app,cryptosignal-ai-ptbr-43c4b7lkp-hadayalab-projects-projects.vercel.app,dpl_F1pbZc1zJgTwMvW1W23jN11o9HL4,,,,,🚀 Cron Job Started: Whale Monitor,prj_70cfabLGqzgIBeQN5cw1Y4AyuxyA,,,,,
2025-12-24 16:45:04,1766594704226,cryptosignal-ai-ptbr-43c4b7lkp-hadayalab-projects-projects.vercel.app/api/cron,GET,,200,stjs2-1766594704149-e524b36bc5df,vercel-cron/1.0,info,production,main,MISS,serverless,/api/cron,cryptosignal-ai-ptbr-43c4b7lkp-hadayalab-projects-projects.vercel.app,cryptosignal-ai-ptbr-43c4b7lkp-hadayalab-projects-projects.vercel.app,dpl_F1pbZc1zJgTwMvW1W23jN11o9HL4,,,,,"Slot check => utcHour=16, utcMinute=45, isRegularSlot=false, force=false",prj_70cfabLGqzgIBeQN5cw1Y4AyuxyA,,,,,
2025-12-24 16:45:04,1766594704226,cryptosignal-ai-ptbr-43c4b7lkp-hadayalab-projects-projects.vercel.app/api/cron,GET,,200,stjs2-1766594704149-e524b36bc5df,vercel-cron/1.0,info,production,main,MISS,serverless,/api/cron,cryptosignal-ai-ptbr-43c4b7lkp-hadayalab-projects-projects.vercel.app,cryptosignal-ai-ptbr-43c4b7lkp-hadayalab-projects-projects.vercel.app,dpl_F1pbZc1zJgTwMvW1W23jN11o9HL4,,,,,🌐 Fetching: https://api.cryptoquant.com/v1/btc/exchange-flows/netflow?exchange=all_exchange&window=day&limit=1,prj_70cfabLGqzgIBeQN5cw1Y4AyuxyA,,,,,
2025-12-24 16:45:04,1766594704226,cryptosignal-ai-ptbr-43c4b7lkp-hadayalab-projects-projects.vercel.app/api/cron,GET,,200,stjs2-1766594704149-e524b36bc5df,vercel-cron/1.0,info,production,main,MISS,serverless,/api/cron,cryptosignal-ai-ptbr-43c4b7lkp-hadayalab-projects-projects.vercel.app,cryptosignal-ai-ptbr-43c4b7lkp-hadayalab-projects-projects.vercel.app,dpl_F1pbZc1zJgTwMvW1W23jN11o9HL4,,,,,🌐 Fetching: https://api.cryptoquant.com/v1/btc/flow-indicator/mpi?window=day&limit=1,prj_70cfabLGqzgIBeQN5cw1Y4AyuxyA,,,,,
2025-12-24 16:45:04,1766594704431,cryptosignal-ai-ptbr-43c4b7lkp-hadayalab-projects-projects.vercel.app/api/cron,GET,,200,stjs2-1766594704149-e524b36bc5df,vercel-cron/1.0,info,production,main,MISS,serverless,/api/cron,cryptosignal-ai-ptbr-43c4b7lkp-hadayalab-projects-projects.vercel.app,cryptosignal-ai-ptbr-43c4b7lkp-hadayalab-projects-projects.vercel.app,dpl_F1pbZc1zJgTwMvW1W23jN11o9HL4,,,,,"📊 Exchange Netflow (BTC): -11379.222587299999 raw: {""date"":""2025-12-23"",""netflow_total"":-11379.222587299999}",prj_70cfabLGqzgIBeQN5cw1Y4AyuxyA,,,,,
2025-12-24 16:45:04,1766594704451,cryptosignal-ai-ptbr-43c4b7lkp-hadayalab-projects-projects.vercel.app/api/cron,GET,,200,stjs2-1766594704149-e524b36bc5df,vercel-cron/1.0,info,production,main,MISS,serverless,/api/cron,cryptosignal-ai-ptbr-43c4b7lkp-hadayalab-projects-projects.vercel.app,cryptosignal-ai-ptbr-43c4b7lkp-hadayalab-projects-projects.vercel.app,dpl_F1pbZc1zJgTwMvW1W23jN11o9HL4,,,,,"📊 Miner Position Index (BTC): -0.5211564700986901 raw: {""date"":""2025-12-23"",""mpi"":-0.5211564700986901}",prj_70cfabLGqzgIBeQN5cw1Y4AyuxyA,,,,,
2025-12-24 16:45:04,1766594704149,cryptosignal-ai-ptbr-43c4b7lkp-hadayalab-projects-projects.vercel.app/api/cron,GET,,200,stjs2-1766594704149-e524b36bc5df,vercel-cron/1.0,,production,main,MISS,serverless,/api/cron,cryptosignal-ai-ptbr-43c4b7lkp-hadayalab-projects-projects.vercel.app,cryptosignal-ai-ptbr-43c4b7lkp-hadayalab-projects-projects.vercel.app,dpl_F1pbZc1zJgTwMvW1W23jN11o9HL4,306,iad1,274,2048,,prj_70cfabLGqzgIBeQN5cw1Y4AyuxyA,,,01KD8KZWT5Z6YQS0426VRPZT4V,j2YD5buWZDj1,1
2025-12-24 16:30:04,1766593804207,cryptosignal-ai-ptbr-43c4b7lkp-hadayalab-projects-projects.vercel.app/api/cron,GET,,200,rsxtw-1766593804150-b4310b686d97,vercel-cron/1.0,info,production,main,MISS,serverless,/api/cron,cryptosignal-ai-ptbr-43c4b7lkp-hadayalab-projects-projects.vercel.app,cryptosignal-ai-ptbr-43c4b7lkp-hadayalab-projects-projects.vercel.app,dpl_F1pbZc1zJgTwMvW1W23jN11o9HL4,,,,,🚀 Cron Job Started: Whale Monitor,prj_70cfabLGqzgIBeQN5cw1Y4AyuxyA,,,,,
2025-12-24 16:30:04,1766593804207,cryptosignal-ai-ptbr-43c4b7lkp-hadayalab-projects-projects.vercel.app/api/cron,GET,,200,rsxtw-1766593804150-b4310b686d97,vercel-cron/1.0,info,production,main,MISS,serverless,/api/cron,cryptosignal-ai-ptbr-43c4b7lkp-hadayalab-projects-projects.vercel.app,cryptosignal-ai-ptbr-43c4b7lkp-hadayalab-projects-projects.vercel.app,dpl_F1pbZc1zJgTwMvW1W23jN11o9HL4,,,,,"Slot check => utcHour=16, utcMinute=30, isRegularSlot=false, force=false",prj_70cfabLGqzgIBeQN5cw1Y4AyuxyA,,,,,
2025-12-24 16:30:04,1766593804207,cryptosignal-ai-ptbr-43c4b7lkp-hadayalab-projects-projects.vercel.app/api/cron,GET,,200,rsxtw-1766593804150-b4310b686d97,vercel-cron/1.0,info,production,main,MISS,serverless,/api/cron,cryptosignal-ai-ptbr-43c4b7lkp-hadayalab-projects-projects.vercel.app,cryptosignal-ai-ptbr-43c4b7lkp-hadayalab-projects-projects.vercel.app,dpl_F1pbZc1zJgTwMvW1W23jN11o9HL4,,,,,🌐 Fetching: https://api.cryptoquant.com/v1/btc/exchange-flows/netflow?exchange=all_exchange&window=day&limit=1,prj_70cfabLGqzgIBeQN5cw1Y4AyuxyA,,,,,
2025-12-24 16:30:04,1766593804210,cryptosignal-ai-ptbr-43c4b7lkp-hadayalab-projects-projects.vercel.app/api/cron,GET,,200,rsxtw-1766593804150-b4310b686d97,vercel-cron/1.0,info,production,main,MISS,serverless,/api/cron,cryptosignal-ai-ptbr-43c4b7lkp-hadayalab-projects-projects.vercel.app,cryptosignal-ai-ptbr-43c4b7lkp-hadayalab-projects-projects.vercel.app,dpl_F1pbZc1zJgTwMvW1W23jN11o9HL4,,,,,🌐 Fetching: https://api.cryptoquant.com/v1/btc/flow-indicator/mpi?window=day&limit=1,prj_70cfabLGqzgIBeQN5cw1Y4AyuxyA,,,,,
2025-12-24 16:30:04,1766593804390,cryptosignal-ai-ptbr-43c4b7lkp-hadayalab-projects-projects.vercel.app/api/cron,GET,,200,rsxtw-1766593804150-b4310b686d97,vercel-cron/1.0,info,production,main,MISS,serverless,/api/cron,cryptosignal-ai-ptbr-43c4b7lkp-hadayalab-projects-projects.vercel.app,cryptosignal-ai-ptbr-43c4b7lkp-hadayalab-projects-projects.vercel.app,dpl_F1pbZc1zJgTwMvW1W23jN11o9HL4,,,,,"📊 Exchange Netflow (BTC): -11379.222587299999 raw: {""date"":""2025-12-23"",""netflow_total"":-11379.222587299999}",prj_70cfabLGqzgIBeQN5cw1Y4AyuxyA,,,,,
2025-12-24 16:30:04,1766593804443,cryptosignal-ai-ptbr-43c4b7lkp-hadayalab-projects-projects.vercel.app/api/cron,GET,,200,rsxtw-1766593804150-b4310b686d97,vercel-cron/1.0,info,production,main,MISS,serverless,/api/cron,cryptosignal-ai-ptbr-43c4b7lkp-hadayalab-projects-projects.vercel.app,cryptosignal-ai-ptbr-43c4b7lkp-hadayalab-projects-projects.vercel.app,dpl_F1pbZc1zJgTwMvW1W23jN11o9HL4,,,,,"📊 Miner Position Index (BTC): -0.5211564700986901 raw: {""date"":""2025-12-23"",""mpi"":-0.5211564700986901}",prj_70cfabLGqzgIBeQN5cw1Y4AyuxyA,,,,,
2025-12-24 16:30:04,1766593804150,cryptosignal-ai-ptbr-43c4b7lkp-hadayalab-projects-projects.vercel.app/api/cron,GET,,200,rsxtw-1766593804150-b4310b686d97,vercel-cron/1.0,,production,main,MISS,serverless,/api/cron,cryptosignal-ai-ptbr-43c4b7lkp-hadayalab-projects-projects.vercel.app,cryptosignal-ai-ptbr-43c4b7lkp-hadayalab-projects-projects.vercel.app,dpl_F1pbZc1zJgTwMvW1W23jN11o9HL4,313,iad1,274,2048,,prj_70cfabLGqzgIBeQN5cw1Y4AyuxyA,,,01KD8K4DWK3QNBXJPB4ZW90S11,j2YD5buWZDj1,1
2025-12-24 16:15:04,1766592904319,cryptosignal-ai-ptbr-43c4b7lkp-hadayalab-projects-projects.vercel.app/api/cron,GET,,200,c67pk-1766592904283-96c17fd1ed52,vercel-cron/1.0,info,production,main,MISS,serverless,/api/cron,cryptosignal-ai-ptbr-43c4b7lkp-hadayalab-projects-projects.vercel.app,cryptosignal-ai-ptbr-43c4b7lkp-hadayalab-projects-projects.vercel.app,dpl_F1pbZc1zJgTwMvW1W23jN11o9HL4,,,,,🚀 Cron Job Started: Whale Monitor,prj_70cfabLGqzgIBeQN5cw1Y4AyuxyA,,,,,
2025-12-24 16:15:04,1766592904319,cryptosignal-ai-ptbr-43c4b7lkp-hadayalab-projects-projects.vercel.app/api/cron,GET,,200,c67pk-1766592904283-96c17fd1ed52,vercel-cron/1.0,info,production,main,MISS,serverless,/api/cron,cryptosignal-ai-ptbr-43c4b7lkp-hadayalab-projects-projects.vercel.app,cryptosignal-ai-ptbr-43c4b7lkp-hadayalab-projects-projects.vercel.app,dpl_F1pbZc1zJgTwMvW1W23jN11o9HL4,,,,,"Slot check => utcHour=16, utcMinute=15, isRegularSlot=false, force=false",prj_70cfabLGqzgIBeQN5cw1Y4AyuxyA,,,,,
2025-12-24 16:15:04,1766592904319,cryptosignal-ai-ptbr-43c4b7lkp-hadayalab-projects-projects.vercel.app/api/cron,GET,,200,c67pk-1766592904283-96c17fd1ed52,vercel-cron/1.0,info,production,main,MISS,serverless,/api/cron,cryptosignal-ai-ptbr-43c4b7lkp-hadayalab-projects-projects.vercel.app,cryptosignal-ai-ptbr-43c4b7lkp-hadayalab-projects-projects.vercel.app,dpl_F1pbZc1zJgTwMvW1W23jN11o9HL4,,,,,🌐 Fetching: https://api.cryptoquant.com/v1/btc/exchange-flows/netflow?exchange=all_exchange&window=day&limit=1,prj_70cfabLGqzgIBeQN5cw1Y4AyuxyA,,,,,
2025-12-24 16:15:04,1766592904319,cryptosignal-ai-ptbr-43c4b7lkp-hadayalab-projects-projects.vercel.app/api/cron,GET,,200,c67pk-1766592904283-96c17fd1ed52,vercel-cron/1.0,info,production,main,MISS,serverless,/api/cron,cryptosignal-ai-ptbr-43c4b7lkp-hadayalab-projects-projects.vercel.app,cryptosignal-ai-ptbr-43c4b7lkp-hadayalab-projects-projects.vercel.app,dpl_F1pbZc1zJgTwMvW1W23jN11o9HL4,,,,,🌐 Fetching: https://api.cryptoquant.com/v1/btc/flow-indicator/mpi?window=day&limit=1,prj_70cfabLGqzgIBeQN5cw1Y4AyuxyA,,,,,
2025-12-24 16:15:04,1766592904494,cryptosignal-ai-ptbr-43c4b7lkp-hadayalab-projects-projects.vercel.app/api/cron,GET,,200,c67pk-1766592904283-96c17fd1ed52,vercel-cron/1.0,info,production,main,MISS,serverless,/api/cron,cryptosignal-ai-ptbr-43c4b7lkp-hadayalab-projects-projects.vercel.app,cryptosignal-ai-ptbr-43c4b7lkp-hadayalab-projects-projects.vercel.app,dpl_F1pbZc1zJgTwMvW1W23jN11o9HL4,,,,,"📊 Exchange Netflow (BTC): -11379.222587299999 raw: {""date"":""2025-12-23"",""netflow_total"":-11379.222587299999}",prj_70cfabLGqzgIBeQN5cw1Y4AyuxyA,,,,,
2025-12-24 16:15:04,1766592904513,cryptosignal-ai-ptbr-43c4b7lkp-hadayalab-projects-projects.vercel.app/api/cron,GET,,200,c67pk-1766592904283-96c17fd1ed52,vercel-cron/1.0,info,production,main,MISS,serverless,/api/cron,cryptosignal-ai-ptbr-43c4b7lkp-hadayalab-projects-projects.vercel.app,cryptosignal-ai-ptbr-43c4b7lkp-hadayalab-projects-projects.vercel.app,dpl_F1pbZc1zJgTwMvW1W23jN11o9HL4,,,,,"📊 Miner Position Index (BTC): -0.5211564700986901 raw: {""date"":""2025-12-23"",""mpi"":-0.5211564700986901}",prj_70cfabLGqzgIBeQN5cw1Y4AyuxyA,,,,,
2025-12-24 16:15:04,1766592904283,cryptosignal-ai-ptbr-43c4b7lkp-hadayalab-projects-projects.vercel.app/api/cron,GET,,200,c67pk-1766592904283-96c17fd1ed52,vercel-cron/1.0,,production,main,MISS,serverless,/api/cron,cryptosignal-ai-ptbr-43c4b7lkp-hadayalab-projects-projects.vercel.app,cryptosignal-ai-ptbr-43c4b7lkp-hadayalab-projects-projects.vercel.app,dpl_F1pbZc1zJgTwMvW1W23jN11o9HL4,260,iad1,274,2048,,prj_70cfabLGqzgIBeQN5cw1Y4AyuxyA,,,01KD8J8Z3BBS696KSNWQ6KX7TD,j2YD5buWZDj1,1
2025-12-24 16:00:04,1766592004405,cryptosignal-ai-ptbr-43c4b7lkp-hadayalab-projects-projects.vercel.app/api/cron,GET,,200,lldvq-1766592004352-108dfaeb0bbd,vercel-cron/1.0,info,production,main,MISS,serverless,/api/cron,cryptosignal-ai-ptbr-43c4b7lkp-hadayalab-projects-projects.vercel.app,cryptosignal-ai-ptbr-43c4b7lkp-hadayalab-projects-projects.vercel.app,dpl_F1pbZc1zJgTwMvW1W23jN11o9HL4,,,,,🚀 Cron Job Started: Whale Monitor,prj_70cfabLGqzgIBeQN5cw1Y4AyuxyA,,,,,
2025-12-24 16:00:04,1766592004406,cryptosignal-ai-ptbr-43c4b7lkp-hadayalab-projects-projects.vercel.app/api/cron,GET,,200,lldvq-1766592004352-108dfaeb0bbd,vercel-cron/1.0,info,production,main,MISS,serverless,/api/cron,cryptosignal-ai-ptbr-43c4b7lkp-hadayalab-projects-projects.vercel.app,cryptosignal-ai-ptbr-43c4b7lkp-hadayalab-projects-projects.vercel.app,dpl_F1pbZc1zJgTwMvW1W23jN11o9HL4,,,,,"Slot check => utcHour=16, utcMinute=0, isRegularSlot=true, force=false",prj_70cfabLGqzgIBeQN5cw1Y4AyuxyA,,,,,
2025-12-24 16:00:04,1766592004406,cryptosignal-ai-ptbr-43c4b7lkp-hadayalab-projects-projects.vercel.app/api/cron,GET,,200,lldvq-1766592004352-108dfaeb0bbd,vercel-cron/1.0,info,production,main,MISS,serverless,/api/cron,cryptosignal-ai-ptbr-43c4b7lkp-hadayalab-projects-projects.vercel.app,cryptosignal-ai-ptbr-43c4b7lkp-hadayalab-projects-projects.vercel.app,dpl_F1pbZc1zJgTwMvW1W23jN11o9HL4,,,,,🌐 Fetching: https://api.cryptoquant.com/v1/btc/exchange-flows/netflow?exchange=all_exchange&window=day&limit=1,prj_70cfabLGqzgIBeQN5cw1Y4AyuxyA,,,,,
2025-12-24 16:00:04,1766592004406,cryptosignal-ai-ptbr-43c4b7lkp-hadayalab-projects-projects.vercel.app/api/cron,GET,,200,lldvq-1766592004352-108dfaeb0bbd,vercel-cron/1.0,info,production,main,MISS,serverless,/api/cron,cryptosignal-ai-ptbr-43c4b7lkp-hadayalab-projects-projects.vercel.app,cryptosignal-ai-ptbr-43c4b7lkp-hadayalab-projects-projects.vercel.app,dpl_F1pbZc1zJgTwMvW1W23jN11o9HL4,,,,,🌐 Fetching: https://api.cryptoquant.com/v1/btc/flow-indicator/mpi?window=day&limit=1,prj_70cfabLGqzgIBeQN5cw1Y4AyuxyA,,,,,
2025-12-24 16:00:04,1766592004571,cryptosignal-ai-ptbr-43c4b7lkp-hadayalab-projects-projects.vercel.app/api/cron,GET,,200,lldvq-1766592004352-108dfaeb0bbd,vercel-cron/1.0,info,production,main,MISS,serverless,/api/cron,cryptosignal-ai-ptbr-43c4b7lkp-hadayalab-projects-projects.vercel.app,cryptosignal-ai-ptbr-43c4b7lkp-hadayalab-projects-projects.vercel.app,dpl_F1pbZc1zJgTwMvW1W23jN11o9HL4,,,,,"📊 Exchange Netflow (BTC): -11379.222587299999 raw: {""date"":""2025-12-23"",""netflow_total"":-11379.222587299999}",prj_70cfabLGqzgIBeQN5cw1Y4AyuxyA,,,,,
2025-12-24 16:00:04,1766592004762,cryptosignal-ai-ptbr-43c4b7lkp-hadayalab-projects-projects.vercel.app/api/cron,GET,,200,lldvq-1766592004352-108dfaeb0bbd,vercel-cron/1.0,info,production,main,MISS,serverless,/api/cron,cryptosignal-ai-ptbr-43c4b7lkp-hadayalab-projects-projects.vercel.app,cryptosignal-ai-ptbr-43c4b7lkp-hadayalab-projects-projects.vercel.app,dpl_F1pbZc1zJgTwMvW1W23jN11o9HL4,,,,,"📊 Miner Position Index (BTC): -0.5211564700986901 raw: {""date"":""2025-12-23"",""mpi"":-0.5211564700986901}",prj_70cfabLGqzgIBeQN5cw1Y4AyuxyA,,,,,
2025-12-24 16:00:35,1766592035727,cryptosignal-ai-ptbr-43c4b7lkp-hadayalab-projects-projects.vercel.app/api/cron,GET,,200,lldvq-1766592004352-108dfaeb0bbd,vercel-cron/1.0,info,production,main,MISS,serverless,/api/cron,cryptosignal-ai-ptbr-43c4b7lkp-hadayalab-projects-projects.vercel.app,cryptosignal-ai-ptbr-43c4b7lkp-hadayalab-projects-projects.vercel.app,dpl_F1pbZc1zJgTwMvW1W23jN11o9HL4,,,,,Sending REGULAR message...,prj_70cfabLGqzgIBeQN5cw1Y4AyuxyA,,,,,
2025-12-24 16:00:35,1766592035728,cryptosignal-ai-ptbr-43c4b7lkp-hadayalab-projects-projects.vercel.app/api/cron,GET,,200,lldvq-1766592004352-108dfaeb0bbd,vercel-cron/1.0,info,production,main,MISS,serverless,/api/cron,cryptosignal-ai-ptbr-43c4b7lkp-hadayalab-projects-projects.vercel.app,cryptosignal-ai-ptbr-43c4b7lkp-hadayalab-projects-projects.vercel.app,dpl_F1pbZc1zJgTwMvW1W23jN11o9HL4,,,,,🌐 Fetching: https://api.cryptoquant.com/v1/btc/exchange-flows/netflow?exchange=all_exchange&window=day&limit=1,prj_70cfabLGqzgIBeQN5cw1Y4AyuxyA,,,,,
2025-12-24 16:00:35,1766592035729,cryptosignal-ai-ptbr-43c4b7lkp-hadayalab-projects-projects.vercel.app/api/cron,GET,,200,lldvq-1766592004352-108dfaeb0bbd,vercel-cron/1.0,info,production,main,MISS,serverless,/api/cron,cryptosignal-ai-ptbr-43c4b7lkp-hadayalab-projects-projects.vercel.app,cryptosignal-ai-ptbr-43c4b7lkp-hadayalab-projects-projects.vercel.app,dpl_F1pbZc1zJgTwMvW1W23jN11o9HL4,,,,,🌐 Fetching: https://api.cryptoquant.com/v1/btc/flow-indicator/mpi?window=day&limit=1,prj_70cfabLGqzgIBeQN5cw1Y4AyuxyA,,,,,
2025-12-24 16:00:35,1766592035906,cryptosignal-ai-ptbr-43c4b7lkp-hadayalab-projects-projects.vercel.app/api/cron,GET,,200,lldvq-1766592004352-108dfaeb0bbd,vercel-cron/1.0,info,production,main,MISS,serverless,/api/cron,cryptosignal-ai-ptbr-43c4b7lkp-hadayalab-projects-projects.vercel.app,cryptosignal-ai-ptbr-43c4b7lkp-hadayalab-projects-projects.vercel.app,dpl_F1pbZc1zJgTwMvW1W23jN11o9HL4,,,,,"📊 Exchange Netflow (BTC): -11379.222587299999 raw: {""date"":""2025-12-23"",""netflow_total"":-11379.222587299999}",prj_70cfabLGqzgIBeQN5cw1Y4AyuxyA,,,,,
2025-12-24 16:00:35,1766592035923,cryptosignal-ai-ptbr-43c4b7lkp-hadayalab-projects-projects.vercel.app/api/cron,GET,,200,lldvq-1766592004352-108dfaeb0bbd,vercel-cron/1.0,info,production,main,MISS,serverless,/api/cron,cryptosignal-ai-ptbr-43c4b7lkp-hadayalab-projects-projects.vercel.app,cryptosignal-ai-ptbr-43c4b7lkp-hadayalab-projects-projects.vercel.app,dpl_F1pbZc1zJgTwMvW1W23jN11o9HL4,,,,,"📊 Miner Position Index (BTC): -0.5211564700986901 raw: {""date"":""2025-12-23"",""mpi"":-0.5211564700986901}",prj_70cfabLGqzgIBeQN5cw1Y4AyuxyA,,,,,
2025-12-24 16:00:36,1766592036482,cryptosignal-ai-ptbr-43c4b7lkp-hadayalab-projects-projects.vercel.app/api/cron,GET,,200,lldvq-1766592004352-108dfaeb0bbd,vercel-cron/1.0,info,production,main,MISS,serverless,/api/cron,cryptosignal-ai-ptbr-43c4b7lkp-hadayalab-projects-projects.vercel.app,cryptosignal-ai-ptbr-43c4b7lkp-hadayalab-projects-projects.vercel.app,dpl_F1pbZc1zJgTwMvW1W23jN11o9HL4,,,,,"📨 Telegram sent: {
  ""ok"": true,
  ""result"": {
    ""message_id"": 84,
    ""from"": {
      ""id"": 8535744390,
      ""is_bot"": true,
      ""first_name"": ""CryptoSignal AI PT-BR"",
      ""username"": ""CryptoSignal_AI_PTBR_bot""
    },
    ""chat"": {
      ""id"": -1003401011131,
      ""title"": ""CryptoSignal AI – Starter Signals (PT-BR)"",
      ""type"": ""supergroup""
    },
    ""date"": 1766592036,
    ""text"": ""📚 Market Leak do Dr. Grok\nBriefing da sessão @ 2025-12-24 16:00:04 UTC\n\n💰 Preço do BTC: $86,913 (-0.51% / 24h)\n📊 Fluxo líquido nas exchanges: Outflow 11379 BTC\n⛏ Miners' Position Index (MPI): -0.52\n🧠 Sentimento de mercado: Extreme Fear\n\n📈 Score de mercado: 19/100\n✅ Detector de armadilhas: Nenhuma armadilha crítica detectada.\n\n🎯 Veredito de trade\n🛡️ Sinal: BUG STANDBY (Defense Active)\n• Entrada (ref. spot): $86,913\n• Modo: Bug Standby — sem edge limpo. Fique de fora e proteja o capital.\n• Take Profit: n/a\n• Stop Loss: n/a\n\n🧬 Visão do Dr. Grok\nO conteúdo abaixo é uma ideia estratégica, não um sinal oficial de entrada True Bug. Siga apenas se estiver alinhado com o seu plano e gestão de risco.\nEi, trader! Dr. Grok aqui, direto do front das criptos no X. Vamos ao que importa no BTC agora:\n\nSituação atual: Preço em US$86.913, caindo leve -0.5% em 24h. Inflow negativo forte (-11k), MPI caindo (-0.52), e sentimento em \""Extreme Fear\"". Baleias neutras (bias 0), retail com FOMO médio (50), sem impacto de notícias. Score baixo (19), sinal NENHUM. Sem armadilha detectada.\n\nAnálise tática: Mercado em medo extremo, com saída de grana – risco de mais downside se o pânico rolar. Baleias paradas, retail indeciso. Nenhum sinal claro pra entrar; isso grita \""espera e observa\"".\n\nRisco primeiro: Alta volatilidade no ar. Se for long, SL apertado abaixo de 85k pra evitar wipeout. Short? Cuidado com rebound falso. Sem TP/SL definidos, não force trade – liquidez baixa pode virar trap.\n\nMeu call: Fique de fora por enquanto. Espere inflow positivo ou quebra de resistência pra bullish. Monitore whales no X pra viradas. Trade smart, não FOMO! Qual sua posição atual?\n\nApenas para fins educacionais. Não constitui recomendação ou aconselhamento financeiro."",
    ""entities"": [
      {
        ""offset"": 227,
        ""length"": 12,
        ""type"": ""bold""
      }
    ]
  }
}",prj_70cfabLGqzgIBeQN5cw1Y4AyuxyA,,,,,
2025-12-24 16:00:04,1766592004352,cryptosignal-ai-ptbr-43c4b7lkp-hadayalab-projects-projects.vercel.app/api/cron,GET,,200,lldvq-1766592004352-108dfaeb0bbd,vercel-cron/1.0,,production,main,MISS,serverless,/api/cron,cryptosignal-ai-ptbr-43c4b7lkp-hadayalab-projects-projects.vercel.app,cryptosignal-ai-ptbr-43c4b7lkp-hadayalab-projects-projects.vercel.app,dpl_F1pbZc1zJgTwMvW1W23jN11o9HL4,32087,iad1,274,2048,,prj_70cfabLGqzgIBeQN5cw1Y4AyuxyA,,,01KD8HDG8MR613VGGNXHXPJYQQ,j2YD5buWZDj1,1
2025-12-24 15:45:04,1766591104294,cryptosignal-ai-ptbr-43c4b7lkp-hadayalab-projects-projects.vercel.app/api/cron,GET,,200,mfv65-1766591104249-bc7abedbd25b,vercel-cron/1.0,info,production,main,MISS,serverless,/api/cron,cryptosignal-ai-ptbr-43c4b7lkp-hadayalab-projects-projects.vercel.app,cryptosignal-ai-ptbr-43c4b7lkp-hadayalab-projects-projects.vercel.app,dpl_F1pbZc1zJgTwMvW1W23jN11o9HL4,,,,,🚀 Cron Job Started: Whale Monitor,prj_70cfabLGqzgIBeQN5cw1Y4AyuxyA,,,,,
2025-12-24 15:45:04,1766591104294,cryptosignal-ai-ptbr-43c4b7lkp-hadayalab-projects-projects.vercel.app/api/cron,GET,,200,mfv65-1766591104249-bc7abedbd25b,vercel-cron/1.0,info,production,main,MISS,serverless,/api/cron,cryptosignal-ai-ptbr-43c4b7lkp-hadayalab-projects-projects.vercel.app,cryptosignal-ai-ptbr-43c4b7lkp-hadayalab-projects-projects.vercel.app,dpl_F1pbZc1zJgTwMvW1W23jN11o9HL4,,,,,"Slot check => utcHour=15, utcMinute=45, isRegularSlot=false, force=false",prj_70cfabLGqzgIBeQN5cw1Y4AyuxyA,,,,,
2025-12-24 15:45:04,1766591104295,cryptosignal-ai-ptbr-43c4b7lkp-hadayalab-projects-projects.vercel.app/api/cron,GET,,200,mfv65-1766591104249-bc7abedbd25b,vercel-cron/1.0,info,production,main,MISS,serverless,/api/cron,cryptosignal-ai-ptbr-43c4b7lkp-hadayalab-projects-projects.vercel.app,cryptosignal-ai-ptbr-43c4b7lkp-hadayalab-projects-projects.vercel.app,dpl_F1pbZc1zJgTwMvW1W23jN11o9HL4,,,,,🌐 Fetching: https://api.cryptoquant.com/v1/btc/exchange-flows/netflow?exchange=all_exchange&window=day&limit=1,prj_70cfabLGqzgIBeQN5cw1Y4AyuxyA,,,,,
2025-12-24 15:45:04,1766591104297,cryptosignal-ai-ptbr-43c4b7lkp-hadayalab-projects-projects.vercel.app/api/cron,GET,,200,mfv65-1766591104249-bc7abedbd25b,vercel-cron/1.0,info,production,main,MISS,serverless,/api/cron,cryptosignal-ai-ptbr-43c4b7lkp-hadayalab-projects-projects.vercel.app,cryptosignal-ai-ptbr-43c4b7lkp-hadayalab-projects-projects.vercel.app,dpl_F1pbZc1zJgTwMvW1W23jN11o9HL4,,,,,🌐 Fetching: https://api.cryptoquant.com/v1/btc/flow-indicator/mpi?window=day&limit=1,prj_70cfabLGqzgIBeQN5cw1Y4AyuxyA,,,,,
2025-12-24 15:45:04,1766591104501,cryptosignal-ai-ptbr-43c4b7lkp-hadayalab-projects-projects.vercel.app/api/cron,GET,,200,mfv65-1766591104249-bc7abedbd25b,vercel-cron/1.0,info,production,main,MISS,serverless,/api/cron,cryptosignal-ai-ptbr-43c4b7lkp-hadayalab-projects-projects.vercel.app,cryptosignal-ai-ptbr-43c4b7lkp-hadayalab-projects-projects.vercel.app,dpl_F1pbZc1zJgTwMvW1W23jN11o9HL4,,,,,"📊 Exchange Netflow (BTC): -11379.222587299999 raw: {""date"":""2025-12-23"",""netflow_total"":-11379.222587299999}",prj_70cfabLGqzgIBeQN5cw1Y4AyuxyA,,,,,
2025-12-24 15:45:04,1766591104529,cryptosignal-ai-ptbr-43c4b7lkp-hadayalab-projects-projects.vercel.app/api/cron,GET,,200,mfv65-1766591104249-bc7abedbd25b,vercel-cron/1.0,info,production,main,MISS,serverless,/api/cron,cryptosignal-ai-ptbr-43c4b7lkp-hadayalab-projects-projects.vercel.app,cryptosignal-ai-ptbr-43c4b7lkp-hadayalab-projects-projects.vercel.app,dpl_F1pbZc1zJgTwMvW1W23jN11o9HL4,,,,,"📊 Miner Position Index (BTC): -0.5211564700986901 raw: {""date"":""2025-12-23"",""mpi"":-0.5211564700986901}",prj_70cfabLGqzgIBeQN5cw1Y4AyuxyA,,,,,
2025-12-24 15:45:04,1766591104249,cryptosignal-ai-ptbr-43c4b7lkp-hadayalab-projects-projects.vercel.app/api/cron,GET,,200,mfv65-1766591104249-bc7abedbd25b,vercel-cron/1.0,,production,main,MISS,serverless,/api/cron,cryptosignal-ai-ptbr-43c4b7lkp-hadayalab-projects-projects.vercel.app,cryptosignal-ai-ptbr-43c4b7lkp-hadayalab-projects-projects.vercel.app,dpl_F1pbZc1zJgTwMvW1W23jN11o9HL4,331,iad1,267,2048,,prj_70cfabLGqzgIBeQN5cw1Y4AyuxyA,,,01KD8GJ189YDPTZQ1HYCADHBJ6,j2YD5buWZDj1,1
2025-12-24 15:30:04,1766590204131,cryptosignal-ai-ptbr-43c4b7lkp-hadayalab-projects-projects.vercel.app/api/cron,GET,,200,mqzmz-1766590204086-f16efca25e7b,vercel-cron/1.0,info,production,main,MISS,serverless,/api/cron,cryptosignal-ai-ptbr-43c4b7lkp-hadayalab-projects-projects.vercel.app,cryptosignal-ai-ptbr-43c4b7lkp-hadayalab-projects-projects.vercel.app,dpl_F1pbZc1zJgTwMvW1W23jN11o9HL4,,,,,🚀 Cron Job Started: Whale Monitor,prj_70cfabLGqzgIBeQN5cw1Y4AyuxyA,,,,,
2025-12-24 15:30:04,1766590204131,cryptosignal-ai-ptbr-43c4b7lkp-hadayalab-projects-projects.vercel.app/api/cron,GET,,200,mqzmz-1766590204086-f16efca25e7b,vercel-cron/1.0,info,production,main,MISS,serverless,/api/cron,cryptosignal-ai-ptbr-43c4b7lkp-hadayalab-projects-projects.vercel.app,cryptosignal-ai-ptbr-43c4b7lkp-hadayalab-projects-projects.vercel.app,dpl_F1pbZc1zJgTwMvW1W23jN11o9HL4,,,,,"Slot check => utcHour=15, utcMinute=30, isRegularSlot=false, force=false",prj_70cfabLGqzgIBeQN5cw1Y4AyuxyA,,,,,
2025-12-24 15:30:04,1766590204131,cryptosignal-ai-ptbr-43c4b7lkp-hadayalab-projects-projects.vercel.app/api/cron,GET,,200,mqzmz-1766590204086-f16efca25e7b,vercel-cron/1.0,info,production,main,MISS,serverless,/api/cron,cryptosignal-ai-ptbr-43c4b7lkp-hadayalab-projects-projects.vercel.app,cryptosignal-ai-ptbr-43c4b7lkp-hadayalab-projects-projects.vercel.app,dpl_F1pbZc1zJgTwMvW1W23jN11o9HL4,,,,,🌐 Fetching: https://api.cryptoquant.com/v1/btc/exchange-flows/netflow?exchange=all_exchange&window=day&limit=1,prj_70cfabLGqzgIBeQN5cw1Y4AyuxyA,,,,,
2025-12-24 15:30:04,1766590204132,cryptosignal-ai-ptbr-43c4b7lkp-hadayalab-projects-projects.vercel.app/api/cron,GET,,200,mqzmz-1766590204086-f16efca25e7b,vercel-cron/1.0,info,production,main,MISS,serverless,/api/cron,cryptosignal-ai-ptbr-43c4b7lkp-hadayalab-projects-projects.vercel.app,cryptosignal-ai-ptbr-43c4b7lkp-hadayalab-projects-projects.vercel.app,dpl_F1pbZc1zJgTwMvW1W23jN11o9HL4,,,,,🌐 Fetching: https://api.cryptoquant.com/v1/btc/flow-indicator/mpi?window=day&limit=1,prj_70cfabLGqzgIBeQN5cw1Y4AyuxyA,,,,,
2025-12-24 15:30:04,1766590204320,cryptosignal-ai-ptbr-43c4b7lkp-hadayalab-projects-projects.vercel.app/api/cron,GET,,200,mqzmz-1766590204086-f16efca25e7b,vercel-cron/1.0,info,production,main,MISS,serverless,/api/cron,cryptosignal-ai-ptbr-43c4b7lkp-hadayalab-projects-projects.vercel.app,cryptosignal-ai-ptbr-43c4b7lkp-hadayalab-projects-projects.vercel.app,dpl_F1pbZc1zJgTwMvW1W23jN11o9HL4,,,,,"📊 Exchange Netflow (BTC): -11379.222587299999 raw: {""date"":""2025-12-23"",""netflow_total"":-11379.222587299999}",prj_70cfabLGqzgIBeQN5cw1Y4AyuxyA,,,,,
2025-12-24 15:30:04,1766590204329,cryptosignal-ai-ptbr-43c4b7lkp-hadayalab-projects-projects.vercel.app/api/cron,GET,,200,mqzmz-1766590204086-f16efca25e7b,vercel-cron/1.0,info,production,main,MISS,serverless,/api/cron,cryptosignal-ai-ptbr-43c4b7lkp-hadayalab-projects-projects.vercel.app,cryptosignal-ai-ptbr-43c4b7lkp-hadayalab-projects-projects.vercel.app,dpl_F1pbZc1zJgTwMvW1W23jN11o9HL4,,,,,"📊 Miner Position Index (BTC): -0.5211564700986901 raw: {""date"":""2025-12-23"",""mpi"":-0.5211564700986901}",prj_70cfabLGqzgIBeQN5cw1Y4AyuxyA,,,,,
2025-12-24 15:30:04,1766590204086,cryptosignal-ai-ptbr-43c4b7lkp-hadayalab-projects-projects.vercel.app/api/cron,GET,,200,mqzmz-1766590204086-f16efca25e7b,vercel-cron/1.0,,production,main,MISS,serverless,/api/cron,cryptosignal-ai-ptbr-43c4b7lkp-hadayalab-projects-projects.vercel.app,cryptosignal-ai-ptbr-43c4b7lkp-hadayalab-projects-projects.vercel.app,dpl_F1pbZc1zJgTwMvW1W23jN11o9HL4,276,iad1,265,2048,,prj_70cfabLGqzgIBeQN5cw1Y4AyuxyA,,,01KD8FPJ6713MT95KF5ABH146B,j2YD5buWZDj1,1
2025-12-24 15:15:04,1766589304174,cryptosignal-ai-ptbr-43c4b7lkp-hadayalab-projects-projects.vercel.app/api/cron,GET,,200,mrv7r-1766589304102-89e534a51430,vercel-cron/1.0,info,production,main,MISS,serverless,/api/cron,cryptosignal-ai-ptbr-43c4b7lkp-hadayalab-projects-projects.vercel.app,cryptosignal-ai-ptbr-43c4b7lkp-hadayalab-projects-projects.vercel.app,dpl_F1pbZc1zJgTwMvW1W23jN11o9HL4,,,,,🚀 Cron Job Started: Whale Monitor,prj_70cfabLGqzgIBeQN5cw1Y4AyuxyA,,,,,
2025-12-24 15:15:04,1766589304174,cryptosignal-ai-ptbr-43c4b7lkp-hadayalab-projects-projects.vercel.app/api/cron,GET,,200,mrv7r-1766589304102-89e534a51430,vercel-cron/1.0,info,production,main,MISS,serverless,/api/cron,cryptosignal-ai-ptbr-43c4b7lkp-hadayalab-projects-projects.vercel.app,cryptosignal-ai-ptbr-43c4b7lkp-hadayalab-projects-projects.vercel.app,dpl_F1pbZc1zJgTwMvW1W23jN11o9HL4,,,,,"Slot check => utcHour=15, utcMinute=15, isRegularSlot=false, force=false",prj_70cfabLGqzgIBeQN5cw1Y4AyuxyA,,,,,
2025-12-24 15:15:04,1766589304175,cryptosignal-ai-ptbr-43c4b7lkp-hadayalab-projects-projects.vercel.app/api/cron,GET,,200,mrv7r-1766589304102-89e534a51430,vercel-cron/1.0,info,production,main,MISS,serverless,/api/cron,cryptosignal-ai-ptbr-43c4b7lkp-hadayalab-projects-projects.vercel.app,cryptosignal-ai-ptbr-43c4b7lkp-hadayalab-projects-projects.vercel.app,dpl_F1pbZc1zJgTwMvW1W23jN11o9HL4,,,,,🌐 Fetching: https://api.cryptoquant.com/v1/btc/exchange-flows/netflow?exchange=all_exchange&window=day&limit=1,prj_70cfabLGqzgIBeQN5cw1Y4AyuxyA,,,,,
2025-12-24 15:15:04,1766589304266,cryptosignal-ai-ptbr-43c4b7lkp-hadayalab-projects-projects.vercel.app/api/cron,GET,,200,mrv7r-1766589304102-89e534a51430,vercel-cron/1.0,info,production,main,MISS,serverless,/api/cron,cryptosignal-ai-ptbr-43c4b7lkp-hadayalab-projects-projects.vercel.app,cryptosignal-ai-ptbr-43c4b7lkp-hadayalab-projects-projects.vercel.app,dpl_F1pbZc1zJgTwMvW1W23jN11o9HL4,,,,,🌐 Fetching: https://api.cryptoquant.com/v1/btc/flow-indicator/mpi?window=day&limit=1,prj_70cfabLGqzgIBeQN5cw1Y4AyuxyA,,,,,
2025-12-24 15:15:04,1766589304268,cryptosignal-ai-ptbr-43c4b7lkp-hadayalab-projects-projects.vercel.app/api/cron,GET,,200,mrv7r-1766589304102-89e534a51430,vercel-cron/1.0,error,production,main,MISS,serverless,/api/cron,cryptosignal-ai-ptbr-43c4b7lkp-hadayalab-projects-projects.vercel.app,cryptosignal-ai-ptbr-43c4b7lkp-hadayalab-projects-projects.vercel.app,dpl_F1pbZc1zJgTwMvW1W23jN11o9HL4,,,,,"(node:4) [DEP0169] DeprecationWarning: `url.parse()` behavior is not standardized and prone to errors that have security implications. Use the WHATWG URL API instead. CVEs are not issued for `url.parse()` vulnerabilities.
(Use `node --trace-deprecation ...` to show where the warning was created)",prj_70cfabLGqzgIBeQN5cw1Y4AyuxyA,,,,,
2025-12-24 15:15:04,1766589304494,cryptosignal-ai-ptbr-43c4b7lkp-hadayalab-projects-projects.vercel.app/api/cron,GET,,200,mrv7r-1766589304102-89e534a51430,vercel-cron/1.0,info,production,main,MISS,serverless,/api/cron,cryptosignal-ai-ptbr-43c4b7lkp-hadayalab-projects-projects.vercel.app,cryptosignal-ai-ptbr-43c4b7lkp-hadayalab-projects-projects.vercel.app,dpl_F1pbZc1zJgTwMvW1W23jN11o9HL4,,,,,"📊 Exchange Netflow (BTC): -11379.222587299999 raw: {""date"":""2025-12-23"",""netflow_total"":-11379.222587299999}",prj_70cfabLGqzgIBeQN5cw1Y4AyuxyA,,,,,
2025-12-24 15:15:04,1766589304510,cryptosignal-ai-ptbr-43c4b7lkp-hadayalab-projects-projects.vercel.app/api/cron,GET,,200,mrv7r-1766589304102-89e534a51430,vercel-cron/1.0,info,production,main,MISS,serverless,/api/cron,cryptosignal-ai-ptbr-43c4b7lkp-hadayalab-projects-projects.vercel.app,cryptosignal-ai-ptbr-43c4b7lkp-hadayalab-projects-projects.vercel.app,dpl_F1pbZc1zJgTwMvW1W23jN11o9HL4,,,,,"📊 Miner Position Index (BTC): -0.5211564700986901 raw: {""date"":""2025-12-23"",""mpi"":-0.5211564700986901}",prj_70cfabLGqzgIBeQN5cw1Y4AyuxyA,,,,,
2025-12-24 15:15:04,1766589304102,cryptosignal-ai-ptbr-43c4b7lkp-hadayalab-projects-projects.vercel.app/api/cron,GET,,200,mrv7r-1766589304102-89e534a51430,vercel-cron/1.0,,production,main,MISS,serverless,/api/cron,cryptosignal-ai-ptbr-43c4b7lkp-hadayalab-projects-projects.vercel.app,cryptosignal-ai-ptbr-43c4b7lkp-hadayalab-projects-projects.vercel.app,dpl_F1pbZc1zJgTwMvW1W23jN11o9HL4,465,iad1,271,2048,,prj_70cfabLGqzgIBeQN5cw1Y4AyuxyA,,,01KD8EV3AERW2JM3RT9M4NKE8M,j2YD5buWZDj1,1
2025-12-24 15:00:04,1766588404593,cryptosignal-ai-ptbr-43c4b7lkp-hadayalab-projects-projects.vercel.app/api/cron,GET,,200,tx27c-1766588404557-768d4dd169a7,vercel-cron/1.0,info,production,main,MISS,serverless,/api/cron,cryptosignal-ai-ptbr-43c4b7lkp-hadayalab-projects-projects.vercel.app,cryptosignal-ai-ptbr-43c4b7lkp-hadayalab-projects-projects.vercel.app,dpl_F1pbZc1zJgTwMvW1W23jN11o9HL4,,,,,🚀 Cron Job Started: Whale Monitor,prj_70cfabLGqzgIBeQN5cw1Y4AyuxyA,,,,,
2025-12-24 15:00:04,1766588404593,cryptosignal-ai-ptbr-43c4b7lkp-hadayalab-projects-projects.vercel.app/api/cron,GET,,200,tx27c-1766588404557-768d4dd169a7,vercel-cron/1.0,info,production,main,MISS,serverless,/api/cron,cryptosignal-ai-ptbr-43c4b7lkp-hadayalab-projects-projects.vercel.app,cryptosignal-ai-ptbr-43c4b7lkp-hadayalab-projects-projects.vercel.app,dpl_F1pbZc1zJgTwMvW1W23jN11o9HL4,,,,,"Slot check => utcHour=15, utcMinute=0, isRegularSlot=false, force=false",prj_70cfabLGqzgIBeQN5cw1Y4AyuxyA,,,,,
2025-12-24 15:00:04,1766588404593,cryptosignal-ai-ptbr-43c4b7lkp-hadayalab-projects-projects.vercel.app/api/cron,GET,,200,tx27c-1766588404557-768d4dd169a7,vercel-cron/1.0,info,production,main,MISS,serverless,/api/cron,cryptosignal-ai-ptbr-43c4b7lkp-hadayalab-projects-projects.vercel.app,cryptosignal-ai-ptbr-43c4b7lkp-hadayalab-projects-projects.vercel.app,dpl_F1pbZc1zJgTwMvW1W23jN11o9HL4,,,,,🌐 Fetching: https://api.cryptoquant.com/v1/btc/exchange-flows/netflow?exchange=all_exchange&window=day&limit=1,prj_70cfabLGqzgIBeQN5cw1Y4AyuxyA,,,,,
2025-12-24 15:00:04,1766588404596,cryptosignal-ai-ptbr-43c4b7lkp-hadayalab-projects-projects.vercel.app/api/cron,GET,,200,tx27c-1766588404557-768d4dd169a7,vercel-cron/1.0,info,production,main,MISS,serverless,/api/cron,cryptosignal-ai-ptbr-43c4b7lkp-hadayalab-projects-projects.vercel.app,cryptosignal-ai-ptbr-43c4b7lkp-hadayalab-projects-projects.vercel.app,dpl_F1pbZc1zJgTwMvW1W23jN11o9HL4,,,,,🌐 Fetching: https://api.cryptoquant.com/v1/btc/flow-indicator/mpi?window=day&limit=1,prj_70cfabLGqzgIBeQN5cw1Y4AyuxyA,,,,,
2025-12-24 15:00:04,1766588404813,cryptosignal-ai-ptbr-43c4b7lkp-hadayalab-projects-projects.vercel.app/api/cron,GET,,200,tx27c-1766588404557-768d4dd169a7,vercel-cron/1.0,info,production,main,MISS,serverless,/api/cron,cryptosignal-ai-ptbr-43c4b7lkp-hadayalab-projects-projects.vercel.app,cryptosignal-ai-ptbr-43c4b7lkp-hadayalab-projects-projects.vercel.app,dpl_F1pbZc1zJgTwMvW1W23jN11o9HL4,,,,,"📊 Exchange Netflow (BTC): -11379.222587299999 raw: {""date"":""2025-12-23"",""netflow_total"":-11379.222587299999}",prj_70cfabLGqzgIBeQN5cw1Y4AyuxyA,,,,,
2025-12-24 15:00:04,1766588404966,cryptosignal-ai-ptbr-43c4b7lkp-hadayalab-projects-projects.vercel.app/api/cron,GET,,200,tx27c-1766588404557-768d4dd169a7,vercel-cron/1.0,info,production,main,MISS,serverless,/api/cron,cryptosignal-ai-ptbr-43c4b7lkp-hadayalab-projects-projects.vercel.app,cryptosignal-ai-ptbr-43c4b7lkp-hadayalab-projects-projects.vercel.app,dpl_F1pbZc1zJgTwMvW1W23jN11o9HL4,,,,,"📊 Miner Position Index (BTC): -0.5211564700986901 raw: {""date"":""2025-12-23"",""mpi"":-0.5211564700986901}",prj_70cfabLGqzgIBeQN5cw1Y4AyuxyA,,,,,
2025-12-24 15:00:04,1766588404557,cryptosignal-ai-ptbr-43c4b7lkp-hadayalab-projects-projects.vercel.app/api/cron,GET,,200,tx27c-1766588404557-768d4dd169a7,vercel-cron/1.0,,production,main,MISS,serverless,/api/cron,cryptosignal-ai-ptbr-43c4b7lkp-hadayalab-projects-projects.vercel.app,cryptosignal-ai-ptbr-43c4b7lkp-hadayalab-projects-projects.vercel.app,dpl_F1pbZc1zJgTwMvW1W23jN11o9HL4,473,iad1,269,2048,,prj_70cfabLGqzgIBeQN5cw1Y4AyuxyA,,,01KD8DZMTV3BXNE22AW8BEVKR9,98PwzwTkHSXe,1
2025-12-24 14:45:04,1766587504124,cryptosignal-ai-ptbr-43c4b7lkp-hadayalab-projects-projects.vercel.app/api/cron,GET,,200,4644l-1766587504080-2bcc97a54937,vercel-cron/1.0,info,production,main,MISS,serverless,/api/cron,cryptosignal-ai-ptbr-43c4b7lkp-hadayalab-projects-projects.vercel.app,cryptosignal-ai-ptbr-43c4b7lkp-hadayalab-projects-projects.vercel.app,dpl_F1pbZc1zJgTwMvW1W23jN11o9HL4,,,,,🚀 Cron Job Started: Whale Monitor,prj_70cfabLGqzgIBeQN5cw1Y4AyuxyA,,,,,
2025-12-24 14:45:04,1766587504124,cryptosignal-ai-ptbr-43c4b7lkp-hadayalab-projects-projects.vercel.app/api/cron,GET,,200,4644l-1766587504080-2bcc97a54937,vercel-cron/1.0,info,production,main,MISS,serverless,/api/cron,cryptosignal-ai-ptbr-43c4b7lkp-hadayalab-projects-projects.vercel.app,cryptosignal-ai-ptbr-43c4b7lkp-hadayalab-projects-projects.vercel.app,dpl_F1pbZc1zJgTwMvW1W23jN11o9HL4,,,,,"Slot check => utcHour=14, utcMinute=45, isRegularSlot=false, force=false",prj_70cfabLGqzgIBeQN5cw1Y4AyuxyA,,,,,
2025-12-24 14:45:04,1766587504124,cryptosignal-ai-ptbr-43c4b7lkp-hadayalab-projects-projects.vercel.app/api/cron,GET,,200,4644l-1766587504080-2bcc97a54937,vercel-cron/1.0,info,production,main,MISS,serverless,/api/cron,cryptosignal-ai-ptbr-43c4b7lkp-hadayalab-projects-projects.vercel.app,cryptosignal-ai-ptbr-43c4b7lkp-hadayalab-projects-projects.vercel.app,dpl_F1pbZc1zJgTwMvW1W23jN11o9HL4,,,,,🌐 Fetching: https://api.cryptoquant.com/v1/btc/exchange-flows/netflow?exchange=all_exchange&window=day&limit=1,prj_70cfabLGqzgIBeQN5cw1Y4AyuxyA,,,,,
2025-12-24 14:45:04,1766587504124,cryptosignal-ai-ptbr-43c4b7lkp-hadayalab-projects-projects.vercel.app/api/cron,GET,,200,4644l-1766587504080-2bcc97a54937,vercel-cron/1.0,info,production,main,MISS,serverless,/api/cron,cryptosignal-ai-ptbr-43c4b7lkp-hadayalab-projects-projects.vercel.app,cryptosignal-ai-ptbr-43c4b7lkp-hadayalab-projects-projects.vercel.app,dpl_F1pbZc1zJgTwMvW1W23jN11o9HL4,,,,,🌐 Fetching: https://api.cryptoquant.com/v1/btc/flow-indicator/mpi?window=day&limit=1,prj_70cfabLGqzgIBeQN5cw1Y4AyuxyA,,,,,
2025-12-24 14:45:04,1766587504323,cryptosignal-ai-ptbr-43c4b7lkp-hadayalab-projects-projects.vercel.app/api/cron,GET,,200,4644l-1766587504080-2bcc97a54937,vercel-cron/1.0,info,production,main,MISS,serverless,/api/cron,cryptosignal-ai-ptbr-43c4b7lkp-hadayalab-projects-projects.vercel.app,cryptosignal-ai-ptbr-43c4b7lkp-hadayalab-projects-projects.vercel.app,dpl_F1pbZc1zJgTwMvW1W23jN11o9HL4,,,,,"📊 Exchange Netflow (BTC): -11379.222587299999 raw: {""date"":""2025-12-23"",""netflow_total"":-11379.222587299999}",prj_70cfabLGqzgIBeQN5cw1Y4AyuxyA,,,,,
2025-12-24 14:45:04,1766587504354,cryptosignal-ai-ptbr-43c4b7lkp-hadayalab-projects-projects.vercel.app/api/cron,GET,,200,4644l-1766587504080-2bcc97a54937,vercel-cron/1.0,info,production,main,MISS,serverless,/api/cron,cryptosignal-ai-ptbr-43c4b7lkp-hadayalab-projects-projects.vercel.app,cryptosignal-ai-ptbr-43c4b7lkp-hadayalab-projects-projects.vercel.app,dpl_F1pbZc1zJgTwMvW1W23jN11o9HL4,,,,,"📊 Miner Position Index (BTC): -0.5211564700986901 raw: {""date"":""2025-12-23"",""mpi"":-0.5211564700986901}",prj_70cfabLGqzgIBeQN5cw1Y4AyuxyA,,,,,
2025-12-24 14:45:04,1766587504080,cryptosignal-ai-ptbr-43c4b7lkp-hadayalab-projects-projects.vercel.app/api/cron,GET,,200,4644l-1766587504080-2bcc97a54937,vercel-cron/1.0,,production,main,MISS,serverless,/api/cron,cryptosignal-ai-ptbr-43c4b7lkp-hadayalab-projects-projects.vercel.app,cryptosignal-ai-ptbr-43c4b7lkp-hadayalab-projects-projects.vercel.app,dpl_F1pbZc1zJgTwMvW1W23jN11o9HL4,331,iad1,269,2048,,prj_70cfabLGqzgIBeQN5cw1Y4AyuxyA,,,01KD8D45EYP4QFXC8D4PEXXV3H,98PwzwTkHSXe,1
2025-12-24 14:30:04,1766586604596,cryptosignal-ai-ptbr-43c4b7lkp-hadayalab-projects-projects.vercel.app/api/cron,GET,,200,krgp2-1766586604522-d37619a25af9,vercel-cron/1.0,info,production,main,MISS,serverless,/api/cron,cryptosignal-ai-ptbr-43c4b7lkp-hadayalab-projects-projects.vercel.app,cryptosignal-ai-ptbr-43c4b7lkp-hadayalab-projects-projects.vercel.app,dpl_F1pbZc1zJgTwMvW1W23jN11o9HL4,,,,,🚀 Cron Job Started: Whale Monitor,prj_70cfabLGqzgIBeQN5cw1Y4AyuxyA,,,,,
2025-12-24 14:30:04,1766586604596,cryptosignal-ai-ptbr-43c4b7lkp-hadayalab-projects-projects.vercel.app/api/cron,GET,,200,krgp2-1766586604522-d37619a25af9,vercel-cron/1.0,info,production,main,MISS,serverless,/api/cron,cryptosignal-ai-ptbr-43c4b7lkp-hadayalab-projects-projects.vercel.app,cryptosignal-ai-ptbr-43c4b7lkp-hadayalab-projects-projects.vercel.app,dpl_F1pbZc1zJgTwMvW1W23jN11o9HL4,,,,,"Slot check => utcHour=14, utcMinute=30, isRegularSlot=false, force=false",prj_70cfabLGqzgIBeQN5cw1Y4AyuxyA,,,,,
2025-12-24 14:30:04,1766586604596,cryptosignal-ai-ptbr-43c4b7lkp-hadayalab-projects-projects.vercel.app/api/cron,GET,,200,krgp2-1766586604522-d37619a25af9,vercel-cron/1.0,info,production,main,MISS,serverless,/api/cron,cryptosignal-ai-ptbr-43c4b7lkp-hadayalab-projects-projects.vercel.app,cryptosignal-ai-ptbr-43c4b7lkp-hadayalab-projects-projects.vercel.app,dpl_F1pbZc1zJgTwMvW1W23jN11o9HL4,,,,,🌐 Fetching: https://api.cryptoquant.com/v1/btc/exchange-flows/netflow?exchange=all_exchange&window=day&limit=1,prj_70cfabLGqzgIBeQN5cw1Y4AyuxyA,,,,,
2025-12-24 14:30:04,1766586604596,cryptosignal-ai-ptbr-43c4b7lkp-hadayalab-projects-projects.vercel.app/api/cron,GET,,200,krgp2-1766586604522-d37619a25af9,vercel-cron/1.0,info,production,main,MISS,serverless,/api/cron,cryptosignal-ai-ptbr-43c4b7lkp-hadayalab-projects-projects.vercel.app,cryptosignal-ai-ptbr-43c4b7lkp-hadayalab-projects-projects.vercel.app,dpl_F1pbZc1zJgTwMvW1W23jN11o9HL4,,,,,🌐 Fetching: https://api.cryptoquant.com/v1/btc/flow-indicator/mpi?window=day&limit=1,prj_70cfabLGqzgIBeQN5cw1Y4AyuxyA,,,,,
2025-12-24 14:30:04,1766586604777,cryptosignal-ai-ptbr-43c4b7lkp-hadayalab-projects-projects.vercel.app/api/cron,GET,,200,krgp2-1766586604522-d37619a25af9,vercel-cron/1.0,info,production,main,MISS,serverless,/api/cron,cryptosignal-ai-ptbr-43c4b7lkp-hadayalab-projects-projects.vercel.app,cryptosignal-ai-ptbr-43c4b7lkp-hadayalab-projects-projects.vercel.app,dpl_F1pbZc1zJgTwMvW1W23jN11o9HL4,,,,,"📊 Exchange Netflow (BTC): -11379.222587299999 raw: {""date"":""2025-12-23"",""netflow_total"":-11379.222587299999}",prj_70cfabLGqzgIBeQN5cw1Y4AyuxyA,,,,,
2025-12-24 14:30:04,1766586604834,cryptosignal-ai-ptbr-43c4b7lkp-hadayalab-projects-projects.vercel.app/api/cron,GET,,200,krgp2-1766586604522-d37619a25af9,vercel-cron/1.0,info,production,main,MISS,serverless,/api/cron,cryptosignal-ai-ptbr-43c4b7lkp-hadayalab-projects-projects.vercel.app,cryptosignal-ai-ptbr-43c4b7lkp-hadayalab-projects-projects.vercel.app,dpl_F1pbZc1zJgTwMvW1W23jN11o9HL4,,,,,"📊 Miner Position Index (BTC): -0.5211564700986901 raw: {""date"":""2025-12-23"",""mpi"":-0.5211564700986901}",prj_70cfabLGqzgIBeQN5cw1Y4AyuxyA,,,,,
2025-12-24 14:30:04,1766586604522,cryptosignal-ai-ptbr-43c4b7lkp-hadayalab-projects-projects.vercel.app/api/cron,GET,,200,krgp2-1766586604522-d37619a25af9,vercel-cron/1.0,,production,main,MISS,serverless,/api/cron,cryptosignal-ai-ptbr-43c4b7lkp-hadayalab-projects-projects.vercel.app,cryptosignal-ai-ptbr-43c4b7lkp-hadayalab-projects-projects.vercel.app,dpl_F1pbZc1zJgTwMvW1W23jN11o9HL4,346,iad1,269,2048,,prj_70cfabLGqzgIBeQN5cw1Y4AyuxyA,,,01KD8C8Q0BR97AQE9KV3V4HP8K,98PwzwTkHSXe,1
2025-12-24 14:15:04,1766585704334,cryptosignal-ai-ptbr-43c4b7lkp-hadayalab-projects-projects.vercel.app/api/cron,GET,,200,f5tf7-1766585704285-f456c85f8b96,vercel-cron/1.0,info,production,main,MISS,serverless,/api/cron,cryptosignal-ai-ptbr-43c4b7lkp-hadayalab-projects-projects.vercel.app,cryptosignal-ai-ptbr-43c4b7lkp-hadayalab-projects-projects.vercel.app,dpl_F1pbZc1zJgTwMvW1W23jN11o9HL4,,,,,🚀 Cron Job Started: Whale Monitor,prj_70cfabLGqzgIBeQN5cw1Y4AyuxyA,,,,,
2025-12-24 14:15:04,1766585704334,cryptosignal-ai-ptbr-43c4b7lkp-hadayalab-projects-projects.vercel.app/api/cron,GET,,200,f5tf7-1766585704285-f456c85f8b96,vercel-cron/1.0,info,production,main,MISS,serverless,/api/cron,cryptosignal-ai-ptbr-43c4b7lkp-hadayalab-projects-projects.vercel.app,cryptosignal-ai-ptbr-43c4b7lkp-hadayalab-projects-projects.vercel.app,dpl_F1pbZc1zJgTwMvW1W23jN11o9HL4,,,,,"Slot check => utcHour=14, utcMinute=15, isRegularSlot=false, force=false",prj_70cfabLGqzgIBeQN5cw1Y4AyuxyA,,,,,
2025-12-24 14:15:04,1766585704334,cryptosignal-ai-ptbr-43c4b7lkp-hadayalab-projects-projects.vercel.app/api/cron,GET,,200,f5tf7-1766585704285-f456c85f8b96,vercel-cron/1.0,info,production,main,MISS,serverless,/api/cron,cryptosignal-ai-ptbr-43c4b7lkp-hadayalab-projects-projects.vercel.app,cryptosignal-ai-ptbr-43c4b7lkp-hadayalab-projects-projects.vercel.app,dpl_F1pbZc1zJgTwMvW1W23jN11o9HL4,,,,,🌐 Fetching: https://api.cryptoquant.com/v1/btc/exchange-flows/netflow?exchange=all_exchange&window=day&limit=1,prj_70cfabLGqzgIBeQN5cw1Y4AyuxyA,,,,,
2025-12-24 14:15:04,1766585704334,cryptosignal-ai-ptbr-43c4b7lkp-hadayalab-projects-projects.vercel.app/api/cron,GET,,200,f5tf7-1766585704285-f456c85f8b96,vercel-cron/1.0,info,production,main,MISS,serverless,/api/cron,cryptosignal-ai-ptbr-43c4b7lkp-hadayalab-projects-projects.vercel.app,cryptosignal-ai-ptbr-43c4b7lkp-hadayalab-projects-projects.vercel.app,dpl_F1pbZc1zJgTwMvW1W23jN11o9HL4,,,,,🌐 Fetching: https://api.cryptoquant.com/v1/btc/flow-indicator/mpi?window=day&limit=1,prj_70cfabLGqzgIBeQN5cw1Y4AyuxyA,,,,,
2025-12-24 14:15:04,1766585704527,cryptosignal-ai-ptbr-43c4b7lkp-hadayalab-projects-projects.vercel.app/api/cron,GET,,200,f5tf7-1766585704285-f456c85f8b96,vercel-cron/1.0,info,production,main,MISS,serverless,/api/cron,cryptosignal-ai-ptbr-43c4b7lkp-hadayalab-projects-projects.vercel.app,cryptosignal-ai-ptbr-43c4b7lkp-hadayalab-projects-projects.vercel.app,dpl_F1pbZc1zJgTwMvW1W23jN11o9HL4,,,,,"📊 Exchange Netflow (BTC): -11379.222587299999 raw: {""date"":""2025-12-23"",""netflow_total"":-11379.222587299999}",prj_70cfabLGqzgIBeQN5cw1Y4AyuxyA,,,,,
2025-12-24 14:15:04,1766585704563,cryptosignal-ai-ptbr-43c4b7lkp-hadayalab-projects-projects.vercel.app/api/cron,GET,,200,f5tf7-1766585704285-f456c85f8b96,vercel-cron/1.0,info,production,main,MISS,serverless,/api/cron,cryptosignal-ai-ptbr-43c4b7lkp-hadayalab-projects-projects.vercel.app,cryptosignal-ai-ptbr-43c4b7lkp-hadayalab-projects-projects.vercel.app,dpl_F1pbZc1zJgTwMvW1W23jN11o9HL4,,,,,"📊 Miner Position Index (BTC): -0.5211564700986901 raw: {""date"":""2025-12-23"",""mpi"":-0.5211564700986901}",prj_70cfabLGqzgIBeQN5cw1Y4AyuxyA,,,,,
2025-12-24 14:15:04,1766585704285,cryptosignal-ai-ptbr-43c4b7lkp-hadayalab-projects-projects.vercel.app/api/cron,GET,,200,f5tf7-1766585704285-f456c85f8b96,vercel-cron/1.0,,production,main,MISS,serverless,/api/cron,cryptosignal-ai-ptbr-43c4b7lkp-hadayalab-projects-projects.vercel.app,cryptosignal-ai-ptbr-43c4b7lkp-hadayalab-projects-projects.vercel.app,dpl_F1pbZc1zJgTwMvW1W23jN11o9HL4,303,iad1,269,2048,,prj_70cfabLGqzgIBeQN5cw1Y4AyuxyA,,,01KD8BD7VBH0DN89REZSQ61YBQ,98PwzwTkHSXe,1
2025-12-24 14:00:04,1766584804354,cryptosignal-ai-ptbr-43c4b7lkp-hadayalab-projects-projects.vercel.app/api/cron,GET,,200,hk9cp-1766584804294-3d15da02ab07,vercel-cron/1.0,info,production,main,MISS,serverless,/api/cron,cryptosignal-ai-ptbr-43c4b7lkp-hadayalab-projects-projects.vercel.app,cryptosignal-ai-ptbr-43c4b7lkp-hadayalab-projects-projects.vercel.app,dpl_F1pbZc1zJgTwMvW1W23jN11o9HL4,,,,,🚀 Cron Job Started: Whale Monitor,prj_70cfabLGqzgIBeQN5cw1Y4AyuxyA,,,,,
2025-12-24 14:00:04,1766584804354,cryptosignal-ai-ptbr-43c4b7lkp-hadayalab-projects-projects.vercel.app/api/cron,GET,,200,hk9cp-1766584804294-3d15da02ab07,vercel-cron/1.0,info,production,main,MISS,serverless,/api/cron,cryptosignal-ai-ptbr-43c4b7lkp-hadayalab-projects-projects.vercel.app,cryptosignal-ai-ptbr-43c4b7lkp-hadayalab-projects-projects.vercel.app,dpl_F1pbZc1zJgTwMvW1W23jN11o9HL4,,,,,"Slot check => utcHour=14, utcMinute=0, isRegularSlot=false, force=false",prj_70cfabLGqzgIBeQN5cw1Y4AyuxyA,,,,,
2025-12-24 14:00:04,1766584804354,cryptosignal-ai-ptbr-43c4b7lkp-hadayalab-projects-projects.vercel.app/api/cron,GET,,200,hk9cp-1766584804294-3d15da02ab07,vercel-cron/1.0,info,production,main,MISS,serverless,/api/cron,cryptosignal-ai-ptbr-43c4b7lkp-hadayalab-projects-projects.vercel.app,cryptosignal-ai-ptbr-43c4b7lkp-hadayalab-projects-projects.vercel.app,dpl_F1pbZc1zJgTwMvW1W23jN11o9HL4,,,,,🌐 Fetching: https://api.cryptoquant.com/v1/btc/exchange-flows/netflow?exchange=all_exchange&window=day&limit=1,prj_70cfabLGqzgIBeQN5cw1Y4AyuxyA,,,,,
2025-12-24 14:00:04,1766584804354,cryptosignal-ai-ptbr-43c4b7lkp-hadayalab-projects-projects.vercel.app/api/cron,GET,,200,hk9cp-1766584804294-3d15da02ab07,vercel-cron/1.0,info,production,main,MISS,serverless,/api/cron,cryptosignal-ai-ptbr-43c4b7lkp-hadayalab-projects-projects.vercel.app,cryptosignal-ai-ptbr-43c4b7lkp-hadayalab-projects-projects.vercel.app,dpl_F1pbZc1zJgTwMvW1W23jN11o9HL4,,,,,🌐 Fetching: https://api.cryptoquant.com/v1/btc/flow-indicator/mpi?window=day&limit=1,prj_70cfabLGqzgIBeQN5cw1Y4AyuxyA,,,,,
2025-12-24 14:00:04,1766584804563,cryptosignal-ai-ptbr-43c4b7lkp-hadayalab-projects-projects.vercel.app/api/cron,GET,,200,hk9cp-1766584804294-3d15da02ab07,vercel-cron/1.0,info,production,main,MISS,serverless,/api/cron,cryptosignal-ai-ptbr-43c4b7lkp-hadayalab-projects-projects.vercel.app,cryptosignal-ai-ptbr-43c4b7lkp-hadayalab-projects-projects.vercel.app,dpl_F1pbZc1zJgTwMvW1W23jN11o9HL4,,,,,"📊 Miner Position Index (BTC): -0.5211564700986901 raw: {""date"":""2025-12-23"",""mpi"":-0.5211564700986901}",prj_70cfabLGqzgIBeQN5cw1Y4AyuxyA,,,,,
2025-12-24 14:00:04,1766584804564,cryptosignal-ai-ptbr-43c4b7lkp-hadayalab-projects-projects.vercel.app/api/cron,GET,,200,hk9cp-1766584804294-3d15da02ab07,vercel-cron/1.0,info,production,main,MISS,serverless,/api/cron,cryptosignal-ai-ptbr-43c4b7lkp-hadayalab-projects-projects.vercel.app,cryptosignal-ai-ptbr-43c4b7lkp-hadayalab-projects-projects.vercel.app,dpl_F1pbZc1zJgTwMvW1W23jN11o9HL4,,,,,"📊 Exchange Netflow (BTC): -11379.222587299999 raw: {""date"":""2025-12-23"",""netflow_total"":-11379.222587299999}",prj_70cfabLGqzgIBeQN5cw1Y4AyuxyA,,,,,
2025-12-24 14:00:04,1766584804294,cryptosignal-ai-ptbr-43c4b7lkp-hadayalab-projects-projects.vercel.app/api/cron,GET,,200,hk9cp-1766584804294-3d15da02ab07,vercel-cron/1.0,,production,main,MISS,serverless,/api/cron,cryptosignal-ai-ptbr-43c4b7lkp-hadayalab-projects-projects.vercel.app,cryptosignal-ai-ptbr-43c4b7lkp-hadayalab-projects-projects.vercel.app,dpl_F1pbZc1zJgTwMvW1W23jN11o9HL4,327,iad1,269,2048,,prj_70cfabLGqzgIBeQN5cw1Y4AyuxyA,,,01KD8AHRYMCDYRAGT3H9M4JGDD,98PwzwTkHSXe,1
2025-12-24 13:45:04,1766583904156,cryptosignal-ai-ptbr-43c4b7lkp-hadayalab-projects-projects.vercel.app/api/cron,GET,,200,x7kw6-1766583904085-7c69b79b1f6d,vercel-cron/1.0,info,production,main,MISS,serverless,/api/cron,cryptosignal-ai-ptbr-43c4b7lkp-hadayalab-projects-projects.vercel.app,cryptosignal-ai-ptbr-43c4b7lkp-hadayalab-projects-projects.vercel.app,dpl_F1pbZc1zJgTwMvW1W23jN11o9HL4,,,,,🚀 Cron Job Started: Whale Monitor,prj_70cfabLGqzgIBeQN5cw1Y4AyuxyA,,,,,
2025-12-24 13:45:04,1766583904156,cryptosignal-ai-ptbr-43c4b7lkp-hadayalab-projects-projects.vercel.app/api/cron,GET,,200,x7kw6-1766583904085-7c69b79b1f6d,vercel-cron/1.0,info,production,main,MISS,serverless,/api/cron,cryptosignal-ai-ptbr-43c4b7lkp-hadayalab-projects-projects.vercel.app,cryptosignal-ai-ptbr-43c4b7lkp-hadayalab-projects-projects.vercel.app,dpl_F1pbZc1zJgTwMvW1W23jN11o9HL4,,,,,"Slot check => utcHour=13, utcMinute=45, isRegularSlot=false, force=false",prj_70cfabLGqzgIBeQN5cw1Y4AyuxyA,,,,,
2025-12-24 13:45:04,1766583904156,cryptosignal-ai-ptbr-43c4b7lkp-hadayalab-projects-projects.vercel.app/api/cron,GET,,200,x7kw6-1766583904085-7c69b79b1f6d,vercel-cron/1.0,info,production,main,MISS,serverless,/api/cron,cryptosignal-ai-ptbr-43c4b7lkp-hadayalab-projects-projects.vercel.app,cryptosignal-ai-ptbr-43c4b7lkp-hadayalab-projects-projects.vercel.app,dpl_F1pbZc1zJgTwMvW1W23jN11o9HL4,,,,,🌐 Fetching: https://api.cryptoquant.com/v1/btc/exchange-flows/netflow?exchange=all_exchange&window=day&limit=1,prj_70cfabLGqzgIBeQN5cw1Y4AyuxyA,,,,,
2025-12-24 13:45:04,1766583904156,cryptosignal-ai-ptbr-43c4b7lkp-hadayalab-projects-projects.vercel.app/api/cron,GET,,200,x7kw6-1766583904085-7c69b79b1f6d,vercel-cron/1.0,info,production,main,MISS,serverless,/api/cron,cryptosignal-ai-ptbr-43c4b7lkp-hadayalab-projects-projects.vercel.app,cryptosignal-ai-ptbr-43c4b7lkp-hadayalab-projects-projects.vercel.app,dpl_F1pbZc1zJgTwMvW1W23jN11o9HL4,,,,,🌐 Fetching: https://api.cryptoquant.com/v1/btc/flow-indicator/mpi?window=day&limit=1,prj_70cfabLGqzgIBeQN5cw1Y4AyuxyA,,,,,
2025-12-24 13:45:04,1766583904368,cryptosignal-ai-ptbr-43c4b7lkp-hadayalab-projects-projects.vercel.app/api/cron,GET,,200,x7kw6-1766583904085-7c69b79b1f6d,vercel-cron/1.0,info,production,main,MISS,serverless,/api/cron,cryptosignal-ai-ptbr-43c4b7lkp-hadayalab-projects-projects.vercel.app,cryptosignal-ai-ptbr-43c4b7lkp-hadayalab-projects-projects.vercel.app,dpl_F1pbZc1zJgTwMvW1W23jN11o9HL4,,,,,"📊 Miner Position Index (BTC): -0.5211564700986901 raw: {""date"":""2025-12-23"",""mpi"":-0.5211564700986901}",prj_70cfabLGqzgIBeQN5cw1Y4AyuxyA,,,,,
2025-12-24 13:45:04,1766583904378,cryptosignal-ai-ptbr-43c4b7lkp-hadayalab-projects-projects.vercel.app/api/cron,GET,,200,x7kw6-1766583904085-7c69b79b1f6d,vercel-cron/1.0,info,production,main,MISS,serverless,/api/cron,cryptosignal-ai-ptbr-43c4b7lkp-hadayalab-projects-projects.vercel.app,cryptosignal-ai-ptbr-43c4b7lkp-hadayalab-projects-projects.vercel.app,dpl_F1pbZc1zJgTwMvW1W23jN11o9HL4,,,,,"📊 Exchange Netflow (BTC): -11379.222587299999 raw: {""date"":""2025-12-23"",""netflow_total"":-11379.222587299999}",prj_70cfabLGqzgIBeQN5cw1Y4AyuxyA,,,,,
2025-12-24 13:45:04,1766583904085,cryptosignal-ai-ptbr-43c4b7lkp-hadayalab-projects-projects.vercel.app/api/cron,GET,,200,x7kw6-1766583904085-7c69b79b1f6d,vercel-cron/1.0,,production,main,MISS,serverless,/api/cron,cryptosignal-ai-ptbr-43c4b7lkp-hadayalab-projects-projects.vercel.app,cryptosignal-ai-ptbr-43c4b7lkp-hadayalab-projects-projects.vercel.app,dpl_F1pbZc1zJgTwMvW1W23jN11o9HL4,335,iad1,268,2048,,prj_70cfabLGqzgIBeQN5cw1Y4AyuxyA,,,01KD89P9W232FR9XSW9GTCA3PH,98PwzwTkHSXe,1
2025-12-24 13:30:04,1766583004189,cryptosignal-ai-ptbr-43c4b7lkp-hadayalab-projects-projects.vercel.app/api/cron,GET,,200,ztbd9-1766583004150-cc9e632a826f,vercel-cron/1.0,info,production,main,MISS,serverless,/api/cron,cryptosignal-ai-ptbr-43c4b7lkp-hadayalab-projects-projects.vercel.app,cryptosignal-ai-ptbr-43c4b7lkp-hadayalab-projects-projects.vercel.app,dpl_F1pbZc1zJgTwMvW1W23jN11o9HL4,,,,,🚀 Cron Job Started: Whale Monitor,prj_70cfabLGqzgIBeQN5cw1Y4AyuxyA,,,,,
2025-12-24 13:30:04,1766583004189,cryptosignal-ai-ptbr-43c4b7lkp-hadayalab-projects-projects.vercel.app/api/cron,GET,,200,ztbd9-1766583004150-cc9e632a826f,vercel-cron/1.0,info,production,main,MISS,serverless,/api/cron,cryptosignal-ai-ptbr-43c4b7lkp-hadayalab-projects-projects.vercel.app,cryptosignal-ai-ptbr-43c4b7lkp-hadayalab-projects-projects.vercel.app,dpl_F1pbZc1zJgTwMvW1W23jN11o9HL4,,,,,"Slot check => utcHour=13, utcMinute=30, isRegularSlot=false, force=false",prj_70cfabLGqzgIBeQN5cw1Y4AyuxyA,,,,,
2025-12-24 13:30:04,1766583004189,cryptosignal-ai-ptbr-43c4b7lkp-hadayalab-projects-projects.vercel.app/api/cron,GET,,200,ztbd9-1766583004150-cc9e632a826f,vercel-cron/1.0,info,production,main,MISS,serverless,/api/cron,cryptosignal-ai-ptbr-43c4b7lkp-hadayalab-projects-projects.vercel.app,cryptosignal-ai-ptbr-43c4b7lkp-hadayalab-projects-projects.vercel.app,dpl_F1pbZc1zJgTwMvW1W23jN11o9HL4,,,,,🌐 Fetching: https://api.cryptoquant.com/v1/btc/exchange-flows/netflow?exchange=all_exchange&window=day&limit=1,prj_70cfabLGqzgIBeQN5cw1Y4AyuxyA,,,,,
2025-12-24 13:30:04,1766583004194,cryptosignal-ai-ptbr-43c4b7lkp-hadayalab-projects-projects.vercel.app/api/cron,GET,,200,ztbd9-1766583004150-cc9e632a826f,vercel-cron/1.0,info,production,main,MISS,serverless,/api/cron,cryptosignal-ai-ptbr-43c4b7lkp-hadayalab-projects-projects.vercel.app,cryptosignal-ai-ptbr-43c4b7lkp-hadayalab-projects-projects.vercel.app,dpl_F1pbZc1zJgTwMvW1W23jN11o9HL4,,,,,🌐 Fetching: https://api.cryptoquant.com/v1/btc/flow-indicator/mpi?window=day&limit=1,prj_70cfabLGqzgIBeQN5cw1Y4AyuxyA,,,,,
2025-12-24 13:30:04,1766583004427,cryptosignal-ai-ptbr-43c4b7lkp-hadayalab-projects-projects.vercel.app/api/cron,GET,,200,ztbd9-1766583004150-cc9e632a826f,vercel-cron/1.0,info,production,main,MISS,serverless,/api/cron,cryptosignal-ai-ptbr-43c4b7lkp-hadayalab-projects-projects.vercel.app,cryptosignal-ai-ptbr-43c4b7lkp-hadayalab-projects-projects.vercel.app,dpl_F1pbZc1zJgTwMvW1W23jN11o9HL4,,,,,"📊 Exchange Netflow (BTC): -11379.222587299999 raw: {""date"":""2025-12-23"",""netflow_total"":-11379.222587299999}",prj_70cfabLGqzgIBeQN5cw1Y4AyuxyA,,,,,
2025-12-24 13:30:04,1766583004427,cryptosignal-ai-ptbr-43c4b7lkp-hadayalab-projects-projects.vercel.app/api/cron,GET,,200,ztbd9-1766583004150-cc9e632a826f,vercel-cron/1.0,info,production,main,MISS,serverless,/api/cron,cryptosignal-ai-ptbr-43c4b7lkp-hadayalab-projects-projects.vercel.app,cryptosignal-ai-ptbr-43c4b7lkp-hadayalab-projects-projects.vercel.app,dpl_F1pbZc1zJgTwMvW1W23jN11o9HL4,,,,,"📊 Miner Position Index (BTC): -0.5211564700986901 raw: {""date"":""2025-12-23"",""mpi"":-0.5211564700986901}",prj_70cfabLGqzgIBeQN5cw1Y4AyuxyA,,,,,
2025-12-24 13:30:04,1766583004150,cryptosignal-ai-ptbr-43c4b7lkp-hadayalab-projects-projects.vercel.app/api/cron,GET,,200,ztbd9-1766583004150-cc9e632a826f,vercel-cron/1.0,,production,main,MISS,serverless,/api/cron,cryptosignal-ai-ptbr-43c4b7lkp-hadayalab-projects-projects.vercel.app,cryptosignal-ai-ptbr-43c4b7lkp-hadayalab-projects-projects.vercel.app,dpl_F1pbZc1zJgTwMvW1W23jN11o9HL4,318,iad1,266,2048,,prj_70cfabLGqzgIBeQN5cw1Y4AyuxyA,,,01KD88TV04MNPNZFZQKZ38H1VE,98PwzwTkHSXe,1
2025-12-24 13:15:04,1766582104323,cryptosignal-ai-ptbr-43c4b7lkp-hadayalab-projects-projects.vercel.app/api/cron,GET,,200,ssp87-1766582104270-21d907db488a,vercel-cron/1.0,info,production,main,MISS,serverless,/api/cron,cryptosignal-ai-ptbr-43c4b7lkp-hadayalab-projects-projects.vercel.app,cryptosignal-ai-ptbr-43c4b7lkp-hadayalab-projects-projects.vercel.app,dpl_F1pbZc1zJgTwMvW1W23jN11o9HL4,,,,,🚀 Cron Job Started: Whale Monitor,prj_70cfabLGqzgIBeQN5cw1Y4AyuxyA,,,,,
2025-12-24 13:15:04,1766582104323,cryptosignal-ai-ptbr-43c4b7lkp-hadayalab-projects-projects.vercel.app/api/cron,GET,,200,ssp87-1766582104270-21d907db488a,vercel-cron/1.0,info,production,main,MISS,serverless,/api/cron,cryptosignal-ai-ptbr-43c4b7lkp-hadayalab-projects-projects.vercel.app,cryptosignal-ai-ptbr-43c4b7lkp-hadayalab-projects-projects.vercel.app,dpl_F1pbZc1zJgTwMvW1W23jN11o9HL4,,,,,"Slot check => utcHour=13, utcMinute=15, isRegularSlot=false, force=false",prj_70cfabLGqzgIBeQN5cw1Y4AyuxyA,,,,,
2025-12-24 13:15:04,1766582104323,cryptosignal-ai-ptbr-43c4b7lkp-hadayalab-projects-projects.vercel.app/api/cron,GET,,200,ssp87-1766582104270-21d907db488a,vercel-cron/1.0,info,production,main,MISS,serverless,/api/cron,cryptosignal-ai-ptbr-43c4b7lkp-hadayalab-projects-projects.vercel.app,cryptosignal-ai-ptbr-43c4b7lkp-hadayalab-projects-projects.vercel.app,dpl_F1pbZc1zJgTwMvW1W23jN11o9HL4,,,,,🌐 Fetching: https://api.cryptoquant.com/v1/btc/exchange-flows/netflow?exchange=all_exchange&window=day&limit=1,prj_70cfabLGqzgIBeQN5cw1Y4AyuxyA,,,,,
2025-12-24 13:15:04,1766582104325,cryptosignal-ai-ptbr-43c4b7lkp-hadayalab-projects-projects.vercel.app/api/cron,GET,,200,ssp87-1766582104270-21d907db488a,vercel-cron/1.0,info,production,main,MISS,serverless,/api/cron,cryptosignal-ai-ptbr-43c4b7lkp-hadayalab-projects-projects.vercel.app,cryptosignal-ai-ptbr-43c4b7lkp-hadayalab-projects-projects.vercel.app,dpl_F1pbZc1zJgTwMvW1W23jN11o9HL4,,,,,🌐 Fetching: https://api.cryptoquant.com/v1/btc/flow-indicator/mpi?window=day&limit=1,prj_70cfabLGqzgIBeQN5cw1Y4AyuxyA,,,,,
2025-12-24 13:15:04,1766582104526,cryptosignal-ai-ptbr-43c4b7lkp-hadayalab-projects-projects.vercel.app/api/cron,GET,,200,ssp87-1766582104270-21d907db488a,vercel-cron/1.0,info,production,main,MISS,serverless,/api/cron,cryptosignal-ai-ptbr-43c4b7lkp-hadayalab-projects-projects.vercel.app,cryptosignal-ai-ptbr-43c4b7lkp-hadayalab-projects-projects.vercel.app,dpl_F1pbZc1zJgTwMvW1W23jN11o9HL4,,,,,"📊 Exchange Netflow (BTC): -11379.222587299999 raw: {""date"":""2025-12-23"",""netflow_total"":-11379.222587299999}",prj_70cfabLGqzgIBeQN5cw1Y4AyuxyA,,,,,
2025-12-24 13:15:04,1766582104710,cryptosignal-ai-ptbr-43c4b7lkp-hadayalab-projects-projects.vercel.app/api/cron,GET,,200,ssp87-1766582104270-21d907db488a,vercel-cron/1.0,info,production,main,MISS,serverless,/api/cron,cryptosignal-ai-ptbr-43c4b7lkp-hadayalab-projects-projects.vercel.app,cryptosignal-ai-ptbr-43c4b7lkp-hadayalab-projects-projects.vercel.app,dpl_F1pbZc1zJgTwMvW1W23jN11o9HL4,,,,,"📊 Miner Position Index (BTC): -0.5211564700986901 raw: {""date"":""2025-12-23"",""mpi"":-0.5211564700986901}",prj_70cfabLGqzgIBeQN5cw1Y4AyuxyA,,,,,
2025-12-24 13:15:04,1766582104270,cryptosignal-ai-ptbr-43c4b7lkp-hadayalab-projects-projects.vercel.app/api/cron,GET,,200,ssp87-1766582104270-21d907db488a,vercel-cron/1.0,,production,main,MISS,serverless,/api/cron,cryptosignal-ai-ptbr-43c4b7lkp-hadayalab-projects-projects.vercel.app,cryptosignal-ai-ptbr-43c4b7lkp-hadayalab-projects-projects.vercel.app,dpl_F1pbZc1zJgTwMvW1W23jN11o9HL4,476,iad1,264,2048,,prj_70cfabLGqzgIBeQN5cw1Y4AyuxyA,,,01KD87ZC6W6S7KX9YD0T293G4V,98PwzwTkHSXe,1
2025-12-24 13:00:04,1766581204277,cryptosignal-ai-ptbr-43c4b7lkp-hadayalab-projects-projects.vercel.app/api/cron,GET,,200,phmlz-1766581204223-30606622e796,vercel-cron/1.0,info,production,main,MISS,serverless,/api/cron,cryptosignal-ai-ptbr-43c4b7lkp-hadayalab-projects-projects.vercel.app,cryptosignal-ai-ptbr-43c4b7lkp-hadayalab-projects-projects.vercel.app,dpl_F1pbZc1zJgTwMvW1W23jN11o9HL4,,,,,🚀 Cron Job Started: Whale Monitor,prj_70cfabLGqzgIBeQN5cw1Y4AyuxyA,,,,,
2025-12-24 13:00:04,1766581204277,cryptosignal-ai-ptbr-43c4b7lkp-hadayalab-projects-projects.vercel.app/api/cron,GET,,200,phmlz-1766581204223-30606622e796,vercel-cron/1.0,info,production,main,MISS,serverless,/api/cron,cryptosignal-ai-ptbr-43c4b7lkp-hadayalab-projects-projects.vercel.app,cryptosignal-ai-ptbr-43c4b7lkp-hadayalab-projects-projects.vercel.app,dpl_F1pbZc1zJgTwMvW1W23jN11o9HL4,,,,,"Slot check => utcHour=13, utcMinute=0, isRegularSlot=false, force=false",prj_70cfabLGqzgIBeQN5cw1Y4AyuxyA,,,,,
2025-12-24 13:00:04,1766581204277,cryptosignal-ai-ptbr-43c4b7lkp-hadayalab-projects-projects.vercel.app/api/cron,GET,,200,phmlz-1766581204223-30606622e796,vercel-cron/1.0,info,production,main,MISS,serverless,/api/cron,cryptosignal-ai-ptbr-43c4b7lkp-hadayalab-projects-projects.vercel.app,cryptosignal-ai-ptbr-43c4b7lkp-hadayalab-projects-projects.vercel.app,dpl_F1pbZc1zJgTwMvW1W23jN11o9HL4,,,,,🌐 Fetching: https://api.cryptoquant.com/v1/btc/exchange-flows/netflow?exchange=all_exchange&window=day&limit=1,prj_70cfabLGqzgIBeQN5cw1Y4AyuxyA,,,,,
2025-12-24 13:00:04,1766581204361,cryptosignal-ai-ptbr-43c4b7lkp-hadayalab-projects-projects.vercel.app/api/cron,GET,,200,phmlz-1766581204223-30606622e796,vercel-cron/1.0,info,production,main,MISS,serverless,/api/cron,cryptosignal-ai-ptbr-43c4b7lkp-hadayalab-projects-projects.vercel.app,cryptosignal-ai-ptbr-43c4b7lkp-hadayalab-projects-projects.vercel.app,dpl_F1pbZc1zJgTwMvW1W23jN11o9HL4,,,,,🌐 Fetching: https://api.cryptoquant.com/v1/btc/flow-indicator/mpi?window=day&limit=1,prj_70cfabLGqzgIBeQN5cw1Y4AyuxyA,,,,,
2025-12-24 13:00:04,1766581204363,cryptosignal-ai-ptbr-43c4b7lkp-hadayalab-projects-projects.vercel.app/api/cron,GET,,200,phmlz-1766581204223-30606622e796,vercel-cron/1.0,error,production,main,MISS,serverless,/api/cron,cryptosignal-ai-ptbr-43c4b7lkp-hadayalab-projects-projects.vercel.app,cryptosignal-ai-ptbr-43c4b7lkp-hadayalab-projects-projects.vercel.app,dpl_F1pbZc1zJgTwMvW1W23jN11o9HL4,,,,,"(node:4) [DEP0169] DeprecationWarning: `url.parse()` behavior is not standardized and prone to errors that have security implications. Use the WHATWG URL API instead. CVEs are not issued for `url.parse()` vulnerabilities.
(Use `node --trace-deprecation ...` to show where the warning was created)",prj_70cfabLGqzgIBeQN5cw1Y4AyuxyA,,,,,
2025-12-24 13:00:04,1766581204568,cryptosignal-ai-ptbr-43c4b7lkp-hadayalab-projects-projects.vercel.app/api/cron,GET,,200,phmlz-1766581204223-30606622e796,vercel-cron/1.0,info,production,main,MISS,serverless,/api/cron,cryptosignal-ai-ptbr-43c4b7lkp-hadayalab-projects-projects.vercel.app,cryptosignal-ai-ptbr-43c4b7lkp-hadayalab-projects-projects.vercel.app,dpl_F1pbZc1zJgTwMvW1W23jN11o9HL4,,,,,"📊 Exchange Netflow (BTC): -11379.222587299999 raw: {""date"":""2025-12-23"",""netflow_total"":-11379.222587299999}",prj_70cfabLGqzgIBeQN5cw1Y4AyuxyA,,,,,
2025-12-24 13:00:04,1766581204594,cryptosignal-ai-ptbr-43c4b7lkp-hadayalab-projects-projects.vercel.app/api/cron,GET,,200,phmlz-1766581204223-30606622e796,vercel-cron/1.0,info,production,main,MISS,serverless,/api/cron,cryptosignal-ai-ptbr-43c4b7lkp-hadayalab-projects-projects.vercel.app,cryptosignal-ai-ptbr-43c4b7lkp-hadayalab-projects-projects.vercel.app,dpl_F1pbZc1zJgTwMvW1W23jN11o9HL4,,,,,"📊 Miner Position Index (BTC): -0.5211564700986901 raw: {""date"":""2025-12-23"",""mpi"":-0.5211564700986901}",prj_70cfabLGqzgIBeQN5cw1Y4AyuxyA,,,,,
2025-12-24 13:00:04,1766581204223,cryptosignal-ai-ptbr-43c4b7lkp-hadayalab-projects-projects.vercel.app/api/cron,GET,,200,phmlz-1766581204223-30606622e796,vercel-cron/1.0,,production,main,MISS,serverless,/api/cron,cryptosignal-ai-ptbr-43c4b7lkp-hadayalab-projects-projects.vercel.app,cryptosignal-ai-ptbr-43c4b7lkp-hadayalab-projects-projects.vercel.app,dpl_F1pbZc1zJgTwMvW1W23jN11o9HL4,719,iad1,266,2048,,prj_70cfabLGqzgIBeQN5cw1Y4AyuxyA,,,01KD873X8P82ZG6PF7YC8M2AM1,98PwzwTkHSXe,1
2025-12-24 12:45:04,1766580304318,cryptosignal-ai-ptbr-43c4b7lkp-hadayalab-projects-projects.vercel.app/api/cron,GET,,200,99zfz-1766580304273-a766c83a91d2,vercel-cron/1.0,info,production,main,MISS,serverless,/api/cron,cryptosignal-ai-ptbr-43c4b7lkp-hadayalab-projects-projects.vercel.app,cryptosignal-ai-ptbr-43c4b7lkp-hadayalab-projects-projects.vercel.app,dpl_F1pbZc1zJgTwMvW1W23jN11o9HL4,,,,,🚀 Cron Job Started: Whale Monitor,prj_70cfabLGqzgIBeQN5cw1Y4AyuxyA,,,,,
2025-12-24 12:45:04,1766580304318,cryptosignal-ai-ptbr-43c4b7lkp-hadayalab-projects-projects.vercel.app/api/cron,GET,,200,99zfz-1766580304273-a766c83a91d2,vercel-cron/1.0,info,production,main,MISS,serverless,/api/cron,cryptosignal-ai-ptbr-43c4b7lkp-hadayalab-projects-projects.vercel.app,cryptosignal-ai-ptbr-43c4b7lkp-hadayalab-projects-projects.vercel.app,dpl_F1pbZc1zJgTwMvW1W23jN11o9HL4,,,,,"Slot check => utcHour=12, utcMinute=45, isRegularSlot=false, force=false",prj_70cfabLGqzgIBeQN5cw1Y4AyuxyA,,,,,
2025-12-24 12:45:04,1766580304318,cryptosignal-ai-ptbr-43c4b7lkp-hadayalab-projects-projects.vercel.app/api/cron,GET,,200,99zfz-1766580304273-a766c83a91d2,vercel-cron/1.0,info,production,main,MISS,serverless,/api/cron,cryptosignal-ai-ptbr-43c4b7lkp-hadayalab-projects-projects.vercel.app,cryptosignal-ai-ptbr-43c4b7lkp-hadayalab-projects-projects.vercel.app,dpl_F1pbZc1zJgTwMvW1W23jN11o9HL4,,,,,🌐 Fetching: https://api.cryptoquant.com/v1/btc/exchange-flows/netflow?exchange=all_exchange&window=day&limit=1,prj_70cfabLGqzgIBeQN5cw1Y4AyuxyA,,,,,
2025-12-24 12:45:04,1766580304318,cryptosignal-ai-ptbr-43c4b7lkp-hadayalab-projects-projects.vercel.app/api/cron,GET,,200,99zfz-1766580304273-a766c83a91d2,vercel-cron/1.0,info,production,main,MISS,serverless,/api/cron,cryptosignal-ai-ptbr-43c4b7lkp-hadayalab-projects-projects.vercel.app,cryptosignal-ai-ptbr-43c4b7lkp-hadayalab-projects-projects.vercel.app,dpl_F1pbZc1zJgTwMvW1W23jN11o9HL4,,,,,🌐 Fetching: https://api.cryptoquant.com/v1/btc/flow-indicator/mpi?window=day&limit=1,prj_70cfabLGqzgIBeQN5cw1Y4AyuxyA,,,,,
2025-12-24 12:45:04,1766580304502,cryptosignal-ai-ptbr-43c4b7lkp-hadayalab-projects-projects.vercel.app/api/cron,GET,,200,99zfz-1766580304273-a766c83a91d2,vercel-cron/1.0,info,production,main,MISS,serverless,/api/cron,cryptosignal-ai-ptbr-43c4b7lkp-hadayalab-projects-projects.vercel.app,cryptosignal-ai-ptbr-43c4b7lkp-hadayalab-projects-projects.vercel.app,dpl_F1pbZc1zJgTwMvW1W23jN11o9HL4,,,,,"📊 Exchange Netflow (BTC): -11379.222587299999 raw: {""date"":""2025-12-23"",""netflow_total"":-11379.222587299999}",prj_70cfabLGqzgIBeQN5cw1Y4AyuxyA,,,,,
2025-12-24 12:45:04,1766580304504,cryptosignal-ai-ptbr-43c4b7lkp-hadayalab-projects-projects.vercel.app/api/cron,GET,,200,99zfz-1766580304273-a766c83a91d2,vercel-cron/1.0,info,production,main,MISS,serverless,/api/cron,cryptosignal-ai-ptbr-43c4b7lkp-hadayalab-projects-projects.vercel.app,cryptosignal-ai-ptbr-43c4b7lkp-hadayalab-projects-projects.vercel.app,dpl_F1pbZc1zJgTwMvW1W23jN11o9HL4,,,,,"📊 Miner Position Index (BTC): -0.5211564700986901 raw: {""date"":""2025-12-23"",""mpi"":-0.5211564700986901}",prj_70cfabLGqzgIBeQN5cw1Y4AyuxyA,,,,,
2025-12-24 12:45:04,1766580304273,cryptosignal-ai-ptbr-43c4b7lkp-hadayalab-projects-projects.vercel.app/api/cron,GET,,200,99zfz-1766580304273-a766c83a91d2,vercel-cron/1.0,,production,main,MISS,serverless,/api/cron,cryptosignal-ai-ptbr-43c4b7lkp-hadayalab-projects-projects.vercel.app,cryptosignal-ai-ptbr-43c4b7lkp-hadayalab-projects-projects.vercel.app,dpl_F1pbZc1zJgTwMvW1W23jN11o9HL4,256,iad1,270,2048,,prj_70cfabLGqzgIBeQN5cw1Y4AyuxyA,,,01KD868ED4DV954WY2963JGCX0,rPQlkWm2ADlO,1
2025-12-24 12:30:04,1766579404170,cryptosignal-ai-ptbr-43c4b7lkp-hadayalab-projects-projects.vercel.app/api/cron,GET,,200,kmhdc-1766579404128-8958ac42a19d,vercel-cron/1.0,info,production,main,MISS,serverless,/api/cron,cryptosignal-ai-ptbr-43c4b7lkp-hadayalab-projects-projects.vercel.app,cryptosignal-ai-ptbr-43c4b7lkp-hadayalab-projects-projects.vercel.app,dpl_F1pbZc1zJgTwMvW1W23jN11o9HL4,,,,,🚀 Cron Job Started: Whale Monitor,prj_70cfabLGqzgIBeQN5cw1Y4AyuxyA,,,,,
2025-12-24 12:30:04,1766579404170,cryptosignal-ai-ptbr-43c4b7lkp-hadayalab-projects-projects.vercel.app/api/cron,GET,,200,kmhdc-1766579404128-8958ac42a19d,vercel-cron/1.0,info,production,main,MISS,serverless,/api/cron,cryptosignal-ai-ptbr-43c4b7lkp-hadayalab-projects-projects.vercel.app,cryptosignal-ai-ptbr-43c4b7lkp-hadayalab-projects-projects.vercel.app,dpl_F1pbZc1zJgTwMvW1W23jN11o9HL4,,,,,"Slot check => utcHour=12, utcMinute=30, isRegularSlot=false, force=false",prj_70cfabLGqzgIBeQN5cw1Y4AyuxyA,,,,,
2025-12-24 12:30:04,1766579404170,cryptosignal-ai-ptbr-43c4b7lkp-hadayalab-projects-projects.vercel.app/api/cron,GET,,200,kmhdc-1766579404128-8958ac42a19d,vercel-cron/1.0,info,production,main,MISS,serverless,/api/cron,cryptosignal-ai-ptbr-43c4b7lkp-hadayalab-projects-projects.vercel.app,cryptosignal-ai-ptbr-43c4b7lkp-hadayalab-projects-projects.vercel.app,dpl_F1pbZc1zJgTwMvW1W23jN11o9HL4,,,,,🌐 Fetching: https://api.cryptoquant.com/v1/btc/exchange-flows/netflow?exchange=all_exchange&window=day&limit=1,prj_70cfabLGqzgIBeQN5cw1Y4AyuxyA,,,,,
2025-12-24 12:30:04,1766579404170,cryptosignal-ai-ptbr-43c4b7lkp-hadayalab-projects-projects.vercel.app/api/cron,GET,,200,kmhdc-1766579404128-8958ac42a19d,vercel-cron/1.0,info,production,main,MISS,serverless,/api/cron,cryptosignal-ai-ptbr-43c4b7lkp-hadayalab-projects-projects.vercel.app,cryptosignal-ai-ptbr-43c4b7lkp-hadayalab-projects-projects.vercel.app,dpl_F1pbZc1zJgTwMvW1W23jN11o9HL4,,,,,🌐 Fetching: https://api.cryptoquant.com/v1/btc/flow-indicator/mpi?window=day&limit=1,prj_70cfabLGqzgIBeQN5cw1Y4AyuxyA,,,,,
2025-12-24 12:30:04,1766579404345,cryptosignal-ai-ptbr-43c4b7lkp-hadayalab-projects-projects.vercel.app/api/cron,GET,,200,kmhdc-1766579404128-8958ac42a19d,vercel-cron/1.0,info,production,main,MISS,serverless,/api/cron,cryptosignal-ai-ptbr-43c4b7lkp-hadayalab-projects-projects.vercel.app,cryptosignal-ai-ptbr-43c4b7lkp-hadayalab-projects-projects.vercel.app,dpl_F1pbZc1zJgTwMvW1W23jN11o9HL4,,,,,"📊 Miner Position Index (BTC): -0.5211564700986901 raw: {""date"":""2025-12-23"",""mpi"":-0.5211564700986901}",prj_70cfabLGqzgIBeQN5cw1Y4AyuxyA,,,,,
2025-12-24 12:30:04,1766579404390,cryptosignal-ai-ptbr-43c4b7lkp-hadayalab-projects-projects.vercel.app/api/cron,GET,,200,kmhdc-1766579404128-8958ac42a19d,vercel-cron/1.0,info,production,main,MISS,serverless,/api/cron,cryptosignal-ai-ptbr-43c4b7lkp-hadayalab-projects-projects.vercel.app,cryptosignal-ai-ptbr-43c4b7lkp-hadayalab-projects-projects.vercel.app,dpl_F1pbZc1zJgTwMvW1W23jN11o9HL4,,,,,"📊 Exchange Netflow (BTC): -11379.222587299999 raw: {""date"":""2025-12-23"",""netflow_total"":-11379.222587299999}",prj_70cfabLGqzgIBeQN5cw1Y4AyuxyA,,,,,
2025-12-24 12:30:04,1766579404128,cryptosignal-ai-ptbr-43c4b7lkp-hadayalab-projects-projects.vercel.app/api/cron,GET,,200,kmhdc-1766579404128-8958ac42a19d,vercel-cron/1.0,,production,main,MISS,serverless,/api/cron,cryptosignal-ai-ptbr-43c4b7lkp-hadayalab-projects-projects.vercel.app,cryptosignal-ai-ptbr-43c4b7lkp-hadayalab-projects-projects.vercel.app,dpl_F1pbZc1zJgTwMvW1W23jN11o9HL4,292,iad1,269,2048,,prj_70cfabLGqzgIBeQN5cw1Y4AyuxyA,,,01KD85CZBF350VDC2YQ6GVMR45,rPQlkWm2ADlO,1